district,category,terrain,year,sanctioned_lakh
Hyderabad,Rural Roads,plain,2020,26.65
Hyderabad,Rural Roads,plain,2015,31.57
Hyderabad,Rural Roads,plain,2025,28.53
Hyderabad,Rural Roads,plain,2016,16.54
Hyderabad,Rural Roads,plain,2023,26.69
Hyderabad,Rural Roads,plain,2020,18.52
Hyderabad,Rural Roads,plain,2025,25.61
Hyderabad,Rural Roads,plain,2019,28.43
Hyderabad,Rural Roads,plain,2017,27.39
Hyderabad,Rural Roads,plain,2025,37.12
Hyderabad,Rural Roads,plain,2024,29.76
Hyderabad,Rural Roads,plain,2023,22.12
Hyderabad,Rural Roads,plain,2018,32.83
Hyderabad,Rural Roads,plain,2021,18.34
Hyderabad,Rural Roads,plain,2018,35.18
Hyderabad,Rural Roads,plain,2017,23.71
Hyderabad,Rural Roads,plain,2019,13.97
Hyderabad,Rural Roads,plain,2024,15.03
Hyderabad,Rural Roads,plain,2023,34.2
Hyderabad,Rural Roads,plain,2020,22.53
Hyderabad,Rural Roads,plain,2023,17.41
Hyderabad,Rural Roads,plain,2017,17.95
Hyderabad,Rural Roads,plain,2019,28.74
Hyderabad,Rural Roads,plain,2017,29.28
Hyderabad,Rural Roads,plain,2024,28.4
Hyderabad,Rural Roads,plain,2018,29.46
Hyderabad,Rural Roads,plain,2016,29.3
Hyderabad,Rural Roads,plain,2019,25.82
Hyderabad,Rural Roads,plain,2023,20.74
Hyderabad,Rural Roads,plain,2020,41.77
Hyderabad,Rural Roads,plain,2018,29.06
Hyderabad,Rural Roads,plain,2025,29.44
Hyderabad,Rural Roads,plain,2015,16.94
Hyderabad,Rural Roads,plain,2016,29.88
Hyderabad,Rural Roads,plain,2025,21.3
Hyderabad,Rural Roads,plain,2025,36.54
Hyderabad,Rural Roads,plain,2022,28.93
Hyderabad,Rural Roads,plain,2022,25.14
Hyderabad,Rural Roads,plain,2017,19.25
Hyderabad,Rural Roads,plain,2024,25.55
Hyderabad,Rural Roads,plain,2022,25.01
Hyderabad,Rural Roads,plain,2016,18.35
Hyderabad,Rural Roads,plain,2015,23.85
Hyderabad,Rural Roads,plain,2025,33.87
Hyderabad,Rural Roads,plain,2024,35.3
Hyderabad,Rural Roads,plain,2015,34.82
Hyderabad,Rural Roads,plain,2019,27.49
Hyderabad,Rural Roads,plain,2020,22.02
Hyderabad,Rural Roads,plain,2017,23.0
Hyderabad,Rural Roads,plain,2015,31.71
Hyderabad,Rural Roads,plain,2025,19.06
Hyderabad,Rural Roads,plain,2025,20.99
Hyderabad,Rural Roads,plain,2015,24.8
Hyderabad,Rural Roads,plain,2017,30.26
Hyderabad,Rural Roads,plain,2025,26.29
Hyderabad,Rural Roads,plain,2016,16.08
Hyderabad,Rural Roads,plain,2019,23.27
Hyderabad,Rural Roads,plain,2018,24.38
Hyderabad,Rural Roads,plain,2016,13.35
Hyderabad,Rural Roads,plain,2017,21.68
Hyderabad,Rural Roads,plain,2018,13.98
Hyderabad,Rural Roads,plain,2015,20.77
Hyderabad,Rural Roads,plain,2019,32.35
Hyderabad,Rural Roads,plain,2015,29.17
Hyderabad,Rural Roads,plain,2017,35.53
Hyderabad,Rural Roads,plain,2015,31.77
Hyderabad,Rural Roads,plain,2024,36.8
Hyderabad,Rural Roads,plain,2020,32.69
Hyderabad,Rural Roads,plain,2019,24.55
Hyderabad,Rural Roads,plain,2016,19.99
Hyderabad,Rural Roads,plain,2021,11.55
Hyderabad,Rural Roads,plain,2025,36.88
Hyderabad,Rural Roads,plain,2024,38.03
Hyderabad,Rural Roads,plain,2019,21.9
Hyderabad,Rural Roads,plain,2021,35.08
Hyderabad,Rural Roads,plain,2023,28.1
Hyderabad,Rural Roads,plain,2018,36.88
Hyderabad,Rural Roads,plain,2020,22.46
Hyderabad,Rural Roads,plain,2025,20.97
Hyderabad,Rural Roads,plain,2018,25.96
Hyderabad,Rural Roads,plain,2022,25.72
Hyderabad,Rural Roads,plain,2022,15.72
Hyderabad,Rural Roads,plain,2017,16.25
Hyderabad,Rural Roads,plain,2024,25.77
Hyderabad,Rural Roads,plain,2023,28.16
Hyderabad,Rural Roads,plain,2023,14.2
Hyderabad,Rural Roads,plain,2017,33.85
Hyderabad,Rural Roads,plain,2023,34.27
Hyderabad,Rural Roads,plain,2024,38.07
Hyderabad,Rural Roads,plain,2025,30.95
Hyderabad,Rural Roads,plain,2016,28.37
Hyderabad,Rural Roads,plain,2021,16.17
Hyderabad,Rural Roads,plain,2020,22.96
Hyderabad,Rural Roads,plain,2025,17.78
Hyderabad,Rural Roads,plain,2023,21.23
Hyderabad,Rural Roads,plain,2016,26.77
Hyderabad,Rural Roads,plain,2025,51.53
Hyderabad,Rural Roads,plain,2021,19.18
Hyderabad,Rural Roads,plain,2021,15.98
Hyderabad,Rural Roads,plain,2022,20.93
Hyderabad,Rural Roads,plain,2018,20.46
Hyderabad,Rural Roads,plain,2015,16.84
Hyderabad,Rural Roads,plain,2016,26.81
Hyderabad,Rural Roads,plain,2025,34.11
Hyderabad,Rural Roads,plain,2018,19.89
Hyderabad,Rural Roads,plain,2016,22.52
Hyderabad,Rural Roads,plain,2018,25.42
Hyderabad,Rural Roads,plain,2018,19.47
Hyderabad,Rural Roads,plain,2017,26.18
Hyderabad,Rural Roads,plain,2016,24.42
Hyderabad,Rural Roads,plain,2019,18.52
Hyderabad,Rural Roads,plain,2025,21.85
Hyderabad,Rural Roads,plain,2020,21.09
Hyderabad,Rural Roads,plain,2016,22.3
Hyderabad,Rural Roads,plain,2017,31.22
Hyderabad,Rural Roads,plain,2019,22.49
Hyderabad,Rural Roads,plain,2017,51.54
Hyderabad,Rural Roads,plain,2021,30.53
Hyderabad,Rural Roads,plain,2016,24.65
Hyderabad,Rural Roads,plain,2020,19.14
Rangareddy,Rural Roads,plain,2018,27.64
Rangareddy,Rural Roads,plain,2019,17.25
Rangareddy,Rural Roads,plain,2024,23.21
Rangareddy,Rural Roads,plain,2022,25.76
Rangareddy,Rural Roads,plain,2019,25.49
Rangareddy,Rural Roads,plain,2019,19.65
Rangareddy,Rural Roads,plain,2019,20.17
Rangareddy,Rural Roads,plain,2022,9.94
Rangareddy,Rural Roads,plain,2023,30.93
Rangareddy,Rural Roads,plain,2021,13.95
Rangareddy,Rural Roads,plain,2017,30.97
Rangareddy,Rural Roads,plain,2018,15.27
Rangareddy,Rural Roads,plain,2021,20.8
Rangareddy,Rural Roads,plain,2016,42.16
Rangareddy,Rural Roads,plain,2018,22.34
Rangareddy,Rural Roads,plain,2023,20.47
Rangareddy,Rural Roads,plain,2019,15.96
Rangareddy,Rural Roads,plain,2020,27.07
Rangareddy,Rural Roads,plain,2016,22.82
Rangareddy,Rural Roads,plain,2021,13.56
Rangareddy,Rural Roads,plain,2021,46.33
Rangareddy,Rural Roads,plain,2020,21.44
Rangareddy,Rural Roads,plain,2023,23.59
Rangareddy,Rural Roads,plain,2024,22.43
Rangareddy,Rural Roads,plain,2019,19.93
Rangareddy,Rural Roads,plain,2021,29.8
Rangareddy,Rural Roads,plain,2018,25.41
Rangareddy,Rural Roads,plain,2020,25.49
Rangareddy,Rural Roads,plain,2022,23.29
Rangareddy,Rural Roads,plain,2018,31.38
Rangareddy,Rural Roads,plain,2022,31.71
Rangareddy,Rural Roads,plain,2016,27.14
Rangareddy,Rural Roads,plain,2020,20.5
Rangareddy,Rural Roads,plain,2024,30.49
Rangareddy,Rural Roads,plain,2024,18.12
Rangareddy,Rural Roads,plain,2017,19.88
Rangareddy,Rural Roads,plain,2024,34.14
Rangareddy,Rural Roads,plain,2015,20.73
Rangareddy,Rural Roads,plain,2017,13.47
Rangareddy,Rural Roads,plain,2023,32.35
Rangareddy,Rural Roads,plain,2025,25.37
Rangareddy,Rural Roads,plain,2017,17.95
Rangareddy,Rural Roads,plain,2024,22.44
Rangareddy,Rural Roads,plain,2018,20.04
Rangareddy,Rural Roads,plain,2025,29.24
Rangareddy,Rural Roads,plain,2019,43.09
Rangareddy,Rural Roads,plain,2018,32.08
Rangareddy,Rural Roads,plain,2016,28.1
Rangareddy,Rural Roads,plain,2016,19.18
Rangareddy,Rural Roads,plain,2024,14.42
Rangareddy,Rural Roads,plain,2016,14.04
Rangareddy,Rural Roads,plain,2023,17.18
Rangareddy,Rural Roads,plain,2025,38.08
Rangareddy,Rural Roads,plain,2017,19.68
Rangareddy,Rural Roads,plain,2023,25.64
Rangareddy,Rural Roads,plain,2019,18.78
Rangareddy,Rural Roads,plain,2015,16.72
Rangareddy,Rural Roads,plain,2025,19.12
Rangareddy,Rural Roads,plain,2021,28.82
Rangareddy,Rural Roads,plain,2022,16.27
Rangareddy,Rural Roads,plain,2025,21.91
Rangareddy,Rural Roads,plain,2024,15.62
Rangareddy,Rural Roads,plain,2025,22.72
Rangareddy,Rural Roads,plain,2021,28.69
Rangareddy,Rural Roads,plain,2016,17.87
Rangareddy,Rural Roads,plain,2015,27.24
Rangareddy,Rural Roads,plain,2023,33.12
Rangareddy,Rural Roads,plain,2016,18.99
Rangareddy,Rural Roads,plain,2021,25.07
Rangareddy,Rural Roads,plain,2018,21.31
Rangareddy,Rural Roads,plain,2025,29.01
Rangareddy,Rural Roads,plain,2018,26.37
Rangareddy,Rural Roads,plain,2016,21.84
Rangareddy,Rural Roads,plain,2021,24.7
Rangareddy,Rural Roads,plain,2017,15.62
Rangareddy,Rural Roads,plain,2018,26.44
Rangareddy,Rural Roads,plain,2025,25.19
Rangareddy,Rural Roads,plain,2020,29.19
Rangareddy,Rural Roads,plain,2022,20.49
Rangareddy,Rural Roads,plain,2019,25.07
Rangareddy,Rural Roads,plain,2017,34.64
Rangareddy,Rural Roads,plain,2019,19.88
Rangareddy,Rural Roads,plain,2022,22.91
Rangareddy,Rural Roads,plain,2022,16.01
Rangareddy,Rural Roads,plain,2021,20.45
Rangareddy,Rural Roads,plain,2018,28.64
Rangareddy,Rural Roads,plain,2016,19.87
Rangareddy,Rural Roads,plain,2024,15.15
Rangareddy,Rural Roads,plain,2021,31.02
Rangareddy,Rural Roads,plain,2023,24.81
Rangareddy,Rural Roads,plain,2018,10.05
Rangareddy,Rural Roads,plain,2024,20.91
Rangareddy,Rural Roads,plain,2016,17.41
Rangareddy,Rural Roads,plain,2020,13.75
Rangareddy,Rural Roads,plain,2019,16.17
Rangareddy,Rural Roads,plain,2023,29.56
Rangareddy,Rural Roads,plain,2022,30.09
Rangareddy,Rural Roads,plain,2020,26.44
Rangareddy,Rural Roads,plain,2023,17.35
Rangareddy,Rural Roads,plain,2018,18.66
Rangareddy,Rural Roads,plain,2018,18.75
Rangareddy,Rural Roads,plain,2020,30.38
Rangareddy,Rural Roads,plain,2017,17.74
Rangareddy,Rural Roads,plain,2019,42.5
Rangareddy,Rural Roads,plain,2019,19.49
Rangareddy,Rural Roads,plain,2019,30.81
Rangareddy,Rural Roads,plain,2021,43.79
Rangareddy,Rural Roads,plain,2020,20.27
Rangareddy,Rural Roads,plain,2025,19.57
Rangareddy,Rural Roads,plain,2024,27.36
Rangareddy,Rural Roads,plain,2018,35.41
Rangareddy,Rural Roads,plain,2023,24.28
Rangareddy,Rural Roads,plain,2016,22.52
Rangareddy,Rural Roads,plain,2022,24.69
Rangareddy,Rural Roads,plain,2025,14.81
Rangareddy,Rural Roads,plain,2016,40.87
Rangareddy,Rural Roads,plain,2019,16.8
Rangareddy,Rural Roads,plain,2025,38.04
Rangareddy,Rural Roads,plain,2016,9.88
Rangareddy,Rural Roads,plain,2022,26.56
Medchal-Malkajgiri,Rural Roads,plain,2016,22.06
Medchal-Malkajgiri,Rural Roads,plain,2018,26.89
Medchal-Malkajgiri,Rural Roads,plain,2024,16.82
Medchal-Malkajgiri,Rural Roads,plain,2024,17.64
Medchal-Malkajgiri,Rural Roads,plain,2015,30.8
Medchal-Malkajgiri,Rural Roads,plain,2017,23.5
Medchal-Malkajgiri,Rural Roads,plain,2017,18.69
Medchal-Malkajgiri,Rural Roads,plain,2022,22.3
Medchal-Malkajgiri,Rural Roads,plain,2017,26.12
Medchal-Malkajgiri,Rural Roads,plain,2015,9.12
Medchal-Malkajgiri,Rural Roads,plain,2020,26.24
Medchal-Malkajgiri,Rural Roads,plain,2020,29.88
Medchal-Malkajgiri,Rural Roads,plain,2023,19.72
Medchal-Malkajgiri,Rural Roads,plain,2021,33.29
Medchal-Malkajgiri,Rural Roads,plain,2016,17.99
Medchal-Malkajgiri,Rural Roads,plain,2021,19.8
Medchal-Malkajgiri,Rural Roads,plain,2022,8.19
Medchal-Malkajgiri,Rural Roads,plain,2025,19.52
Medchal-Malkajgiri,Rural Roads,plain,2023,28.87
Medchal-Malkajgiri,Rural Roads,plain,2019,34.45
Medchal-Malkajgiri,Rural Roads,plain,2024,30.15
Medchal-Malkajgiri,Rural Roads,plain,2016,29.43
Medchal-Malkajgiri,Rural Roads,plain,2017,20.7
Medchal-Malkajgiri,Rural Roads,plain,2023,44.41
Medchal-Malkajgiri,Rural Roads,plain,2023,21.85
Medchal-Malkajgiri,Rural Roads,plain,2020,15.29
Medchal-Malkajgiri,Rural Roads,plain,2018,34.69
Medchal-Malkajgiri,Rural Roads,plain,2023,15.33
Medchal-Malkajgiri,Rural Roads,plain,2018,10.09
Medchal-Malkajgiri,Rural Roads,plain,2023,29.6
Medchal-Malkajgiri,Rural Roads,plain,2024,19.54
Medchal-Malkajgiri,Rural Roads,plain,2020,22.48
Medchal-Malkajgiri,Rural Roads,plain,2019,27.41
Medchal-Malkajgiri,Rural Roads,plain,2021,7.91
Medchal-Malkajgiri,Rural Roads,plain,2021,19.13
Medchal-Malkajgiri,Rural Roads,plain,2022,15.06
Medchal-Malkajgiri,Rural Roads,plain,2018,28.43
Medchal-Malkajgiri,Rural Roads,plain,2023,18.38
Medchal-Malkajgiri,Rural Roads,plain,2021,18.98
Medchal-Malkajgiri,Rural Roads,plain,2015,18.92
Medchal-Malkajgiri,Rural Roads,plain,2016,15.25
Medchal-Malkajgiri,Rural Roads,plain,2017,19.12
Medchal-Malkajgiri,Rural Roads,plain,2021,12.1
Medchal-Malkajgiri,Rural Roads,plain,2025,20.78
Medchal-Malkajgiri,Rural Roads,plain,2015,11.63
Medchal-Malkajgiri,Rural Roads,plain,2022,17.18
Medchal-Malkajgiri,Rural Roads,plain,2015,21.42
Medchal-Malkajgiri,Rural Roads,plain,2015,14.3
Medchal-Malkajgiri,Rural Roads,plain,2018,22.62
Medchal-Malkajgiri,Rural Roads,plain,2022,19.51
Medchal-Malkajgiri,Rural Roads,plain,2019,14.92
Medchal-Malkajgiri,Rural Roads,plain,2015,25.03
Medchal-Malkajgiri,Rural Roads,plain,2021,20.4
Medchal-Malkajgiri,Rural Roads,plain,2025,19.76
Medchal-Malkajgiri,Rural Roads,plain,2017,34.5
Medchal-Malkajgiri,Rural Roads,plain,2023,33.71
Medchal-Malkajgiri,Rural Roads,plain,2025,17.45
Medchal-Malkajgiri,Rural Roads,plain,2015,23.39
Medchal-Malkajgiri,Rural Roads,plain,2017,33.94
Medchal-Malkajgiri,Rural Roads,plain,2019,14.48
Medchal-Malkajgiri,Rural Roads,plain,2019,39.41
Medchal-Malkajgiri,Rural Roads,plain,2015,18.09
Medchal-Malkajgiri,Rural Roads,plain,2022,19.46
Medchal-Malkajgiri,Rural Roads,plain,2025,24.35
Medchal-Malkajgiri,Rural Roads,plain,2025,24.41
Medchal-Malkajgiri,Rural Roads,plain,2025,29.29
Medchal-Malkajgiri,Rural Roads,plain,2018,26.36
Medchal-Malkajgiri,Rural Roads,plain,2016,21.62
Medchal-Malkajgiri,Rural Roads,plain,2015,20.97
Medchal-Malkajgiri,Rural Roads,plain,2016,14.47
Medchal-Malkajgiri,Rural Roads,plain,2025,17.88
Medchal-Malkajgiri,Rural Roads,plain,2015,11.71
Medchal-Malkajgiri,Rural Roads,plain,2015,21.15
Medchal-Malkajgiri,Rural Roads,plain,2019,47.56
Medchal-Malkajgiri,Rural Roads,plain,2023,30.51
Medchal-Malkajgiri,Rural Roads,plain,2022,22.17
Medchal-Malkajgiri,Rural Roads,plain,2018,15.75
Medchal-Malkajgiri,Rural Roads,plain,2016,14.77
Medchal-Malkajgiri,Rural Roads,plain,2017,20.32
Medchal-Malkajgiri,Rural Roads,plain,2021,31.37
Medchal-Malkajgiri,Rural Roads,plain,2015,32.11
Medchal-Malkajgiri,Rural Roads,plain,2024,22.44
Medchal-Malkajgiri,Rural Roads,plain,2017,17.26
Medchal-Malkajgiri,Rural Roads,plain,2018,17.85
Medchal-Malkajgiri,Rural Roads,plain,2022,18.82
Medchal-Malkajgiri,Rural Roads,plain,2025,29.14
Medchal-Malkajgiri,Rural Roads,plain,2020,25.99
Medchal-Malkajgiri,Rural Roads,plain,2024,20.56
Medchal-Malkajgiri,Rural Roads,plain,2016,16.04
Medchal-Malkajgiri,Rural Roads,plain,2025,20.38
Medchal-Malkajgiri,Rural Roads,plain,2024,21.53
Medchal-Malkajgiri,Rural Roads,plain,2019,9.74
Medchal-Malkajgiri,Rural Roads,plain,2025,20.19
Medchal-Malkajgiri,Rural Roads,plain,2020,20.27
Medchal-Malkajgiri,Rural Roads,plain,2015,19.09
Medchal-Malkajgiri,Rural Roads,plain,2017,24.12
Medchal-Malkajgiri,Rural Roads,plain,2021,26.63
Medchal-Malkajgiri,Rural Roads,plain,2025,14.14
Medchal-Malkajgiri,Rural Roads,plain,2020,33.57
Medchal-Malkajgiri,Rural Roads,plain,2021,42.0
Medchal-Malkajgiri,Rural Roads,plain,2022,20.88
Medchal-Malkajgiri,Rural Roads,plain,2025,20.6
Medchal-Malkajgiri,Rural Roads,plain,2016,15.3
Medchal-Malkajgiri,Rural Roads,plain,2015,12.78
Medchal-Malkajgiri,Rural Roads,plain,2020,18.08
Medchal-Malkajgiri,Rural Roads,plain,2019,17.39
Medchal-Malkajgiri,Rural Roads,plain,2019,25.12
Medchal-Malkajgiri,Rural Roads,plain,2015,19.2
Medchal-Malkajgiri,Rural Roads,plain,2020,26.0
Medchal-Malkajgiri,Rural Roads,plain,2023,29.66
Medchal-Malkajgiri,Rural Roads,plain,2021,14.18
Medchal-Malkajgiri,Rural Roads,plain,2015,12.8
Medchal-Malkajgiri,Rural Roads,plain,2024,16.96
Medchal-Malkajgiri,Rural Roads,plain,2016,14.17
Medchal-Malkajgiri,Rural Roads,plain,2022,11.88
Medchal-Malkajgiri,Rural Roads,plain,2018,21.1
Medchal-Malkajgiri,Rural Roads,plain,2023,11.24
Medchal-Malkajgiri,Rural Roads,plain,2023,21.27
Medchal-Malkajgiri,Rural Roads,plain,2024,19.79
Medchal-Malkajgiri,Rural Roads,plain,2023,36.79
Sangareddy,Rural Roads,semi-hilly,2015,17.43
Sangareddy,Rural Roads,semi-hilly,2021,21.69
Sangareddy,Rural Roads,semi-hilly,2020,18.43
Sangareddy,Rural Roads,semi-hilly,2015,14.38
Sangareddy,Rural Roads,semi-hilly,2023,17.11
Sangareddy,Rural Roads,semi-hilly,2017,20.06
Sangareddy,Rural Roads,semi-hilly,2025,33.23
Sangareddy,Rural Roads,semi-hilly,2016,23.75
Sangareddy,Rural Roads,semi-hilly,2016,26.87
Sangareddy,Rural Roads,semi-hilly,2019,14.67
Sangareddy,Rural Roads,semi-hilly,2022,16.97
Sangareddy,Rural Roads,semi-hilly,2021,11.05
Sangareddy,Rural Roads,semi-hilly,2017,26.49
Sangareddy,Rural Roads,semi-hilly,2020,23.59
Sangareddy,Rural Roads,semi-hilly,2024,18.33
Sangareddy,Rural Roads,semi-hilly,2015,30.32
Sangareddy,Rural Roads,semi-hilly,2025,20.31
Sangareddy,Rural Roads,semi-hilly,2015,31.28
Sangareddy,Rural Roads,semi-hilly,2020,41.22
Sangareddy,Rural Roads,semi-hilly,2022,17.59
Sangareddy,Rural Roads,semi-hilly,2015,18.82
Sangareddy,Rural Roads,semi-hilly,2021,18.14
Sangareddy,Rural Roads,semi-hilly,2024,27.36
Sangareddy,Rural Roads,semi-hilly,2023,23.3
Sangareddy,Rural Roads,semi-hilly,2024,16.2
Sangareddy,Rural Roads,semi-hilly,2020,21.22
Sangareddy,Rural Roads,semi-hilly,2021,37.85
Sangareddy,Rural Roads,semi-hilly,2017,20.83
Sangareddy,Rural Roads,semi-hilly,2019,19.65
Sangareddy,Rural Roads,semi-hilly,2024,22.6
Sangareddy,Rural Roads,semi-hilly,2015,25.26
Sangareddy,Rural Roads,semi-hilly,2024,26.91
Sangareddy,Rural Roads,semi-hilly,2017,16.97
Sangareddy,Rural Roads,semi-hilly,2021,28.98
Sangareddy,Rural Roads,semi-hilly,2025,37.81
Sangareddy,Rural Roads,semi-hilly,2018,26.79
Sangareddy,Rural Roads,semi-hilly,2019,27.26
Sangareddy,Rural Roads,semi-hilly,2021,28.92
Sangareddy,Rural Roads,semi-hilly,2015,16.05
Sangareddy,Rural Roads,semi-hilly,2017,22.44
Sangareddy,Rural Roads,semi-hilly,2017,13.41
Sangareddy,Rural Roads,semi-hilly,2022,24.71
Sangareddy,Rural Roads,semi-hilly,2021,25.34
Sangareddy,Rural Roads,semi-hilly,2025,19.38
Sangareddy,Rural Roads,semi-hilly,2021,32.21
Sangareddy,Rural Roads,semi-hilly,2019,23.49
Sangareddy,Rural Roads,semi-hilly,2022,17.64
Sangareddy,Rural Roads,semi-hilly,2015,21.52
Sangareddy,Rural Roads,semi-hilly,2020,10.23
Sangareddy,Rural Roads,semi-hilly,2017,16.64
Sangareddy,Rural Roads,semi-hilly,2020,18.0
Sangareddy,Rural Roads,semi-hilly,2018,21.1
Sangareddy,Rural Roads,semi-hilly,2023,12.27
Sangareddy,Rural Roads,semi-hilly,2018,24.87
Sangareddy,Rural Roads,semi-hilly,2021,24.49
Sangareddy,Rural Roads,semi-hilly,2021,19.17
Sangareddy,Rural Roads,semi-hilly,2021,38.89
Sangareddy,Rural Roads,semi-hilly,2019,22.02
Sangareddy,Rural Roads,semi-hilly,2018,21.19
Sangareddy,Rural Roads,semi-hilly,2017,29.52
Sangareddy,Rural Roads,semi-hilly,2022,31.25
Sangareddy,Rural Roads,semi-hilly,2023,19.92
Sangareddy,Rural Roads,semi-hilly,2020,30.76
Sangareddy,Rural Roads,semi-hilly,2021,24.64
Sangareddy,Rural Roads,semi-hilly,2022,20.15
Sangareddy,Rural Roads,semi-hilly,2015,13.22
Sangareddy,Rural Roads,semi-hilly,2018,27.46
Sangareddy,Rural Roads,semi-hilly,2021,20.4
Sangareddy,Rural Roads,semi-hilly,2018,17.24
Sangareddy,Rural Roads,semi-hilly,2016,17.39
Sangareddy,Rural Roads,semi-hilly,2017,24.5
Sangareddy,Rural Roads,semi-hilly,2020,16.82
Sangareddy,Rural Roads,semi-hilly,2022,27.12
Sangareddy,Rural Roads,semi-hilly,2015,10.65
Sangareddy,Rural Roads,semi-hilly,2024,16.94
Sangareddy,Rural Roads,semi-hilly,2021,34.41
Sangareddy,Rural Roads,semi-hilly,2016,16.09
Sangareddy,Rural Roads,semi-hilly,2025,15.61
Sangareddy,Rural Roads,semi-hilly,2025,28.54
Sangareddy,Rural Roads,semi-hilly,2017,12.1
Sangareddy,Rural Roads,semi-hilly,2022,23.16
Sangareddy,Rural Roads,semi-hilly,2021,29.51
Sangareddy,Rural Roads,semi-hilly,2023,27.39
Sangareddy,Rural Roads,semi-hilly,2018,20.7
Sangareddy,Rural Roads,semi-hilly,2024,40.55
Sangareddy,Rural Roads,semi-hilly,2021,22.73
Sangareddy,Rural Roads,semi-hilly,2016,25.22
Sangareddy,Rural Roads,semi-hilly,2020,18.34
Sangareddy,Rural Roads,semi-hilly,2018,14.94
Sangareddy,Rural Roads,semi-hilly,2020,30.18
Sangareddy,Rural Roads,semi-hilly,2017,19.9
Sangareddy,Rural Roads,semi-hilly,2019,19.26
Sangareddy,Rural Roads,semi-hilly,2025,13.57
Sangareddy,Rural Roads,semi-hilly,2018,15.55
Sangareddy,Rural Roads,semi-hilly,2025,20.55
Sangareddy,Rural Roads,semi-hilly,2022,20.13
Sangareddy,Rural Roads,semi-hilly,2020,19.73
Sangareddy,Rural Roads,semi-hilly,2019,33.58
Sangareddy,Rural Roads,semi-hilly,2023,19.91
Sangareddy,Rural Roads,semi-hilly,2021,25.43
Sangareddy,Rural Roads,semi-hilly,2021,21.8
Sangareddy,Rural Roads,semi-hilly,2025,27.69
Sangareddy,Rural Roads,semi-hilly,2021,26.62
Sangareddy,Rural Roads,semi-hilly,2023,22.15
Sangareddy,Rural Roads,semi-hilly,2020,23.14
Sangareddy,Rural Roads,semi-hilly,2018,24.67
Sangareddy,Rural Roads,semi-hilly,2025,16.21
Sangareddy,Rural Roads,semi-hilly,2016,42.21
Sangareddy,Rural Roads,semi-hilly,2023,36.51
Sangareddy,Rural Roads,semi-hilly,2025,16.88
Sangareddy,Rural Roads,semi-hilly,2017,17.14
Sangareddy,Rural Roads,semi-hilly,2021,37.53
Sangareddy,Rural Roads,semi-hilly,2019,27.86
Sangareddy,Rural Roads,semi-hilly,2021,30.54
Sangareddy,Rural Roads,semi-hilly,2020,17.41
Sangareddy,Rural Roads,semi-hilly,2025,33.02
Sangareddy,Rural Roads,semi-hilly,2024,32.7
Sangareddy,Rural Roads,semi-hilly,2015,24.36
Sangareddy,Rural Roads,semi-hilly,2023,14.47
Sangareddy,Rural Roads,semi-hilly,2025,18.4
Mahbubnagar,Rural Roads,plain,2020,22.78
Mahbubnagar,Rural Roads,plain,2020,12.05
Mahbubnagar,Rural Roads,plain,2018,42.53
Mahbubnagar,Rural Roads,plain,2020,17.58
Mahbubnagar,Rural Roads,plain,2023,13.03
Mahbubnagar,Rural Roads,plain,2020,17.08
Mahbubnagar,Rural Roads,plain,2020,22.12
Mahbubnagar,Rural Roads,plain,2015,16.09
Mahbubnagar,Rural Roads,plain,2025,18.71
Mahbubnagar,Rural Roads,plain,2015,12.5
Mahbubnagar,Rural Roads,plain,2018,16.08
Mahbubnagar,Rural Roads,plain,2015,17.21
Mahbubnagar,Rural Roads,plain,2021,24.13
Mahbubnagar,Rural Roads,plain,2023,16.96
Mahbubnagar,Rural Roads,plain,2025,21.3
Mahbubnagar,Rural Roads,plain,2016,18.13
Mahbubnagar,Rural Roads,plain,2022,19.1
Mahbubnagar,Rural Roads,plain,2015,30.99
Mahbubnagar,Rural Roads,plain,2022,22.28
Mahbubnagar,Rural Roads,plain,2020,18.19
Mahbubnagar,Rural Roads,plain,2021,18.35
Mahbubnagar,Rural Roads,plain,2025,11.13
Mahbubnagar,Rural Roads,plain,2022,25.44
Mahbubnagar,Rural Roads,plain,2019,18.07
Mahbubnagar,Rural Roads,plain,2020,17.59
Mahbubnagar,Rural Roads,plain,2019,20.65
Mahbubnagar,Rural Roads,plain,2025,23.11
Mahbubnagar,Rural Roads,plain,2017,25.2
Mahbubnagar,Rural Roads,plain,2024,19.27
Mahbubnagar,Rural Roads,plain,2019,17.42
Mahbubnagar,Rural Roads,plain,2015,23.82
Mahbubnagar,Rural Roads,plain,2016,29.94
Mahbubnagar,Rural Roads,plain,2015,11.34
Mahbubnagar,Rural Roads,plain,2023,25.3
Mahbubnagar,Rural Roads,plain,2022,30.61
Mahbubnagar,Rural Roads,plain,2021,14.57
Mahbubnagar,Rural Roads,plain,2022,14.14
Mahbubnagar,Rural Roads,plain,2017,19.24
Mahbubnagar,Rural Roads,plain,2021,14.08
Mahbubnagar,Rural Roads,plain,2018,11.96
Mahbubnagar,Rural Roads,plain,2023,18.85
Mahbubnagar,Rural Roads,plain,2021,12.18
Mahbubnagar,Rural Roads,plain,2019,22.02
Mahbubnagar,Rural Roads,plain,2020,27.1
Mahbubnagar,Rural Roads,plain,2023,18.98
Mahbubnagar,Rural Roads,plain,2020,19.29
Mahbubnagar,Rural Roads,plain,2022,12.71
Mahbubnagar,Rural Roads,plain,2015,18.02
Mahbubnagar,Rural Roads,plain,2020,23.57
Mahbubnagar,Rural Roads,plain,2019,16.14
Mahbubnagar,Rural Roads,plain,2025,26.5
Mahbubnagar,Rural Roads,plain,2020,13.8
Mahbubnagar,Rural Roads,plain,2024,12.22
Mahbubnagar,Rural Roads,plain,2018,15.09
Mahbubnagar,Rural Roads,plain,2017,23.66
Mahbubnagar,Rural Roads,plain,2018,13.06
Mahbubnagar,Rural Roads,plain,2019,16.1
Mahbubnagar,Rural Roads,plain,2022,20.9
Mahbubnagar,Rural Roads,plain,2024,14.94
Mahbubnagar,Rural Roads,plain,2020,16.89
Mahbubnagar,Rural Roads,plain,2017,24.77
Mahbubnagar,Rural Roads,plain,2018,13.59
Mahbubnagar,Rural Roads,plain,2025,21.63
Mahbubnagar,Rural Roads,plain,2022,24.46
Mahbubnagar,Rural Roads,plain,2021,34.59
Mahbubnagar,Rural Roads,plain,2025,16.79
Mahbubnagar,Rural Roads,plain,2018,15.27
Mahbubnagar,Rural Roads,plain,2017,24.32
Mahbubnagar,Rural Roads,plain,2024,20.33
Mahbubnagar,Rural Roads,plain,2021,19.18
Mahbubnagar,Rural Roads,plain,2024,15.24
Mahbubnagar,Rural Roads,plain,2016,20.32
Mahbubnagar,Rural Roads,plain,2018,10.2
Mahbubnagar,Rural Roads,plain,2025,18.15
Mahbubnagar,Rural Roads,plain,2020,26.12
Mahbubnagar,Rural Roads,plain,2022,27.7
Mahbubnagar,Rural Roads,plain,2022,27.94
Mahbubnagar,Rural Roads,plain,2020,23.87
Mahbubnagar,Rural Roads,plain,2015,21.09
Mahbubnagar,Rural Roads,plain,2015,17.1
Mahbubnagar,Rural Roads,plain,2025,20.71
Mahbubnagar,Rural Roads,plain,2019,12.63
Mahbubnagar,Rural Roads,plain,2021,30.97
Mahbubnagar,Rural Roads,plain,2019,21.03
Mahbubnagar,Rural Roads,plain,2025,9.8
Mahbubnagar,Rural Roads,plain,2015,15.64
Mahbubnagar,Rural Roads,plain,2021,24.37
Mahbubnagar,Rural Roads,plain,2025,30.52
Mahbubnagar,Rural Roads,plain,2017,19.97
Mahbubnagar,Rural Roads,plain,2018,23.88
Mahbubnagar,Rural Roads,plain,2017,25.41
Mahbubnagar,Rural Roads,plain,2022,17.25
Mahbubnagar,Rural Roads,plain,2023,32.59
Mahbubnagar,Rural Roads,plain,2024,18.08
Mahbubnagar,Rural Roads,plain,2015,22.02
Mahbubnagar,Rural Roads,plain,2023,14.36
Mahbubnagar,Rural Roads,plain,2024,12.08
Mahbubnagar,Rural Roads,plain,2017,13.1
Mahbubnagar,Rural Roads,plain,2024,14.36
Mahbubnagar,Rural Roads,plain,2022,17.98
Mahbubnagar,Rural Roads,plain,2020,19.53
Mahbubnagar,Rural Roads,plain,2023,13.84
Mahbubnagar,Rural Roads,plain,2025,22.14
Mahbubnagar,Rural Roads,plain,2015,22.16
Mahbubnagar,Rural Roads,plain,2019,20.97
Mahbubnagar,Rural Roads,plain,2022,20.7
Mahbubnagar,Rural Roads,plain,2019,25.85
Mahbubnagar,Rural Roads,plain,2021,24.27
Mahbubnagar,Rural Roads,plain,2016,12.77
Mahbubnagar,Rural Roads,plain,2016,12.84
Mahbubnagar,Rural Roads,plain,2022,29.73
Mahbubnagar,Rural Roads,plain,2023,21.14
Mahbubnagar,Rural Roads,plain,2023,19.38
Mahbubnagar,Rural Roads,plain,2024,17.27
Mahbubnagar,Rural Roads,plain,2017,23.26
Mahbubnagar,Rural Roads,plain,2023,17.7
Mahbubnagar,Rural Roads,plain,2021,26.43
Mahbubnagar,Rural Roads,plain,2018,20.54
Mahbubnagar,Rural Roads,plain,2017,17.69
Mahbubnagar,Rural Roads,plain,2015,15.55
Hyderabad,Community Assets,plain,2021,16.53
Hyderabad,Community Assets,plain,2016,14.39
Hyderabad,Community Assets,plain,2024,16.75
Hyderabad,Community Assets,plain,2017,13.05
Hyderabad,Community Assets,plain,2019,16.57
Hyderabad,Community Assets,plain,2021,17.36
Hyderabad,Community Assets,plain,2015,17.05
Hyderabad,Community Assets,plain,2019,10.11
Hyderabad,Community Assets,plain,2020,11.73
Hyderabad,Community Assets,plain,2018,28.44
Hyderabad,Community Assets,plain,2025,17.26
Hyderabad,Community Assets,plain,2024,17.44
Hyderabad,Community Assets,plain,2023,22.88
Hyderabad,Community Assets,plain,2017,13.64
Hyderabad,Community Assets,plain,2024,12.06
Hyderabad,Community Assets,plain,2016,21.47
Hyderabad,Community Assets,plain,2022,18.7
Hyderabad,Community Assets,plain,2020,18.06
Hyderabad,Community Assets,plain,2020,25.77
Hyderabad,Community Assets,plain,2020,18.98
Hyderabad,Community Assets,plain,2022,22.21
Hyderabad,Community Assets,plain,2021,11.71
Hyderabad,Community Assets,plain,2019,12.69
Hyderabad,Community Assets,plain,2025,13.36
Hyderabad,Community Assets,plain,2024,18.46
Hyderabad,Community Assets,plain,2016,14.75
Hyderabad,Community Assets,plain,2025,25.68
Hyderabad,Community Assets,plain,2024,24.29
Hyderabad,Community Assets,plain,2017,14.97
Hyderabad,Community Assets,plain,2017,13.72
Hyderabad,Community Assets,plain,2015,14.68
Hyderabad,Community Assets,plain,2025,19.19
Hyderabad,Community Assets,plain,2019,15.3
Hyderabad,Community Assets,plain,2025,17.44
Hyderabad,Community Assets,plain,2018,15.56
Hyderabad,Community Assets,plain,2019,22.25
Hyderabad,Community Assets,plain,2015,18.1
Hyderabad,Community Assets,plain,2025,19.56
Hyderabad,Community Assets,plain,2019,16.94
Hyderabad,Community Assets,plain,2023,18.62
Hyderabad,Community Assets,plain,2021,22.48
Hyderabad,Community Assets,plain,2018,12.17
Hyderabad,Community Assets,plain,2023,17.39
Hyderabad,Community Assets,plain,2015,12.87
Hyderabad,Community Assets,plain,2023,19.62
Hyderabad,Community Assets,plain,2021,18.88
Hyderabad,Community Assets,plain,2020,15.65
Hyderabad,Community Assets,plain,2021,18.55
Hyderabad,Community Assets,plain,2017,15.83
Hyderabad,Community Assets,plain,2015,9.15
Hyderabad,Community Assets,plain,2017,16.58
Hyderabad,Community Assets,plain,2023,20.04
Hyderabad,Community Assets,plain,2015,16.55
Hyderabad,Community Assets,plain,2025,16.16
Hyderabad,Community Assets,plain,2025,34.16
Hyderabad,Community Assets,plain,2025,14.31
Hyderabad,Community Assets,plain,2020,25.62
Hyderabad,Community Assets,plain,2021,9.71
Hyderabad,Community Assets,plain,2021,22.13
Hyderabad,Community Assets,plain,2019,20.29
Hyderabad,Community Assets,plain,2025,23.58
Hyderabad,Community Assets,plain,2016,17.48
Hyderabad,Community Assets,plain,2018,18.78
Hyderabad,Community Assets,plain,2018,15.1
Hyderabad,Community Assets,plain,2017,26.73
Hyderabad,Community Assets,plain,2019,14.03
Hyderabad,Community Assets,plain,2022,24.4
Hyderabad,Community Assets,plain,2016,27.07
Hyderabad,Community Assets,plain,2017,32.19
Hyderabad,Community Assets,plain,2023,10.85
Hyderabad,Community Assets,plain,2015,17.09
Hyderabad,Community Assets,plain,2021,39.86
Hyderabad,Community Assets,plain,2019,16.34
Hyderabad,Community Assets,plain,2015,16.24
Hyderabad,Community Assets,plain,2024,25.33
Hyderabad,Community Assets,plain,2024,36.98
Hyderabad,Community Assets,plain,2018,17.65
Hyderabad,Community Assets,plain,2016,19.05
Hyderabad,Community Assets,plain,2017,23.96
Hyderabad,Community Assets,plain,2024,22.5
Hyderabad,Community Assets,plain,2024,34.21
Hyderabad,Community Assets,plain,2023,11.97
Hyderabad,Community Assets,plain,2021,16.07
Hyderabad,Community Assets,plain,2016,28.04
Hyderabad,Community Assets,plain,2015,19.54
Hyderabad,Community Assets,plain,2017,16.76
Hyderabad,Community Assets,plain,2019,33.07
Hyderabad,Community Assets,plain,2023,28.73
Hyderabad,Community Assets,plain,2015,12.95
Hyderabad,Community Assets,plain,2018,32.76
Hyderabad,Community Assets,plain,2018,15.9
Hyderabad,Community Assets,plain,2025,25.66
Hyderabad,Community Assets,plain,2017,15.23
Hyderabad,Community Assets,plain,2018,27.91
Hyderabad,Community Assets,plain,2021,21.12
Hyderabad,Community Assets,plain,2019,35.69
Hyderabad,Community Assets,plain,2015,16.21
Hyderabad,Community Assets,plain,2016,21.6
Hyderabad,Community Assets,plain,2019,16.39
Hyderabad,Community Assets,plain,2015,13.32
Hyderabad,Community Assets,plain,2019,21.47
Hyderabad,Community Assets,plain,2017,26.99
Hyderabad,Community Assets,plain,2020,18.0
Hyderabad,Community Assets,plain,2015,17.65
Hyderabad,Community Assets,plain,2017,11.5
Hyderabad,Community Assets,plain,2023,19.13
Hyderabad,Community Assets,plain,2017,16.89
Hyderabad,Community Assets,plain,2016,17.83
Hyderabad,Community Assets,plain,2022,16.53
Hyderabad,Community Assets,plain,2019,14.46
Hyderabad,Community Assets,plain,2019,19.08
Hyderabad,Community Assets,plain,2021,16.85
Hyderabad,Community Assets,plain,2022,22.05
Hyderabad,Community Assets,plain,2019,22.92
Hyderabad,Community Assets,plain,2021,21.37
Hyderabad,Community Assets,plain,2017,14.62
Hyderabad,Community Assets,plain,2022,13.43
Hyderabad,Community Assets,plain,2015,19.16
Hyderabad,Community Assets,plain,2021,15.47
Hyderabad,Community Assets,plain,2017,24.23
Rangareddy,Community Assets,plain,2022,21.48
Rangareddy,Community Assets,plain,2018,16.12
Rangareddy,Community Assets,plain,2017,17.49
Rangareddy,Community Assets,plain,2017,10.14
Rangareddy,Community Assets,plain,2017,11.22
Rangareddy,Community Assets,plain,2023,22.07
Rangareddy,Community Assets,plain,2021,10.39
Rangareddy,Community Assets,plain,2021,34.22
Rangareddy,Community Assets,plain,2019,18.31
Rangareddy,Community Assets,plain,2015,20.46
Rangareddy,Community Assets,plain,2015,15.79
Rangareddy,Community Assets,plain,2022,19.3
Rangareddy,Community Assets,plain,2023,18.59
Rangareddy,Community Assets,plain,2022,14.93
Rangareddy,Community Assets,plain,2019,16.17
Rangareddy,Community Assets,plain,2015,18.34
Rangareddy,Community Assets,plain,2019,20.06
Rangareddy,Community Assets,plain,2017,12.48
Rangareddy,Community Assets,plain,2024,24.37
Rangareddy,Community Assets,plain,2017,15.65
Rangareddy,Community Assets,plain,2025,18.02
Rangareddy,Community Assets,plain,2017,15.72
Rangareddy,Community Assets,plain,2025,18.07
Rangareddy,Community Assets,plain,2021,12.18
Rangareddy,Community Assets,plain,2022,17.62
Rangareddy,Community Assets,plain,2021,12.07
Rangareddy,Community Assets,plain,2016,18.86
Rangareddy,Community Assets,plain,2020,17.95
Rangareddy,Community Assets,plain,2023,15.86
Rangareddy,Community Assets,plain,2024,18.87
Rangareddy,Community Assets,plain,2022,24.77
Rangareddy,Community Assets,plain,2019,15.69
Rangareddy,Community Assets,plain,2021,17.47
Rangareddy,Community Assets,plain,2018,19.47
Rangareddy,Community Assets,plain,2015,9.0
Rangareddy,Community Assets,plain,2020,21.56
Rangareddy,Community Assets,plain,2024,18.72
Rangareddy,Community Assets,plain,2023,13.59
Rangareddy,Community Assets,plain,2015,23.68
Rangareddy,Community Assets,plain,2018,16.55
Rangareddy,Community Assets,plain,2018,12.16
Rangareddy,Community Assets,plain,2018,22.66
Rangareddy,Community Assets,plain,2024,27.32
Rangareddy,Community Assets,plain,2016,33.29
Rangareddy,Community Assets,plain,2025,14.04
Rangareddy,Community Assets,plain,2020,10.08
Rangareddy,Community Assets,plain,2016,18.96
Rangareddy,Community Assets,plain,2024,19.54
Rangareddy,Community Assets,plain,2019,16.72
Rangareddy,Community Assets,plain,2022,17.05
Rangareddy,Community Assets,plain,2018,11.25
Rangareddy,Community Assets,plain,2015,16.2
Rangareddy,Community Assets,plain,2019,13.63
Rangareddy,Community Assets,plain,2020,5.18
Rangareddy,Community Assets,plain,2022,19.73
Rangareddy,Community Assets,plain,2020,17.73
Rangareddy,Community Assets,plain,2022,16.0
Rangareddy,Community Assets,plain,2022,13.43
Rangareddy,Community Assets,plain,2018,7.98
Rangareddy,Community Assets,plain,2024,31.08
Rangareddy,Community Assets,plain,2024,13.87
Rangareddy,Community Assets,plain,2023,17.36
Rangareddy,Community Assets,plain,2020,16.38
Rangareddy,Community Assets,plain,2023,7.2
Rangareddy,Community Assets,plain,2019,24.02
Rangareddy,Community Assets,plain,2018,16.16
Rangareddy,Community Assets,plain,2018,14.55
Rangareddy,Community Assets,plain,2023,19.58
Rangareddy,Community Assets,plain,2023,18.11
Rangareddy,Community Assets,plain,2020,15.01
Rangareddy,Community Assets,plain,2016,14.24
Rangareddy,Community Assets,plain,2015,15.62
Rangareddy,Community Assets,plain,2023,17.38
Rangareddy,Community Assets,plain,2018,14.26
Rangareddy,Community Assets,plain,2025,12.37
Rangareddy,Community Assets,plain,2017,20.83
Rangareddy,Community Assets,plain,2024,24.48
Rangareddy,Community Assets,plain,2021,18.54
Rangareddy,Community Assets,plain,2018,16.41
Rangareddy,Community Assets,plain,2020,15.46
Rangareddy,Community Assets,plain,2022,23.91
Rangareddy,Community Assets,plain,2017,11.71
Rangareddy,Community Assets,plain,2015,29.82
Rangareddy,Community Assets,plain,2020,18.33
Rangareddy,Community Assets,plain,2015,24.44
Rangareddy,Community Assets,plain,2024,15.04
Rangareddy,Community Assets,plain,2020,8.45
Rangareddy,Community Assets,plain,2016,28.89
Rangareddy,Community Assets,plain,2022,13.72
Rangareddy,Community Assets,plain,2022,27.46
Rangareddy,Community Assets,plain,2022,15.94
Rangareddy,Community Assets,plain,2016,12.36
Rangareddy,Community Assets,plain,2015,9.5
Rangareddy,Community Assets,plain,2019,27.96
Rangareddy,Community Assets,plain,2016,8.79
Rangareddy,Community Assets,plain,2018,10.87
Rangareddy,Community Assets,plain,2021,13.79
Rangareddy,Community Assets,plain,2017,14.55
Rangareddy,Community Assets,plain,2024,15.66
Rangareddy,Community Assets,plain,2018,31.16
Rangareddy,Community Assets,plain,2020,16.66
Rangareddy,Community Assets,plain,2019,26.14
Rangareddy,Community Assets,plain,2022,15.7
Rangareddy,Community Assets,plain,2018,10.11
Rangareddy,Community Assets,plain,2015,15.93
Rangareddy,Community Assets,plain,2025,27.13
Rangareddy,Community Assets,plain,2018,10.13
Rangareddy,Community Assets,plain,2017,13.91
Rangareddy,Community Assets,plain,2015,9.32
Rangareddy,Community Assets,plain,2025,13.89
Rangareddy,Community Assets,plain,2023,17.82
Rangareddy,Community Assets,plain,2019,22.81
Rangareddy,Community Assets,plain,2019,21.58
Rangareddy,Community Assets,plain,2021,14.94
Rangareddy,Community Assets,plain,2020,23.04
Rangareddy,Community Assets,plain,2025,22.19
Rangareddy,Community Assets,plain,2022,16.21
Rangareddy,Community Assets,plain,2015,9.8
Rangareddy,Community Assets,plain,2021,18.76
Rangareddy,Community Assets,plain,2017,21.56
Medchal-Malkajgiri,Community Assets,plain,2017,12.9
Medchal-Malkajgiri,Community Assets,plain,2021,11.95
Medchal-Malkajgiri,Community Assets,plain,2017,11.64
Medchal-Malkajgiri,Community Assets,plain,2023,13.73
Medchal-Malkajgiri,Community Assets,plain,2023,18.65
Medchal-Malkajgiri,Community Assets,plain,2022,12.59
Medchal-Malkajgiri,Community Assets,plain,2020,14.45
Medchal-Malkajgiri,Community Assets,plain,2017,13.67
Medchal-Malkajgiri,Community Assets,plain,2019,19.85
Medchal-Malkajgiri,Community Assets,plain,2025,31.13
Medchal-Malkajgiri,Community Assets,plain,2023,9.54
Medchal-Malkajgiri,Community Assets,plain,2018,20.1
Medchal-Malkajgiri,Community Assets,plain,2019,16.08
Medchal-Malkajgiri,Community Assets,plain,2015,18.44
Medchal-Malkajgiri,Community Assets,plain,2025,11.77
Medchal-Malkajgiri,Community Assets,plain,2015,15.6
Medchal-Malkajgiri,Community Assets,plain,2021,11.91
Medchal-Malkajgiri,Community Assets,plain,2022,33.02
Medchal-Malkajgiri,Community Assets,plain,2022,12.84
Medchal-Malkajgiri,Community Assets,plain,2017,13.43
Medchal-Malkajgiri,Community Assets,plain,2016,7.9
Medchal-Malkajgiri,Community Assets,plain,2016,15.68
Medchal-Malkajgiri,Community Assets,plain,2015,11.23
Medchal-Malkajgiri,Community Assets,plain,2021,27.64
Medchal-Malkajgiri,Community Assets,plain,2021,10.22
Medchal-Malkajgiri,Community Assets,plain,2017,24.31
Medchal-Malkajgiri,Community Assets,plain,2023,13.23
Medchal-Malkajgiri,Community Assets,plain,2016,15.47
Medchal-Malkajgiri,Community Assets,plain,2018,8.38
Medchal-Malkajgiri,Community Assets,plain,2024,20.98
Medchal-Malkajgiri,Community Assets,plain,2024,21.65
Medchal-Malkajgiri,Community Assets,plain,2022,21.11
Medchal-Malkajgiri,Community Assets,plain,2024,14.62
Medchal-Malkajgiri,Community Assets,plain,2024,14.84
Medchal-Malkajgiri,Community Assets,plain,2022,18.61
Medchal-Malkajgiri,Community Assets,plain,2016,13.24
Medchal-Malkajgiri,Community Assets,plain,2021,11.99
Medchal-Malkajgiri,Community Assets,plain,2022,16.05
Medchal-Malkajgiri,Community Assets,plain,2025,15.37
Medchal-Malkajgiri,Community Assets,plain,2016,15.75
Medchal-Malkajgiri,Community Assets,plain,2025,9.72
Medchal-Malkajgiri,Community Assets,plain,2016,14.13
Medchal-Malkajgiri,Community Assets,plain,2022,16.97
Medchal-Malkajgiri,Community Assets,plain,2021,14.52
Medchal-Malkajgiri,Community Assets,plain,2016,11.83
Medchal-Malkajgiri,Community Assets,plain,2023,14.22
Medchal-Malkajgiri,Community Assets,plain,2017,13.98
Medchal-Malkajgiri,Community Assets,plain,2015,11.0
Medchal-Malkajgiri,Community Assets,plain,2025,20.13
Medchal-Malkajgiri,Community Assets,plain,2025,8.6
Medchal-Malkajgiri,Community Assets,plain,2020,14.32
Medchal-Malkajgiri,Community Assets,plain,2022,13.0
Medchal-Malkajgiri,Community Assets,plain,2018,21.22
Medchal-Malkajgiri,Community Assets,plain,2023,28.79
Medchal-Malkajgiri,Community Assets,plain,2019,17.3
Medchal-Malkajgiri,Community Assets,plain,2020,19.44
Medchal-Malkajgiri,Community Assets,plain,2023,11.66
Medchal-Malkajgiri,Community Assets,plain,2025,15.14
Medchal-Malkajgiri,Community Assets,plain,2016,11.58
Medchal-Malkajgiri,Community Assets,plain,2020,13.27
Medchal-Malkajgiri,Community Assets,plain,2023,14.61
Medchal-Malkajgiri,Community Assets,plain,2024,14.67
Medchal-Malkajgiri,Community Assets,plain,2024,10.18
Medchal-Malkajgiri,Community Assets,plain,2021,11.79
Medchal-Malkajgiri,Community Assets,plain,2015,16.01
Medchal-Malkajgiri,Community Assets,plain,2025,20.28
Medchal-Malkajgiri,Community Assets,plain,2019,23.19
Medchal-Malkajgiri,Community Assets,plain,2020,18.6
Medchal-Malkajgiri,Community Assets,plain,2017,24.99
Medchal-Malkajgiri,Community Assets,plain,2019,11.88
Medchal-Malkajgiri,Community Assets,plain,2021,12.03
Medchal-Malkajgiri,Community Assets,plain,2023,16.28
Medchal-Malkajgiri,Community Assets,plain,2019,13.3
Medchal-Malkajgiri,Community Assets,plain,2024,15.15
Medchal-Malkajgiri,Community Assets,plain,2015,14.54
Medchal-Malkajgiri,Community Assets,plain,2021,15.32
Medchal-Malkajgiri,Community Assets,plain,2024,16.5
Medchal-Malkajgiri,Community Assets,plain,2021,26.07
Medchal-Malkajgiri,Community Assets,plain,2016,27.06
Medchal-Malkajgiri,Community Assets,plain,2021,22.83
Medchal-Malkajgiri,Community Assets,plain,2021,15.71
Medchal-Malkajgiri,Community Assets,plain,2023,15.35
Medchal-Malkajgiri,Community Assets,plain,2025,22.99
Medchal-Malkajgiri,Community Assets,plain,2019,14.93
Medchal-Malkajgiri,Community Assets,plain,2017,19.89
Medchal-Malkajgiri,Community Assets,plain,2017,6.54
Medchal-Malkajgiri,Community Assets,plain,2024,12.76
Medchal-Malkajgiri,Community Assets,plain,2024,13.61
Medchal-Malkajgiri,Community Assets,plain,2017,10.6
Medchal-Malkajgiri,Community Assets,plain,2015,13.44
Medchal-Malkajgiri,Community Assets,plain,2025,16.69
Medchal-Malkajgiri,Community Assets,plain,2015,13.93
Medchal-Malkajgiri,Community Assets,plain,2023,10.62
Medchal-Malkajgiri,Community Assets,plain,2023,9.48
Medchal-Malkajgiri,Community Assets,plain,2016,10.71
Medchal-Malkajgiri,Community Assets,plain,2018,15.07
Medchal-Malkajgiri,Community Assets,plain,2016,12.35
Medchal-Malkajgiri,Community Assets,plain,2023,21.58
Medchal-Malkajgiri,Community Assets,plain,2021,15.47
Medchal-Malkajgiri,Community Assets,plain,2025,13.66
Medchal-Malkajgiri,Community Assets,plain,2024,12.01
Medchal-Malkajgiri,Community Assets,plain,2017,11.94
Medchal-Malkajgiri,Community Assets,plain,2018,13.88
Medchal-Malkajgiri,Community Assets,plain,2022,12.91
Medchal-Malkajgiri,Community Assets,plain,2017,17.66
Medchal-Malkajgiri,Community Assets,plain,2021,11.63
Medchal-Malkajgiri,Community Assets,plain,2021,24.18
Medchal-Malkajgiri,Community Assets,plain,2020,13.41
Medchal-Malkajgiri,Community Assets,plain,2019,16.99
Medchal-Malkajgiri,Community Assets,plain,2015,10.8
Medchal-Malkajgiri,Community Assets,plain,2024,21.12
Medchal-Malkajgiri,Community Assets,plain,2024,13.57
Medchal-Malkajgiri,Community Assets,plain,2022,14.07
Medchal-Malkajgiri,Community Assets,plain,2020,23.4
Medchal-Malkajgiri,Community Assets,plain,2025,15.34
Medchal-Malkajgiri,Community Assets,plain,2021,13.22
Medchal-Malkajgiri,Community Assets,plain,2019,13.23
Medchal-Malkajgiri,Community Assets,plain,2022,17.2
Medchal-Malkajgiri,Community Assets,plain,2015,13.06
Medchal-Malkajgiri,Community Assets,plain,2019,18.6
Sangareddy,Community Assets,plain,2022,13.39
Sangareddy,Community Assets,plain,2020,14.68
Sangareddy,Community Assets,plain,2021,12.68
Sangareddy,Community Assets,plain,2017,18.62
Sangareddy,Community Assets,plain,2017,9.67
Sangareddy,Community Assets,plain,2015,9.53
Sangareddy,Community Assets,plain,2017,11.09
Sangareddy,Community Assets,plain,2017,13.44
Sangareddy,Community Assets,plain,2017,11.65
Sangareddy,Community Assets,plain,2020,16.26
Sangareddy,Community Assets,plain,2024,23.51
Sangareddy,Community Assets,plain,2022,16.57
Sangareddy,Community Assets,plain,2021,8.38
Sangareddy,Community Assets,plain,2024,12.94
Sangareddy,Community Assets,plain,2023,18.81
Sangareddy,Community Assets,plain,2025,12.37
Sangareddy,Community Assets,plain,2024,17.09
Sangareddy,Community Assets,plain,2017,16.45
Sangareddy,Community Assets,plain,2021,18.27
Sangareddy,Community Assets,plain,2018,18.42
Sangareddy,Community Assets,plain,2020,20.95
Sangareddy,Community Assets,plain,2020,9.47
Sangareddy,Community Assets,plain,2017,11.95
Sangareddy,Community Assets,plain,2019,13.14
Sangareddy,Community Assets,plain,2016,25.26
Sangareddy,Community Assets,plain,2023,10.22
Sangareddy,Community Assets,plain,2019,24.68
Sangareddy,Community Assets,plain,2017,20.13
Sangareddy,Community Assets,plain,2018,19.24
Sangareddy,Community Assets,plain,2020,15.62
Sangareddy,Community Assets,plain,2018,11.38
Sangareddy,Community Assets,plain,2018,17.21
Sangareddy,Community Assets,plain,2018,15.67
Sangareddy,Community Assets,plain,2020,24.19
Sangareddy,Community Assets,plain,2020,21.57
Sangareddy,Community Assets,plain,2024,15.27
Sangareddy,Community Assets,plain,2024,14.6
Sangareddy,Community Assets,plain,2022,17.25
Sangareddy,Community Assets,plain,2023,11.14
Sangareddy,Community Assets,plain,2021,22.64
Sangareddy,Community Assets,plain,2016,11.92
Sangareddy,Community Assets,plain,2022,19.63
Sangareddy,Community Assets,plain,2017,21.11
Sangareddy,Community Assets,plain,2016,14.21
Sangareddy,Community Assets,plain,2015,11.44
Sangareddy,Community Assets,plain,2019,13.09
Sangareddy,Community Assets,plain,2018,12.22
Sangareddy,Community Assets,plain,2022,20.84
Sangareddy,Community Assets,plain,2020,13.97
Sangareddy,Community Assets,plain,2020,13.23
Sangareddy,Community Assets,plain,2025,13.93
Sangareddy,Community Assets,plain,2020,16.4
Sangareddy,Community Assets,plain,2020,24.37
Sangareddy,Community Assets,plain,2023,12.3
Sangareddy,Community Assets,plain,2016,14.5
Sangareddy,Community Assets,plain,2019,15.05
Sangareddy,Community Assets,plain,2022,15.76
Sangareddy,Community Assets,plain,2018,11.49
Sangareddy,Community Assets,plain,2016,12.33
Sangareddy,Community Assets,plain,2021,8.91
Sangareddy,Community Assets,plain,2021,16.26
Sangareddy,Community Assets,plain,2020,16.95
Sangareddy,Community Assets,plain,2016,10.55
Sangareddy,Community Assets,plain,2021,23.37
Sangareddy,Community Assets,plain,2016,16.75
Sangareddy,Community Assets,plain,2020,22.6
Sangareddy,Community Assets,plain,2020,11.44
Sangareddy,Community Assets,plain,2019,17.49
Sangareddy,Community Assets,plain,2020,12.76
Sangareddy,Community Assets,plain,2021,18.81
Sangareddy,Community Assets,plain,2018,13.82
Sangareddy,Community Assets,plain,2016,10.1
Sangareddy,Community Assets,plain,2024,15.54
Sangareddy,Community Assets,plain,2015,18.76
Sangareddy,Community Assets,plain,2021,13.48
Sangareddy,Community Assets,plain,2021,17.28
Sangareddy,Community Assets,plain,2019,13.14
Sangareddy,Community Assets,plain,2022,20.79
Sangareddy,Community Assets,plain,2017,18.69
Sangareddy,Community Assets,plain,2025,14.16
Sangareddy,Community Assets,plain,2018,15.98
Sangareddy,Community Assets,plain,2016,14.54
Sangareddy,Community Assets,plain,2017,13.55
Sangareddy,Community Assets,plain,2016,15.41
Sangareddy,Community Assets,plain,2021,16.2
Sangareddy,Community Assets,plain,2024,13.63
Sangareddy,Community Assets,plain,2017,10.53
Sangareddy,Community Assets,plain,2024,17.88
Sangareddy,Community Assets,plain,2020,17.58
Sangareddy,Community Assets,plain,2020,14.08
Sangareddy,Community Assets,plain,2022,14.44
Sangareddy,Community Assets,plain,2017,8.7
Sangareddy,Community Assets,plain,2019,14.6
Sangareddy,Community Assets,plain,2019,9.78
Sangareddy,Community Assets,plain,2025,12.6
Sangareddy,Community Assets,plain,2025,13.76
Sangareddy,Community Assets,plain,2019,11.74
Sangareddy,Community Assets,plain,2019,16.58
Sangareddy,Community Assets,plain,2021,19.52
Sangareddy,Community Assets,plain,2024,12.04
Sangareddy,Community Assets,plain,2025,12.77
Sangareddy,Community Assets,plain,2018,14.1
Sangareddy,Community Assets,plain,2018,22.85
Sangareddy,Community Assets,plain,2019,16.11
Sangareddy,Community Assets,plain,2019,12.19
Sangareddy,Community Assets,plain,2016,16.67
Sangareddy,Community Assets,plain,2025,15.6
Sangareddy,Community Assets,plain,2015,14.67
Sangareddy,Community Assets,plain,2016,10.01
Sangareddy,Community Assets,plain,2019,12.16
Sangareddy,Community Assets,plain,2024,18.36
Sangareddy,Community Assets,plain,2021,11.04
Sangareddy,Community Assets,plain,2019,15.52
Sangareddy,Community Assets,plain,2020,8.39
Sangareddy,Community Assets,plain,2018,11.12
Sangareddy,Community Assets,plain,2019,11.17
Sangareddy,Community Assets,plain,2021,15.49
Sangareddy,Community Assets,plain,2015,14.54
Sangareddy,Community Assets,plain,2015,19.35
Sangareddy,Community Assets,plain,2023,11.57
Mahbubnagar,Community Assets,plain,2025,5.99
Mahbubnagar,Community Assets,plain,2017,12.45
Mahbubnagar,Community Assets,plain,2020,19.34
Mahbubnagar,Community Assets,plain,2025,17.55
Mahbubnagar,Community Assets,plain,2022,29.0
Mahbubnagar,Community Assets,plain,2021,11.82
Mahbubnagar,Community Assets,plain,2019,18.32
Mahbubnagar,Community Assets,plain,2024,15.66
Mahbubnagar,Community Assets,plain,2020,21.01
Mahbubnagar,Community Assets,plain,2023,11.53
Mahbubnagar,Community Assets,plain,2017,17.81
Mahbubnagar,Community Assets,plain,2024,15.96
Mahbubnagar,Community Assets,plain,2020,13.35
Mahbubnagar,Community Assets,plain,2016,12.21
Mahbubnagar,Community Assets,plain,2020,16.66
Mahbubnagar,Community Assets,plain,2016,13.05
Mahbubnagar,Community Assets,plain,2021,9.78
Mahbubnagar,Community Assets,plain,2023,8.11
Mahbubnagar,Community Assets,plain,2025,19.89
Mahbubnagar,Community Assets,plain,2018,10.95
Mahbubnagar,Community Assets,plain,2025,9.67
Mahbubnagar,Community Assets,plain,2017,13.23
Mahbubnagar,Community Assets,plain,2022,10.89
Mahbubnagar,Community Assets,plain,2018,10.65
Mahbubnagar,Community Assets,plain,2022,14.41
Mahbubnagar,Community Assets,plain,2025,12.31
Mahbubnagar,Community Assets,plain,2015,9.51
Mahbubnagar,Community Assets,plain,2019,16.54
Mahbubnagar,Community Assets,plain,2025,13.32
Mahbubnagar,Community Assets,plain,2016,13.81
Mahbubnagar,Community Assets,plain,2023,12.12
Mahbubnagar,Community Assets,plain,2021,18.1
Mahbubnagar,Community Assets,plain,2017,9.89
Mahbubnagar,Community Assets,plain,2022,4.28
Mahbubnagar,Community Assets,plain,2021,13.73
Mahbubnagar,Community Assets,plain,2015,11.66
Mahbubnagar,Community Assets,plain,2020,15.59
Mahbubnagar,Community Assets,plain,2018,12.16
Mahbubnagar,Community Assets,plain,2017,9.17
Mahbubnagar,Community Assets,plain,2022,20.04
Mahbubnagar,Community Assets,plain,2022,8.58
Mahbubnagar,Community Assets,plain,2015,17.56
Mahbubnagar,Community Assets,plain,2025,13.27
Mahbubnagar,Community Assets,plain,2016,10.92
Mahbubnagar,Community Assets,plain,2024,9.94
Mahbubnagar,Community Assets,plain,2017,21.84
Mahbubnagar,Community Assets,plain,2025,14.95
Mahbubnagar,Community Assets,plain,2024,18.43
Mahbubnagar,Community Assets,plain,2015,15.52
Mahbubnagar,Community Assets,plain,2017,8.88
Mahbubnagar,Community Assets,plain,2021,13.31
Mahbubnagar,Community Assets,plain,2018,23.81
Mahbubnagar,Community Assets,plain,2024,13.2
Mahbubnagar,Community Assets,plain,2016,11.18
Mahbubnagar,Community Assets,plain,2017,14.11
Mahbubnagar,Community Assets,plain,2018,19.72
Mahbubnagar,Community Assets,plain,2019,10.96
Mahbubnagar,Community Assets,plain,2021,7.4
Mahbubnagar,Community Assets,plain,2022,17.24
Mahbubnagar,Community Assets,plain,2025,22.91
Mahbubnagar,Community Assets,plain,2023,9.45
Mahbubnagar,Community Assets,plain,2017,18.72
Mahbubnagar,Community Assets,plain,2015,10.82
Mahbubnagar,Community Assets,plain,2022,10.73
Mahbubnagar,Community Assets,plain,2025,11.49
Mahbubnagar,Community Assets,plain,2018,10.26
Mahbubnagar,Community Assets,plain,2015,14.06
Mahbubnagar,Community Assets,plain,2015,10.22
Mahbubnagar,Community Assets,plain,2024,12.69
Mahbubnagar,Community Assets,plain,2022,18.44
Mahbubnagar,Community Assets,plain,2024,16.79
Mahbubnagar,Community Assets,plain,2019,15.63
Mahbubnagar,Community Assets,plain,2019,11.73
Mahbubnagar,Community Assets,plain,2022,17.35
Mahbubnagar,Community Assets,plain,2016,11.9
Mahbubnagar,Community Assets,plain,2015,18.71
Mahbubnagar,Community Assets,plain,2024,23.15
Mahbubnagar,Community Assets,plain,2025,13.85
Mahbubnagar,Community Assets,plain,2025,12.45
Mahbubnagar,Community Assets,plain,2024,11.74
Mahbubnagar,Community Assets,plain,2018,10.37
Mahbubnagar,Community Assets,plain,2016,9.21
Mahbubnagar,Community Assets,plain,2018,9.76
Mahbubnagar,Community Assets,plain,2018,13.91
Mahbubnagar,Community Assets,plain,2024,14.0
Mahbubnagar,Community Assets,plain,2020,18.49
Mahbubnagar,Community Assets,plain,2018,8.38
Mahbubnagar,Community Assets,plain,2016,11.35
Mahbubnagar,Community Assets,plain,2024,23.02
Mahbubnagar,Community Assets,plain,2022,17.97
Mahbubnagar,Community Assets,plain,2017,10.96
Mahbubnagar,Community Assets,plain,2016,15.32
Mahbubnagar,Community Assets,plain,2024,11.68
Mahbubnagar,Community Assets,plain,2023,13.56
Mahbubnagar,Community Assets,plain,2023,15.7
Mahbubnagar,Community Assets,plain,2019,12.45
Mahbubnagar,Community Assets,plain,2019,12.63
Mahbubnagar,Community Assets,plain,2022,10.36
Mahbubnagar,Community Assets,plain,2024,12.0
Mahbubnagar,Community Assets,plain,2022,8.37
Mahbubnagar,Community Assets,plain,2024,21.11
Mahbubnagar,Community Assets,plain,2024,8.99
Mahbubnagar,Community Assets,plain,2019,7.88
Mahbubnagar,Community Assets,plain,2021,22.91
Mahbubnagar,Community Assets,plain,2024,16.55
Mahbubnagar,Community Assets,plain,2020,21.01
Mahbubnagar,Community Assets,plain,2016,12.97
Mahbubnagar,Community Assets,plain,2025,13.49
Mahbubnagar,Community Assets,plain,2017,8.42
Mahbubnagar,Community Assets,plain,2016,9.37
Mahbubnagar,Community Assets,plain,2022,12.22
Mahbubnagar,Community Assets,plain,2016,12.68
Mahbubnagar,Community Assets,plain,2019,10.49
Mahbubnagar,Community Assets,plain,2025,11.12
Mahbubnagar,Community Assets,plain,2019,13.55
Mahbubnagar,Community Assets,plain,2023,17.19
Mahbubnagar,Community Assets,plain,2023,20.21
Mahbubnagar,Community Assets,plain,2015,17.54
Mahbubnagar,Community Assets,plain,2025,16.39
Mahbubnagar,Community Assets,plain,2017,10.5
Hyderabad,Drinking Water,plain,2025,11.19
Hyderabad,Drinking Water,plain,2020,17.82
Hyderabad,Drinking Water,plain,2024,15.82
Hyderabad,Drinking Water,plain,2017,12.41
Hyderabad,Drinking Water,plain,2024,13.14
Hyderabad,Drinking Water,plain,2018,11.68
Hyderabad,Drinking Water,plain,2017,8.41
Hyderabad,Drinking Water,plain,2023,13.23
Hyderabad,Drinking Water,plain,2016,14.31
Hyderabad,Drinking Water,plain,2021,15.11
Hyderabad,Drinking Water,plain,2018,11.13
Hyderabad,Drinking Water,plain,2021,16.08
Hyderabad,Drinking Water,plain,2017,11.46
Hyderabad,Drinking Water,plain,2023,13.61
Hyderabad,Drinking Water,plain,2022,9.77
Hyderabad,Drinking Water,plain,2017,8.46
Hyderabad,Drinking Water,plain,2023,7.6
Hyderabad,Drinking Water,plain,2017,7.49
Hyderabad,Drinking Water,plain,2015,18.5
Hyderabad,Drinking Water,plain,2024,10.16
Hyderabad,Drinking Water,plain,2022,22.13
Hyderabad,Drinking Water,plain,2016,16.04
Hyderabad,Drinking Water,plain,2021,14.61
Hyderabad,Drinking Water,plain,2018,11.93
Hyderabad,Drinking Water,plain,2021,9.91
Hyderabad,Drinking Water,plain,2017,8.84
Hyderabad,Drinking Water,plain,2016,9.64
Hyderabad,Drinking Water,plain,2025,12.54
Hyderabad,Drinking Water,plain,2023,7.88
Hyderabad,Drinking Water,plain,2015,9.18
Hyderabad,Drinking Water,plain,2021,8.61
Hyderabad,Drinking Water,plain,2017,11.69
Hyderabad,Drinking Water,plain,2015,9.28
Hyderabad,Drinking Water,plain,2022,10.45
Hyderabad,Drinking Water,plain,2024,10.96
Hyderabad,Drinking Water,plain,2016,9.84
Hyderabad,Drinking Water,plain,2015,14.26
Hyderabad,Drinking Water,plain,2015,10.82
Hyderabad,Drinking Water,plain,2021,8.04
Hyderabad,Drinking Water,plain,2020,11.49
Hyderabad,Drinking Water,plain,2025,10.47
Hyderabad,Drinking Water,plain,2025,14.57
Hyderabad,Drinking Water,plain,2020,8.75
Hyderabad,Drinking Water,plain,2016,18.44
Hyderabad,Drinking Water,plain,2018,16.27
Hyderabad,Drinking Water,plain,2022,11.71
Hyderabad,Drinking Water,plain,2017,9.18
Hyderabad,Drinking Water,plain,2017,14.75
Hyderabad,Drinking Water,plain,2024,15.28
Hyderabad,Drinking Water,plain,2015,10.14
Hyderabad,Drinking Water,plain,2025,11.83
Hyderabad,Drinking Water,plain,2019,14.65
Hyderabad,Drinking Water,plain,2019,10.13
Hyderabad,Drinking Water,plain,2019,17.79
Hyderabad,Drinking Water,plain,2017,9.51
Hyderabad,Drinking Water,plain,2024,19.31
Hyderabad,Drinking Water,plain,2017,13.99
Hyderabad,Drinking Water,plain,2024,10.68
Hyderabad,Drinking Water,plain,2020,9.13
Hyderabad,Drinking Water,plain,2015,8.77
Hyderabad,Drinking Water,plain,2022,14.87
Hyderabad,Drinking Water,plain,2018,15.13
Hyderabad,Drinking Water,plain,2018,10.36
Hyderabad,Drinking Water,plain,2023,12.58
Hyderabad,Drinking Water,plain,2022,9.59
Hyderabad,Drinking Water,plain,2019,9.35
Hyderabad,Drinking Water,plain,2015,10.28
Hyderabad,Drinking Water,plain,2019,10.7
Hyderabad,Drinking Water,plain,2018,8.49
Hyderabad,Drinking Water,plain,2023,11.4
Hyderabad,Drinking Water,plain,2025,10.03
Hyderabad,Drinking Water,plain,2018,13.92
Hyderabad,Drinking Water,plain,2022,15.03
Hyderabad,Drinking Water,plain,2022,11.51
Hyderabad,Drinking Water,plain,2023,11.5
Hyderabad,Drinking Water,plain,2023,13.51
Hyderabad,Drinking Water,plain,2019,16.94
Hyderabad,Drinking Water,plain,2015,7.5
Hyderabad,Drinking Water,plain,2025,12.06
Hyderabad,Drinking Water,plain,2022,5.9
Hyderabad,Drinking Water,plain,2023,10.5
Hyderabad,Drinking Water,plain,2024,13.32
Hyderabad,Drinking Water,plain,2017,8.49
Hyderabad,Drinking Water,plain,2024,10.15
Hyderabad,Drinking Water,plain,2023,8.8
Hyderabad,Drinking Water,plain,2023,16.5
Hyderabad,Drinking Water,plain,2025,8.6
Hyderabad,Drinking Water,plain,2023,9.7
Hyderabad,Drinking Water,plain,2021,9.36
Hyderabad,Drinking Water,plain,2018,10.56
Hyderabad,Drinking Water,plain,2022,12.51
Hyderabad,Drinking Water,plain,2017,7.67
Hyderabad,Drinking Water,plain,2015,12.02
Hyderabad,Drinking Water,plain,2017,19.43
Hyderabad,Drinking Water,plain,2016,13.21
Hyderabad,Drinking Water,plain,2021,12.89
Hyderabad,Drinking Water,plain,2017,14.79
Hyderabad,Drinking Water,plain,2021,9.58
Hyderabad,Drinking Water,plain,2025,10.67
Hyderabad,Drinking Water,plain,2023,5.4
Hyderabad,Drinking Water,plain,2022,14.53
Hyderabad,Drinking Water,plain,2016,7.18
Hyderabad,Drinking Water,plain,2021,8.85
Hyderabad,Drinking Water,plain,2021,11.87
Hyderabad,Drinking Water,plain,2022,15.18
Hyderabad,Drinking Water,plain,2015,11.65
Hyderabad,Drinking Water,plain,2022,6.72
Hyderabad,Drinking Water,plain,2019,12.11
Hyderabad,Drinking Water,plain,2024,21.2
Hyderabad,Drinking Water,plain,2024,13.56
Hyderabad,Drinking Water,plain,2024,14.14
Hyderabad,Drinking Water,plain,2016,10.39
Hyderabad,Drinking Water,plain,2019,13.06
Hyderabad,Drinking Water,plain,2018,14.6
Hyderabad,Drinking Water,plain,2015,8.52
Hyderabad,Drinking Water,plain,2022,8.04
Hyderabad,Drinking Water,plain,2022,11.76
Hyderabad,Drinking Water,plain,2015,11.96
Hyderabad,Drinking Water,plain,2020,12.81
Hyderabad,Drinking Water,plain,2016,11.0
Rangareddy,Drinking Water,plain,2018,13.53
Rangareddy,Drinking Water,plain,2025,13.55
Rangareddy,Drinking Water,plain,2020,9.11
Rangareddy,Drinking Water,plain,2023,13.95
Rangareddy,Drinking Water,plain,2022,10.46
Rangareddy,Drinking Water,plain,2020,19.44
Rangareddy,Drinking Water,plain,2023,12.22
Rangareddy,Drinking Water,plain,2019,8.92
Rangareddy,Drinking Water,plain,2018,11.02
Rangareddy,Drinking Water,plain,2019,15.61
Rangareddy,Drinking Water,plain,2017,10.36
Rangareddy,Drinking Water,plain,2019,15.5
Rangareddy,Drinking Water,plain,2023,8.97
Rangareddy,Drinking Water,plain,2017,12.59
Rangareddy,Drinking Water,plain,2020,16.68
Rangareddy,Drinking Water,plain,2022,14.22
Rangareddy,Drinking Water,plain,2018,8.08
Rangareddy,Drinking Water,plain,2015,5.9
Rangareddy,Drinking Water,plain,2017,10.05
Rangareddy,Drinking Water,plain,2015,12.32
Rangareddy,Drinking Water,plain,2022,6.47
Rangareddy,Drinking Water,plain,2019,5.67
Rangareddy,Drinking Water,plain,2015,15.61
Rangareddy,Drinking Water,plain,2019,14.01
Rangareddy,Drinking Water,plain,2020,9.34
Rangareddy,Drinking Water,plain,2021,10.52
Rangareddy,Drinking Water,plain,2025,14.46
Rangareddy,Drinking Water,plain,2024,13.02
Rangareddy,Drinking Water,plain,2019,10.09
Rangareddy,Drinking Water,plain,2017,9.58
Rangareddy,Drinking Water,plain,2024,11.06
Rangareddy,Drinking Water,plain,2025,14.84
Rangareddy,Drinking Water,plain,2016,8.98
Rangareddy,Drinking Water,plain,2024,8.71
Rangareddy,Drinking Water,plain,2025,8.61
Rangareddy,Drinking Water,plain,2023,20.32
Rangareddy,Drinking Water,plain,2017,11.45
Rangareddy,Drinking Water,plain,2020,5.36
Rangareddy,Drinking Water,plain,2018,9.76
Rangareddy,Drinking Water,plain,2024,15.08
Rangareddy,Drinking Water,plain,2021,11.97
Rangareddy,Drinking Water,plain,2017,9.17
Rangareddy,Drinking Water,plain,2024,12.22
Rangareddy,Drinking Water,plain,2023,9.66
Rangareddy,Drinking Water,plain,2020,9.48
Rangareddy,Drinking Water,plain,2021,15.27
Rangareddy,Drinking Water,plain,2024,12.72
Rangareddy,Drinking Water,plain,2023,10.83
Rangareddy,Drinking Water,plain,2022,9.85
Rangareddy,Drinking Water,plain,2022,7.96
Rangareddy,Drinking Water,plain,2016,13.43
Rangareddy,Drinking Water,plain,2025,7.28
Rangareddy,Drinking Water,plain,2022,19.23
Rangareddy,Drinking Water,plain,2024,9.02
Rangareddy,Drinking Water,plain,2022,10.25
Rangareddy,Drinking Water,plain,2016,11.97
Rangareddy,Drinking Water,plain,2022,10.22
Rangareddy,Drinking Water,plain,2018,12.43
Rangareddy,Drinking Water,plain,2024,16.26
Rangareddy,Drinking Water,plain,2022,8.06
Rangareddy,Drinking Water,plain,2015,10.76
Rangareddy,Drinking Water,plain,2024,8.56
Rangareddy,Drinking Water,plain,2023,15.56
Rangareddy,Drinking Water,plain,2023,12.87
Rangareddy,Drinking Water,plain,2025,11.33
Rangareddy,Drinking Water,plain,2015,9.15
Rangareddy,Drinking Water,plain,2017,8.94
Rangareddy,Drinking Water,plain,2018,5.67
Rangareddy,Drinking Water,plain,2025,6.68
Rangareddy,Drinking Water,plain,2018,8.2
Rangareddy,Drinking Water,plain,2024,10.45
Rangareddy,Drinking Water,plain,2018,11.16
Rangareddy,Drinking Water,plain,2021,9.56
Rangareddy,Drinking Water,plain,2015,11.16
Rangareddy,Drinking Water,plain,2023,8.98
Rangareddy,Drinking Water,plain,2019,11.74
Rangareddy,Drinking Water,plain,2022,12.6
Rangareddy,Drinking Water,plain,2015,13.94
Rangareddy,Drinking Water,plain,2023,6.28
Rangareddy,Drinking Water,plain,2020,14.0
Rangareddy,Drinking Water,plain,2025,12.32
Rangareddy,Drinking Water,plain,2015,9.04
Rangareddy,Drinking Water,plain,2018,10.53
Rangareddy,Drinking Water,plain,2025,10.3
Rangareddy,Drinking Water,plain,2015,8.81
Rangareddy,Drinking Water,plain,2017,6.31
Rangareddy,Drinking Water,plain,2025,12.1
Rangareddy,Drinking Water,plain,2024,17.37
Rangareddy,Drinking Water,plain,2025,16.22
Rangareddy,Drinking Water,plain,2018,9.11
Rangareddy,Drinking Water,plain,2023,8.22
Rangareddy,Drinking Water,plain,2023,20.49
Rangareddy,Drinking Water,plain,2019,10.22
Rangareddy,Drinking Water,plain,2018,7.12
Rangareddy,Drinking Water,plain,2023,13.54
Rangareddy,Drinking Water,plain,2023,5.14
Rangareddy,Drinking Water,plain,2017,9.84
Rangareddy,Drinking Water,plain,2018,9.94
Rangareddy,Drinking Water,plain,2017,10.93
Rangareddy,Drinking Water,plain,2022,8.55
Rangareddy,Drinking Water,plain,2019,11.05
Rangareddy,Drinking Water,plain,2015,7.47
Rangareddy,Drinking Water,plain,2019,7.71
Rangareddy,Drinking Water,plain,2022,8.08
Rangareddy,Drinking Water,plain,2018,13.92
Rangareddy,Drinking Water,plain,2015,11.34
Rangareddy,Drinking Water,plain,2024,9.83
Rangareddy,Drinking Water,plain,2020,26.38
Rangareddy,Drinking Water,plain,2023,14.75
Rangareddy,Drinking Water,plain,2017,10.04
Rangareddy,Drinking Water,plain,2025,10.83
Rangareddy,Drinking Water,plain,2021,17.32
Rangareddy,Drinking Water,plain,2021,7.54
Rangareddy,Drinking Water,plain,2020,7.98
Rangareddy,Drinking Water,plain,2020,14.78
Rangareddy,Drinking Water,plain,2017,10.06
Rangareddy,Drinking Water,plain,2015,17.32
Rangareddy,Drinking Water,plain,2025,9.32
Rangareddy,Drinking Water,plain,2019,6.78
Rangareddy,Drinking Water,plain,2020,8.4
Medchal-Malkajgiri,Drinking Water,plain,2024,13.72
Medchal-Malkajgiri,Drinking Water,plain,2020,10.51
Medchal-Malkajgiri,Drinking Water,plain,2017,10.2
Medchal-Malkajgiri,Drinking Water,plain,2024,9.89
Medchal-Malkajgiri,Drinking Water,plain,2024,12.79
Medchal-Malkajgiri,Drinking Water,plain,2017,17.52
Medchal-Malkajgiri,Drinking Water,plain,2023,12.23
Medchal-Malkajgiri,Drinking Water,plain,2016,18.01
Medchal-Malkajgiri,Drinking Water,plain,2016,10.58
Medchal-Malkajgiri,Drinking Water,plain,2022,9.25
Medchal-Malkajgiri,Drinking Water,plain,2024,6.8
Medchal-Malkajgiri,Drinking Water,plain,2022,12.13
Medchal-Malkajgiri,Drinking Water,plain,2020,9.68
Medchal-Malkajgiri,Drinking Water,plain,2022,8.04
Medchal-Malkajgiri,Drinking Water,plain,2017,13.42
Medchal-Malkajgiri,Drinking Water,plain,2021,7.59
Medchal-Malkajgiri,Drinking Water,plain,2025,9.34
Medchal-Malkajgiri,Drinking Water,plain,2025,10.42
Medchal-Malkajgiri,Drinking Water,plain,2023,10.42
Medchal-Malkajgiri,Drinking Water,plain,2025,6.2
Medchal-Malkajgiri,Drinking Water,plain,2020,5.99
Medchal-Malkajgiri,Drinking Water,plain,2022,12.88
Medchal-Malkajgiri,Drinking Water,plain,2017,13.91
Medchal-Malkajgiri,Drinking Water,plain,2017,7.34
Medchal-Malkajgiri,Drinking Water,plain,2017,11.56
Medchal-Malkajgiri,Drinking Water,plain,2018,9.93
Medchal-Malkajgiri,Drinking Water,plain,2019,13.9
Medchal-Malkajgiri,Drinking Water,plain,2025,6.35
Medchal-Malkajgiri,Drinking Water,plain,2024,9.7
Medchal-Malkajgiri,Drinking Water,plain,2025,9.36
Medchal-Malkajgiri,Drinking Water,plain,2017,11.09
Medchal-Malkajgiri,Drinking Water,plain,2024,14.29
Medchal-Malkajgiri,Drinking Water,plain,2016,10.5
Medchal-Malkajgiri,Drinking Water,plain,2017,13.26
Medchal-Malkajgiri,Drinking Water,plain,2021,8.02
Medchal-Malkajgiri,Drinking Water,plain,2025,10.41
Medchal-Malkajgiri,Drinking Water,plain,2018,11.45
Medchal-Malkajgiri,Drinking Water,plain,2019,18.45
Medchal-Malkajgiri,Drinking Water,plain,2019,9.55
Medchal-Malkajgiri,Drinking Water,plain,2019,16.09
Medchal-Malkajgiri,Drinking Water,plain,2017,10.01
Medchal-Malkajgiri,Drinking Water,plain,2021,8.21
Medchal-Malkajgiri,Drinking Water,plain,2022,8.57
Medchal-Malkajgiri,Drinking Water,plain,2023,8.08
Medchal-Malkajgiri,Drinking Water,plain,2015,10.41
Medchal-Malkajgiri,Drinking Water,plain,2021,7.28
Medchal-Malkajgiri,Drinking Water,plain,2018,14.37
Medchal-Malkajgiri,Drinking Water,plain,2018,15.94
Medchal-Malkajgiri,Drinking Water,plain,2022,11.54
Medchal-Malkajgiri,Drinking Water,plain,2019,13.04
Medchal-Malkajgiri,Drinking Water,plain,2018,14.1
Medchal-Malkajgiri,Drinking Water,plain,2022,9.91
Medchal-Malkajgiri,Drinking Water,plain,2021,13.4
Medchal-Malkajgiri,Drinking Water,plain,2020,15.06
Medchal-Malkajgiri,Drinking Water,plain,2021,9.26
Medchal-Malkajgiri,Drinking Water,plain,2015,7.13
Medchal-Malkajgiri,Drinking Water,plain,2025,10.18
Medchal-Malkajgiri,Drinking Water,plain,2025,10.97
Medchal-Malkajgiri,Drinking Water,plain,2023,6.27
Medchal-Malkajgiri,Drinking Water,plain,2016,5.89
Medchal-Malkajgiri,Drinking Water,plain,2023,11.95
Medchal-Malkajgiri,Drinking Water,plain,2021,10.65
Medchal-Malkajgiri,Drinking Water,plain,2022,9.53
Medchal-Malkajgiri,Drinking Water,plain,2019,11.85
Medchal-Malkajgiri,Drinking Water,plain,2020,16.04
Medchal-Malkajgiri,Drinking Water,plain,2016,8.19
Medchal-Malkajgiri,Drinking Water,plain,2019,16.16
Medchal-Malkajgiri,Drinking Water,plain,2020,9.76
Medchal-Malkajgiri,Drinking Water,plain,2019,9.83
Medchal-Malkajgiri,Drinking Water,plain,2017,9.2
Medchal-Malkajgiri,Drinking Water,plain,2021,7.31
Medchal-Malkajgiri,Drinking Water,plain,2019,12.32
Medchal-Malkajgiri,Drinking Water,plain,2023,13.73
Medchal-Malkajgiri,Drinking Water,plain,2015,12.67
Medchal-Malkajgiri,Drinking Water,plain,2018,9.05
Medchal-Malkajgiri,Drinking Water,plain,2024,11.36
Medchal-Malkajgiri,Drinking Water,plain,2016,8.83
Medchal-Malkajgiri,Drinking Water,plain,2024,19.77
Medchal-Malkajgiri,Drinking Water,plain,2015,7.63
Medchal-Malkajgiri,Drinking Water,plain,2018,8.4
Medchal-Malkajgiri,Drinking Water,plain,2018,20.48
Medchal-Malkajgiri,Drinking Water,plain,2015,8.6
Medchal-Malkajgiri,Drinking Water,plain,2024,11.7
Medchal-Malkajgiri,Drinking Water,plain,2020,10.57
Medchal-Malkajgiri,Drinking Water,plain,2022,9.73
Medchal-Malkajgiri,Drinking Water,plain,2025,8.51
Medchal-Malkajgiri,Drinking Water,plain,2016,9.3
Medchal-Malkajgiri,Drinking Water,plain,2017,8.57
Medchal-Malkajgiri,Drinking Water,plain,2019,9.01
Medchal-Malkajgiri,Drinking Water,plain,2023,12.3
Medchal-Malkajgiri,Drinking Water,plain,2021,14.17
Medchal-Malkajgiri,Drinking Water,plain,2016,7.3
Medchal-Malkajgiri,Drinking Water,plain,2020,13.14
Medchal-Malkajgiri,Drinking Water,plain,2022,7.09
Medchal-Malkajgiri,Drinking Water,plain,2018,11.32
Medchal-Malkajgiri,Drinking Water,plain,2017,9.41
Medchal-Malkajgiri,Drinking Water,plain,2023,9.89
Medchal-Malkajgiri,Drinking Water,plain,2023,10.95
Medchal-Malkajgiri,Drinking Water,plain,2023,10.02
Medchal-Malkajgiri,Drinking Water,plain,2022,7.71
Medchal-Malkajgiri,Drinking Water,plain,2021,8.46
Medchal-Malkajgiri,Drinking Water,plain,2022,11.45
Medchal-Malkajgiri,Drinking Water,plain,2024,8.3
Medchal-Malkajgiri,Drinking Water,plain,2020,12.12
Medchal-Malkajgiri,Drinking Water,plain,2017,8.68
Medchal-Malkajgiri,Drinking Water,plain,2015,14.67
Medchal-Malkajgiri,Drinking Water,plain,2017,8.07
Medchal-Malkajgiri,Drinking Water,plain,2017,7.59
Medchal-Malkajgiri,Drinking Water,plain,2019,8.86
Medchal-Malkajgiri,Drinking Water,plain,2023,9.37
Medchal-Malkajgiri,Drinking Water,plain,2021,6.86
Medchal-Malkajgiri,Drinking Water,plain,2015,14.05
Medchal-Malkajgiri,Drinking Water,plain,2021,6.41
Medchal-Malkajgiri,Drinking Water,plain,2016,7.84
Medchal-Malkajgiri,Drinking Water,plain,2025,9.54
Medchal-Malkajgiri,Drinking Water,plain,2018,14.55
Medchal-Malkajgiri,Drinking Water,plain,2023,7.75
Medchal-Malkajgiri,Drinking Water,plain,2015,6.75
Medchal-Malkajgiri,Drinking Water,plain,2025,11.14
Medchal-Malkajgiri,Drinking Water,plain,2021,5.91
Sangareddy,Drinking Water,plain,2024,14.41
Sangareddy,Drinking Water,plain,2021,11.27
Sangareddy,Drinking Water,plain,2017,13.7
Sangareddy,Drinking Water,plain,2019,10.79
Sangareddy,Drinking Water,plain,2022,10.29
Sangareddy,Drinking Water,plain,2018,10.12
Sangareddy,Drinking Water,plain,2022,8.18
Sangareddy,Drinking Water,plain,2023,10.23
Sangareddy,Drinking Water,plain,2019,9.85
Sangareddy,Drinking Water,plain,2025,22.88
Sangareddy,Drinking Water,plain,2022,12.16
Sangareddy,Drinking Water,plain,2019,16.5
Sangareddy,Drinking Water,plain,2024,13.22
Sangareddy,Drinking Water,plain,2024,5.17
Sangareddy,Drinking Water,plain,2018,7.83
Sangareddy,Drinking Water,plain,2018,9.22
Sangareddy,Drinking Water,plain,2020,10.26
Sangareddy,Drinking Water,plain,2025,10.33
Sangareddy,Drinking Water,plain,2018,9.41
Sangareddy,Drinking Water,plain,2022,8.93
Sangareddy,Drinking Water,plain,2024,14.17
Sangareddy,Drinking Water,plain,2021,14.38
Sangareddy,Drinking Water,plain,2018,10.71
Sangareddy,Drinking Water,plain,2016,14.03
Sangareddy,Drinking Water,plain,2019,11.35
Sangareddy,Drinking Water,plain,2021,16.97
Sangareddy,Drinking Water,plain,2019,6.96
Sangareddy,Drinking Water,plain,2017,10.65
Sangareddy,Drinking Water,plain,2021,10.72
Sangareddy,Drinking Water,plain,2020,13.64
Sangareddy,Drinking Water,plain,2015,10.6
Sangareddy,Drinking Water,plain,2024,6.12
Sangareddy,Drinking Water,plain,2024,11.42
Sangareddy,Drinking Water,plain,2023,7.97
Sangareddy,Drinking Water,plain,2020,17.16
Sangareddy,Drinking Water,plain,2019,20.22
Sangareddy,Drinking Water,plain,2023,11.54
Sangareddy,Drinking Water,plain,2018,6.92
Sangareddy,Drinking Water,plain,2023,18.05
Sangareddy,Drinking Water,plain,2025,9.23
Sangareddy,Drinking Water,plain,2016,15.31
Sangareddy,Drinking Water,plain,2025,7.49
Sangareddy,Drinking Water,plain,2017,12.57
Sangareddy,Drinking Water,plain,2020,17.02
Sangareddy,Drinking Water,plain,2024,8.9
Sangareddy,Drinking Water,plain,2022,13.62
Sangareddy,Drinking Water,plain,2020,11.35
Sangareddy,Drinking Water,plain,2022,9.08
Sangareddy,Drinking Water,plain,2025,8.68
Sangareddy,Drinking Water,plain,2015,8.78
Sangareddy,Drinking Water,plain,2021,7.57
Sangareddy,Drinking Water,plain,2018,9.23
Sangareddy,Drinking Water,plain,2019,10.96
Sangareddy,Drinking Water,plain,2024,6.72
Sangareddy,Drinking Water,plain,2020,6.81
Sangareddy,Drinking Water,plain,2019,15.6
Sangareddy,Drinking Water,plain,2016,11.93
Sangareddy,Drinking Water,plain,2015,8.56
Sangareddy,Drinking Water,plain,2015,22.32
Sangareddy,Drinking Water,plain,2020,12.95
Sangareddy,Drinking Water,plain,2023,10.89
Sangareddy,Drinking Water,plain,2021,13.41
Sangareddy,Drinking Water,plain,2020,13.78
Sangareddy,Drinking Water,plain,2016,8.28
Sangareddy,Drinking Water,plain,2022,9.45
Sangareddy,Drinking Water,plain,2021,9.21
Sangareddy,Drinking Water,plain,2022,13.22
Sangareddy,Drinking Water,plain,2020,10.45
Sangareddy,Drinking Water,plain,2020,14.81
Sangareddy,Drinking Water,plain,2016,13.09
Sangareddy,Drinking Water,plain,2024,12.26
Sangareddy,Drinking Water,plain,2025,20.59
Sangareddy,Drinking Water,plain,2019,7.42
Sangareddy,Drinking Water,plain,2018,12.04
Sangareddy,Drinking Water,plain,2015,14.58
Sangareddy,Drinking Water,plain,2016,11.58
Sangareddy,Drinking Water,plain,2017,9.58
Sangareddy,Drinking Water,plain,2016,6.51
Sangareddy,Drinking Water,plain,2015,12.92
Sangareddy,Drinking Water,plain,2015,12.2
Sangareddy,Drinking Water,plain,2017,12.1
Sangareddy,Drinking Water,plain,2016,13.03
Sangareddy,Drinking Water,plain,2020,14.68
Sangareddy,Drinking Water,plain,2022,10.47
Sangareddy,Drinking Water,plain,2023,4.98
Sangareddy,Drinking Water,plain,2025,13.59
Sangareddy,Drinking Water,plain,2024,8.32
Sangareddy,Drinking Water,plain,2015,7.32
Sangareddy,Drinking Water,plain,2020,9.43
Sangareddy,Drinking Water,plain,2025,13.39
Sangareddy,Drinking Water,plain,2021,12.03
Sangareddy,Drinking Water,plain,2021,9.16
Sangareddy,Drinking Water,plain,2024,7.5
Sangareddy,Drinking Water,plain,2022,10.5
Sangareddy,Drinking Water,plain,2020,11.63
Sangareddy,Drinking Water,plain,2018,12.2
Sangareddy,Drinking Water,plain,2021,8.79
Sangareddy,Drinking Water,plain,2022,6.29
Sangareddy,Drinking Water,plain,2025,14.51
Sangareddy,Drinking Water,plain,2023,8.35
Sangareddy,Drinking Water,plain,2015,5.72
Sangareddy,Drinking Water,plain,2023,11.87
Sangareddy,Drinking Water,plain,2015,12.1
Sangareddy,Drinking Water,plain,2020,9.3
Sangareddy,Drinking Water,plain,2023,13.74
Sangareddy,Drinking Water,plain,2025,10.6
Sangareddy,Drinking Water,plain,2020,9.46
Sangareddy,Drinking Water,plain,2017,9.27
Sangareddy,Drinking Water,plain,2021,6.82
Sangareddy,Drinking Water,plain,2021,14.24
Sangareddy,Drinking Water,plain,2025,5.91
Sangareddy,Drinking Water,plain,2021,10.18
Sangareddy,Drinking Water,plain,2016,7.54
Sangareddy,Drinking Water,plain,2022,11.33
Sangareddy,Drinking Water,plain,2017,11.46
Sangareddy,Drinking Water,plain,2022,15.83
Sangareddy,Drinking Water,plain,2020,8.73
Sangareddy,Drinking Water,plain,2019,12.28
Sangareddy,Drinking Water,plain,2015,11.32
Sangareddy,Drinking Water,plain,2020,10.4
Mahbubnagar,Drinking Water,plain,2025,8.12
Mahbubnagar,Drinking Water,plain,2021,21.37
Mahbubnagar,Drinking Water,plain,2017,11.45
Mahbubnagar,Drinking Water,plain,2025,7.42
Mahbubnagar,Drinking Water,plain,2020,7.37
Mahbubnagar,Drinking Water,plain,2018,8.95
Mahbubnagar,Drinking Water,plain,2015,8.57
Mahbubnagar,Drinking Water,plain,2023,12.59
Mahbubnagar,Drinking Water,plain,2017,10.88
Mahbubnagar,Drinking Water,plain,2015,8.61
Mahbubnagar,Drinking Water,plain,2023,17.89
Mahbubnagar,Drinking Water,plain,2022,7.65
Mahbubnagar,Drinking Water,plain,2018,18.89
Mahbubnagar,Drinking Water,plain,2022,10.44
Mahbubnagar,Drinking Water,plain,2021,6.27
Mahbubnagar,Drinking Water,plain,2015,5.14
Mahbubnagar,Drinking Water,plain,2015,10.95
Mahbubnagar,Drinking Water,plain,2016,15.58
Mahbubnagar,Drinking Water,plain,2024,20.79
Mahbubnagar,Drinking Water,plain,2022,14.44
Mahbubnagar,Drinking Water,plain,2018,6.61
Mahbubnagar,Drinking Water,plain,2016,5.32
Mahbubnagar,Drinking Water,plain,2018,11.41
Mahbubnagar,Drinking Water,plain,2023,17.54
Mahbubnagar,Drinking Water,plain,2016,4.41
Mahbubnagar,Drinking Water,plain,2019,10.65
Mahbubnagar,Drinking Water,plain,2024,12.63
Mahbubnagar,Drinking Water,plain,2024,17.86
Mahbubnagar,Drinking Water,plain,2025,8.02
Mahbubnagar,Drinking Water,plain,2022,6.84
Mahbubnagar,Drinking Water,plain,2019,9.94
Mahbubnagar,Drinking Water,plain,2025,10.48
Mahbubnagar,Drinking Water,plain,2015,6.77
Mahbubnagar,Drinking Water,plain,2019,3.89
Mahbubnagar,Drinking Water,plain,2022,7.9
Mahbubnagar,Drinking Water,plain,2016,8.16
Mahbubnagar,Drinking Water,plain,2016,10.71
Mahbubnagar,Drinking Water,plain,2021,5.91
Mahbubnagar,Drinking Water,plain,2025,8.67
Mahbubnagar,Drinking Water,plain,2019,14.79
Mahbubnagar,Drinking Water,plain,2025,10.63
Mahbubnagar,Drinking Water,plain,2018,7.58
Mahbubnagar,Drinking Water,plain,2023,10.13
Mahbubnagar,Drinking Water,plain,2021,9.31
Mahbubnagar,Drinking Water,plain,2019,11.12
Mahbubnagar,Drinking Water,plain,2020,8.35
Mahbubnagar,Drinking Water,plain,2020,9.11
Mahbubnagar,Drinking Water,plain,2018,7.69
Mahbubnagar,Drinking Water,plain,2022,9.54
Mahbubnagar,Drinking Water,plain,2022,10.82
Mahbubnagar,Drinking Water,plain,2025,16.63
Mahbubnagar,Drinking Water,plain,2018,6.29
Mahbubnagar,Drinking Water,plain,2020,12.63
Mahbubnagar,Drinking Water,plain,2021,8.99
Mahbubnagar,Drinking Water,plain,2022,5.57
Mahbubnagar,Drinking Water,plain,2018,15.26
Mahbubnagar,Drinking Water,plain,2020,7.23
Mahbubnagar,Drinking Water,plain,2022,16.65
Mahbubnagar,Drinking Water,plain,2023,9.58
Mahbubnagar,Drinking Water,plain,2025,8.62
Mahbubnagar,Drinking Water,plain,2022,6.31
Mahbubnagar,Drinking Water,plain,2025,12.29
Mahbubnagar,Drinking Water,plain,2022,15.84
Mahbubnagar,Drinking Water,plain,2017,10.14
Mahbubnagar,Drinking Water,plain,2017,6.56
Mahbubnagar,Drinking Water,plain,2020,10.97
Mahbubnagar,Drinking Water,plain,2022,9.57
Mahbubnagar,Drinking Water,plain,2020,10.48
Mahbubnagar,Drinking Water,plain,2019,5.47
Mahbubnagar,Drinking Water,plain,2019,15.57
Mahbubnagar,Drinking Water,plain,2019,10.23
Mahbubnagar,Drinking Water,plain,2018,7.11
Mahbubnagar,Drinking Water,plain,2018,12.79
Mahbubnagar,Drinking Water,plain,2025,11.27
Mahbubnagar,Drinking Water,plain,2018,11.27
Mahbubnagar,Drinking Water,plain,2022,14.93
Mahbubnagar,Drinking Water,plain,2021,12.8
Mahbubnagar,Drinking Water,plain,2017,9.74
Mahbubnagar,Drinking Water,plain,2018,10.47
Mahbubnagar,Drinking Water,plain,2025,9.73
Mahbubnagar,Drinking Water,plain,2022,10.25
Mahbubnagar,Drinking Water,plain,2022,6.96
Mahbubnagar,Drinking Water,plain,2017,10.56
Mahbubnagar,Drinking Water,plain,2016,7.19
Mahbubnagar,Drinking Water,plain,2017,7.85
Mahbubnagar,Drinking Water,plain,2025,10.18
Mahbubnagar,Drinking Water,plain,2024,6.8
Mahbubnagar,Drinking Water,plain,2025,17.69
Mahbubnagar,Drinking Water,plain,2017,9.7
Mahbubnagar,Drinking Water,plain,2025,8.72
Mahbubnagar,Drinking Water,plain,2021,9.56
Mahbubnagar,Drinking Water,plain,2017,12.81
Mahbubnagar,Drinking Water,plain,2021,12.56
Mahbubnagar,Drinking Water,plain,2025,5.88
Mahbubnagar,Drinking Water,plain,2021,7.14
Mahbubnagar,Drinking Water,plain,2024,9.69
Mahbubnagar,Drinking Water,plain,2018,7.67
Mahbubnagar,Drinking Water,plain,2021,12.17
Mahbubnagar,Drinking Water,plain,2017,6.93
Mahbubnagar,Drinking Water,plain,2018,11.89
Mahbubnagar,Drinking Water,plain,2022,6.98
Mahbubnagar,Drinking Water,plain,2020,11.14
Mahbubnagar,Drinking Water,plain,2024,8.94
Mahbubnagar,Drinking Water,plain,2025,11.26
Mahbubnagar,Drinking Water,plain,2015,4.03
Mahbubnagar,Drinking Water,plain,2015,9.53
Mahbubnagar,Drinking Water,plain,2022,5.39
Mahbubnagar,Drinking Water,plain,2024,7.79
Mahbubnagar,Drinking Water,plain,2015,8.97
Mahbubnagar,Drinking Water,plain,2021,9.92
Mahbubnagar,Drinking Water,plain,2019,8.95
Mahbubnagar,Drinking Water,plain,2022,7.31
Mahbubnagar,Drinking Water,plain,2015,11.31
Mahbubnagar,Drinking Water,plain,2022,8.26
Mahbubnagar,Drinking Water,plain,2022,9.69
Mahbubnagar,Drinking Water,plain,2019,6.74
Mahbubnagar,Drinking Water,plain,2017,12.22
Mahbubnagar,Drinking Water,plain,2024,6.95
Mahbubnagar,Drinking Water,plain,2022,8.42
Mahbubnagar,Drinking Water,plain,2018,10.17
Hyderabad,Renewable Energy,plain,2022,19.49
Hyderabad,Renewable Energy,plain,2023,18.37
Hyderabad,Renewable Energy,plain,2022,17.9
Hyderabad,Renewable Energy,plain,2022,12.88
Hyderabad,Renewable Energy,plain,2020,16.73
Hyderabad,Renewable Energy,plain,2025,19.51
Hyderabad,Renewable Energy,plain,2019,23.21
Hyderabad,Renewable Energy,plain,2024,15.88
Hyderabad,Renewable Energy,plain,2020,10.85
Hyderabad,Renewable Energy,plain,2019,13.72
Hyderabad,Renewable Energy,plain,2021,21.02
Hyderabad,Renewable Energy,plain,2020,13.71
Hyderabad,Renewable Energy,plain,2025,11.38
Hyderabad,Renewable Energy,plain,2021,10.95
Hyderabad,Renewable Energy,plain,2023,12.36
Hyderabad,Renewable Energy,plain,2020,16.02
Hyderabad,Renewable Energy,plain,2018,16.52
Hyderabad,Renewable Energy,plain,2019,24.14
Hyderabad,Renewable Energy,plain,2016,17.08
Hyderabad,Renewable Energy,plain,2019,8.38
Hyderabad,Renewable Energy,plain,2024,12.17
Hyderabad,Renewable Energy,plain,2019,17.21
Hyderabad,Renewable Energy,plain,2023,20.89
Hyderabad,Renewable Energy,plain,2017,12.46
Hyderabad,Renewable Energy,plain,2022,12.97
Hyderabad,Renewable Energy,plain,2017,9.52
Hyderabad,Renewable Energy,plain,2025,15.78
Hyderabad,Renewable Energy,plain,2022,22.41
Hyderabad,Renewable Energy,plain,2022,15.52
Hyderabad,Renewable Energy,plain,2016,14.97
Hyderabad,Renewable Energy,plain,2024,15.79
Hyderabad,Renewable Energy,plain,2022,10.86
Hyderabad,Renewable Energy,plain,2019,9.67
Hyderabad,Renewable Energy,plain,2018,10.23
Hyderabad,Renewable Energy,plain,2016,17.5
Hyderabad,Renewable Energy,plain,2022,15.63
Hyderabad,Renewable Energy,plain,2019,22.2
Hyderabad,Renewable Energy,plain,2021,33.02
Hyderabad,Renewable Energy,plain,2025,15.96
Hyderabad,Renewable Energy,plain,2025,18.27
Hyderabad,Renewable Energy,plain,2023,9.86
Hyderabad,Renewable Energy,plain,2021,10.03
Hyderabad,Renewable Energy,plain,2025,19.69
Hyderabad,Renewable Energy,plain,2021,13.35
Hyderabad,Renewable Energy,plain,2021,14.67
Hyderabad,Renewable Energy,plain,2020,22.09
Hyderabad,Renewable Energy,plain,2019,6.54
Hyderabad,Renewable Energy,plain,2016,18.6
Hyderabad,Renewable Energy,plain,2015,14.08
Hyderabad,Renewable Energy,plain,2020,11.02
Hyderabad,Renewable Energy,plain,2017,22.37
Hyderabad,Renewable Energy,plain,2021,16.2
Hyderabad,Renewable Energy,plain,2025,32.58
Hyderabad,Renewable Energy,plain,2018,23.25
Hyderabad,Renewable Energy,plain,2017,19.26
Hyderabad,Renewable Energy,plain,2019,16.36
Hyderabad,Renewable Energy,plain,2023,22.05
Hyderabad,Renewable Energy,plain,2018,12.75
Hyderabad,Renewable Energy,plain,2019,12.06
Hyderabad,Renewable Energy,plain,2018,18.18
Hyderabad,Renewable Energy,plain,2020,19.93
Hyderabad,Renewable Energy,plain,2022,16.58
Hyderabad,Renewable Energy,plain,2019,16.04
Hyderabad,Renewable Energy,plain,2017,22.8
Hyderabad,Renewable Energy,plain,2018,22.2
Hyderabad,Renewable Energy,plain,2020,21.17
Hyderabad,Renewable Energy,plain,2025,17.86
Hyderabad,Renewable Energy,plain,2015,16.22
Hyderabad,Renewable Energy,plain,2015,18.7
Hyderabad,Renewable Energy,plain,2022,13.27
Hyderabad,Renewable Energy,plain,2019,18.9
Hyderabad,Renewable Energy,plain,2022,14.44
Hyderabad,Renewable Energy,plain,2023,15.42
Hyderabad,Renewable Energy,plain,2023,16.66
Hyderabad,Renewable Energy,plain,2021,11.26
Hyderabad,Renewable Energy,plain,2019,17.68
Hyderabad,Renewable Energy,plain,2018,15.86
Hyderabad,Renewable Energy,plain,2022,17.37
Hyderabad,Renewable Energy,plain,2015,9.45
Hyderabad,Renewable Energy,plain,2018,13.07
Hyderabad,Renewable Energy,plain,2021,13.54
Hyderabad,Renewable Energy,plain,2021,15.08
Hyderabad,Renewable Energy,plain,2020,14.46
Hyderabad,Renewable Energy,plain,2025,16.14
Hyderabad,Renewable Energy,plain,2018,16.44
Hyderabad,Renewable Energy,plain,2019,16.2
Hyderabad,Renewable Energy,plain,2021,14.76
Hyderabad,Renewable Energy,plain,2021,15.23
Hyderabad,Renewable Energy,plain,2018,15.04
Hyderabad,Renewable Energy,plain,2016,13.84
Hyderabad,Renewable Energy,plain,2024,23.44
Hyderabad,Renewable Energy,plain,2019,16.72
Hyderabad,Renewable Energy,plain,2021,16.99
Hyderabad,Renewable Energy,plain,2022,26.33
Hyderabad,Renewable Energy,plain,2025,15.85
Hyderabad,Renewable Energy,plain,2024,13.83
Hyderabad,Renewable Energy,plain,2022,15.8
Hyderabad,Renewable Energy,plain,2023,18.2
Hyderabad,Renewable Energy,plain,2023,13.93
Hyderabad,Renewable Energy,plain,2017,17.34
Hyderabad,Renewable Energy,plain,2017,8.55
Hyderabad,Renewable Energy,plain,2022,22.97
Hyderabad,Renewable Energy,plain,2015,9.96
Hyderabad,Renewable Energy,plain,2019,15.67
Hyderabad,Renewable Energy,plain,2021,7.58
Hyderabad,Renewable Energy,plain,2024,21.21
Hyderabad,Renewable Energy,plain,2022,11.7
Hyderabad,Renewable Energy,plain,2020,18.55
Hyderabad,Renewable Energy,plain,2016,12.91
Hyderabad,Renewable Energy,plain,2016,19.3
Hyderabad,Renewable Energy,plain,2021,16.09
Hyderabad,Renewable Energy,plain,2024,24.37
Hyderabad,Renewable Energy,plain,2020,19.68
Hyderabad,Renewable Energy,plain,2020,17.12
Hyderabad,Renewable Energy,plain,2020,26.58
Hyderabad,Renewable Energy,plain,2016,16.81
Hyderabad,Renewable Energy,plain,2017,15.59
Hyderabad,Renewable Energy,plain,2017,20.92
Hyderabad,Renewable Energy,plain,2016,23.76
Hyderabad,Renewable Energy,plain,2019,12.26
Rangareddy,Renewable Energy,plain,2018,8.37
Rangareddy,Renewable Energy,plain,2022,12.26
Rangareddy,Renewable Energy,plain,2025,8.88
Rangareddy,Renewable Energy,plain,2025,13.49
Rangareddy,Renewable Energy,plain,2019,13.95
Rangareddy,Renewable Energy,plain,2021,14.16
Rangareddy,Renewable Energy,plain,2017,37.57
Rangareddy,Renewable Energy,plain,2015,13.05
Rangareddy,Renewable Energy,plain,2016,12.47
Rangareddy,Renewable Energy,plain,2018,8.2
Rangareddy,Renewable Energy,plain,2019,10.35
Rangareddy,Renewable Energy,plain,2024,15.11
Rangareddy,Renewable Energy,plain,2023,11.32
Rangareddy,Renewable Energy,plain,2018,8.89
Rangareddy,Renewable Energy,plain,2015,12.67
Rangareddy,Renewable Energy,plain,2015,19.09
Rangareddy,Renewable Energy,plain,2015,12.35
Rangareddy,Renewable Energy,plain,2018,13.82
Rangareddy,Renewable Energy,plain,2020,13.82
Rangareddy,Renewable Energy,plain,2024,25.28
Rangareddy,Renewable Energy,plain,2025,11.01
Rangareddy,Renewable Energy,plain,2015,11.25
Rangareddy,Renewable Energy,plain,2022,19.06
Rangareddy,Renewable Energy,plain,2023,16.88
Rangareddy,Renewable Energy,plain,2024,18.69
Rangareddy,Renewable Energy,plain,2018,21.75
Rangareddy,Renewable Energy,plain,2019,15.14
Rangareddy,Renewable Energy,plain,2024,7.89
Rangareddy,Renewable Energy,plain,2017,10.97
Rangareddy,Renewable Energy,plain,2021,12.18
Rangareddy,Renewable Energy,plain,2019,9.4
Rangareddy,Renewable Energy,plain,2017,22.7
Rangareddy,Renewable Energy,plain,2015,18.68
Rangareddy,Renewable Energy,plain,2017,16.78
Rangareddy,Renewable Energy,plain,2015,9.55
Rangareddy,Renewable Energy,plain,2022,10.88
Rangareddy,Renewable Energy,plain,2025,18.35
Rangareddy,Renewable Energy,plain,2018,10.76
Rangareddy,Renewable Energy,plain,2025,11.51
Rangareddy,Renewable Energy,plain,2020,7.78
Rangareddy,Renewable Energy,plain,2022,14.27
Rangareddy,Renewable Energy,plain,2023,14.02
Rangareddy,Renewable Energy,plain,2018,12.1
Rangareddy,Renewable Energy,plain,2024,16.31
Rangareddy,Renewable Energy,plain,2018,16.74
Rangareddy,Renewable Energy,plain,2022,20.26
Rangareddy,Renewable Energy,plain,2020,21.07
Rangareddy,Renewable Energy,plain,2020,22.75
Rangareddy,Renewable Energy,plain,2019,21.37
Rangareddy,Renewable Energy,plain,2016,8.75
Rangareddy,Renewable Energy,plain,2020,15.2
Rangareddy,Renewable Energy,plain,2019,21.26
Rangareddy,Renewable Energy,plain,2016,18.45
Rangareddy,Renewable Energy,plain,2018,14.34
Rangareddy,Renewable Energy,plain,2023,15.68
Rangareddy,Renewable Energy,plain,2021,15.84
Rangareddy,Renewable Energy,plain,2024,18.29
Rangareddy,Renewable Energy,plain,2015,19.73
Rangareddy,Renewable Energy,plain,2020,17.69
Rangareddy,Renewable Energy,plain,2024,13.41
Rangareddy,Renewable Energy,plain,2017,8.96
Rangareddy,Renewable Energy,plain,2024,15.39
Rangareddy,Renewable Energy,plain,2022,20.0
Rangareddy,Renewable Energy,plain,2015,14.44
Rangareddy,Renewable Energy,plain,2017,12.26
Rangareddy,Renewable Energy,plain,2015,14.58
Rangareddy,Renewable Energy,plain,2021,24.18
Rangareddy,Renewable Energy,plain,2025,20.82
Rangareddy,Renewable Energy,plain,2015,24.02
Rangareddy,Renewable Energy,plain,2018,13.99
Rangareddy,Renewable Energy,plain,2019,15.42
Rangareddy,Renewable Energy,plain,2019,12.48
Rangareddy,Renewable Energy,plain,2019,11.34
Rangareddy,Renewable Energy,plain,2019,15.08
Rangareddy,Renewable Energy,plain,2015,15.55
Rangareddy,Renewable Energy,plain,2017,17.1
Rangareddy,Renewable Energy,plain,2017,16.11
Rangareddy,Renewable Energy,plain,2018,11.58
Rangareddy,Renewable Energy,plain,2023,19.38
Rangareddy,Renewable Energy,plain,2025,31.94
Rangareddy,Renewable Energy,plain,2021,15.59
Rangareddy,Renewable Energy,plain,2023,12.01
Rangareddy,Renewable Energy,plain,2018,10.54
Rangareddy,Renewable Energy,plain,2021,21.67
Rangareddy,Renewable Energy,plain,2017,20.12
Rangareddy,Renewable Energy,plain,2022,13.25
Rangareddy,Renewable Energy,plain,2023,17.2
Rangareddy,Renewable Energy,plain,2016,17.22
Rangareddy,Renewable Energy,plain,2017,11.32
Rangareddy,Renewable Energy,plain,2024,17.92
Rangareddy,Renewable Energy,plain,2020,21.57
Rangareddy,Renewable Energy,plain,2022,29.27
Rangareddy,Renewable Energy,plain,2018,20.66
Rangareddy,Renewable Energy,plain,2017,9.57
Rangareddy,Renewable Energy,plain,2020,8.93
Rangareddy,Renewable Energy,plain,2017,15.0
Rangareddy,Renewable Energy,plain,2024,15.92
Rangareddy,Renewable Energy,plain,2022,11.94
Rangareddy,Renewable Energy,plain,2024,14.66
Rangareddy,Renewable Energy,plain,2024,13.28
Rangareddy,Renewable Energy,plain,2020,11.98
Rangareddy,Renewable Energy,plain,2024,10.32
Rangareddy,Renewable Energy,plain,2021,12.57
Rangareddy,Renewable Energy,plain,2022,8.59
Rangareddy,Renewable Energy,plain,2018,21.58
Rangareddy,Renewable Energy,plain,2016,18.19
Rangareddy,Renewable Energy,plain,2021,16.83
Rangareddy,Renewable Energy,plain,2015,19.18
Rangareddy,Renewable Energy,plain,2022,11.53
Rangareddy,Renewable Energy,plain,2025,22.52
Rangareddy,Renewable Energy,plain,2021,17.59
Rangareddy,Renewable Energy,plain,2025,11.44
Rangareddy,Renewable Energy,plain,2025,13.06
Rangareddy,Renewable Energy,plain,2024,16.78
Rangareddy,Renewable Energy,plain,2019,13.13
Rangareddy,Renewable Energy,plain,2025,28.49
Rangareddy,Renewable Energy,plain,2025,19.22
Rangareddy,Renewable Energy,plain,2021,22.39
Rangareddy,Renewable Energy,plain,2018,17.18
Rangareddy,Renewable Energy,plain,2018,12.54
Medchal-Malkajgiri,Renewable Energy,plain,2025,8.29
Medchal-Malkajgiri,Renewable Energy,plain,2025,14.04
Medchal-Malkajgiri,Renewable Energy,plain,2015,16.27
Medchal-Malkajgiri,Renewable Energy,plain,2017,14.4
Medchal-Malkajgiri,Renewable Energy,plain,2021,18.29
Medchal-Malkajgiri,Renewable Energy,plain,2019,22.09
Medchal-Malkajgiri,Renewable Energy,plain,2022,17.95
Medchal-Malkajgiri,Renewable Energy,plain,2025,19.87
Medchal-Malkajgiri,Renewable Energy,plain,2018,11.88
Medchal-Malkajgiri,Renewable Energy,plain,2015,7.81
Medchal-Malkajgiri,Renewable Energy,plain,2025,14.17
Medchal-Malkajgiri,Renewable Energy,plain,2021,11.08
Medchal-Malkajgiri,Renewable Energy,plain,2022,17.08
Medchal-Malkajgiri,Renewable Energy,plain,2025,10.63
Medchal-Malkajgiri,Renewable Energy,plain,2015,16.92
Medchal-Malkajgiri,Renewable Energy,plain,2020,13.43
Medchal-Malkajgiri,Renewable Energy,plain,2022,10.23
Medchal-Malkajgiri,Renewable Energy,plain,2021,21.03
Medchal-Malkajgiri,Renewable Energy,plain,2017,13.04
Medchal-Malkajgiri,Renewable Energy,plain,2017,13.22
Medchal-Malkajgiri,Renewable Energy,plain,2016,11.35
Medchal-Malkajgiri,Renewable Energy,plain,2020,20.94
Medchal-Malkajgiri,Renewable Energy,plain,2018,17.6
Medchal-Malkajgiri,Renewable Energy,plain,2018,12.98
Medchal-Malkajgiri,Renewable Energy,plain,2020,15.39
Medchal-Malkajgiri,Renewable Energy,plain,2018,17.8
Medchal-Malkajgiri,Renewable Energy,plain,2022,12.45
Medchal-Malkajgiri,Renewable Energy,plain,2023,16.77
Medchal-Malkajgiri,Renewable Energy,plain,2016,18.04
Medchal-Malkajgiri,Renewable Energy,plain,2024,13.18
Medchal-Malkajgiri,Renewable Energy,plain,2016,17.67
Medchal-Malkajgiri,Renewable Energy,plain,2024,37.36
Medchal-Malkajgiri,Renewable Energy,plain,2023,15.21
Medchal-Malkajgiri,Renewable Energy,plain,2021,13.44
Medchal-Malkajgiri,Renewable Energy,plain,2019,14.32
Medchal-Malkajgiri,Renewable Energy,plain,2022,18.37
Medchal-Malkajgiri,Renewable Energy,plain,2015,12.21
Medchal-Malkajgiri,Renewable Energy,plain,2023,15.6
Medchal-Malkajgiri,Renewable Energy,plain,2025,14.27
Medchal-Malkajgiri,Renewable Energy,plain,2025,13.08
Medchal-Malkajgiri,Renewable Energy,plain,2017,7.8
Medchal-Malkajgiri,Renewable Energy,plain,2020,13.93
Medchal-Malkajgiri,Renewable Energy,plain,2024,10.62
Medchal-Malkajgiri,Renewable Energy,plain,2022,12.68
Medchal-Malkajgiri,Renewable Energy,plain,2015,11.3
Medchal-Malkajgiri,Renewable Energy,plain,2023,15.7
Medchal-Malkajgiri,Renewable Energy,plain,2017,10.7
Medchal-Malkajgiri,Renewable Energy,plain,2015,14.11
Medchal-Malkajgiri,Renewable Energy,plain,2020,13.86
Medchal-Malkajgiri,Renewable Energy,plain,2022,16.93
Medchal-Malkajgiri,Renewable Energy,plain,2017,16.76
Medchal-Malkajgiri,Renewable Energy,plain,2021,12.64
Medchal-Malkajgiri,Renewable Energy,plain,2020,15.05
Medchal-Malkajgiri,Renewable Energy,plain,2016,11.39
Medchal-Malkajgiri,Renewable Energy,plain,2023,18.18
Medchal-Malkajgiri,Renewable Energy,plain,2015,18.16
Medchal-Malkajgiri,Renewable Energy,plain,2016,16.75
Medchal-Malkajgiri,Renewable Energy,plain,2021,12.45
Medchal-Malkajgiri,Renewable Energy,plain,2025,19.65
Medchal-Malkajgiri,Renewable Energy,plain,2015,9.52
Medchal-Malkajgiri,Renewable Energy,plain,2022,20.56
Medchal-Malkajgiri,Renewable Energy,plain,2016,14.16
Medchal-Malkajgiri,Renewable Energy,plain,2021,15.85
Medchal-Malkajgiri,Renewable Energy,plain,2018,18.95
Medchal-Malkajgiri,Renewable Energy,plain,2019,12.71
Medchal-Malkajgiri,Renewable Energy,plain,2016,19.99
Medchal-Malkajgiri,Renewable Energy,plain,2020,11.2
Medchal-Malkajgiri,Renewable Energy,plain,2025,14.18
Medchal-Malkajgiri,Renewable Energy,plain,2015,11.25
Medchal-Malkajgiri,Renewable Energy,plain,2018,14.37
Medchal-Malkajgiri,Renewable Energy,plain,2021,10.75
Medchal-Malkajgiri,Renewable Energy,plain,2015,8.9
Medchal-Malkajgiri,Renewable Energy,plain,2016,9.75
Medchal-Malkajgiri,Renewable Energy,plain,2025,9.83
Medchal-Malkajgiri,Renewable Energy,plain,2019,12.86
Medchal-Malkajgiri,Renewable Energy,plain,2015,9.49
Medchal-Malkajgiri,Renewable Energy,plain,2018,15.0
Medchal-Malkajgiri,Renewable Energy,plain,2022,9.76
Medchal-Malkajgiri,Renewable Energy,plain,2017,12.29
Medchal-Malkajgiri,Renewable Energy,plain,2015,20.72
Medchal-Malkajgiri,Renewable Energy,plain,2017,19.02
Medchal-Malkajgiri,Renewable Energy,plain,2017,17.29
Medchal-Malkajgiri,Renewable Energy,plain,2019,16.49
Medchal-Malkajgiri,Renewable Energy,plain,2015,11.84
Medchal-Malkajgiri,Renewable Energy,plain,2023,26.67
Medchal-Malkajgiri,Renewable Energy,plain,2022,6.96
Medchal-Malkajgiri,Renewable Energy,plain,2018,11.72
Medchal-Malkajgiri,Renewable Energy,plain,2021,8.16
Medchal-Malkajgiri,Renewable Energy,plain,2022,9.36
Medchal-Malkajgiri,Renewable Energy,plain,2023,13.83
Medchal-Malkajgiri,Renewable Energy,plain,2024,14.01
Medchal-Malkajgiri,Renewable Energy,plain,2021,20.07
Medchal-Malkajgiri,Renewable Energy,plain,2015,13.14
Medchal-Malkajgiri,Renewable Energy,plain,2018,13.01
Medchal-Malkajgiri,Renewable Energy,plain,2020,20.36
Medchal-Malkajgiri,Renewable Energy,plain,2021,20.58
Medchal-Malkajgiri,Renewable Energy,plain,2021,17.69
Medchal-Malkajgiri,Renewable Energy,plain,2023,30.66
Medchal-Malkajgiri,Renewable Energy,plain,2024,15.43
Medchal-Malkajgiri,Renewable Energy,plain,2019,16.77
Medchal-Malkajgiri,Renewable Energy,plain,2015,18.02
Medchal-Malkajgiri,Renewable Energy,plain,2024,9.63
Medchal-Malkajgiri,Renewable Energy,plain,2016,14.21
Medchal-Malkajgiri,Renewable Energy,plain,2023,11.52
Medchal-Malkajgiri,Renewable Energy,plain,2022,8.76
Medchal-Malkajgiri,Renewable Energy,plain,2020,10.91
Medchal-Malkajgiri,Renewable Energy,plain,2018,6.97
Medchal-Malkajgiri,Renewable Energy,plain,2023,6.53
Medchal-Malkajgiri,Renewable Energy,plain,2025,8.42
Medchal-Malkajgiri,Renewable Energy,plain,2019,14.68
Medchal-Malkajgiri,Renewable Energy,plain,2024,19.72
Medchal-Malkajgiri,Renewable Energy,plain,2022,9.6
Medchal-Malkajgiri,Renewable Energy,plain,2016,7.3
Medchal-Malkajgiri,Renewable Energy,plain,2018,22.39
Medchal-Malkajgiri,Renewable Energy,plain,2020,14.81
Medchal-Malkajgiri,Renewable Energy,plain,2023,9.43
Medchal-Malkajgiri,Renewable Energy,plain,2017,15.68
Medchal-Malkajgiri,Renewable Energy,plain,2021,18.31
Medchal-Malkajgiri,Renewable Energy,plain,2019,16.34
Medchal-Malkajgiri,Renewable Energy,plain,2020,24.73
Sangareddy,Renewable Energy,plain,2020,17.78
Sangareddy,Renewable Energy,plain,2017,11.12
Sangareddy,Renewable Energy,plain,2020,12.32
Sangareddy,Renewable Energy,plain,2022,11.57
Sangareddy,Renewable Energy,plain,2019,12.07
Sangareddy,Renewable Energy,plain,2022,19.12
Sangareddy,Renewable Energy,plain,2021,16.89
Sangareddy,Renewable Energy,plain,2018,15.01
Sangareddy,Renewable Energy,plain,2024,21.85
Sangareddy,Renewable Energy,plain,2023,22.36
Sangareddy,Renewable Energy,plain,2020,18.93
Sangareddy,Renewable Energy,plain,2016,8.26
Sangareddy,Renewable Energy,plain,2018,12.77
Sangareddy,Renewable Energy,plain,2017,13.72
Sangareddy,Renewable Energy,plain,2018,10.83
Sangareddy,Renewable Energy,plain,2024,12.77
Sangareddy,Renewable Energy,plain,2016,14.88
Sangareddy,Renewable Energy,plain,2025,17.06
Sangareddy,Renewable Energy,plain,2021,8.77
Sangareddy,Renewable Energy,plain,2021,14.94
Sangareddy,Renewable Energy,plain,2021,12.45
Sangareddy,Renewable Energy,plain,2020,12.7
Sangareddy,Renewable Energy,plain,2021,11.25
Sangareddy,Renewable Energy,plain,2024,9.96
Sangareddy,Renewable Energy,plain,2025,10.74
Sangareddy,Renewable Energy,plain,2020,13.68
Sangareddy,Renewable Energy,plain,2024,14.57
Sangareddy,Renewable Energy,plain,2022,14.14
Sangareddy,Renewable Energy,plain,2015,13.61
Sangareddy,Renewable Energy,plain,2020,19.3
Sangareddy,Renewable Energy,plain,2022,13.62
Sangareddy,Renewable Energy,plain,2018,15.43
Sangareddy,Renewable Energy,plain,2020,18.42
Sangareddy,Renewable Energy,plain,2017,14.15
Sangareddy,Renewable Energy,plain,2017,14.81
Sangareddy,Renewable Energy,plain,2019,9.3
Sangareddy,Renewable Energy,plain,2021,13.79
Sangareddy,Renewable Energy,plain,2019,20.31
Sangareddy,Renewable Energy,plain,2023,16.65
Sangareddy,Renewable Energy,plain,2018,15.33
Sangareddy,Renewable Energy,plain,2024,11.35
Sangareddy,Renewable Energy,plain,2025,10.38
Sangareddy,Renewable Energy,plain,2022,11.73
Sangareddy,Renewable Energy,plain,2024,21.78
Sangareddy,Renewable Energy,plain,2018,16.44
Sangareddy,Renewable Energy,plain,2018,10.16
Sangareddy,Renewable Energy,plain,2021,25.26
Sangareddy,Renewable Energy,plain,2017,14.26
Sangareddy,Renewable Energy,plain,2023,13.54
Sangareddy,Renewable Energy,plain,2015,14.28
Sangareddy,Renewable Energy,plain,2020,8.01
Sangareddy,Renewable Energy,plain,2025,15.64
Sangareddy,Renewable Energy,plain,2022,16.18
Sangareddy,Renewable Energy,plain,2018,21.26
Sangareddy,Renewable Energy,plain,2021,14.83
Sangareddy,Renewable Energy,plain,2019,15.35
Sangareddy,Renewable Energy,plain,2016,18.41
Sangareddy,Renewable Energy,plain,2025,15.07
Sangareddy,Renewable Energy,plain,2019,11.9
Sangareddy,Renewable Energy,plain,2019,11.0
Sangareddy,Renewable Energy,plain,2016,14.4
Sangareddy,Renewable Energy,plain,2023,36.5
Sangareddy,Renewable Energy,plain,2018,15.51
Sangareddy,Renewable Energy,plain,2016,11.33
Sangareddy,Renewable Energy,plain,2023,10.98
Sangareddy,Renewable Energy,plain,2025,21.52
Sangareddy,Renewable Energy,plain,2023,13.44
Sangareddy,Renewable Energy,plain,2025,21.19
Sangareddy,Renewable Energy,plain,2022,14.43
Sangareddy,Renewable Energy,plain,2021,10.19
Sangareddy,Renewable Energy,plain,2021,14.83
Sangareddy,Renewable Energy,plain,2023,8.77
Sangareddy,Renewable Energy,plain,2023,12.71
Sangareddy,Renewable Energy,plain,2016,14.93
Sangareddy,Renewable Energy,plain,2018,15.86
Sangareddy,Renewable Energy,plain,2016,10.09
Sangareddy,Renewable Energy,plain,2019,19.1
Sangareddy,Renewable Energy,plain,2015,15.18
Sangareddy,Renewable Energy,plain,2022,16.35
Sangareddy,Renewable Energy,plain,2022,6.92
Sangareddy,Renewable Energy,plain,2025,20.03
Sangareddy,Renewable Energy,plain,2020,20.34
Sangareddy,Renewable Energy,plain,2023,13.53
Sangareddy,Renewable Energy,plain,2016,16.61
Sangareddy,Renewable Energy,plain,2017,7.45
Sangareddy,Renewable Energy,plain,2016,17.31
Sangareddy,Renewable Energy,plain,2017,12.56
Sangareddy,Renewable Energy,plain,2018,15.58
Sangareddy,Renewable Energy,plain,2021,11.11
Sangareddy,Renewable Energy,plain,2019,10.78
Sangareddy,Renewable Energy,plain,2015,9.03
Sangareddy,Renewable Energy,plain,2025,8.55
Sangareddy,Renewable Energy,plain,2023,14.83
Sangareddy,Renewable Energy,plain,2018,13.11
Sangareddy,Renewable Energy,plain,2018,11.68
Sangareddy,Renewable Energy,plain,2022,10.42
Sangareddy,Renewable Energy,plain,2018,10.88
Sangareddy,Renewable Energy,plain,2024,14.2
Sangareddy,Renewable Energy,plain,2017,19.99
Sangareddy,Renewable Energy,plain,2025,17.82
Sangareddy,Renewable Energy,plain,2015,10.09
Sangareddy,Renewable Energy,plain,2022,20.41
Sangareddy,Renewable Energy,plain,2016,16.58
Sangareddy,Renewable Energy,plain,2021,15.33
Sangareddy,Renewable Energy,plain,2025,8.59
Sangareddy,Renewable Energy,plain,2016,15.72
Sangareddy,Renewable Energy,plain,2020,12.59
Sangareddy,Renewable Energy,plain,2018,12.04
Sangareddy,Renewable Energy,plain,2021,11.95
Sangareddy,Renewable Energy,plain,2020,19.85
Sangareddy,Renewable Energy,plain,2020,10.89
Sangareddy,Renewable Energy,plain,2020,17.29
Sangareddy,Renewable Energy,plain,2022,12.78
Sangareddy,Renewable Energy,plain,2022,14.86
Sangareddy,Renewable Energy,plain,2020,18.23
Sangareddy,Renewable Energy,plain,2019,11.82
Sangareddy,Renewable Energy,plain,2018,8.88
Sangareddy,Renewable Energy,plain,2015,9.71
Sangareddy,Renewable Energy,plain,2021,18.11
Sangareddy,Renewable Energy,plain,2023,10.13
Mahbubnagar,Renewable Energy,plain,2019,11.0
Mahbubnagar,Renewable Energy,plain,2019,9.91
Mahbubnagar,Renewable Energy,plain,2015,20.06
Mahbubnagar,Renewable Energy,plain,2017,12.02
Mahbubnagar,Renewable Energy,plain,2021,19.65
Mahbubnagar,Renewable Energy,plain,2016,10.52
Mahbubnagar,Renewable Energy,plain,2017,8.76
Mahbubnagar,Renewable Energy,plain,2018,6.86
Mahbubnagar,Renewable Energy,plain,2022,9.46
Mahbubnagar,Renewable Energy,plain,2015,18.91
Mahbubnagar,Renewable Energy,plain,2023,12.38
Mahbubnagar,Renewable Energy,plain,2017,17.11
Mahbubnagar,Renewable Energy,plain,2022,8.29
Mahbubnagar,Renewable Energy,plain,2024,18.9
Mahbubnagar,Renewable Energy,plain,2023,16.02
Mahbubnagar,Renewable Energy,plain,2019,13.99
Mahbubnagar,Renewable Energy,plain,2018,10.03
Mahbubnagar,Renewable Energy,plain,2020,11.91
Mahbubnagar,Renewable Energy,plain,2016,7.05
Mahbubnagar,Renewable Energy,plain,2015,18.63
Mahbubnagar,Renewable Energy,plain,2017,16.16
Mahbubnagar,Renewable Energy,plain,2021,9.51
Mahbubnagar,Renewable Energy,plain,2016,13.53
Mahbubnagar,Renewable Energy,plain,2017,18.33
Mahbubnagar,Renewable Energy,plain,2017,13.87
Mahbubnagar,Renewable Energy,plain,2025,14.72
Mahbubnagar,Renewable Energy,plain,2025,11.9
Mahbubnagar,Renewable Energy,plain,2016,17.13
Mahbubnagar,Renewable Energy,plain,2018,16.37
Mahbubnagar,Renewable Energy,plain,2019,14.52
Mahbubnagar,Renewable Energy,plain,2017,14.14
Mahbubnagar,Renewable Energy,plain,2017,10.57
Mahbubnagar,Renewable Energy,plain,2023,10.94
Mahbubnagar,Renewable Energy,plain,2021,8.93
Mahbubnagar,Renewable Energy,plain,2019,15.92
Mahbubnagar,Renewable Energy,plain,2022,14.75
Mahbubnagar,Renewable Energy,plain,2015,12.63
Mahbubnagar,Renewable Energy,plain,2021,13.15
Mahbubnagar,Renewable Energy,plain,2025,9.88
Mahbubnagar,Renewable Energy,plain,2018,12.66
Mahbubnagar,Renewable Energy,plain,2021,23.0
Mahbubnagar,Renewable Energy,plain,2018,10.36
Mahbubnagar,Renewable Energy,plain,2019,13.71
Mahbubnagar,Renewable Energy,plain,2016,13.72
Mahbubnagar,Renewable Energy,plain,2016,7.51
Mahbubnagar,Renewable Energy,plain,2025,15.26
Mahbubnagar,Renewable Energy,plain,2022,8.24
Mahbubnagar,Renewable Energy,plain,2021,14.33
Mahbubnagar,Renewable Energy,plain,2021,13.57
Mahbubnagar,Renewable Energy,plain,2022,12.1
Mahbubnagar,Renewable Energy,plain,2016,13.03
Mahbubnagar,Renewable Energy,plain,2017,13.18
Mahbubnagar,Renewable Energy,plain,2015,12.17
Mahbubnagar,Renewable Energy,plain,2022,11.64
Mahbubnagar,Renewable Energy,plain,2025,22.63
Mahbubnagar,Renewable Energy,plain,2023,15.55
Mahbubnagar,Renewable Energy,plain,2015,14.95
Mahbubnagar,Renewable Energy,plain,2015,13.24
Mahbubnagar,Renewable Energy,plain,2020,16.53
Mahbubnagar,Renewable Energy,plain,2024,12.87
Mahbubnagar,Renewable Energy,plain,2022,17.4
Mahbubnagar,Renewable Energy,plain,2017,16.37
Mahbubnagar,Renewable Energy,plain,2017,12.31
Mahbubnagar,Renewable Energy,plain,2017,15.09
Mahbubnagar,Renewable Energy,plain,2017,14.51
Mahbubnagar,Renewable Energy,plain,2023,18.8
Mahbubnagar,Renewable Energy,plain,2021,9.16
Mahbubnagar,Renewable Energy,plain,2025,10.15
Mahbubnagar,Renewable Energy,plain,2016,14.41
Mahbubnagar,Renewable Energy,plain,2019,11.36
Mahbubnagar,Renewable Energy,plain,2025,13.57
Mahbubnagar,Renewable Energy,plain,2018,16.23
Mahbubnagar,Renewable Energy,plain,2020,16.47
Mahbubnagar,Renewable Energy,plain,2023,6.08
Mahbubnagar,Renewable Energy,plain,2022,15.87
Mahbubnagar,Renewable Energy,plain,2022,11.27
Mahbubnagar,Renewable Energy,plain,2023,20.9
Mahbubnagar,Renewable Energy,plain,2019,9.28
Mahbubnagar,Renewable Energy,plain,2022,9.2
Mahbubnagar,Renewable Energy,plain,2017,10.86
Mahbubnagar,Renewable Energy,plain,2015,15.1
Mahbubnagar,Renewable Energy,plain,2025,14.45
Mahbubnagar,Renewable Energy,plain,2015,10.36
Mahbubnagar,Renewable Energy,plain,2017,12.43
Mahbubnagar,Renewable Energy,plain,2019,12.87
Mahbubnagar,Renewable Energy,plain,2023,10.22
Mahbubnagar,Renewable Energy,plain,2018,9.9
Mahbubnagar,Renewable Energy,plain,2021,11.16
Mahbubnagar,Renewable Energy,plain,2016,17.27
Mahbubnagar,Renewable Energy,plain,2024,13.3
Mahbubnagar,Renewable Energy,plain,2015,12.92
Mahbubnagar,Renewable Energy,plain,2024,7.85
Mahbubnagar,Renewable Energy,plain,2020,16.78
Mahbubnagar,Renewable Energy,plain,2023,17.31
Mahbubnagar,Renewable Energy,plain,2025,17.78
Mahbubnagar,Renewable Energy,plain,2024,19.28
Mahbubnagar,Renewable Energy,plain,2017,16.62
Mahbubnagar,Renewable Energy,plain,2025,15.97
Mahbubnagar,Renewable Energy,plain,2019,8.42
Mahbubnagar,Renewable Energy,plain,2020,14.6
Mahbubnagar,Renewable Energy,plain,2018,17.98
Mahbubnagar,Renewable Energy,plain,2019,11.72
Mahbubnagar,Renewable Energy,plain,2022,9.23
Mahbubnagar,Renewable Energy,plain,2019,10.35
Mahbubnagar,Renewable Energy,plain,2019,15.02
Mahbubnagar,Renewable Energy,plain,2025,17.82
Mahbubnagar,Renewable Energy,plain,2025,13.38
Mahbubnagar,Renewable Energy,plain,2015,9.97
Mahbubnagar,Renewable Energy,plain,2025,12.41
Mahbubnagar,Renewable Energy,plain,2015,8.96
Mahbubnagar,Renewable Energy,plain,2024,17.47
Mahbubnagar,Renewable Energy,plain,2019,19.8
Mahbubnagar,Renewable Energy,plain,2015,14.56
Mahbubnagar,Renewable Energy,plain,2018,10.86
Mahbubnagar,Renewable Energy,plain,2016,26.55
Mahbubnagar,Renewable Energy,plain,2015,9.9
Mahbubnagar,Renewable Energy,plain,2015,12.45
Mahbubnagar,Renewable Energy,plain,2016,11.28
Mahbubnagar,Renewable Energy,plain,2015,17.2
Mahbubnagar,Renewable Energy,plain,2022,23.01
Hyderabad,Education,plain,2025,10.9
Hyderabad,Education,plain,2021,20.92
Hyderabad,Education,plain,2023,19.01
Hyderabad,Education,plain,2025,16.49
Hyderabad,Education,plain,2019,28.98
Hyderabad,Education,plain,2021,14.68
Hyderabad,Education,plain,2025,21.07
Hyderabad,Education,plain,2020,27.41
Hyderabad,Education,plain,2018,18.27
Hyderabad,Education,plain,2025,28.91
Hyderabad,Education,plain,2024,13.53
Hyderabad,Education,plain,2015,17.64
Hyderabad,Education,plain,2025,23.76
Hyderabad,Education,plain,2016,20.46
Hyderabad,Education,plain,2018,21.49
Hyderabad,Education,plain,2019,15.7
Hyderabad,Education,plain,2018,20.01
Hyderabad,Education,plain,2015,12.26
Hyderabad,Education,plain,2020,19.27
Hyderabad,Education,plain,2021,19.3
Hyderabad,Education,plain,2023,33.24
Hyderabad,Education,plain,2023,9.97
Hyderabad,Education,plain,2017,19.64
Hyderabad,Education,plain,2021,17.25
Hyderabad,Education,plain,2023,19.37
Hyderabad,Education,plain,2021,21.75
Hyderabad,Education,plain,2019,21.91
Hyderabad,Education,plain,2021,19.81
Hyderabad,Education,plain,2022,21.98
Hyderabad,Education,plain,2016,19.68
Hyderabad,Education,plain,2019,12.83
Hyderabad,Education,plain,2021,35.81
Hyderabad,Education,plain,2023,25.92
Hyderabad,Education,plain,2020,21.76
Hyderabad,Education,plain,2020,25.27
Hyderabad,Education,plain,2016,27.39
Hyderabad,Education,plain,2019,12.99
Hyderabad,Education,plain,2025,17.51
Hyderabad,Education,plain,2019,24.98
Hyderabad,Education,plain,2024,19.52
Hyderabad,Education,plain,2022,19.02
Hyderabad,Education,plain,2022,38.11
Hyderabad,Education,plain,2016,21.97
Hyderabad,Education,plain,2022,12.99
Hyderabad,Education,plain,2017,20.8
Hyderabad,Education,plain,2019,15.66
Hyderabad,Education,plain,2015,14.87
Hyderabad,Education,plain,2016,18.6
Hyderabad,Education,plain,2021,18.99
Hyderabad,Education,plain,2016,14.6
Hyderabad,Education,plain,2025,18.63
Hyderabad,Education,plain,2025,18.42
Hyderabad,Education,plain,2017,40.13
Hyderabad,Education,plain,2024,25.92
Hyderabad,Education,plain,2017,24.2
Hyderabad,Education,plain,2024,22.41
Hyderabad,Education,plain,2019,27.57
Hyderabad,Education,plain,2023,10.85
Hyderabad,Education,plain,2018,12.86
Hyderabad,Education,plain,2019,36.06
Hyderabad,Education,plain,2018,18.57
Hyderabad,Education,plain,2020,17.3
Hyderabad,Education,plain,2019,15.72
Hyderabad,Education,plain,2021,13.63
Hyderabad,Education,plain,2020,17.13
Hyderabad,Education,plain,2020,13.31
Hyderabad,Education,plain,2021,18.47
Hyderabad,Education,plain,2017,23.54
Hyderabad,Education,plain,2017,23.41
Hyderabad,Education,plain,2018,17.25
Hyderabad,Education,plain,2019,24.67
Hyderabad,Education,plain,2018,11.51
Hyderabad,Education,plain,2022,27.33
Hyderabad,Education,plain,2018,17.31
Hyderabad,Education,plain,2016,24.85
Hyderabad,Education,plain,2018,26.08
Hyderabad,Education,plain,2020,29.42
Hyderabad,Education,plain,2022,14.43
Hyderabad,Education,plain,2018,14.42
Hyderabad,Education,plain,2022,21.33
Hyderabad,Education,plain,2017,14.44
Hyderabad,Education,plain,2016,19.91
Hyderabad,Education,plain,2024,28.58
Hyderabad,Education,plain,2016,26.38
Hyderabad,Education,plain,2024,28.41
Hyderabad,Education,plain,2022,20.9
Hyderabad,Education,plain,2021,21.84
Hyderabad,Education,plain,2022,27.47
Hyderabad,Education,plain,2021,20.35
Hyderabad,Education,plain,2016,9.45
Hyderabad,Education,plain,2022,15.01
Hyderabad,Education,plain,2022,18.43
Hyderabad,Education,plain,2019,15.76
Hyderabad,Education,plain,2018,17.88
Hyderabad,Education,plain,2015,15.96
Hyderabad,Education,plain,2020,29.4
Hyderabad,Education,plain,2015,18.44
Hyderabad,Education,plain,2017,14.88
Hyderabad,Education,plain,2021,25.33
Hyderabad,Education,plain,2016,34.65
Hyderabad,Education,plain,2016,21.74
Hyderabad,Education,plain,2020,24.77
Hyderabad,Education,plain,2024,29.35
Hyderabad,Education,plain,2020,22.69
Hyderabad,Education,plain,2025,10.37
Hyderabad,Education,plain,2019,18.73
Hyderabad,Education,plain,2015,22.67
Hyderabad,Education,plain,2025,19.72
Hyderabad,Education,plain,2017,22.19
Hyderabad,Education,plain,2020,25.78
Hyderabad,Education,plain,2019,13.52
Hyderabad,Education,plain,2024,29.16
Hyderabad,Education,plain,2021,26.53
Hyderabad,Education,plain,2025,25.76
Hyderabad,Education,plain,2021,25.73
Hyderabad,Education,plain,2019,12.02
Hyderabad,Education,plain,2021,46.09
Hyderabad,Education,plain,2016,16.71
Hyderabad,Education,plain,2025,16.86
Hyderabad,Education,plain,2021,18.03
Rangareddy,Education,plain,2019,18.78
Rangareddy,Education,plain,2020,17.25
Rangareddy,Education,plain,2017,16.0
Rangareddy,Education,plain,2015,12.45
Rangareddy,Education,plain,2018,13.39
Rangareddy,Education,plain,2023,24.37
Rangareddy,Education,plain,2015,18.85
Rangareddy,Education,plain,2017,24.14
Rangareddy,Education,plain,2023,14.97
Rangareddy,Education,plain,2017,10.59
Rangareddy,Education,plain,2018,10.82
Rangareddy,Education,plain,2015,28.09
Rangareddy,Education,plain,2019,13.6
Rangareddy,Education,plain,2018,18.35
Rangareddy,Education,plain,2021,13.32
Rangareddy,Education,plain,2019,17.44
Rangareddy,Education,plain,2023,15.67
Rangareddy,Education,plain,2018,19.52
Rangareddy,Education,plain,2017,16.67
Rangareddy,Education,plain,2019,14.41
Rangareddy,Education,plain,2019,17.1
Rangareddy,Education,plain,2017,17.76
Rangareddy,Education,plain,2017,13.43
Rangareddy,Education,plain,2015,19.67
Rangareddy,Education,plain,2019,21.47
Rangareddy,Education,plain,2025,18.52
Rangareddy,Education,plain,2015,11.24
Rangareddy,Education,plain,2017,9.91
Rangareddy,Education,plain,2020,10.52
Rangareddy,Education,plain,2017,26.49
Rangareddy,Education,plain,2015,23.71
Rangareddy,Education,plain,2022,32.58
Rangareddy,Education,plain,2025,19.13
Rangareddy,Education,plain,2022,11.6
Rangareddy,Education,plain,2020,16.94
Rangareddy,Education,plain,2021,31.58
Rangareddy,Education,plain,2018,19.7
Rangareddy,Education,plain,2018,17.2
Rangareddy,Education,plain,2021,19.94
Rangareddy,Education,plain,2025,24.32
Rangareddy,Education,plain,2021,11.08
Rangareddy,Education,plain,2020,17.06
Rangareddy,Education,plain,2019,14.05
Rangareddy,Education,plain,2016,14.72
Rangareddy,Education,plain,2019,28.15
Rangareddy,Education,plain,2022,20.39
Rangareddy,Education,plain,2024,14.08
Rangareddy,Education,plain,2025,17.41
Rangareddy,Education,plain,2015,16.07
Rangareddy,Education,plain,2018,16.7
Rangareddy,Education,plain,2024,12.82
Rangareddy,Education,plain,2025,25.07
Rangareddy,Education,plain,2024,13.56
Rangareddy,Education,plain,2023,14.35
Rangareddy,Education,plain,2025,27.4
Rangareddy,Education,plain,2019,17.03
Rangareddy,Education,plain,2018,10.95
Rangareddy,Education,plain,2020,20.97
Rangareddy,Education,plain,2019,13.37
Rangareddy,Education,plain,2022,17.39
Rangareddy,Education,plain,2025,25.49
Rangareddy,Education,plain,2025,19.35
Rangareddy,Education,plain,2024,33.22
Rangareddy,Education,plain,2023,14.97
Rangareddy,Education,plain,2023,25.84
Rangareddy,Education,plain,2024,20.15
Rangareddy,Education,plain,2018,21.35
Rangareddy,Education,plain,2023,17.64
Rangareddy,Education,plain,2020,14.65
Rangareddy,Education,plain,2019,18.35
Rangareddy,Education,plain,2019,16.5
Rangareddy,Education,plain,2022,16.4
Rangareddy,Education,plain,2020,11.25
Rangareddy,Education,plain,2023,19.72
Rangareddy,Education,plain,2016,9.27
Rangareddy,Education,plain,2022,36.42
Rangareddy,Education,plain,2019,17.86
Rangareddy,Education,plain,2021,11.74
Rangareddy,Education,plain,2015,18.3
Rangareddy,Education,plain,2017,17.33
Rangareddy,Education,plain,2018,21.18
Rangareddy,Education,plain,2015,12.44
Rangareddy,Education,plain,2016,13.97
Rangareddy,Education,plain,2015,33.92
Rangareddy,Education,plain,2019,16.82
Rangareddy,Education,plain,2023,22.0
Rangareddy,Education,plain,2018,12.71
Rangareddy,Education,plain,2018,29.74
Rangareddy,Education,plain,2025,12.99
Rangareddy,Education,plain,2023,7.99
Rangareddy,Education,plain,2022,15.23
Rangareddy,Education,plain,2021,14.71
Rangareddy,Education,plain,2020,13.34
Rangareddy,Education,plain,2024,20.35
Rangareddy,Education,plain,2018,10.3
Rangareddy,Education,plain,2017,20.17
Rangareddy,Education,plain,2019,20.32
Rangareddy,Education,plain,2015,19.17
Rangareddy,Education,plain,2016,15.88
Rangareddy,Education,plain,2016,37.48
Rangareddy,Education,plain,2022,15.76
Rangareddy,Education,plain,2016,16.4
Rangareddy,Education,plain,2019,15.97
Rangareddy,Education,plain,2018,14.24
Rangareddy,Education,plain,2017,10.95
Rangareddy,Education,plain,2019,19.77
Rangareddy,Education,plain,2025,17.64
Rangareddy,Education,plain,2019,29.31
Rangareddy,Education,plain,2021,22.04
Rangareddy,Education,plain,2023,14.85
Rangareddy,Education,plain,2018,21.29
Rangareddy,Education,plain,2015,15.69
Rangareddy,Education,plain,2015,19.93
Rangareddy,Education,plain,2022,15.47
Rangareddy,Education,plain,2023,26.83
Rangareddy,Education,plain,2025,19.27
Rangareddy,Education,plain,2025,18.52
Rangareddy,Education,plain,2017,14.99
Rangareddy,Education,plain,2020,16.53
Rangareddy,Education,plain,2023,15.78
Medchal-Malkajgiri,Education,plain,2023,17.57
Medchal-Malkajgiri,Education,plain,2025,25.16
Medchal-Malkajgiri,Education,plain,2025,24.2
Medchal-Malkajgiri,Education,plain,2021,14.18
Medchal-Malkajgiri,Education,plain,2023,13.08
Medchal-Malkajgiri,Education,plain,2019,27.28
Medchal-Malkajgiri,Education,plain,2018,27.29
Medchal-Malkajgiri,Education,plain,2019,13.92
Medchal-Malkajgiri,Education,plain,2023,18.45
Medchal-Malkajgiri,Education,plain,2019,16.97
Medchal-Malkajgiri,Education,plain,2017,7.16
Medchal-Malkajgiri,Education,plain,2021,10.49
Medchal-Malkajgiri,Education,plain,2024,16.12
Medchal-Malkajgiri,Education,plain,2020,18.52
Medchal-Malkajgiri,Education,plain,2022,14.6
Medchal-Malkajgiri,Education,plain,2018,17.18
Medchal-Malkajgiri,Education,plain,2020,12.31
Medchal-Malkajgiri,Education,plain,2019,8.87
Medchal-Malkajgiri,Education,plain,2019,21.35
Medchal-Malkajgiri,Education,plain,2015,11.98
Medchal-Malkajgiri,Education,plain,2019,13.32
Medchal-Malkajgiri,Education,plain,2021,16.71
Medchal-Malkajgiri,Education,plain,2017,14.09
Medchal-Malkajgiri,Education,plain,2021,16.49
Medchal-Malkajgiri,Education,plain,2021,17.34
Medchal-Malkajgiri,Education,plain,2018,20.53
Medchal-Malkajgiri,Education,plain,2020,14.88
Medchal-Malkajgiri,Education,plain,2022,22.14
Medchal-Malkajgiri,Education,plain,2022,21.71
Medchal-Malkajgiri,Education,plain,2020,27.92
Medchal-Malkajgiri,Education,plain,2022,12.03
Medchal-Malkajgiri,Education,plain,2015,13.57
Medchal-Malkajgiri,Education,plain,2024,12.87
Medchal-Malkajgiri,Education,plain,2018,25.62
Medchal-Malkajgiri,Education,plain,2019,14.14
Medchal-Malkajgiri,Education,plain,2022,20.15
Medchal-Malkajgiri,Education,plain,2023,14.12
Medchal-Malkajgiri,Education,plain,2015,13.94
Medchal-Malkajgiri,Education,plain,2017,9.3
Medchal-Malkajgiri,Education,plain,2017,14.29
Medchal-Malkajgiri,Education,plain,2019,29.29
Medchal-Malkajgiri,Education,plain,2019,17.86
Medchal-Malkajgiri,Education,plain,2017,8.86
Medchal-Malkajgiri,Education,plain,2021,14.79
Medchal-Malkajgiri,Education,plain,2017,21.83
Medchal-Malkajgiri,Education,plain,2018,22.54
Medchal-Malkajgiri,Education,plain,2016,19.48
Medchal-Malkajgiri,Education,plain,2025,12.38
Medchal-Malkajgiri,Education,plain,2021,29.02
Medchal-Malkajgiri,Education,plain,2015,14.19
Medchal-Malkajgiri,Education,plain,2020,17.72
Medchal-Malkajgiri,Education,plain,2015,22.52
Medchal-Malkajgiri,Education,plain,2020,15.64
Medchal-Malkajgiri,Education,plain,2021,13.33
Medchal-Malkajgiri,Education,plain,2023,29.7
Medchal-Malkajgiri,Education,plain,2015,24.41
Medchal-Malkajgiri,Education,plain,2021,17.55
Medchal-Malkajgiri,Education,plain,2016,16.81
Medchal-Malkajgiri,Education,plain,2017,19.86
Medchal-Malkajgiri,Education,plain,2024,17.62
Medchal-Malkajgiri,Education,plain,2020,15.02
Medchal-Malkajgiri,Education,plain,2025,16.71
Medchal-Malkajgiri,Education,plain,2016,17.39
Medchal-Malkajgiri,Education,plain,2020,13.87
Medchal-Malkajgiri,Education,plain,2021,30.29
Medchal-Malkajgiri,Education,plain,2021,16.88
Medchal-Malkajgiri,Education,plain,2025,16.91
Medchal-Malkajgiri,Education,plain,2023,12.51
Medchal-Malkajgiri,Education,plain,2015,15.46
Medchal-Malkajgiri,Education,plain,2023,24.21
Medchal-Malkajgiri,Education,plain,2015,17.63
Medchal-Malkajgiri,Education,plain,2016,18.9
Medchal-Malkajgiri,Education,plain,2019,11.71
Medchal-Malkajgiri,Education,plain,2024,16.78
Medchal-Malkajgiri,Education,plain,2024,22.06
Medchal-Malkajgiri,Education,plain,2018,24.32
Medchal-Malkajgiri,Education,plain,2023,33.63
Medchal-Malkajgiri,Education,plain,2017,23.25
Medchal-Malkajgiri,Education,plain,2020,24.06
Medchal-Malkajgiri,Education,plain,2022,22.19
Medchal-Malkajgiri,Education,plain,2021,18.76
Medchal-Malkajgiri,Education,plain,2017,19.2
Medchal-Malkajgiri,Education,plain,2019,19.31
Medchal-Malkajgiri,Education,plain,2024,16.34
Medchal-Malkajgiri,Education,plain,2016,12.35
Medchal-Malkajgiri,Education,plain,2017,9.04
Medchal-Malkajgiri,Education,plain,2020,17.43
Medchal-Malkajgiri,Education,plain,2022,23.26
Medchal-Malkajgiri,Education,plain,2015,13.55
Medchal-Malkajgiri,Education,plain,2021,8.72
Medchal-Malkajgiri,Education,plain,2018,13.19
Medchal-Malkajgiri,Education,plain,2018,15.9
Medchal-Malkajgiri,Education,plain,2015,11.77
Medchal-Malkajgiri,Education,plain,2015,35.91
Medchal-Malkajgiri,Education,plain,2021,19.02
Medchal-Malkajgiri,Education,plain,2019,32.88
Medchal-Malkajgiri,Education,plain,2021,26.9
Medchal-Malkajgiri,Education,plain,2023,11.2
Medchal-Malkajgiri,Education,plain,2024,15.15
Medchal-Malkajgiri,Education,plain,2015,16.47
Medchal-Malkajgiri,Education,plain,2020,27.29
Medchal-Malkajgiri,Education,plain,2024,11.49
Medchal-Malkajgiri,Education,plain,2025,18.12
Medchal-Malkajgiri,Education,plain,2021,14.18
Medchal-Malkajgiri,Education,plain,2025,11.32
Medchal-Malkajgiri,Education,plain,2020,20.59
Medchal-Malkajgiri,Education,plain,2023,18.72
Medchal-Malkajgiri,Education,plain,2023,16.11
Medchal-Malkajgiri,Education,plain,2023,20.31
Medchal-Malkajgiri,Education,plain,2021,14.35
Medchal-Malkajgiri,Education,plain,2020,12.22
Medchal-Malkajgiri,Education,plain,2017,23.02
Medchal-Malkajgiri,Education,plain,2017,16.72
Medchal-Malkajgiri,Education,plain,2016,13.3
Medchal-Malkajgiri,Education,plain,2018,27.5
Medchal-Malkajgiri,Education,plain,2023,12.76
Medchal-Malkajgiri,Education,plain,2018,24.49
Medchal-Malkajgiri,Education,plain,2018,18.45
Medchal-Malkajgiri,Education,plain,2024,18.6
Medchal-Malkajgiri,Education,plain,2015,19.14
Sangareddy,Education,plain,2021,14.28
Sangareddy,Education,plain,2015,22.09
Sangareddy,Education,plain,2015,13.19
Sangareddy,Education,plain,2018,14.03
Sangareddy,Education,plain,2015,14.39
Sangareddy,Education,plain,2019,10.4
Sangareddy,Education,plain,2022,11.58
Sangareddy,Education,plain,2017,11.65
Sangareddy,Education,plain,2016,13.11
Sangareddy,Education,plain,2015,13.3
Sangareddy,Education,plain,2015,16.84
Sangareddy,Education,plain,2019,12.66
Sangareddy,Education,plain,2020,22.73
Sangareddy,Education,plain,2021,17.63
Sangareddy,Education,plain,2015,16.72
Sangareddy,Education,plain,2025,25.88
Sangareddy,Education,plain,2022,13.09
Sangareddy,Education,plain,2016,23.39
Sangareddy,Education,plain,2022,20.56
Sangareddy,Education,plain,2015,14.41
Sangareddy,Education,plain,2020,14.72
Sangareddy,Education,plain,2015,15.0
Sangareddy,Education,plain,2021,13.22
Sangareddy,Education,plain,2024,32.09
Sangareddy,Education,plain,2017,17.05
Sangareddy,Education,plain,2017,11.67
Sangareddy,Education,plain,2018,36.03
Sangareddy,Education,plain,2017,13.23
Sangareddy,Education,plain,2021,27.58
Sangareddy,Education,plain,2019,14.68
Sangareddy,Education,plain,2024,13.07
Sangareddy,Education,plain,2017,15.83
Sangareddy,Education,plain,2020,13.53
Sangareddy,Education,plain,2020,13.46
Sangareddy,Education,plain,2018,8.94
Sangareddy,Education,plain,2017,10.12
Sangareddy,Education,plain,2023,12.75
Sangareddy,Education,plain,2018,17.21
Sangareddy,Education,plain,2020,14.15
Sangareddy,Education,plain,2024,16.03
Sangareddy,Education,plain,2019,13.78
Sangareddy,Education,plain,2024,30.89
Sangareddy,Education,plain,2021,14.39
Sangareddy,Education,plain,2016,19.84
Sangareddy,Education,plain,2023,12.66
Sangareddy,Education,plain,2019,17.49
Sangareddy,Education,plain,2019,15.36
Sangareddy,Education,plain,2017,18.34
Sangareddy,Education,plain,2018,16.23
Sangareddy,Education,plain,2022,22.6
Sangareddy,Education,plain,2024,20.09
Sangareddy,Education,plain,2020,14.51
Sangareddy,Education,plain,2023,17.45
Sangareddy,Education,plain,2025,20.94
Sangareddy,Education,plain,2017,13.08
Sangareddy,Education,plain,2019,12.29
Sangareddy,Education,plain,2019,12.66
Sangareddy,Education,plain,2025,26.54
Sangareddy,Education,plain,2023,7.9
Sangareddy,Education,plain,2018,13.54
Sangareddy,Education,plain,2020,11.86
Sangareddy,Education,plain,2020,15.52
Sangareddy,Education,plain,2024,13.64
Sangareddy,Education,plain,2021,18.98
Sangareddy,Education,plain,2023,9.3
Sangareddy,Education,plain,2019,15.94
Sangareddy,Education,plain,2023,21.86
Sangareddy,Education,plain,2023,13.48
Sangareddy,Education,plain,2018,31.29
Sangareddy,Education,plain,2024,23.79
Sangareddy,Education,plain,2021,30.26
Sangareddy,Education,plain,2015,8.62
Sangareddy,Education,plain,2017,15.7
Sangareddy,Education,plain,2015,15.87
Sangareddy,Education,plain,2016,13.81
Sangareddy,Education,plain,2019,27.27
Sangareddy,Education,plain,2022,13.67
Sangareddy,Education,plain,2025,23.46
Sangareddy,Education,plain,2024,20.72
Sangareddy,Education,plain,2022,14.0
Sangareddy,Education,plain,2016,11.68
Sangareddy,Education,plain,2024,15.88
Sangareddy,Education,plain,2024,20.93
Sangareddy,Education,plain,2017,8.59
Sangareddy,Education,plain,2021,16.78
Sangareddy,Education,plain,2023,10.14
Sangareddy,Education,plain,2023,12.03
Sangareddy,Education,plain,2020,23.37
Sangareddy,Education,plain,2023,18.28
Sangareddy,Education,plain,2023,23.5
Sangareddy,Education,plain,2020,10.42
Sangareddy,Education,plain,2022,17.51
Sangareddy,Education,plain,2015,15.19
Sangareddy,Education,plain,2023,16.75
Sangareddy,Education,plain,2025,21.47
Sangareddy,Education,plain,2019,16.92
Sangareddy,Education,plain,2025,15.06
Sangareddy,Education,plain,2015,14.66
Sangareddy,Education,plain,2023,12.84
Sangareddy,Education,plain,2017,30.44
Sangareddy,Education,plain,2022,22.89
Sangareddy,Education,plain,2023,18.5
Sangareddy,Education,plain,2017,18.37
Sangareddy,Education,plain,2015,11.68
Sangareddy,Education,plain,2020,17.52
Sangareddy,Education,plain,2023,16.57
Sangareddy,Education,plain,2015,16.01
Sangareddy,Education,plain,2016,14.43
Sangareddy,Education,plain,2016,34.01
Sangareddy,Education,plain,2015,24.88
Sangareddy,Education,plain,2021,23.15
Sangareddy,Education,plain,2022,9.94
Sangareddy,Education,plain,2016,10.9
Sangareddy,Education,plain,2024,16.84
Sangareddy,Education,plain,2022,14.97
Sangareddy,Education,plain,2023,15.85
Sangareddy,Education,plain,2020,14.82
Sangareddy,Education,plain,2015,30.05
Sangareddy,Education,plain,2024,19.09
Sangareddy,Education,plain,2015,10.6
Mahbubnagar,Education,plain,2021,11.9
Mahbubnagar,Education,plain,2021,23.92
Mahbubnagar,Education,plain,2025,14.31
Mahbubnagar,Education,plain,2018,23.28
Mahbubnagar,Education,plain,2024,18.17
Mahbubnagar,Education,plain,2025,13.75
Mahbubnagar,Education,plain,2022,21.32
Mahbubnagar,Education,plain,2015,22.6
Mahbubnagar,Education,plain,2015,11.91
Mahbubnagar,Education,plain,2022,17.23
Mahbubnagar,Education,plain,2025,21.94
Mahbubnagar,Education,plain,2025,11.4
Mahbubnagar,Education,plain,2020,16.13
Mahbubnagar,Education,plain,2016,12.82
Mahbubnagar,Education,plain,2021,9.62
Mahbubnagar,Education,plain,2018,19.82
Mahbubnagar,Education,plain,2018,14.73
Mahbubnagar,Education,plain,2015,12.7
Mahbubnagar,Education,plain,2016,17.65
Mahbubnagar,Education,plain,2019,21.85
Mahbubnagar,Education,plain,2015,9.98
Mahbubnagar,Education,plain,2022,14.08
Mahbubnagar,Education,plain,2020,10.22
Mahbubnagar,Education,plain,2016,16.16
Mahbubnagar,Education,plain,2023,13.79
Mahbubnagar,Education,plain,2020,23.01
Mahbubnagar,Education,plain,2024,25.03
Mahbubnagar,Education,plain,2022,17.74
Mahbubnagar,Education,plain,2020,24.1
Mahbubnagar,Education,plain,2024,22.02
Mahbubnagar,Education,plain,2022,14.62
Mahbubnagar,Education,plain,2024,13.07
Mahbubnagar,Education,plain,2016,13.27
Mahbubnagar,Education,plain,2019,12.73
Mahbubnagar,Education,plain,2022,15.36
Mahbubnagar,Education,plain,2016,9.01
Mahbubnagar,Education,plain,2019,16.73
Mahbubnagar,Education,plain,2022,16.56
Mahbubnagar,Education,plain,2024,21.52
Mahbubnagar,Education,plain,2021,13.93
Mahbubnagar,Education,plain,2021,28.69
Mahbubnagar,Education,plain,2021,10.58
Mahbubnagar,Education,plain,2016,9.02
Mahbubnagar,Education,plain,2025,15.46
Mahbubnagar,Education,plain,2025,13.56
Mahbubnagar,Education,plain,2021,19.02
Mahbubnagar,Education,plain,2017,16.34
Mahbubnagar,Education,plain,2024,15.01
Mahbubnagar,Education,plain,2018,22.01
Mahbubnagar,Education,plain,2019,10.96
Mahbubnagar,Education,plain,2025,22.09
Mahbubnagar,Education,plain,2024,19.37
Mahbubnagar,Education,plain,2017,13.46
Mahbubnagar,Education,plain,2021,17.05
Mahbubnagar,Education,plain,2025,7.34
Mahbubnagar,Education,plain,2021,20.12
Mahbubnagar,Education,plain,2025,12.05
Mahbubnagar,Education,plain,2020,26.36
Mahbubnagar,Education,plain,2020,15.62
Mahbubnagar,Education,plain,2024,9.84
Mahbubnagar,Education,plain,2015,16.92
Mahbubnagar,Education,plain,2021,16.45
Mahbubnagar,Education,plain,2022,12.08
Mahbubnagar,Education,plain,2019,14.38
Mahbubnagar,Education,plain,2022,21.9
Mahbubnagar,Education,plain,2016,9.44
Mahbubnagar,Education,plain,2018,12.1
Mahbubnagar,Education,plain,2021,15.4
Mahbubnagar,Education,plain,2016,13.52
Mahbubnagar,Education,plain,2020,8.4
Mahbubnagar,Education,plain,2018,9.43
Mahbubnagar,Education,plain,2024,11.57
Mahbubnagar,Education,plain,2020,21.88
Mahbubnagar,Education,plain,2018,15.95
Mahbubnagar,Education,plain,2023,15.53
Mahbubnagar,Education,plain,2025,32.05
Mahbubnagar,Education,plain,2016,11.83
Mahbubnagar,Education,plain,2018,15.61
Mahbubnagar,Education,plain,2019,16.81
Mahbubnagar,Education,plain,2021,14.34
Mahbubnagar,Education,plain,2015,18.38
Mahbubnagar,Education,plain,2017,10.93
Mahbubnagar,Education,plain,2021,8.01
Mahbubnagar,Education,plain,2024,15.43
Mahbubnagar,Education,plain,2019,15.85
Mahbubnagar,Education,plain,2025,16.71
Mahbubnagar,Education,plain,2016,17.61
Mahbubnagar,Education,plain,2018,15.54
Mahbubnagar,Education,plain,2017,19.7
Mahbubnagar,Education,plain,2022,12.64
Mahbubnagar,Education,plain,2020,12.58
Mahbubnagar,Education,plain,2019,24.7
Mahbubnagar,Education,plain,2021,16.72
Mahbubnagar,Education,plain,2020,16.39
Mahbubnagar,Education,plain,2016,16.11
Mahbubnagar,Education,plain,2022,14.65
Mahbubnagar,Education,plain,2015,8.3
Mahbubnagar,Education,plain,2022,17.94
Mahbubnagar,Education,plain,2016,16.31
Mahbubnagar,Education,plain,2018,15.2
Mahbubnagar,Education,plain,2022,11.72
Mahbubnagar,Education,plain,2020,26.02
Mahbubnagar,Education,plain,2019,20.88
Mahbubnagar,Education,plain,2016,31.52
Mahbubnagar,Education,plain,2020,12.59
Mahbubnagar,Education,plain,2019,15.18
Mahbubnagar,Education,plain,2020,12.28
Mahbubnagar,Education,plain,2016,19.03
Mahbubnagar,Education,plain,2019,10.67
Mahbubnagar,Education,plain,2018,15.39
Mahbubnagar,Education,plain,2015,18.11
Mahbubnagar,Education,plain,2019,16.85
Mahbubnagar,Education,plain,2015,9.07
Mahbubnagar,Education,plain,2015,12.6
Mahbubnagar,Education,plain,2023,13.84
Mahbubnagar,Education,plain,2017,16.64
Mahbubnagar,Education,plain,2022,13.04
Mahbubnagar,Education,plain,2016,19.97
Mahbubnagar,Education,plain,2025,24.13
Mahbubnagar,Education,plain,2018,18.54
Hyderabad,Health & Sanitation,plain,2022,23.2
Hyderabad,Health & Sanitation,plain,2020,17.26
Hyderabad,Health & Sanitation,plain,2019,23.43
Hyderabad,Health & Sanitation,plain,2021,34.33
Hyderabad,Health & Sanitation,plain,2019,19.2
Hyderabad,Health & Sanitation,plain,2022,18.06
Hyderabad,Health & Sanitation,plain,2024,21.07
Hyderabad,Health & Sanitation,plain,2024,21.55
Hyderabad,Health & Sanitation,plain,2015,18.93
Hyderabad,Health & Sanitation,plain,2015,25.57
Hyderabad,Health & Sanitation,plain,2015,21.95
Hyderabad,Health & Sanitation,plain,2018,10.73
Hyderabad,Health & Sanitation,plain,2016,20.97
Hyderabad,Health & Sanitation,plain,2025,37.28
Hyderabad,Health & Sanitation,plain,2017,21.47
Hyderabad,Health & Sanitation,plain,2018,15.95
Hyderabad,Health & Sanitation,plain,2022,21.66
Hyderabad,Health & Sanitation,plain,2023,24.93
Hyderabad,Health & Sanitation,plain,2017,26.74
Hyderabad,Health & Sanitation,plain,2021,34.0
Hyderabad,Health & Sanitation,plain,2015,12.46
Hyderabad,Health & Sanitation,plain,2019,29.62
Hyderabad,Health & Sanitation,plain,2025,19.3
Hyderabad,Health & Sanitation,plain,2024,15.45
Hyderabad,Health & Sanitation,plain,2023,17.05
Hyderabad,Health & Sanitation,plain,2018,22.08
Hyderabad,Health & Sanitation,plain,2015,14.3
Hyderabad,Health & Sanitation,plain,2015,23.44
Hyderabad,Health & Sanitation,plain,2016,15.92
Hyderabad,Health & Sanitation,plain,2022,26.52
Hyderabad,Health & Sanitation,plain,2018,34.32
Hyderabad,Health & Sanitation,plain,2021,17.03
Hyderabad,Health & Sanitation,plain,2016,27.28
Hyderabad,Health & Sanitation,plain,2021,15.53
Hyderabad,Health & Sanitation,plain,2023,28.56
Hyderabad,Health & Sanitation,plain,2024,23.72
Hyderabad,Health & Sanitation,plain,2017,31.43
Hyderabad,Health & Sanitation,plain,2022,27.15
Hyderabad,Health & Sanitation,plain,2023,23.33
Hyderabad,Health & Sanitation,plain,2023,25.51
Hyderabad,Health & Sanitation,plain,2023,19.33
Hyderabad,Health & Sanitation,plain,2016,19.48
Hyderabad,Health & Sanitation,plain,2022,22.25
Hyderabad,Health & Sanitation,plain,2018,13.57
Hyderabad,Health & Sanitation,plain,2019,17.66
Hyderabad,Health & Sanitation,plain,2024,12.72
Hyderabad,Health & Sanitation,plain,2021,20.23
Hyderabad,Health & Sanitation,plain,2016,18.91
Hyderabad,Health & Sanitation,plain,2020,19.11
Hyderabad,Health & Sanitation,plain,2023,14.08
Hyderabad,Health & Sanitation,plain,2015,23.35
Hyderabad,Health & Sanitation,plain,2021,22.98
Hyderabad,Health & Sanitation,plain,2016,19.71
Hyderabad,Health & Sanitation,plain,2017,17.33
Hyderabad,Health & Sanitation,plain,2019,13.5
Hyderabad,Health & Sanitation,plain,2017,21.59
Hyderabad,Health & Sanitation,plain,2025,35.08
Hyderabad,Health & Sanitation,plain,2019,19.56
Hyderabad,Health & Sanitation,plain,2020,12.79
Hyderabad,Health & Sanitation,plain,2021,17.86
Hyderabad,Health & Sanitation,plain,2022,18.79
Hyderabad,Health & Sanitation,plain,2024,20.95
Hyderabad,Health & Sanitation,plain,2025,24.86
Hyderabad,Health & Sanitation,plain,2020,26.57
Hyderabad,Health & Sanitation,plain,2019,22.74
Hyderabad,Health & Sanitation,plain,2015,27.39
Hyderabad,Health & Sanitation,plain,2019,43.78
Hyderabad,Health & Sanitation,plain,2020,17.72
Hyderabad,Health & Sanitation,plain,2016,22.38
Hyderabad,Health & Sanitation,plain,2021,24.89
Hyderabad,Health & Sanitation,plain,2015,16.45
Hyderabad,Health & Sanitation,plain,2019,15.62
Hyderabad,Health & Sanitation,plain,2024,18.14
Hyderabad,Health & Sanitation,plain,2024,36.76
Hyderabad,Health & Sanitation,plain,2019,31.42
Hyderabad,Health & Sanitation,plain,2016,24.93
Hyderabad,Health & Sanitation,plain,2022,15.41
Hyderabad,Health & Sanitation,plain,2017,15.66
Hyderabad,Health & Sanitation,plain,2019,34.07
Hyderabad,Health & Sanitation,plain,2017,13.71
Hyderabad,Health & Sanitation,plain,2022,21.2
Hyderabad,Health & Sanitation,plain,2024,19.2
Hyderabad,Health & Sanitation,plain,2018,13.72
Hyderabad,Health & Sanitation,plain,2017,31.5
Hyderabad,Health & Sanitation,plain,2019,21.14
Hyderabad,Health & Sanitation,plain,2025,28.44
Hyderabad,Health & Sanitation,plain,2017,24.33
Hyderabad,Health & Sanitation,plain,2020,25.87
Hyderabad,Health & Sanitation,plain,2021,22.7
Hyderabad,Health & Sanitation,plain,2017,23.2
Hyderabad,Health & Sanitation,plain,2025,21.94
Hyderabad,Health & Sanitation,plain,2020,22.23
Hyderabad,Health & Sanitation,plain,2018,15.72
Hyderabad,Health & Sanitation,plain,2019,31.01
Hyderabad,Health & Sanitation,plain,2016,16.88
Hyderabad,Health & Sanitation,plain,2017,22.38
Hyderabad,Health & Sanitation,plain,2021,20.83
Hyderabad,Health & Sanitation,plain,2016,23.75
Hyderabad,Health & Sanitation,plain,2015,27.29
Hyderabad,Health & Sanitation,plain,2022,21.58
Hyderabad,Health & Sanitation,plain,2018,36.6
Hyderabad,Health & Sanitation,plain,2015,29.99
Hyderabad,Health & Sanitation,plain,2022,18.76
Hyderabad,Health & Sanitation,plain,2015,20.45
Hyderabad,Health & Sanitation,plain,2022,19.94
Hyderabad,Health & Sanitation,plain,2024,36.51
Hyderabad,Health & Sanitation,plain,2021,31.25
Hyderabad,Health & Sanitation,plain,2024,24.59
Hyderabad,Health & Sanitation,plain,2018,15.01
Hyderabad,Health & Sanitation,plain,2016,13.0
Hyderabad,Health & Sanitation,plain,2025,28.93
Hyderabad,Health & Sanitation,plain,2021,23.34
Hyderabad,Health & Sanitation,plain,2019,29.78
Hyderabad,Health & Sanitation,plain,2025,23.74
Hyderabad,Health & Sanitation,plain,2021,17.0
Hyderabad,Health & Sanitation,plain,2018,22.82
Hyderabad,Health & Sanitation,plain,2018,14.84
Hyderabad,Health & Sanitation,plain,2017,23.1
Hyderabad,Health & Sanitation,plain,2015,30.42
Hyderabad,Health & Sanitation,plain,2018,18.02
Rangareddy,Health & Sanitation,plain,2025,25.41
Rangareddy,Health & Sanitation,plain,2023,13.43
Rangareddy,Health & Sanitation,plain,2019,21.43
Rangareddy,Health & Sanitation,plain,2024,26.4
Rangareddy,Health & Sanitation,plain,2019,22.22
Rangareddy,Health & Sanitation,plain,2015,13.9
Rangareddy,Health & Sanitation,plain,2025,15.06
Rangareddy,Health & Sanitation,plain,2015,22.76
Rangareddy,Health & Sanitation,plain,2015,19.0
Rangareddy,Health & Sanitation,plain,2018,16.93
Rangareddy,Health & Sanitation,plain,2021,17.93
Rangareddy,Health & Sanitation,plain,2025,18.59
Rangareddy,Health & Sanitation,plain,2016,15.61
Rangareddy,Health & Sanitation,plain,2023,25.75
Rangareddy,Health & Sanitation,plain,2019,37.28
Rangareddy,Health & Sanitation,plain,2016,16.02
Rangareddy,Health & Sanitation,plain,2019,24.12
Rangareddy,Health & Sanitation,plain,2017,18.67
Rangareddy,Health & Sanitation,plain,2025,14.11
Rangareddy,Health & Sanitation,plain,2023,9.6
Rangareddy,Health & Sanitation,plain,2021,17.42
Rangareddy,Health & Sanitation,plain,2016,25.34
Rangareddy,Health & Sanitation,plain,2021,14.64
Rangareddy,Health & Sanitation,plain,2019,25.15
Rangareddy,Health & Sanitation,plain,2015,27.14
Rangareddy,Health & Sanitation,plain,2019,29.21
Rangareddy,Health & Sanitation,plain,2021,19.73
Rangareddy,Health & Sanitation,plain,2015,16.18
Rangareddy,Health & Sanitation,plain,2017,11.2
Rangareddy,Health & Sanitation,plain,2020,27.55
Rangareddy,Health & Sanitation,plain,2016,19.42
Rangareddy,Health & Sanitation,plain,2020,12.34
Rangareddy,Health & Sanitation,plain,2016,22.2
Rangareddy,Health & Sanitation,plain,2023,26.02
Rangareddy,Health & Sanitation,plain,2016,13.45
Rangareddy,Health & Sanitation,plain,2019,24.59
Rangareddy,Health & Sanitation,plain,2022,20.3
Rangareddy,Health & Sanitation,plain,2017,27.13
Rangareddy,Health & Sanitation,plain,2018,16.98
Rangareddy,Health & Sanitation,plain,2017,17.45
Rangareddy,Health & Sanitation,plain,2017,14.86
Rangareddy,Health & Sanitation,plain,2017,15.58
Rangareddy,Health & Sanitation,plain,2023,14.09
Rangareddy,Health & Sanitation,plain,2021,14.11
Rangareddy,Health & Sanitation,plain,2018,19.18
Rangareddy,Health & Sanitation,plain,2016,14.01
Rangareddy,Health & Sanitation,plain,2021,17.53
Rangareddy,Health & Sanitation,plain,2022,10.19
Rangareddy,Health & Sanitation,plain,2020,26.83
Rangareddy,Health & Sanitation,plain,2021,16.97
Rangareddy,Health & Sanitation,plain,2016,12.7
Rangareddy,Health & Sanitation,plain,2017,16.77
Rangareddy,Health & Sanitation,plain,2023,19.44
Rangareddy,Health & Sanitation,plain,2016,12.34
Rangareddy,Health & Sanitation,plain,2024,24.32
Rangareddy,Health & Sanitation,plain,2017,17.66
Rangareddy,Health & Sanitation,plain,2022,24.34
Rangareddy,Health & Sanitation,plain,2018,13.39
Rangareddy,Health & Sanitation,plain,2023,23.4
Rangareddy,Health & Sanitation,plain,2022,20.26
Rangareddy,Health & Sanitation,plain,2023,23.09
Rangareddy,Health & Sanitation,plain,2018,28.53
Rangareddy,Health & Sanitation,plain,2023,13.95
Rangareddy,Health & Sanitation,plain,2022,14.17
Rangareddy,Health & Sanitation,plain,2017,11.54
Rangareddy,Health & Sanitation,plain,2025,16.6
Rangareddy,Health & Sanitation,plain,2021,19.17
Rangareddy,Health & Sanitation,plain,2015,14.46
Rangareddy,Health & Sanitation,plain,2015,18.14
Rangareddy,Health & Sanitation,plain,2020,15.43
Rangareddy,Health & Sanitation,plain,2024,16.08
Rangareddy,Health & Sanitation,plain,2024,14.61
Rangareddy,Health & Sanitation,plain,2024,20.47
Rangareddy,Health & Sanitation,plain,2019,22.19
Rangareddy,Health & Sanitation,plain,2023,16.16
Rangareddy,Health & Sanitation,plain,2015,16.26
Rangareddy,Health & Sanitation,plain,2017,17.66
Rangareddy,Health & Sanitation,plain,2024,21.01
Rangareddy,Health & Sanitation,plain,2021,34.18
Rangareddy,Health & Sanitation,plain,2022,21.7
Rangareddy,Health & Sanitation,plain,2025,17.38
Rangareddy,Health & Sanitation,plain,2017,21.29
Rangareddy,Health & Sanitation,plain,2017,14.92
Rangareddy,Health & Sanitation,plain,2016,11.19
Rangareddy,Health & Sanitation,plain,2021,29.94
Rangareddy,Health & Sanitation,plain,2019,13.82
Rangareddy,Health & Sanitation,plain,2016,22.21
Rangareddy,Health & Sanitation,plain,2016,18.43
Rangareddy,Health & Sanitation,plain,2018,21.06
Rangareddy,Health & Sanitation,plain,2025,18.05
Rangareddy,Health & Sanitation,plain,2021,20.2
Rangareddy,Health & Sanitation,plain,2019,21.34
Rangareddy,Health & Sanitation,plain,2016,32.08
Rangareddy,Health & Sanitation,plain,2018,12.82
Rangareddy,Health & Sanitation,plain,2017,14.95
Rangareddy,Health & Sanitation,plain,2025,33.56
Rangareddy,Health & Sanitation,plain,2021,16.56
Rangareddy,Health & Sanitation,plain,2022,29.37
Rangareddy,Health & Sanitation,plain,2024,12.95
Rangareddy,Health & Sanitation,plain,2021,23.6
Rangareddy,Health & Sanitation,plain,2017,21.12
Rangareddy,Health & Sanitation,plain,2024,27.74
Rangareddy,Health & Sanitation,plain,2024,23.51
Rangareddy,Health & Sanitation,plain,2015,14.8
Rangareddy,Health & Sanitation,plain,2018,20.26
Rangareddy,Health & Sanitation,plain,2016,23.44
Rangareddy,Health & Sanitation,plain,2019,28.06
Rangareddy,Health & Sanitation,plain,2025,17.57
Rangareddy,Health & Sanitation,plain,2025,15.87
Rangareddy,Health & Sanitation,plain,2022,15.89
Rangareddy,Health & Sanitation,plain,2024,14.52
Rangareddy,Health & Sanitation,plain,2015,11.9
Rangareddy,Health & Sanitation,plain,2021,11.17
Rangareddy,Health & Sanitation,plain,2025,13.66
Rangareddy,Health & Sanitation,plain,2015,23.78
Rangareddy,Health & Sanitation,plain,2018,24.81
Rangareddy,Health & Sanitation,plain,2017,17.24
Rangareddy,Health & Sanitation,plain,2024,24.95
Rangareddy,Health & Sanitation,plain,2015,17.06
Rangareddy,Health & Sanitation,plain,2022,29.05
Medchal-Malkajgiri,Health & Sanitation,plain,2018,14.2
Medchal-Malkajgiri,Health & Sanitation,plain,2025,15.9
Medchal-Malkajgiri,Health & Sanitation,plain,2020,23.03
Medchal-Malkajgiri,Health & Sanitation,plain,2016,16.83
Medchal-Malkajgiri,Health & Sanitation,plain,2022,21.77
Medchal-Malkajgiri,Health & Sanitation,plain,2018,21.39
Medchal-Malkajgiri,Health & Sanitation,plain,2020,37.07
Medchal-Malkajgiri,Health & Sanitation,plain,2016,9.14
Medchal-Malkajgiri,Health & Sanitation,plain,2019,24.85
Medchal-Malkajgiri,Health & Sanitation,plain,2017,22.83
Medchal-Malkajgiri,Health & Sanitation,plain,2018,14.35
Medchal-Malkajgiri,Health & Sanitation,plain,2015,19.71
Medchal-Malkajgiri,Health & Sanitation,plain,2023,18.52
Medchal-Malkajgiri,Health & Sanitation,plain,2016,16.7
Medchal-Malkajgiri,Health & Sanitation,plain,2023,24.1
Medchal-Malkajgiri,Health & Sanitation,plain,2017,20.92
Medchal-Malkajgiri,Health & Sanitation,plain,2018,20.06
Medchal-Malkajgiri,Health & Sanitation,plain,2020,13.43
Medchal-Malkajgiri,Health & Sanitation,plain,2016,15.1
Medchal-Malkajgiri,Health & Sanitation,plain,2021,11.42
Medchal-Malkajgiri,Health & Sanitation,plain,2016,28.25
Medchal-Malkajgiri,Health & Sanitation,plain,2023,16.8
Medchal-Malkajgiri,Health & Sanitation,plain,2017,37.48
Medchal-Malkajgiri,Health & Sanitation,plain,2017,14.61
Medchal-Malkajgiri,Health & Sanitation,plain,2018,13.47
Medchal-Malkajgiri,Health & Sanitation,plain,2018,10.72
Medchal-Malkajgiri,Health & Sanitation,plain,2018,10.67
Medchal-Malkajgiri,Health & Sanitation,plain,2015,18.55
Medchal-Malkajgiri,Health & Sanitation,plain,2025,13.42
Medchal-Malkajgiri,Health & Sanitation,plain,2025,11.24
Medchal-Malkajgiri,Health & Sanitation,plain,2017,16.97
Medchal-Malkajgiri,Health & Sanitation,plain,2025,35.01
Medchal-Malkajgiri,Health & Sanitation,plain,2019,12.58
Medchal-Malkajgiri,Health & Sanitation,plain,2023,15.1
Medchal-Malkajgiri,Health & Sanitation,plain,2015,15.76
Medchal-Malkajgiri,Health & Sanitation,plain,2019,16.02
Medchal-Malkajgiri,Health & Sanitation,plain,2021,13.64
Medchal-Malkajgiri,Health & Sanitation,plain,2023,15.08
Medchal-Malkajgiri,Health & Sanitation,plain,2016,11.5
Medchal-Malkajgiri,Health & Sanitation,plain,2016,18.38
Medchal-Malkajgiri,Health & Sanitation,plain,2019,26.29
Medchal-Malkajgiri,Health & Sanitation,plain,2022,16.18
Medchal-Malkajgiri,Health & Sanitation,plain,2017,13.81
Medchal-Malkajgiri,Health & Sanitation,plain,2020,28.42
Medchal-Malkajgiri,Health & Sanitation,plain,2021,15.19
Medchal-Malkajgiri,Health & Sanitation,plain,2015,17.22
Medchal-Malkajgiri,Health & Sanitation,plain,2015,15.62
Medchal-Malkajgiri,Health & Sanitation,plain,2017,21.85
Medchal-Malkajgiri,Health & Sanitation,plain,2022,12.45
Medchal-Malkajgiri,Health & Sanitation,plain,2019,16.6
Medchal-Malkajgiri,Health & Sanitation,plain,2018,20.21
Medchal-Malkajgiri,Health & Sanitation,plain,2015,19.44
Medchal-Malkajgiri,Health & Sanitation,plain,2018,8.79
Medchal-Malkajgiri,Health & Sanitation,plain,2018,17.95
Medchal-Malkajgiri,Health & Sanitation,plain,2023,23.47
Medchal-Malkajgiri,Health & Sanitation,plain,2025,7.31
Medchal-Malkajgiri,Health & Sanitation,plain,2016,12.91
Medchal-Malkajgiri,Health & Sanitation,plain,2023,17.16
Medchal-Malkajgiri,Health & Sanitation,plain,2019,16.76
Medchal-Malkajgiri,Health & Sanitation,plain,2020,16.55
Medchal-Malkajgiri,Health & Sanitation,plain,2015,16.1
Medchal-Malkajgiri,Health & Sanitation,plain,2017,19.19
Medchal-Malkajgiri,Health & Sanitation,plain,2025,14.04
Medchal-Malkajgiri,Health & Sanitation,plain,2021,16.0
Medchal-Malkajgiri,Health & Sanitation,plain,2022,14.14
Medchal-Malkajgiri,Health & Sanitation,plain,2020,25.3
Medchal-Malkajgiri,Health & Sanitation,plain,2015,12.02
Medchal-Malkajgiri,Health & Sanitation,plain,2025,15.4
Medchal-Malkajgiri,Health & Sanitation,plain,2020,27.63
Medchal-Malkajgiri,Health & Sanitation,plain,2016,14.8
Medchal-Malkajgiri,Health & Sanitation,plain,2019,17.83
Medchal-Malkajgiri,Health & Sanitation,plain,2020,13.87
Medchal-Malkajgiri,Health & Sanitation,plain,2019,25.55
Medchal-Malkajgiri,Health & Sanitation,plain,2023,16.13
Medchal-Malkajgiri,Health & Sanitation,plain,2020,18.34
Medchal-Malkajgiri,Health & Sanitation,plain,2018,26.17
Medchal-Malkajgiri,Health & Sanitation,plain,2021,25.08
Medchal-Malkajgiri,Health & Sanitation,plain,2024,23.05
Medchal-Malkajgiri,Health & Sanitation,plain,2015,17.17
Medchal-Malkajgiri,Health & Sanitation,plain,2025,17.5
Medchal-Malkajgiri,Health & Sanitation,plain,2017,18.43
Medchal-Malkajgiri,Health & Sanitation,plain,2022,18.86
Medchal-Malkajgiri,Health & Sanitation,plain,2015,15.27
Medchal-Malkajgiri,Health & Sanitation,plain,2024,31.09
Medchal-Malkajgiri,Health & Sanitation,plain,2018,20.47
Medchal-Malkajgiri,Health & Sanitation,plain,2016,26.81
Medchal-Malkajgiri,Health & Sanitation,plain,2022,11.29
Medchal-Malkajgiri,Health & Sanitation,plain,2020,17.74
Medchal-Malkajgiri,Health & Sanitation,plain,2024,18.07
Medchal-Malkajgiri,Health & Sanitation,plain,2019,24.33
Medchal-Malkajgiri,Health & Sanitation,plain,2020,18.37
Medchal-Malkajgiri,Health & Sanitation,plain,2018,19.98
Medchal-Malkajgiri,Health & Sanitation,plain,2022,16.91
Medchal-Malkajgiri,Health & Sanitation,plain,2022,14.51
Medchal-Malkajgiri,Health & Sanitation,plain,2017,28.61
Medchal-Malkajgiri,Health & Sanitation,plain,2016,12.24
Medchal-Malkajgiri,Health & Sanitation,plain,2018,18.49
Medchal-Malkajgiri,Health & Sanitation,plain,2024,10.08
Medchal-Malkajgiri,Health & Sanitation,plain,2021,12.63
Medchal-Malkajgiri,Health & Sanitation,plain,2023,12.11
Medchal-Malkajgiri,Health & Sanitation,plain,2018,15.89
Medchal-Malkajgiri,Health & Sanitation,plain,2017,21.18
Medchal-Malkajgiri,Health & Sanitation,plain,2017,17.55
Medchal-Malkajgiri,Health & Sanitation,plain,2016,17.28
Medchal-Malkajgiri,Health & Sanitation,plain,2020,11.43
Medchal-Malkajgiri,Health & Sanitation,plain,2021,11.13
Medchal-Malkajgiri,Health & Sanitation,plain,2019,18.4
Medchal-Malkajgiri,Health & Sanitation,plain,2015,11.66
Medchal-Malkajgiri,Health & Sanitation,plain,2018,13.19
Medchal-Malkajgiri,Health & Sanitation,plain,2015,8.53
Medchal-Malkajgiri,Health & Sanitation,plain,2022,28.09
Medchal-Malkajgiri,Health & Sanitation,plain,2018,11.83
Medchal-Malkajgiri,Health & Sanitation,plain,2015,29.22
Medchal-Malkajgiri,Health & Sanitation,plain,2016,22.15
Medchal-Malkajgiri,Health & Sanitation,plain,2024,15.08
Medchal-Malkajgiri,Health & Sanitation,plain,2021,11.02
Medchal-Malkajgiri,Health & Sanitation,plain,2021,33.29
Medchal-Malkajgiri,Health & Sanitation,plain,2020,16.68
Medchal-Malkajgiri,Health & Sanitation,plain,2022,13.82
Medchal-Malkajgiri,Health & Sanitation,plain,2021,14.39
Sangareddy,Health & Sanitation,plain,2020,9.3
Sangareddy,Health & Sanitation,plain,2018,24.18
Sangareddy,Health & Sanitation,plain,2017,11.87
Sangareddy,Health & Sanitation,plain,2016,12.1
Sangareddy,Health & Sanitation,plain,2023,25.32
Sangareddy,Health & Sanitation,plain,2019,22.94
Sangareddy,Health & Sanitation,plain,2021,12.29
Sangareddy,Health & Sanitation,plain,2018,20.66
Sangareddy,Health & Sanitation,plain,2018,22.0
Sangareddy,Health & Sanitation,plain,2023,15.28
Sangareddy,Health & Sanitation,plain,2022,14.64
Sangareddy,Health & Sanitation,plain,2017,13.23
Sangareddy,Health & Sanitation,plain,2025,17.13
Sangareddy,Health & Sanitation,plain,2024,22.2
Sangareddy,Health & Sanitation,plain,2024,21.2
Sangareddy,Health & Sanitation,plain,2020,26.85
Sangareddy,Health & Sanitation,plain,2019,20.04
Sangareddy,Health & Sanitation,plain,2024,16.28
Sangareddy,Health & Sanitation,plain,2022,13.96
Sangareddy,Health & Sanitation,plain,2016,15.46
Sangareddy,Health & Sanitation,plain,2025,15.95
Sangareddy,Health & Sanitation,plain,2025,14.91
Sangareddy,Health & Sanitation,plain,2017,17.39
Sangareddy,Health & Sanitation,plain,2024,17.24
Sangareddy,Health & Sanitation,plain,2018,18.89
Sangareddy,Health & Sanitation,plain,2022,16.53
Sangareddy,Health & Sanitation,plain,2022,28.04
Sangareddy,Health & Sanitation,plain,2018,10.56
Sangareddy,Health & Sanitation,plain,2019,15.59
Sangareddy,Health & Sanitation,plain,2022,23.97
Sangareddy,Health & Sanitation,plain,2025,16.14
Sangareddy,Health & Sanitation,plain,2016,25.22
Sangareddy,Health & Sanitation,plain,2022,19.04
Sangareddy,Health & Sanitation,plain,2023,17.43
Sangareddy,Health & Sanitation,plain,2025,20.14
Sangareddy,Health & Sanitation,plain,2025,13.06
Sangareddy,Health & Sanitation,plain,2022,13.35
Sangareddy,Health & Sanitation,plain,2017,8.28
Sangareddy,Health & Sanitation,plain,2017,11.55
Sangareddy,Health & Sanitation,plain,2018,12.38
Sangareddy,Health & Sanitation,plain,2023,19.82
Sangareddy,Health & Sanitation,plain,2022,16.72
Sangareddy,Health & Sanitation,plain,2015,16.57
Sangareddy,Health & Sanitation,plain,2022,23.79
Sangareddy,Health & Sanitation,plain,2019,25.56
Sangareddy,Health & Sanitation,plain,2021,7.95
Sangareddy,Health & Sanitation,plain,2025,20.33
Sangareddy,Health & Sanitation,plain,2023,23.75
Sangareddy,Health & Sanitation,plain,2020,12.13
Sangareddy,Health & Sanitation,plain,2015,16.57
Sangareddy,Health & Sanitation,plain,2017,21.55
Sangareddy,Health & Sanitation,plain,2015,7.04
Sangareddy,Health & Sanitation,plain,2025,18.0
Sangareddy,Health & Sanitation,plain,2016,25.66
Sangareddy,Health & Sanitation,plain,2019,11.18
Sangareddy,Health & Sanitation,plain,2016,23.73
Sangareddy,Health & Sanitation,plain,2017,15.83
Sangareddy,Health & Sanitation,plain,2016,10.22
Sangareddy,Health & Sanitation,plain,2019,16.03
Sangareddy,Health & Sanitation,plain,2019,21.6
Sangareddy,Health & Sanitation,plain,2021,14.39
Sangareddy,Health & Sanitation,plain,2025,10.04
Sangareddy,Health & Sanitation,plain,2020,10.87
Sangareddy,Health & Sanitation,plain,2018,15.8
Sangareddy,Health & Sanitation,plain,2021,23.73
Sangareddy,Health & Sanitation,plain,2024,12.17
Sangareddy,Health & Sanitation,plain,2016,16.18
Sangareddy,Health & Sanitation,plain,2015,14.16
Sangareddy,Health & Sanitation,plain,2025,16.43
Sangareddy,Health & Sanitation,plain,2017,16.58
Sangareddy,Health & Sanitation,plain,2019,23.39
Sangareddy,Health & Sanitation,plain,2025,18.25
Sangareddy,Health & Sanitation,plain,2015,14.83
Sangareddy,Health & Sanitation,plain,2020,27.24
Sangareddy,Health & Sanitation,plain,2018,11.34
Sangareddy,Health & Sanitation,plain,2016,16.01
Sangareddy,Health & Sanitation,plain,2021,15.14
Sangareddy,Health & Sanitation,plain,2015,17.01
Sangareddy,Health & Sanitation,plain,2017,14.6
Sangareddy,Health & Sanitation,plain,2019,10.85
Sangareddy,Health & Sanitation,plain,2019,29.83
Sangareddy,Health & Sanitation,plain,2025,14.85
Sangareddy,Health & Sanitation,plain,2020,14.41
Sangareddy,Health & Sanitation,plain,2022,11.58
Sangareddy,Health & Sanitation,plain,2020,20.12
Sangareddy,Health & Sanitation,plain,2023,28.89
Sangareddy,Health & Sanitation,plain,2020,19.98
Sangareddy,Health & Sanitation,plain,2017,20.41
Sangareddy,Health & Sanitation,plain,2021,12.63
Sangareddy,Health & Sanitation,plain,2018,48.99
Sangareddy,Health & Sanitation,plain,2020,17.59
Sangareddy,Health & Sanitation,plain,2015,27.11
Sangareddy,Health & Sanitation,plain,2019,32.14
Sangareddy,Health & Sanitation,plain,2018,13.3
Sangareddy,Health & Sanitation,plain,2015,19.49
Sangareddy,Health & Sanitation,plain,2020,26.18
Sangareddy,Health & Sanitation,plain,2024,12.24
Sangareddy,Health & Sanitation,plain,2024,27.48
Sangareddy,Health & Sanitation,plain,2015,13.07
Sangareddy,Health & Sanitation,plain,2015,21.85
Sangareddy,Health & Sanitation,plain,2020,7.52
Sangareddy,Health & Sanitation,plain,2019,26.99
Sangareddy,Health & Sanitation,plain,2024,11.38
Sangareddy,Health & Sanitation,plain,2017,17.94
Sangareddy,Health & Sanitation,plain,2022,10.49
Sangareddy,Health & Sanitation,plain,2018,10.03
Sangareddy,Health & Sanitation,plain,2024,15.95
Sangareddy,Health & Sanitation,plain,2015,21.69
Sangareddy,Health & Sanitation,plain,2020,23.39
Sangareddy,Health & Sanitation,plain,2020,14.74
Sangareddy,Health & Sanitation,plain,2019,12.78
Sangareddy,Health & Sanitation,plain,2015,11.9
Sangareddy,Health & Sanitation,plain,2018,9.89
Sangareddy,Health & Sanitation,plain,2021,20.02
Sangareddy,Health & Sanitation,plain,2016,11.02
Sangareddy,Health & Sanitation,plain,2019,16.72
Sangareddy,Health & Sanitation,plain,2019,13.43
Sangareddy,Health & Sanitation,plain,2019,16.02
Sangareddy,Health & Sanitation,plain,2020,14.74
Sangareddy,Health & Sanitation,plain,2018,18.4
Mahbubnagar,Health & Sanitation,plain,2016,14.06
Mahbubnagar,Health & Sanitation,plain,2018,15.68
Mahbubnagar,Health & Sanitation,plain,2023,18.06
Mahbubnagar,Health & Sanitation,plain,2023,20.18
Mahbubnagar,Health & Sanitation,plain,2018,8.54
Mahbubnagar,Health & Sanitation,plain,2017,13.2
Mahbubnagar,Health & Sanitation,plain,2020,21.14
Mahbubnagar,Health & Sanitation,plain,2022,16.95
Mahbubnagar,Health & Sanitation,plain,2025,16.1
Mahbubnagar,Health & Sanitation,plain,2024,14.24
Mahbubnagar,Health & Sanitation,plain,2023,11.14
Mahbubnagar,Health & Sanitation,plain,2021,22.5
Mahbubnagar,Health & Sanitation,plain,2022,13.75
Mahbubnagar,Health & Sanitation,plain,2015,15.33
Mahbubnagar,Health & Sanitation,plain,2020,11.21
Mahbubnagar,Health & Sanitation,plain,2022,11.75
Mahbubnagar,Health & Sanitation,plain,2025,15.01
Mahbubnagar,Health & Sanitation,plain,2021,21.86
Mahbubnagar,Health & Sanitation,plain,2016,9.98
Mahbubnagar,Health & Sanitation,plain,2023,9.91
Mahbubnagar,Health & Sanitation,plain,2025,13.52
Mahbubnagar,Health & Sanitation,plain,2023,15.99
Mahbubnagar,Health & Sanitation,plain,2021,21.93
Mahbubnagar,Health & Sanitation,plain,2023,20.39
Mahbubnagar,Health & Sanitation,plain,2024,21.12
Mahbubnagar,Health & Sanitation,plain,2024,11.77
Mahbubnagar,Health & Sanitation,plain,2018,13.79
Mahbubnagar,Health & Sanitation,plain,2025,22.33
Mahbubnagar,Health & Sanitation,plain,2025,15.76
Mahbubnagar,Health & Sanitation,plain,2019,13.2
Mahbubnagar,Health & Sanitation,plain,2016,10.97
Mahbubnagar,Health & Sanitation,plain,2022,9.6
Mahbubnagar,Health & Sanitation,plain,2017,18.8
Mahbubnagar,Health & Sanitation,plain,2025,10.55
Mahbubnagar,Health & Sanitation,plain,2024,16.65
Mahbubnagar,Health & Sanitation,plain,2022,27.87
Mahbubnagar,Health & Sanitation,plain,2020,11.51
Mahbubnagar,Health & Sanitation,plain,2022,10.81
Mahbubnagar,Health & Sanitation,plain,2020,21.58
Mahbubnagar,Health & Sanitation,plain,2022,8.02
Mahbubnagar,Health & Sanitation,plain,2020,14.59
Mahbubnagar,Health & Sanitation,plain,2016,12.35
Mahbubnagar,Health & Sanitation,plain,2019,15.75
Mahbubnagar,Health & Sanitation,plain,2017,16.96
Mahbubnagar,Health & Sanitation,plain,2015,17.8
Mahbubnagar,Health & Sanitation,plain,2019,9.96
Mahbubnagar,Health & Sanitation,plain,2023,18.95
Mahbubnagar,Health & Sanitation,plain,2020,16.74
Mahbubnagar,Health & Sanitation,plain,2020,11.32
Mahbubnagar,Health & Sanitation,plain,2023,25.54
Mahbubnagar,Health & Sanitation,plain,2017,10.5
Mahbubnagar,Health & Sanitation,plain,2019,10.89
Mahbubnagar,Health & Sanitation,plain,2023,14.54
Mahbubnagar,Health & Sanitation,plain,2024,21.66
Mahbubnagar,Health & Sanitation,plain,2020,18.24
Mahbubnagar,Health & Sanitation,plain,2023,18.04
Mahbubnagar,Health & Sanitation,plain,2018,9.91
Mahbubnagar,Health & Sanitation,plain,2017,15.4
Mahbubnagar,Health & Sanitation,plain,2018,24.14
Mahbubnagar,Health & Sanitation,plain,2025,28.39
Mahbubnagar,Health & Sanitation,plain,2015,19.85
Mahbubnagar,Health & Sanitation,plain,2019,22.77
Mahbubnagar,Health & Sanitation,plain,2017,13.76
Mahbubnagar,Health & Sanitation,plain,2024,16.02
Mahbubnagar,Health & Sanitation,plain,2025,11.86
Mahbubnagar,Health & Sanitation,plain,2025,17.29
Mahbubnagar,Health & Sanitation,plain,2018,9.78
Mahbubnagar,Health & Sanitation,plain,2019,25.04
Mahbubnagar,Health & Sanitation,plain,2022,37.69
Mahbubnagar,Health & Sanitation,plain,2021,14.44
Mahbubnagar,Health & Sanitation,plain,2025,27.07
Mahbubnagar,Health & Sanitation,plain,2021,18.22
Mahbubnagar,Health & Sanitation,plain,2017,17.11
Mahbubnagar,Health & Sanitation,plain,2021,11.44
Mahbubnagar,Health & Sanitation,plain,2021,11.7
Mahbubnagar,Health & Sanitation,plain,2016,20.74
Mahbubnagar,Health & Sanitation,plain,2023,11.01
Mahbubnagar,Health & Sanitation,plain,2017,20.37
Mahbubnagar,Health & Sanitation,plain,2017,6.12
Mahbubnagar,Health & Sanitation,plain,2016,15.97
Mahbubnagar,Health & Sanitation,plain,2025,23.6
Mahbubnagar,Health & Sanitation,plain,2016,19.57
Mahbubnagar,Health & Sanitation,plain,2016,15.31
Mahbubnagar,Health & Sanitation,plain,2017,18.84
Mahbubnagar,Health & Sanitation,plain,2021,15.24
Mahbubnagar,Health & Sanitation,plain,2016,15.47
Mahbubnagar,Health & Sanitation,plain,2016,16.95
Mahbubnagar,Health & Sanitation,plain,2025,34.03
Mahbubnagar,Health & Sanitation,plain,2022,21.37
Mahbubnagar,Health & Sanitation,plain,2022,30.71
Mahbubnagar,Health & Sanitation,plain,2016,26.76
Mahbubnagar,Health & Sanitation,plain,2021,10.48
Mahbubnagar,Health & Sanitation,plain,2023,13.47
Mahbubnagar,Health & Sanitation,plain,2025,23.36
Mahbubnagar,Health & Sanitation,plain,2024,19.5
Mahbubnagar,Health & Sanitation,plain,2019,18.46
Mahbubnagar,Health & Sanitation,plain,2023,24.82
Mahbubnagar,Health & Sanitation,plain,2025,18.2
Mahbubnagar,Health & Sanitation,plain,2016,13.7
Mahbubnagar,Health & Sanitation,plain,2018,18.29
Mahbubnagar,Health & Sanitation,plain,2025,12.95
Mahbubnagar,Health & Sanitation,plain,2023,10.37
Mahbubnagar,Health & Sanitation,plain,2022,13.74
Mahbubnagar,Health & Sanitation,plain,2025,21.93
Mahbubnagar,Health & Sanitation,plain,2025,15.29
Mahbubnagar,Health & Sanitation,plain,2025,21.72
Mahbubnagar,Health & Sanitation,plain,2025,23.36
Mahbubnagar,Health & Sanitation,plain,2017,17.38
Mahbubnagar,Health & Sanitation,plain,2016,16.33
Mahbubnagar,Health & Sanitation,plain,2025,15.79
Mahbubnagar,Health & Sanitation,plain,2015,14.98
Mahbubnagar,Health & Sanitation,plain,2018,20.84
Mahbubnagar,Health & Sanitation,plain,2019,9.12
Mahbubnagar,Health & Sanitation,plain,2021,16.6
Mahbubnagar,Health & Sanitation,plain,2021,22.31
Mahbubnagar,Health & Sanitation,plain,2020,17.77
Mahbubnagar,Health & Sanitation,plain,2017,12.71
Mahbubnagar,Health & Sanitation,plain,2016,13.47
Mahbubnagar,Health & Sanitation,plain,2020,18.43
Mahbubnagar,Health & Sanitation,plain,2024,18.98
Hyderabad,Social Infrastructure,plain,2017,14.81
Hyderabad,Social Infrastructure,plain,2023,16.65
Hyderabad,Social Infrastructure,plain,2016,20.15
Hyderabad,Social Infrastructure,plain,2018,27.29
Hyderabad,Social Infrastructure,plain,2023,16.35
Hyderabad,Social Infrastructure,plain,2023,12.95
Hyderabad,Social Infrastructure,plain,2017,11.76
Hyderabad,Social Infrastructure,plain,2022,21.71
Hyderabad,Social Infrastructure,plain,2015,14.48
Hyderabad,Social Infrastructure,plain,2025,19.35
Hyderabad,Social Infrastructure,plain,2025,24.72
Hyderabad,Social Infrastructure,plain,2023,19.9
Hyderabad,Social Infrastructure,plain,2020,16.11
Hyderabad,Social Infrastructure,plain,2020,6.81
Hyderabad,Social Infrastructure,plain,2019,21.2
Hyderabad,Social Infrastructure,plain,2021,18.17
Hyderabad,Social Infrastructure,plain,2025,16.03
Hyderabad,Social Infrastructure,plain,2025,22.96
Hyderabad,Social Infrastructure,plain,2015,15.77
Hyderabad,Social Infrastructure,plain,2019,20.24
Hyderabad,Social Infrastructure,plain,2021,16.08
Hyderabad,Social Infrastructure,plain,2022,21.27
Hyderabad,Social Infrastructure,plain,2025,15.79
Hyderabad,Social Infrastructure,plain,2017,10.84
Hyderabad,Social Infrastructure,plain,2022,22.07
Hyderabad,Social Infrastructure,plain,2020,12.64
Hyderabad,Social Infrastructure,plain,2023,12.03
Hyderabad,Social Infrastructure,plain,2015,12.12
Hyderabad,Social Infrastructure,plain,2025,19.79
Hyderabad,Social Infrastructure,plain,2016,12.39
Hyderabad,Social Infrastructure,plain,2025,11.48
Hyderabad,Social Infrastructure,plain,2017,10.37
Hyderabad,Social Infrastructure,plain,2025,23.28
Hyderabad,Social Infrastructure,plain,2020,13.83
Hyderabad,Social Infrastructure,plain,2021,14.23
Hyderabad,Social Infrastructure,plain,2015,13.67
Hyderabad,Social Infrastructure,plain,2025,21.3
Hyderabad,Social Infrastructure,plain,2020,12.91
Hyderabad,Social Infrastructure,plain,2022,18.73
Hyderabad,Social Infrastructure,plain,2025,25.11
Hyderabad,Social Infrastructure,plain,2015,19.07
Hyderabad,Social Infrastructure,plain,2022,16.47
Hyderabad,Social Infrastructure,plain,2018,19.36
Hyderabad,Social Infrastructure,plain,2019,12.78
Hyderabad,Social Infrastructure,plain,2024,13.41
Hyderabad,Social Infrastructure,plain,2020,27.29
Hyderabad,Social Infrastructure,plain,2025,14.45
Hyderabad,Social Infrastructure,plain,2023,19.0
Hyderabad,Social Infrastructure,plain,2023,17.19
Hyderabad,Social Infrastructure,plain,2019,19.82
Hyderabad,Social Infrastructure,plain,2016,23.38
Hyderabad,Social Infrastructure,plain,2019,15.56
Hyderabad,Social Infrastructure,plain,2017,16.04
Hyderabad,Social Infrastructure,plain,2019,15.09
Hyderabad,Social Infrastructure,plain,2017,16.9
Hyderabad,Social Infrastructure,plain,2022,15.36
Hyderabad,Social Infrastructure,plain,2015,25.85
Hyderabad,Social Infrastructure,plain,2019,12.31
Hyderabad,Social Infrastructure,plain,2020,17.13
Hyderabad,Social Infrastructure,plain,2015,12.41
Hyderabad,Social Infrastructure,plain,2015,15.09
Hyderabad,Social Infrastructure,plain,2024,12.96
Hyderabad,Social Infrastructure,plain,2020,16.11
Hyderabad,Social Infrastructure,plain,2021,10.03
Hyderabad,Social Infrastructure,plain,2021,13.85
Hyderabad,Social Infrastructure,plain,2023,12.64
Hyderabad,Social Infrastructure,plain,2025,13.37
Hyderabad,Social Infrastructure,plain,2020,18.38
Hyderabad,Social Infrastructure,plain,2022,18.99
Hyderabad,Social Infrastructure,plain,2018,15.36
Hyderabad,Social Infrastructure,plain,2019,17.24
Hyderabad,Social Infrastructure,plain,2021,15.37
Hyderabad,Social Infrastructure,plain,2020,13.75
Hyderabad,Social Infrastructure,plain,2022,26.85
Hyderabad,Social Infrastructure,plain,2016,13.82
Hyderabad,Social Infrastructure,plain,2019,11.53
Hyderabad,Social Infrastructure,plain,2015,12.18
Hyderabad,Social Infrastructure,plain,2023,19.1
Hyderabad,Social Infrastructure,plain,2023,11.95
Hyderabad,Social Infrastructure,plain,2023,15.73
Hyderabad,Social Infrastructure,plain,2024,12.47
Hyderabad,Social Infrastructure,plain,2019,11.8
Hyderabad,Social Infrastructure,plain,2018,10.8
Hyderabad,Social Infrastructure,plain,2025,16.69
Hyderabad,Social Infrastructure,plain,2022,18.58
Hyderabad,Social Infrastructure,plain,2021,12.64
Hyderabad,Social Infrastructure,plain,2015,12.97
Hyderabad,Social Infrastructure,plain,2021,13.6
Hyderabad,Social Infrastructure,plain,2016,25.2
Hyderabad,Social Infrastructure,plain,2021,21.86
Hyderabad,Social Infrastructure,plain,2016,12.15
Hyderabad,Social Infrastructure,plain,2021,11.72
Hyderabad,Social Infrastructure,plain,2019,12.94
Hyderabad,Social Infrastructure,plain,2025,18.7
Hyderabad,Social Infrastructure,plain,2016,18.82
Hyderabad,Social Infrastructure,plain,2015,25.38
Hyderabad,Social Infrastructure,plain,2024,12.61
Hyderabad,Social Infrastructure,plain,2022,10.78
Hyderabad,Social Infrastructure,plain,2023,13.08
Hyderabad,Social Infrastructure,plain,2018,17.14
Hyderabad,Social Infrastructure,plain,2025,14.46
Hyderabad,Social Infrastructure,plain,2025,11.14
Hyderabad,Social Infrastructure,plain,2015,12.15
Hyderabad,Social Infrastructure,plain,2019,13.94
Hyderabad,Social Infrastructure,plain,2025,15.0
Hyderabad,Social Infrastructure,plain,2015,19.61
Hyderabad,Social Infrastructure,plain,2017,17.24
Hyderabad,Social Infrastructure,plain,2016,10.81
Hyderabad,Social Infrastructure,plain,2021,9.87
Hyderabad,Social Infrastructure,plain,2025,22.22
Hyderabad,Social Infrastructure,plain,2017,29.55
Hyderabad,Social Infrastructure,plain,2020,9.2
Hyderabad,Social Infrastructure,plain,2025,26.34
Hyderabad,Social Infrastructure,plain,2024,11.73
Hyderabad,Social Infrastructure,plain,2024,6.91
Hyderabad,Social Infrastructure,plain,2024,13.77
Hyderabad,Social Infrastructure,plain,2018,16.81
Hyderabad,Social Infrastructure,plain,2025,17.11
Hyderabad,Social Infrastructure,plain,2020,13.52
Hyderabad,Social Infrastructure,plain,2025,14.93
Rangareddy,Social Infrastructure,plain,2023,17.25
Rangareddy,Social Infrastructure,plain,2025,14.83
Rangareddy,Social Infrastructure,plain,2019,17.92
Rangareddy,Social Infrastructure,plain,2015,18.69
Rangareddy,Social Infrastructure,plain,2022,21.52
Rangareddy,Social Infrastructure,plain,2021,13.41
Rangareddy,Social Infrastructure,plain,2016,18.4
Rangareddy,Social Infrastructure,plain,2022,13.9
Rangareddy,Social Infrastructure,plain,2025,22.55
Rangareddy,Social Infrastructure,plain,2025,11.25
Rangareddy,Social Infrastructure,plain,2025,19.63
Rangareddy,Social Infrastructure,plain,2024,14.27
Rangareddy,Social Infrastructure,plain,2020,11.82
Rangareddy,Social Infrastructure,plain,2017,15.99
Rangareddy,Social Infrastructure,plain,2022,9.92
Rangareddy,Social Infrastructure,plain,2024,15.17
Rangareddy,Social Infrastructure,plain,2024,15.02
Rangareddy,Social Infrastructure,plain,2022,13.87
Rangareddy,Social Infrastructure,plain,2015,11.14
Rangareddy,Social Infrastructure,plain,2017,8.89
Rangareddy,Social Infrastructure,plain,2016,15.61
Rangareddy,Social Infrastructure,plain,2016,12.47
Rangareddy,Social Infrastructure,plain,2022,17.27
Rangareddy,Social Infrastructure,plain,2017,11.32
Rangareddy,Social Infrastructure,plain,2015,10.04
Rangareddy,Social Infrastructure,plain,2022,21.87
Rangareddy,Social Infrastructure,plain,2023,13.96
Rangareddy,Social Infrastructure,plain,2023,14.8
Rangareddy,Social Infrastructure,plain,2018,8.28
Rangareddy,Social Infrastructure,plain,2024,16.46
Rangareddy,Social Infrastructure,plain,2023,14.57
Rangareddy,Social Infrastructure,plain,2016,9.97
Rangareddy,Social Infrastructure,plain,2025,11.9
Rangareddy,Social Infrastructure,plain,2017,19.27
Rangareddy,Social Infrastructure,plain,2024,12.13
Rangareddy,Social Infrastructure,plain,2017,18.21
Rangareddy,Social Infrastructure,plain,2020,16.93
Rangareddy,Social Infrastructure,plain,2018,17.6
Rangareddy,Social Infrastructure,plain,2025,9.99
Rangareddy,Social Infrastructure,plain,2022,15.3
Rangareddy,Social Infrastructure,plain,2018,12.39
Rangareddy,Social Infrastructure,plain,2022,23.99
Rangareddy,Social Infrastructure,plain,2025,10.8
Rangareddy,Social Infrastructure,plain,2024,15.55
Rangareddy,Social Infrastructure,plain,2024,20.69
Rangareddy,Social Infrastructure,plain,2025,13.66
Rangareddy,Social Infrastructure,plain,2017,10.64
Rangareddy,Social Infrastructure,plain,2020,25.89
Rangareddy,Social Infrastructure,plain,2018,11.66
Rangareddy,Social Infrastructure,plain,2020,13.91
Rangareddy,Social Infrastructure,plain,2020,13.38
Rangareddy,Social Infrastructure,plain,2016,8.2
Rangareddy,Social Infrastructure,plain,2020,17.84
Rangareddy,Social Infrastructure,plain,2017,16.43
Rangareddy,Social Infrastructure,plain,2015,9.45
Rangareddy,Social Infrastructure,plain,2018,18.89
Rangareddy,Social Infrastructure,plain,2018,11.24
Rangareddy,Social Infrastructure,plain,2023,15.43
Rangareddy,Social Infrastructure,plain,2019,11.23
Rangareddy,Social Infrastructure,plain,2017,11.53
Rangareddy,Social Infrastructure,plain,2019,12.39
Rangareddy,Social Infrastructure,plain,2020,9.15
Rangareddy,Social Infrastructure,plain,2018,14.52
Rangareddy,Social Infrastructure,plain,2019,11.99
Rangareddy,Social Infrastructure,plain,2016,10.01
Rangareddy,Social Infrastructure,plain,2023,11.47
Rangareddy,Social Infrastructure,plain,2023,13.15
Rangareddy,Social Infrastructure,plain,2018,13.51
Rangareddy,Social Infrastructure,plain,2024,12.62
Rangareddy,Social Infrastructure,plain,2019,9.79
Rangareddy,Social Infrastructure,plain,2022,10.44
Rangareddy,Social Infrastructure,plain,2021,11.71
Rangareddy,Social Infrastructure,plain,2024,14.44
Rangareddy,Social Infrastructure,plain,2015,10.56
Rangareddy,Social Infrastructure,plain,2023,14.08
Rangareddy,Social Infrastructure,plain,2020,12.81
Rangareddy,Social Infrastructure,plain,2015,11.18
Rangareddy,Social Infrastructure,plain,2021,9.62
Rangareddy,Social Infrastructure,plain,2020,14.93
Rangareddy,Social Infrastructure,plain,2017,13.08
Rangareddy,Social Infrastructure,plain,2016,15.19
Rangareddy,Social Infrastructure,plain,2022,26.26
Rangareddy,Social Infrastructure,plain,2017,13.48
Rangareddy,Social Infrastructure,plain,2025,21.81
Rangareddy,Social Infrastructure,plain,2016,19.24
Rangareddy,Social Infrastructure,plain,2017,15.82
Rangareddy,Social Infrastructure,plain,2025,6.86
Rangareddy,Social Infrastructure,plain,2025,28.42
Rangareddy,Social Infrastructure,plain,2020,16.53
Rangareddy,Social Infrastructure,plain,2022,13.74
Rangareddy,Social Infrastructure,plain,2017,22.36
Rangareddy,Social Infrastructure,plain,2024,19.79
Rangareddy,Social Infrastructure,plain,2023,14.99
Rangareddy,Social Infrastructure,plain,2024,22.73
Rangareddy,Social Infrastructure,plain,2025,16.16
Rangareddy,Social Infrastructure,plain,2020,16.53
Rangareddy,Social Infrastructure,plain,2015,12.87
Rangareddy,Social Infrastructure,plain,2024,12.88
Rangareddy,Social Infrastructure,plain,2020,11.56
Rangareddy,Social Infrastructure,plain,2019,14.9
Rangareddy,Social Infrastructure,plain,2017,13.07
Rangareddy,Social Infrastructure,plain,2015,12.5
Rangareddy,Social Infrastructure,plain,2021,15.39
Rangareddy,Social Infrastructure,plain,2021,12.86
Rangareddy,Social Infrastructure,plain,2024,14.24
Rangareddy,Social Infrastructure,plain,2017,13.85
Rangareddy,Social Infrastructure,plain,2020,12.88
Rangareddy,Social Infrastructure,plain,2018,11.33
Rangareddy,Social Infrastructure,plain,2022,12.53
Rangareddy,Social Infrastructure,plain,2025,11.14
Rangareddy,Social Infrastructure,plain,2024,12.18
Rangareddy,Social Infrastructure,plain,2021,15.42
Rangareddy,Social Infrastructure,plain,2017,16.39
Rangareddy,Social Infrastructure,plain,2015,8.18
Rangareddy,Social Infrastructure,plain,2015,7.03
Rangareddy,Social Infrastructure,plain,2017,10.53
Rangareddy,Social Infrastructure,plain,2017,19.65
Rangareddy,Social Infrastructure,plain,2018,11.2
Rangareddy,Social Infrastructure,plain,2019,10.78
Rangareddy,Social Infrastructure,plain,2017,14.87
Medchal-Malkajgiri,Social Infrastructure,plain,2015,9.26
Medchal-Malkajgiri,Social Infrastructure,plain,2020,16.61
Medchal-Malkajgiri,Social Infrastructure,plain,2021,17.51
Medchal-Malkajgiri,Social Infrastructure,plain,2023,12.76
Medchal-Malkajgiri,Social Infrastructure,plain,2022,20.58
Medchal-Malkajgiri,Social Infrastructure,plain,2022,13.04
Medchal-Malkajgiri,Social Infrastructure,plain,2020,20.0
Medchal-Malkajgiri,Social Infrastructure,plain,2020,21.14
Medchal-Malkajgiri,Social Infrastructure,plain,2023,20.73
Medchal-Malkajgiri,Social Infrastructure,plain,2016,14.5
Medchal-Malkajgiri,Social Infrastructure,plain,2025,25.54
Medchal-Malkajgiri,Social Infrastructure,plain,2017,10.45
Medchal-Malkajgiri,Social Infrastructure,plain,2021,17.51
Medchal-Malkajgiri,Social Infrastructure,plain,2016,17.74
Medchal-Malkajgiri,Social Infrastructure,plain,2020,27.72
Medchal-Malkajgiri,Social Infrastructure,plain,2020,28.52
Medchal-Malkajgiri,Social Infrastructure,plain,2024,19.75
Medchal-Malkajgiri,Social Infrastructure,plain,2025,11.36
Medchal-Malkajgiri,Social Infrastructure,plain,2022,16.83
Medchal-Malkajgiri,Social Infrastructure,plain,2020,18.86
Medchal-Malkajgiri,Social Infrastructure,plain,2015,11.52
Medchal-Malkajgiri,Social Infrastructure,plain,2021,18.37
Medchal-Malkajgiri,Social Infrastructure,plain,2020,17.53
Medchal-Malkajgiri,Social Infrastructure,plain,2024,11.59
Medchal-Malkajgiri,Social Infrastructure,plain,2018,16.31
Medchal-Malkajgiri,Social Infrastructure,plain,2023,13.33
Medchal-Malkajgiri,Social Infrastructure,plain,2017,16.25
Medchal-Malkajgiri,Social Infrastructure,plain,2025,19.02
Medchal-Malkajgiri,Social Infrastructure,plain,2020,19.74
Medchal-Malkajgiri,Social Infrastructure,plain,2019,16.84
Medchal-Malkajgiri,Social Infrastructure,plain,2015,10.26
Medchal-Malkajgiri,Social Infrastructure,plain,2017,19.16
Medchal-Malkajgiri,Social Infrastructure,plain,2022,11.64
Medchal-Malkajgiri,Social Infrastructure,plain,2025,18.65
Medchal-Malkajgiri,Social Infrastructure,plain,2025,18.37
Medchal-Malkajgiri,Social Infrastructure,plain,2015,14.97
Medchal-Malkajgiri,Social Infrastructure,plain,2020,11.67
Medchal-Malkajgiri,Social Infrastructure,plain,2018,11.61
Medchal-Malkajgiri,Social Infrastructure,plain,2015,14.01
Medchal-Malkajgiri,Social Infrastructure,plain,2024,14.8
Medchal-Malkajgiri,Social Infrastructure,plain,2018,17.35
Medchal-Malkajgiri,Social Infrastructure,plain,2018,11.94
Medchal-Malkajgiri,Social Infrastructure,plain,2017,15.42
Medchal-Malkajgiri,Social Infrastructure,plain,2016,12.38
Medchal-Malkajgiri,Social Infrastructure,plain,2015,20.98
Medchal-Malkajgiri,Social Infrastructure,plain,2025,16.64
Medchal-Malkajgiri,Social Infrastructure,plain,2020,13.59
Medchal-Malkajgiri,Social Infrastructure,plain,2021,14.69
Medchal-Malkajgiri,Social Infrastructure,plain,2025,16.65
Medchal-Malkajgiri,Social Infrastructure,plain,2019,9.59
Medchal-Malkajgiri,Social Infrastructure,plain,2020,10.62
Medchal-Malkajgiri,Social Infrastructure,plain,2021,13.57
Medchal-Malkajgiri,Social Infrastructure,plain,2024,9.35
Medchal-Malkajgiri,Social Infrastructure,plain,2018,16.78
Medchal-Malkajgiri,Social Infrastructure,plain,2019,12.82
Medchal-Malkajgiri,Social Infrastructure,plain,2017,11.7
Medchal-Malkajgiri,Social Infrastructure,plain,2017,10.75
Medchal-Malkajgiri,Social Infrastructure,plain,2025,18.93
Medchal-Malkajgiri,Social Infrastructure,plain,2016,13.83
Medchal-Malkajgiri,Social Infrastructure,plain,2025,20.73
Medchal-Malkajgiri,Social Infrastructure,plain,2021,14.21
Medchal-Malkajgiri,Social Infrastructure,plain,2019,16.36
Medchal-Malkajgiri,Social Infrastructure,plain,2021,8.72
Medchal-Malkajgiri,Social Infrastructure,plain,2024,12.86
Medchal-Malkajgiri,Social Infrastructure,plain,2023,11.86
Medchal-Malkajgiri,Social Infrastructure,plain,2015,13.05
Medchal-Malkajgiri,Social Infrastructure,plain,2023,15.33
Medchal-Malkajgiri,Social Infrastructure,plain,2018,10.8
Medchal-Malkajgiri,Social Infrastructure,plain,2019,23.38
Medchal-Malkajgiri,Social Infrastructure,plain,2023,19.39
Medchal-Malkajgiri,Social Infrastructure,plain,2021,6.51
Medchal-Malkajgiri,Social Infrastructure,plain,2025,15.09
Medchal-Malkajgiri,Social Infrastructure,plain,2025,14.72
Medchal-Malkajgiri,Social Infrastructure,plain,2015,11.57
Medchal-Malkajgiri,Social Infrastructure,plain,2022,13.52
Medchal-Malkajgiri,Social Infrastructure,plain,2025,9.19
Medchal-Malkajgiri,Social Infrastructure,plain,2025,14.95
Medchal-Malkajgiri,Social Infrastructure,plain,2017,17.48
Medchal-Malkajgiri,Social Infrastructure,plain,2022,22.51
Medchal-Malkajgiri,Social Infrastructure,plain,2018,13.42
Medchal-Malkajgiri,Social Infrastructure,plain,2019,17.32
Medchal-Malkajgiri,Social Infrastructure,plain,2025,16.14
Medchal-Malkajgiri,Social Infrastructure,plain,2018,9.72
Medchal-Malkajgiri,Social Infrastructure,plain,2018,11.15
Medchal-Malkajgiri,Social Infrastructure,plain,2016,18.51
Medchal-Malkajgiri,Social Infrastructure,plain,2020,25.07
Medchal-Malkajgiri,Social Infrastructure,plain,2021,22.43
Medchal-Malkajgiri,Social Infrastructure,plain,2024,15.65
Medchal-Malkajgiri,Social Infrastructure,plain,2021,6.97
Medchal-Malkajgiri,Social Infrastructure,plain,2019,12.75
Medchal-Malkajgiri,Social Infrastructure,plain,2023,16.85
Medchal-Malkajgiri,Social Infrastructure,plain,2023,17.89
Medchal-Malkajgiri,Social Infrastructure,plain,2018,9.55
Medchal-Malkajgiri,Social Infrastructure,plain,2021,9.64
Medchal-Malkajgiri,Social Infrastructure,plain,2025,17.52
Medchal-Malkajgiri,Social Infrastructure,plain,2020,12.85
Medchal-Malkajgiri,Social Infrastructure,plain,2019,9.6
Medchal-Malkajgiri,Social Infrastructure,plain,2021,13.6
Medchal-Malkajgiri,Social Infrastructure,plain,2023,13.24
Medchal-Malkajgiri,Social Infrastructure,plain,2020,16.49
Medchal-Malkajgiri,Social Infrastructure,plain,2018,11.66
Medchal-Malkajgiri,Social Infrastructure,plain,2017,21.92
Medchal-Malkajgiri,Social Infrastructure,plain,2021,23.4
Medchal-Malkajgiri,Social Infrastructure,plain,2025,23.53
Medchal-Malkajgiri,Social Infrastructure,plain,2019,18.58
Medchal-Malkajgiri,Social Infrastructure,plain,2016,14.79
Medchal-Malkajgiri,Social Infrastructure,plain,2018,17.21
Medchal-Malkajgiri,Social Infrastructure,plain,2020,18.95
Medchal-Malkajgiri,Social Infrastructure,plain,2015,12.4
Medchal-Malkajgiri,Social Infrastructure,plain,2025,11.35
Medchal-Malkajgiri,Social Infrastructure,plain,2021,8.7
Medchal-Malkajgiri,Social Infrastructure,plain,2015,13.7
Medchal-Malkajgiri,Social Infrastructure,plain,2016,16.42
Medchal-Malkajgiri,Social Infrastructure,plain,2017,19.75
Medchal-Malkajgiri,Social Infrastructure,plain,2022,20.22
Medchal-Malkajgiri,Social Infrastructure,plain,2015,14.63
Medchal-Malkajgiri,Social Infrastructure,plain,2021,12.79
Medchal-Malkajgiri,Social Infrastructure,plain,2020,8.52
Medchal-Malkajgiri,Social Infrastructure,plain,2022,17.76
Medchal-Malkajgiri,Social Infrastructure,plain,2022,11.17
Sangareddy,Social Infrastructure,plain,2016,24.79
Sangareddy,Social Infrastructure,plain,2024,14.69
Sangareddy,Social Infrastructure,plain,2021,12.81
Sangareddy,Social Infrastructure,plain,2021,14.46
Sangareddy,Social Infrastructure,plain,2018,8.71
Sangareddy,Social Infrastructure,plain,2020,10.76
Sangareddy,Social Infrastructure,plain,2025,18.17
Sangareddy,Social Infrastructure,plain,2015,12.69
Sangareddy,Social Infrastructure,plain,2015,15.85
Sangareddy,Social Infrastructure,plain,2022,11.78
Sangareddy,Social Infrastructure,plain,2023,13.25
Sangareddy,Social Infrastructure,plain,2021,9.01
Sangareddy,Social Infrastructure,plain,2019,9.51
Sangareddy,Social Infrastructure,plain,2024,13.65
Sangareddy,Social Infrastructure,plain,2022,11.76
Sangareddy,Social Infrastructure,plain,2016,12.53
Sangareddy,Social Infrastructure,plain,2025,14.18
Sangareddy,Social Infrastructure,plain,2024,11.62
Sangareddy,Social Infrastructure,plain,2015,23.92
Sangareddy,Social Infrastructure,plain,2017,11.86
Sangareddy,Social Infrastructure,plain,2022,22.12
Sangareddy,Social Infrastructure,plain,2025,14.55
Sangareddy,Social Infrastructure,plain,2018,6.1
Sangareddy,Social Infrastructure,plain,2019,8.18
Sangareddy,Social Infrastructure,plain,2024,17.78
Sangareddy,Social Infrastructure,plain,2016,12.66
Sangareddy,Social Infrastructure,plain,2024,8.33
Sangareddy,Social Infrastructure,plain,2015,12.2
Sangareddy,Social Infrastructure,plain,2021,9.57
Sangareddy,Social Infrastructure,plain,2023,16.01
Sangareddy,Social Infrastructure,plain,2024,12.93
Sangareddy,Social Infrastructure,plain,2022,9.92
Sangareddy,Social Infrastructure,plain,2023,10.19
Sangareddy,Social Infrastructure,plain,2020,11.43
Sangareddy,Social Infrastructure,plain,2021,26.95
Sangareddy,Social Infrastructure,plain,2020,18.79
Sangareddy,Social Infrastructure,plain,2022,11.1
Sangareddy,Social Infrastructure,plain,2017,14.56
Sangareddy,Social Infrastructure,plain,2020,11.72
Sangareddy,Social Infrastructure,plain,2015,10.55
Sangareddy,Social Infrastructure,plain,2019,13.99
Sangareddy,Social Infrastructure,plain,2015,10.01
Sangareddy,Social Infrastructure,plain,2021,14.67
Sangareddy,Social Infrastructure,plain,2016,9.24
Sangareddy,Social Infrastructure,plain,2023,9.16
Sangareddy,Social Infrastructure,plain,2021,8.33
Sangareddy,Social Infrastructure,plain,2023,18.59
Sangareddy,Social Infrastructure,plain,2025,17.07
Sangareddy,Social Infrastructure,plain,2021,22.3
Sangareddy,Social Infrastructure,plain,2023,10.51
Sangareddy,Social Infrastructure,plain,2017,19.36
Sangareddy,Social Infrastructure,plain,2017,11.67
Sangareddy,Social Infrastructure,plain,2024,20.75
Sangareddy,Social Infrastructure,plain,2025,12.58
Sangareddy,Social Infrastructure,plain,2022,11.2
Sangareddy,Social Infrastructure,plain,2020,14.14
Sangareddy,Social Infrastructure,plain,2024,15.85
Sangareddy,Social Infrastructure,plain,2022,11.77
Sangareddy,Social Infrastructure,plain,2018,11.42
Sangareddy,Social Infrastructure,plain,2021,14.63
Sangareddy,Social Infrastructure,plain,2025,17.06
Sangareddy,Social Infrastructure,plain,2024,11.18
Sangareddy,Social Infrastructure,plain,2017,16.52
Sangareddy,Social Infrastructure,plain,2019,14.06
Sangareddy,Social Infrastructure,plain,2022,12.03
Sangareddy,Social Infrastructure,plain,2024,8.39
Sangareddy,Social Infrastructure,plain,2016,10.95
Sangareddy,Social Infrastructure,plain,2021,18.87
Sangareddy,Social Infrastructure,plain,2016,16.96
Sangareddy,Social Infrastructure,plain,2017,12.97
Sangareddy,Social Infrastructure,plain,2017,15.17
Sangareddy,Social Infrastructure,plain,2023,16.83
Sangareddy,Social Infrastructure,plain,2016,17.15
Sangareddy,Social Infrastructure,plain,2020,10.99
Sangareddy,Social Infrastructure,plain,2017,12.35
Sangareddy,Social Infrastructure,plain,2019,14.1
Sangareddy,Social Infrastructure,plain,2022,7.62
Sangareddy,Social Infrastructure,plain,2024,19.57
Sangareddy,Social Infrastructure,plain,2021,17.29
Sangareddy,Social Infrastructure,plain,2019,13.29
Sangareddy,Social Infrastructure,plain,2023,11.0
Sangareddy,Social Infrastructure,plain,2021,22.41
Sangareddy,Social Infrastructure,plain,2022,11.57
Sangareddy,Social Infrastructure,plain,2025,12.22
Sangareddy,Social Infrastructure,plain,2020,11.5
Sangareddy,Social Infrastructure,plain,2017,16.98
Sangareddy,Social Infrastructure,plain,2021,11.75
Sangareddy,Social Infrastructure,plain,2024,10.57
Sangareddy,Social Infrastructure,plain,2019,12.08
Sangareddy,Social Infrastructure,plain,2016,19.7
Sangareddy,Social Infrastructure,plain,2015,10.37
Sangareddy,Social Infrastructure,plain,2016,18.3
Sangareddy,Social Infrastructure,plain,2020,11.84
Sangareddy,Social Infrastructure,plain,2016,9.91
Sangareddy,Social Infrastructure,plain,2017,18.21
Sangareddy,Social Infrastructure,plain,2022,33.63
Sangareddy,Social Infrastructure,plain,2018,13.26
Sangareddy,Social Infrastructure,plain,2023,20.05
Sangareddy,Social Infrastructure,plain,2021,11.98
Sangareddy,Social Infrastructure,plain,2015,17.91
Sangareddy,Social Infrastructure,plain,2024,18.42
Sangareddy,Social Infrastructure,plain,2020,11.29
Sangareddy,Social Infrastructure,plain,2023,17.5
Sangareddy,Social Infrastructure,plain,2022,12.35
Sangareddy,Social Infrastructure,plain,2017,20.74
Sangareddy,Social Infrastructure,plain,2015,9.51
Sangareddy,Social Infrastructure,plain,2025,19.3
Sangareddy,Social Infrastructure,plain,2018,12.4
Sangareddy,Social Infrastructure,plain,2017,11.66
Sangareddy,Social Infrastructure,plain,2017,13.02
Sangareddy,Social Infrastructure,plain,2016,14.45
Sangareddy,Social Infrastructure,plain,2020,15.04
Sangareddy,Social Infrastructure,plain,2025,13.4
Sangareddy,Social Infrastructure,plain,2016,10.9
Sangareddy,Social Infrastructure,plain,2023,14.15
Sangareddy,Social Infrastructure,plain,2021,8.51
Sangareddy,Social Infrastructure,plain,2018,9.84
Sangareddy,Social Infrastructure,plain,2015,14.55
Sangareddy,Social Infrastructure,plain,2017,21.56
Sangareddy,Social Infrastructure,plain,2018,10.67
Mahbubnagar,Social Infrastructure,plain,2024,12.6
Mahbubnagar,Social Infrastructure,plain,2025,10.19
Mahbubnagar,Social Infrastructure,plain,2022,9.19
Mahbubnagar,Social Infrastructure,plain,2017,12.82
Mahbubnagar,Social Infrastructure,plain,2023,27.79
Mahbubnagar,Social Infrastructure,plain,2018,10.93
Mahbubnagar,Social Infrastructure,plain,2020,13.85
Mahbubnagar,Social Infrastructure,plain,2020,8.75
Mahbubnagar,Social Infrastructure,plain,2016,8.55
Mahbubnagar,Social Infrastructure,plain,2022,12.97
Mahbubnagar,Social Infrastructure,plain,2022,9.62
Mahbubnagar,Social Infrastructure,plain,2021,19.52
Mahbubnagar,Social Infrastructure,plain,2022,8.73
Mahbubnagar,Social Infrastructure,plain,2021,10.12
Mahbubnagar,Social Infrastructure,plain,2024,16.34
Mahbubnagar,Social Infrastructure,plain,2023,7.64
Mahbubnagar,Social Infrastructure,plain,2019,6.99
Mahbubnagar,Social Infrastructure,plain,2020,16.39
Mahbubnagar,Social Infrastructure,plain,2022,6.76
Mahbubnagar,Social Infrastructure,plain,2018,15.18
Mahbubnagar,Social Infrastructure,plain,2022,7.89
Mahbubnagar,Social Infrastructure,plain,2021,11.44
Mahbubnagar,Social Infrastructure,plain,2020,15.73
Mahbubnagar,Social Infrastructure,plain,2022,12.71
Mahbubnagar,Social Infrastructure,plain,2024,11.66
Mahbubnagar,Social Infrastructure,plain,2024,17.84
Mahbubnagar,Social Infrastructure,plain,2023,9.66
Mahbubnagar,Social Infrastructure,plain,2019,9.5
Mahbubnagar,Social Infrastructure,plain,2015,13.07
Mahbubnagar,Social Infrastructure,plain,2018,11.02
Mahbubnagar,Social Infrastructure,plain,2015,15.21
Mahbubnagar,Social Infrastructure,plain,2022,20.62
Mahbubnagar,Social Infrastructure,plain,2018,12.06
Mahbubnagar,Social Infrastructure,plain,2022,15.12
Mahbubnagar,Social Infrastructure,plain,2024,11.09
Mahbubnagar,Social Infrastructure,plain,2023,13.35
Mahbubnagar,Social Infrastructure,plain,2015,9.13
Mahbubnagar,Social Infrastructure,plain,2018,21.3
Mahbubnagar,Social Infrastructure,plain,2015,13.23
Mahbubnagar,Social Infrastructure,plain,2021,11.37
Mahbubnagar,Social Infrastructure,plain,2025,8.29
Mahbubnagar,Social Infrastructure,plain,2020,8.0
Mahbubnagar,Social Infrastructure,plain,2018,15.99
Mahbubnagar,Social Infrastructure,plain,2021,11.24
Mahbubnagar,Social Infrastructure,plain,2024,17.43
Mahbubnagar,Social Infrastructure,plain,2025,11.27
Mahbubnagar,Social Infrastructure,plain,2016,7.49
Mahbubnagar,Social Infrastructure,plain,2016,20.69
Mahbubnagar,Social Infrastructure,plain,2017,13.78
Mahbubnagar,Social Infrastructure,plain,2018,15.25
Mahbubnagar,Social Infrastructure,plain,2020,7.1
Mahbubnagar,Social Infrastructure,plain,2022,21.09
Mahbubnagar,Social Infrastructure,plain,2017,14.49
Mahbubnagar,Social Infrastructure,plain,2017,10.95
Mahbubnagar,Social Infrastructure,plain,2020,9.19
Mahbubnagar,Social Infrastructure,plain,2019,10.14
Mahbubnagar,Social Infrastructure,plain,2016,10.22
Mahbubnagar,Social Infrastructure,plain,2018,11.0
Mahbubnagar,Social Infrastructure,plain,2017,12.35
Mahbubnagar,Social Infrastructure,plain,2023,6.93
Mahbubnagar,Social Infrastructure,plain,2018,15.34
Mahbubnagar,Social Infrastructure,plain,2020,10.55
Mahbubnagar,Social Infrastructure,plain,2022,12.16
Mahbubnagar,Social Infrastructure,plain,2017,15.45
Mahbubnagar,Social Infrastructure,plain,2015,8.88
Mahbubnagar,Social Infrastructure,plain,2018,10.19
Mahbubnagar,Social Infrastructure,plain,2018,7.04
Mahbubnagar,Social Infrastructure,plain,2016,17.43
Mahbubnagar,Social Infrastructure,plain,2023,10.92
Mahbubnagar,Social Infrastructure,plain,2020,8.97
Mahbubnagar,Social Infrastructure,plain,2016,8.49
Mahbubnagar,Social Infrastructure,plain,2023,20.74
Mahbubnagar,Social Infrastructure,plain,2015,55.05
Mahbubnagar,Social Infrastructure,plain,2025,21.6
Mahbubnagar,Social Infrastructure,plain,2024,14.41
Mahbubnagar,Social Infrastructure,plain,2017,9.08
Mahbubnagar,Social Infrastructure,plain,2016,14.93
Mahbubnagar,Social Infrastructure,plain,2015,13.02
Mahbubnagar,Social Infrastructure,plain,2021,9.93
Mahbubnagar,Social Infrastructure,plain,2018,13.99
Mahbubnagar,Social Infrastructure,plain,2018,20.34
Mahbubnagar,Social Infrastructure,plain,2024,16.37
Mahbubnagar,Social Infrastructure,plain,2016,9.17
Mahbubnagar,Social Infrastructure,plain,2019,20.35
Mahbubnagar,Social Infrastructure,plain,2015,20.16
Mahbubnagar,Social Infrastructure,plain,2021,13.62
Mahbubnagar,Social Infrastructure,plain,2022,18.48
Mahbubnagar,Social Infrastructure,plain,2017,10.08
Mahbubnagar,Social Infrastructure,plain,2021,10.05
Mahbubnagar,Social Infrastructure,plain,2020,13.62
Mahbubnagar,Social Infrastructure,plain,2025,17.41
Mahbubnagar,Social Infrastructure,plain,2023,10.98
Mahbubnagar,Social Infrastructure,plain,2022,14.16
Mahbubnagar,Social Infrastructure,plain,2019,14.55
Mahbubnagar,Social Infrastructure,plain,2020,12.97
Mahbubnagar,Social Infrastructure,plain,2019,12.73
Mahbubnagar,Social Infrastructure,plain,2021,21.02
Mahbubnagar,Social Infrastructure,plain,2017,13.8
Mahbubnagar,Social Infrastructure,plain,2020,6.92
Mahbubnagar,Social Infrastructure,plain,2019,7.41
Mahbubnagar,Social Infrastructure,plain,2015,16.24
Mahbubnagar,Social Infrastructure,plain,2019,13.6
Mahbubnagar,Social Infrastructure,plain,2020,9.12
Mahbubnagar,Social Infrastructure,plain,2019,21.96
Mahbubnagar,Social Infrastructure,plain,2021,17.94
Mahbubnagar,Social Infrastructure,plain,2018,12.1
Mahbubnagar,Social Infrastructure,plain,2024,13.78
Mahbubnagar,Social Infrastructure,plain,2025,17.27
Mahbubnagar,Social Infrastructure,plain,2019,15.9
Mahbubnagar,Social Infrastructure,plain,2018,8.71
Mahbubnagar,Social Infrastructure,plain,2020,12.96
Mahbubnagar,Social Infrastructure,plain,2025,16.18
Mahbubnagar,Social Infrastructure,plain,2022,10.75
Mahbubnagar,Social Infrastructure,plain,2025,9.52
Mahbubnagar,Social Infrastructure,plain,2022,12.6
Mahbubnagar,Social Infrastructure,plain,2015,15.81
Mahbubnagar,Social Infrastructure,plain,2015,12.8
Mahbubnagar,Social Infrastructure,plain,2022,7.76
Mahbubnagar,Social Infrastructure,plain,2018,20.68
Mahbubnagar,Social Infrastructure,plain,2021,10.68
