months_since_sanction,extensions,completion_pct,category_code,district_stall_rate,stalled
26.4,0.0,55.3,7.0,0.3784,0
12.1,0.0,55.3,9.0,0.3514,1
23.9,0.0,55.3,9.0,0.3514,1
15.8,0.0,22.4,7.0,0.1458,0
25.0,0.0,55.3,7.0,0.3784,0
25.9,0.0,55.3,7.0,0.3784,0
25.0,0.0,55.3,7.0,0.3514,1
15.6,0.0,55.3,7.0,0.3514,1
18.3,0.0,55.3,7.0,0.3784,0
25.1,0.0,55.3,7.0,0.3784,0
25.1,0.0,55.3,7.0,0.3784,0
18.3,0.0,55.3,7.0,0.3784,0
25.0,0.0,55.3,7.0,0.3784,0
25.0,0.0,55.3,7.0,0.3514,1
25.9,0.0,55.3,7.0,0.3784,0
26.2,0.0,100.0,7.0,0.0,0
25.5,0.0,55.7,7.0,0.9487,1
17.3,0.0,56.5,7.0,0.6176,0
17.3,0.0,56.5,7.0,0.6029,1
17.3,0.0,56.5,7.0,0.6176,0
17.3,0.0,56.5,7.0,0.6176,0
17.3,0.0,56.5,7.0,0.6029,1
17.3,0.0,56.5,7.0,0.6029,1
17.8,0.0,56.5,7.0,0.6029,1
17.8,0.0,56.5,7.0,0.6029,1
17.8,0.0,56.5,7.0,0.6029,1
17.8,0.0,56.5,7.0,0.6029,1
17.8,0.0,56.5,7.0,0.6029,1
17.8,0.0,56.5,7.0,0.6029,1
17.8,0.0,56.5,7.0,0.6029,1
17.8,0.0,56.5,7.0,0.6029,1
17.8,0.0,56.5,7.0,0.6029,1
17.8,0.0,56.5,7.0,0.6029,1
17.8,0.0,56.5,7.0,0.6029,1
17.8,0.0,56.5,7.0,0.6029,1
18.2,0.0,56.5,7.0,0.6029,1
18.2,0.0,56.5,7.0,0.6029,1
18.2,0.0,56.5,7.0,0.6029,1
18.2,0.0,56.5,7.0,0.6029,1
25.6,0.0,98.5,7.0,0.0368,0
25.6,0.0,98.5,7.0,0.0368,0
25.6,0.0,98.5,7.0,0.0368,0
25.6,0.0,98.5,7.0,0.0368,0
25.6,0.0,98.5,7.0,0.0368,0
25.6,0.0,98.5,7.0,0.0368,0
24.6,0.0,98.5,7.0,0.0368,0
25.6,0.0,98.5,7.0,0.0368,0
25.6,0.0,98.5,7.0,0.0368,0
24.6,0.0,98.5,7.0,0.0368,0
25.6,0.0,98.5,7.0,0.0368,0
24.6,0.0,98.5,7.0,0.0368,0
24.6,0.0,98.5,7.0,0.0368,0
24.6,0.0,98.5,7.0,0.0368,0
20.6,0.0,75.6,7.0,0.2921,0
25.6,0.0,98.5,7.0,0.0368,0
24.6,0.0,98.5,7.0,0.0368,0
25.6,0.0,98.5,7.0,0.0368,0
20.4,0.0,56.5,7.0,0.6176,0
20.4,0.0,56.5,7.0,0.6176,0
20.4,0.0,56.5,7.0,0.6176,0
20.4,0.0,56.5,7.0,0.6176,0
20.4,0.0,56.5,7.0,0.6176,0
20.0,0.0,64.0,7.0,0.6371,1
20.5,0.0,64.0,7.0,0.6371,1
20.5,0.0,64.0,7.0,0.6371,1
23.0,0.0,63.5,7.0,0.6667,0
22.9,0.0,63.5,7.0,0.6667,0
23.0,0.0,63.5,7.0,0.6667,0
23.0,0.0,63.5,7.0,0.6667,0
17.8,0.0,63.5,7.0,0.6667,0
21.1,0.0,63.5,7.0,0.6548,1
16.3,0.0,63.5,7.0,0.6667,0
16.6,0.0,63.5,7.0,0.6667,0
17.8,0.0,63.5,7.0,0.6667,0
19.0,0.0,98.8,7.0,0.0,0
19.0,0.0,98.8,7.0,0.0,0
19.0,0.0,98.8,7.0,0.0,0
19.0,0.0,98.8,7.0,0.0,0
19.0,0.0,98.8,7.0,0.0,0
18.3,0.0,98.8,7.0,0.0,0
19.0,0.0,98.8,7.0,0.0,0
19.0,0.0,98.8,7.0,0.0,0
19.0,0.0,98.8,7.0,0.0,0
19.0,0.0,98.8,7.0,0.0,0
25.0,0.0,98.8,7.0,0.0,0
25.0,0.0,98.8,7.0,0.0,0
25.0,0.0,98.8,7.0,0.0,0
19.0,0.0,98.8,7.0,0.0,0
25.0,0.0,98.8,7.0,0.0,0
25.0,0.0,98.8,7.0,0.0,0
25.0,0.0,98.8,7.0,0.0,0
25.0,0.0,98.8,7.0,0.0,0
25.0,0.0,98.8,7.0,0.0,0
25.0,0.0,98.8,7.0,0.0,0
22.7,0.0,98.8,7.0,0.0,0
18.3,0.0,98.8,7.0,0.0,0
18.3,0.0,98.8,7.0,0.0,0
18.3,0.0,98.8,7.0,0.0,0
23.9,0.0,100.0,7.0,0.2636,0
23.9,0.0,100.0,7.0,0.2636,0
23.9,0.0,100.0,7.0,0.2636,0
18.1,0.0,80.9,7.0,0.1404,0
21.7,0.0,80.9,7.0,0.1404,0
21.7,0.0,80.9,7.0,0.1404,0
20.1,0.0,80.9,7.0,0.1316,1
23.1,0.0,80.9,7.0,0.1316,1
21.4,0.0,80.9,7.0,0.1404,0
21.1,0.0,80.9,7.0,0.1404,0
21.4,0.0,80.9,7.0,0.1404,0
22.3,0.0,67.0,7.0,0.4912,1
22.3,0.0,67.0,7.0,0.4912,1
22.3,0.0,67.0,7.0,0.5,0
22.3,0.0,67.0,7.0,0.4912,1
17.8,0.0,67.0,7.0,0.5,0
22.3,0.0,67.0,7.0,0.4912,1
22.3,0.0,67.0,7.0,0.5,0
22.3,0.0,67.0,7.0,0.4912,1
22.3,0.0,67.0,7.0,0.4912,1
21.7,0.0,67.0,7.0,0.4912,1
21.7,0.0,67.0,7.0,0.5,0
21.7,0.0,67.0,7.0,0.4912,1
21.7,0.0,67.0,7.0,0.5,0
14.9,0.0,67.0,7.0,0.4912,1
25.1,1.0,63.8,7.0,0.3869,0
21.8,0.0,63.8,7.0,0.3869,0
21.9,0.0,63.8,7.0,0.3869,0
25.8,0.0,63.8,7.0,0.3869,0
25.3,0.0,63.8,7.0,0.3869,0
25.3,0.0,63.8,7.0,0.3869,0
23.8,0.0,63.8,7.0,0.3869,0
23.9,0.0,100.0,7.0,0.0,0
23.4,0.0,100.0,7.0,0.0,0
23.9,0.0,100.0,7.0,0.0,0
23.4,0.0,100.0,7.0,0.0,0
16.5,0.0,16.7,7.0,0.2636,0
16.5,0.0,16.7,7.0,0.2636,0
24.1,0.0,84.6,7.0,0.2299,0
24.1,0.0,84.6,7.0,0.2299,0
24.1,0.0,84.6,7.0,0.2299,0
24.1,0.0,84.6,7.0,0.2299,0
24.1,0.0,84.6,7.0,0.2299,0
24.1,0.0,84.6,7.0,0.2299,0
24.1,0.0,84.6,7.0,0.2299,0
24.1,0.0,84.6,7.0,0.2299,0
24.1,0.0,84.6,7.0,0.2299,0
20.4,0.0,29.4,7.0,0.2636,1
22.5,0.0,59.5,7.0,0.3902,0
22.2,0.0,88.3,7.0,0.2235,0
22.2,0.0,88.3,7.0,0.2235,0
22.2,0.0,88.3,7.0,0.2235,0
22.2,0.0,88.3,7.0,0.2235,0
22.2,0.0,88.3,7.0,0.2235,0
22.2,0.0,88.3,7.0,0.2235,0
21.6,0.0,89.2,8.0,0.0938,1
14.9,0.0,64.3,7.0,0.3902,1
20.0,0.0,64.3,7.0,0.3902,1
24.1,0.0,94.0,7.0,0.0,0
24.0,0.0,94.0,7.0,0.0,0
24.5,0.0,94.0,7.0,0.0,0
24.5,0.0,94.0,7.0,0.0,0
24.5,0.0,94.0,7.0,0.0,0
24.9,0.0,94.0,7.0,0.0,0
24.9,0.0,94.0,7.0,0.0,0
24.9,0.0,94.0,7.0,0.0,0
24.6,0.0,94.0,7.0,0.0,0
24.0,0.0,94.0,7.0,0.0,0
23.9,0.0,94.0,7.0,0.0,0
24.1,0.0,94.0,7.0,0.0,0
22.4,0.0,94.0,7.0,0.0,0
23.1,0.0,94.0,7.0,0.0,0
23.8,0.0,94.0,7.0,0.0,0
24.0,0.0,94.0,7.0,0.0,0
25.2,0.0,100.0,7.0,0.0,0
24.1,0.0,100.0,7.0,0.0,0
25.0,0.0,100.0,7.0,0.0,0
25.2,0.0,100.0,7.0,0.0,0
24.7,0.0,100.0,7.0,0.0,0
24.8,0.0,100.0,7.0,0.0,0
21.0,0.0,92.2,7.0,0.1902,1
21.0,0.0,92.2,7.0,0.1902,1
21.0,0.0,92.2,7.0,0.1951,0
19.3,0.0,92.2,7.0,0.1951,0
19.3,0.0,92.2,7.0,0.1951,0
19.3,0.0,92.2,7.0,0.1951,0
23.8,0.0,90.8,7.0,0.1406,0
24.3,0.0,90.8,7.0,0.1406,0
24.9,0.0,82.0,7.0,0.1448,0
15.0,0.0,97.1,7.0,0.0294,0
15.0,0.0,97.1,7.0,0.0294,0
14.7,0.0,97.1,7.0,0.0294,0
14.7,0.0,97.1,7.0,0.0294,0
12.6,0.0,59.5,7.0,0.3659,1
23.1,0.0,66.7,7.0,0.2636,0
21.4,0.0,59.5,7.0,0.3659,1
13.6,0.0,72.0,7.0,0.2636,0
22.5,0.0,59.5,7.0,0.3659,1
18.6,0.0,59.5,7.0,0.3659,1
21.4,0.0,84.6,7.0,0.2285,1
21.4,0.0,84.6,7.0,0.2285,1
21.4,0.0,84.6,7.0,0.2285,1
21.4,0.0,84.6,7.0,0.2285,1
21.4,0.0,84.6,7.0,0.2285,1
21.4,0.0,84.6,7.0,0.2285,1
21.4,0.0,84.6,7.0,0.2285,1
21.4,0.0,84.6,7.0,0.2285,1
21.4,0.0,84.6,7.0,0.2285,1
21.4,0.0,84.6,7.0,0.2285,1
21.4,0.0,84.6,7.0,0.2285,1
21.4,0.0,84.6,7.0,0.2299,0
21.4,0.0,84.6,7.0,0.2285,1
21.4,0.0,84.6,7.0,0.2285,1
24.4,0.0,76.5,7.0,0.3333,0
23.6,0.0,76.5,7.0,0.3333,0
23.8,0.0,76.5,7.0,0.303,1
23.8,0.0,76.5,7.0,0.3333,0
23.3,0.0,76.5,7.0,0.3333,0
23.8,0.0,76.5,7.0,0.3333,0
23.8,0.0,76.5,7.0,0.3333,0
23.6,0.0,76.5,7.0,0.3333,0
23.4,0.0,76.5,7.0,0.3333,0
21.4,0.0,84.6,7.0,0.2285,1
21.4,0.0,84.6,7.0,0.2285,1
21.4,0.0,84.6,7.0,0.2285,1
21.4,0.0,84.6,7.0,0.2285,1
18.1,0.0,84.6,7.0,0.2299,0
18.1,0.0,84.6,7.0,0.2299,0
24.8,2.0,100.0,7.0,0.2636,0
24.8,3.0,100.0,7.0,0.2636,0
12.3,0.0,17.8,7.0,0.2045,0
12.8,0.0,17.8,7.0,0.2045,0
12.8,0.0,17.8,7.0,0.2045,0
12.8,0.0,17.8,7.0,0.2045,0
12.8,0.0,17.8,7.0,0.2045,0
12.3,0.0,17.8,7.0,0.2045,0
12.3,0.0,17.8,7.0,0.2045,0
12.3,0.0,17.8,7.0,0.2045,0
12.3,0.0,17.8,7.0,0.2045,0
12.8,0.0,17.8,7.0,0.2045,0
18.3,0.0,63.8,7.0,0.3796,1
18.3,0.0,63.8,7.0,0.3869,0
18.3,0.0,63.8,7.0,0.3796,1
18.3,0.0,63.8,7.0,0.3796,1
18.3,0.0,63.8,7.0,0.3796,1
12.3,0.0,17.8,7.0,0.2045,0
12.8,0.0,17.8,7.0,0.2045,0
12.8,0.0,17.8,7.0,0.2045,0
12.8,0.0,17.8,7.0,0.2045,0
12.8,0.0,17.8,7.0,0.2045,0
23.9,0.0,100.0,7.0,0.0,0
23.9,0.0,100.0,7.0,0.0,0
23.9,0.0,100.0,7.0,0.0,0
12.8,0.0,17.8,7.0,0.2045,0
12.8,0.0,17.8,7.0,0.2045,0
12.8,0.0,17.8,7.0,0.2045,0
12.3,0.0,17.8,7.0,0.2045,0
12.3,0.0,17.8,7.0,0.2045,0
12.3,0.0,17.8,7.0,0.2045,0
12.3,0.0,17.8,7.0,0.2045,0
21.9,0.0,58.1,7.0,0.6379,0
12.3,0.0,17.8,7.0,0.2045,0
12.8,0.0,17.8,7.0,0.2045,0
12.8,0.0,17.8,7.0,0.2045,0
12.8,0.0,17.8,7.0,0.2045,0
12.8,0.0,17.8,7.0,0.2045,0
12.8,0.0,17.8,7.0,0.2045,0
12.8,0.0,17.8,7.0,0.2045,0
21.9,0.0,58.1,7.0,0.6379,0
21.9,0.0,58.1,7.0,0.6379,0
21.9,0.0,58.1,7.0,0.6379,0
21.9,0.0,58.1,7.0,0.6379,0
12.8,0.0,17.8,7.0,0.2045,0
12.3,0.0,17.8,7.0,0.2045,0
12.3,0.0,17.8,7.0,0.2045,0
21.9,0.0,58.1,7.0,0.6379,0
21.9,0.0,58.1,7.0,0.6379,0
21.9,0.0,58.1,7.0,0.6379,0
21.9,0.0,72.0,7.0,0.2636,0
24.7,0.0,99.0,7.0,0.0352,0
24.7,0.0,99.0,7.0,0.0352,0
24.7,0.0,99.0,7.0,0.0352,0
24.7,0.0,99.0,7.0,0.0352,0
24.7,0.0,99.0,7.0,0.0352,0
24.7,0.0,99.0,7.0,0.0352,0
24.7,0.0,99.0,7.0,0.0352,0
24.7,0.0,99.0,7.0,0.0352,0
24.7,0.0,99.0,7.0,0.0352,0
24.7,0.0,99.0,7.0,0.0352,0
24.7,0.0,99.0,7.0,0.0352,0
24.7,0.0,99.0,7.0,0.0352,0
24.0,0.0,90.8,7.0,0.1134,1
23.9,0.0,90.8,7.0,0.1237,0
23.9,0.0,90.8,7.0,0.1134,1
12.3,0.0,17.8,7.0,0.2045,0
12.8,0.0,17.8,7.0,0.2045,0
12.3,0.0,17.8,7.0,0.2045,0
21.9,0.0,58.1,7.0,0.6379,0
21.9,0.0,58.1,7.0,0.6379,0
24.2,0.0,88.3,7.0,0.2176,1
24.2,0.0,88.3,7.0,0.2176,1
19.1,0.0,86.4,7.0,0.0887,0
19.1,0.0,86.4,7.0,0.0887,0
19.1,0.0,86.4,7.0,0.0887,0
18.1,0.0,86.4,7.0,0.0887,0
18.1,0.0,86.4,7.0,0.0887,0
18.1,0.0,86.4,7.0,0.0806,1
19.1,0.0,86.4,7.0,0.0887,0
18.1,0.0,86.4,7.0,0.0887,0
18.1,0.0,86.4,7.0,0.0887,0
18.1,0.0,86.4,7.0,0.0887,0
18.1,0.0,86.4,7.0,0.0887,0
18.1,0.0,86.4,7.0,0.0887,0
18.1,0.0,86.4,7.0,0.0887,0
18.1,0.0,86.4,7.0,0.0887,0
18.1,0.0,86.4,7.0,0.0887,0
18.1,0.0,86.4,7.0,0.0887,0
18.1,0.0,86.4,7.0,0.0887,0
18.1,0.0,86.4,7.0,0.0887,0
18.1,0.0,86.4,7.0,0.0887,0
18.1,0.0,86.4,7.0,0.0887,0
18.1,0.0,86.4,7.0,0.0887,0
18.1,0.0,86.4,7.0,0.0887,0
18.1,0.0,86.4,7.0,0.0887,0
18.1,0.0,86.4,7.0,0.0887,0
18.1,0.0,86.4,7.0,0.0887,0
18.1,0.0,86.4,7.0,0.0887,0
18.1,0.0,86.4,7.0,0.0887,0
18.1,0.0,86.4,7.0,0.0887,0
18.1,0.0,86.4,7.0,0.0887,0
18.1,0.0,86.4,7.0,0.0887,0
18.1,0.0,86.4,7.0,0.0887,0
18.1,0.0,86.4,7.0,0.0887,0
19.1,0.0,86.4,7.0,0.0887,0
19.1,0.0,86.4,7.0,0.0887,0
19.1,0.0,86.4,7.0,0.0887,0
19.1,0.0,86.4,7.0,0.0887,0
18.6,0.0,86.4,7.0,0.0887,0
18.6,0.0,86.4,7.0,0.0887,0
18.1,0.0,86.4,7.0,0.0887,0
18.1,0.0,86.4,7.0,0.0887,0
22.7,0.0,66.7,7.0,0.2636,1
24.0,0.0,45.2,7.0,0.5854,0
24.0,0.0,45.2,7.0,0.5854,0
24.0,0.0,45.2,7.0,0.5854,0
24.0,0.0,45.2,7.0,0.561,1
18.6,0.0,92.3,7.0,0.5,0
18.6,0.0,92.3,8.0,0.4844,1
18.6,0.0,92.3,7.0,0.5,0
18.6,0.0,92.3,7.0,0.5,0
20.2,0.0,80.8,7.0,0.2636,0
20.2,0.0,80.8,7.0,0.2636,1
20.2,0.0,80.8,7.0,0.2636,1
20.2,0.0,80.8,7.0,0.2636,0
20.2,0.0,80.8,7.0,0.2636,0
19.1,0.0,80.8,7.0,0.2636,0
19.1,0.0,80.8,7.0,0.2636,0
19.3,0.0,80.8,7.0,0.2636,0
17.9,0.0,80.8,7.0,0.2636,0
19.7,0.0,30.0,7.0,0.2453,1
20.2,0.0,80.8,7.0,0.2636,0
20.2,0.0,80.8,7.0,0.2636,0
20.2,0.0,80.8,7.0,0.2636,0
20.2,0.0,80.8,7.0,0.2636,0
20.2,0.0,80.8,8.0,0.2636,0
20.2,0.0,80.8,7.0,0.2636,0
20.2,0.0,80.8,7.0,0.2636,0
20.2,0.0,80.8,7.0,0.2636,0
20.9,0.0,92.3,7.0,0.5,0
20.9,0.0,92.3,7.0,0.5,0
20.9,0.0,92.3,7.0,0.5,0
20.9,0.0,92.3,7.0,0.5,0
20.9,0.0,92.3,7.0,0.5,0
20.9,0.0,92.3,7.0,0.5,0
20.9,0.0,92.3,7.0,0.4844,1
20.9,0.0,92.3,7.0,0.5,0
20.9,0.0,92.3,7.0,0.5,0
20.9,0.0,92.3,7.0,0.4844,1
20.9,0.0,92.3,7.0,0.4844,1
20.9,0.0,92.3,7.0,0.4844,1
13.0,0.0,92.3,7.0,0.5,0
22.7,0.0,66.7,7.0,0.2636,0
20.9,0.0,92.3,7.0,0.4844,1
20.9,0.0,92.3,7.0,0.4844,1
24.9,0.0,82.0,7.0,0.1448,0
20.9,0.0,92.3,7.0,0.4844,1
24.9,0.0,82.0,7.0,0.1448,0
20.9,0.0,92.3,7.0,0.5,0
17.0,0.0,92.3,7.0,0.5,0
17.0,0.0,92.3,7.0,0.5,0
17.0,0.0,92.3,7.0,0.5,0
17.0,0.0,92.3,7.0,0.5,0
17.0,0.0,92.3,7.0,0.5,0
17.0,0.0,92.3,7.0,0.5,0
17.0,0.0,92.3,7.0,0.5,0
24.8,0.0,82.0,7.0,0.1448,0
24.8,0.0,82.0,7.0,0.1448,0
24.8,0.0,82.0,7.0,0.1448,0
24.8,0.0,82.0,7.0,0.1448,0
24.8,0.0,82.0,7.0,0.1448,0
24.9,0.0,82.0,7.0,0.1448,0
24.9,0.0,82.0,7.0,0.1448,0
24.9,0.0,82.0,7.0,0.1448,0
24.9,0.0,82.0,7.0,0.1448,0
24.9,0.0,82.0,7.0,0.1448,0
24.9,0.0,82.0,7.0,0.1448,0
24.9,0.0,82.0,7.0,0.1448,0
24.9,0.0,82.0,7.0,0.1448,0
24.9,0.0,82.0,7.0,0.1448,0
24.9,0.0,82.0,7.0,0.1448,0
24.6,0.0,82.0,7.0,0.1448,0
24.6,0.0,82.0,7.0,0.1448,0
23.4,0.0,82.0,7.0,0.1448,0
24.1,0.0,84.6,7.0,0.2299,0
24.1,0.0,84.6,7.0,0.2299,0
24.1,0.0,84.6,7.0,0.2299,0
24.1,0.0,84.6,7.0,0.2299,0
24.1,0.0,84.6,7.0,0.2299,0
17.0,0.0,92.3,8.0,0.4844,1
17.0,0.0,92.3,7.0,0.5,0
17.0,0.0,92.3,8.0,0.5,0
17.0,0.0,92.3,7.0,0.5,0
20.9,0.0,92.3,7.0,0.4844,1
19.3,0.0,92.3,7.0,0.4844,1
18.3,0.0,92.3,7.0,0.4844,1
20.9,0.0,92.3,7.0,0.4844,1
20.9,0.0,92.3,7.0,0.4844,1
20.9,0.0,92.3,7.0,0.4844,1
18.6,0.0,92.3,7.0,0.4844,1
17.0,0.0,92.3,8.0,0.5,0
17.0,0.0,92.3,7.0,0.5,0
20.9,0.0,92.3,7.0,0.4844,1
20.9,0.0,92.3,7.0,0.4844,1
17.4,0.0,92.3,7.0,0.4844,1
19.3,0.0,92.3,7.0,0.4844,1
18.5,0.0,92.3,7.0,0.4844,1
22.0,0.0,100.0,7.0,0.2636,0
18.5,0.0,92.3,7.0,0.4844,1
19.3,0.0,92.3,7.0,0.4844,1
20.2,0.0,80.8,7.0,0.2636,0
20.2,0.0,80.8,7.0,0.2636,0
20.2,0.0,80.8,7.0,0.2636,0
19.3,0.0,80.8,7.0,0.2636,1
20.9,0.0,92.3,7.0,0.5,0
19.3,0.0,92.3,7.0,0.4844,1
12.9,0.0,92.3,7.0,0.5,0
19.3,0.0,92.3,8.0,0.4844,1
20.9,0.0,92.3,7.0,0.4844,1
22.0,0.0,42.5,7.0,0.578,0
22.0,0.0,42.5,7.0,0.578,0
22.0,0.0,42.5,7.0,0.578,0
22.0,0.0,42.5,7.0,0.578,0
22.0,0.0,42.5,7.0,0.578,0
22.0,0.0,42.5,7.0,0.578,0
22.0,0.0,42.5,7.0,0.578,0
22.0,0.0,42.5,7.0,0.578,0
22.0,0.0,42.5,7.0,0.578,0
18.3,0.0,92.3,8.0,0.4844,1
24.2,0.0,88.3,7.0,0.2176,1
22.1,0.0,51.8,7.0,0.5091,1
22.1,0.0,51.8,7.0,0.5091,1
20.4,0.0,51.8,7.0,0.5273,0
22.1,0.0,51.8,7.0,0.5273,0
21.2,0.0,0.0,9.0,0.2636,1
20.7,0.0,59.5,7.0,0.3659,1
21.4,0.0,59.5,7.0,0.3902,0
19.9,0.0,59.5,7.0,0.3659,1
22.5,0.0,59.5,7.0,0.3902,0
21.4,0.0,59.5,7.0,0.3902,0
22.5,0.0,59.5,7.0,0.3902,0
21.4,0.0,59.5,7.0,0.3902,0
19.9,0.0,59.5,7.0,0.3659,1
19.9,0.0,59.5,7.0,0.3902,0
20.7,0.0,59.5,7.0,0.3659,1
21.4,0.0,59.5,7.0,0.3902,0
21.4,0.0,59.5,7.0,0.3902,0
13.6,0.0,72.0,7.0,0.2636,0
15.1,0.0,92.3,7.0,0.4844,1
20.9,0.0,92.3,7.0,0.5,0
18.6,0.0,92.3,7.0,0.5,0
18.1,0.0,86.4,7.0,0.0887,0
18.1,0.0,86.4,7.0,0.0887,0
13.9,0.0,86.4,7.0,0.0887,0
18.1,0.0,86.4,7.0,0.0887,0
18.8,0.0,86.4,7.0,0.0887,0
18.1,0.0,86.4,7.0,0.0887,0
18.8,0.0,86.4,7.0,0.0887,0
18.8,0.0,86.4,7.0,0.0887,0
18.8,0.0,86.4,7.0,0.0887,0
18.8,0.0,86.4,7.0,0.0887,0
18.1,0.0,86.4,7.0,0.0887,0
18.1,0.0,86.4,7.0,0.0887,0
18.5,0.0,92.3,7.0,0.4844,1
18.1,0.0,86.4,7.0,0.0887,0
19.1,0.0,86.4,7.0,0.0887,0
19.1,0.0,86.4,7.0,0.0887,0
24.4,0.0,90.3,7.0,0.9,1
24.4,0.0,90.3,7.0,0.9,1
24.4,0.0,90.3,7.0,0.9,1
24.4,0.0,90.3,7.0,0.9,1
24.4,0.0,90.3,7.0,0.9,1
24.4,0.0,90.3,7.0,0.9,1
24.4,0.0,90.3,7.0,0.9,1
24.4,0.0,90.3,7.0,0.9,1
23.7,0.0,100.0,7.0,0.0909,1
23.7,0.0,100.0,7.0,0.0909,1
23.7,0.0,100.0,7.0,0.0909,1
23.7,0.0,100.0,7.0,0.0909,1
23.7,0.0,100.0,7.0,0.0909,1
23.7,0.0,100.0,7.0,0.0909,1
23.7,0.0,100.0,7.0,0.0909,1
21.2,0.0,95.6,7.0,0.0455,0
21.2,0.0,95.6,7.0,0.0455,0
21.2,0.0,95.6,7.0,0.0455,0
21.2,0.0,95.6,7.0,0.0455,0
21.2,0.0,95.6,7.0,0.0455,0
21.2,0.0,95.6,7.0,0.0455,0
21.2,0.0,95.6,7.0,0.0455,0
21.2,0.0,95.6,7.0,0.0455,0
23.7,0.0,100.0,7.0,0.0909,1
23.7,0.0,100.0,7.0,0.0909,1
23.7,0.0,100.0,7.0,0.0909,1
23.8,0.0,21.9,7.0,0.1761,1
23.8,0.0,21.9,7.0,0.1761,1
20.7,0.0,59.5,7.0,0.3902,0
23.8,0.0,21.9,7.0,0.1761,1
23.8,0.0,21.9,7.0,0.1761,1
23.8,0.0,21.9,7.0,0.1761,1
23.8,0.0,21.9,7.0,0.1761,1
23.8,0.0,90.8,7.0,0.125,1
23.8,0.0,90.8,7.0,0.1406,0
24.3,0.0,90.8,7.0,0.1406,0
24.3,0.0,90.8,7.0,0.1406,0
23.8,0.0,90.8,7.0,0.1406,0
24.3,0.0,64.0,7.0,0.6371,1
24.3,0.0,64.0,7.0,0.6452,0
24.3,0.0,64.0,7.0,0.6371,1
24.3,0.0,64.0,7.0,0.6371,1
24.3,0.0,64.0,7.0,0.6371,1
24.3,0.0,64.0,7.0,0.6371,1
24.3,0.0,64.0,7.0,0.6371,1
24.3,0.0,64.0,7.0,0.6371,1
24.3,0.0,64.0,7.0,0.6371,1
24.3,0.0,64.0,7.0,0.6371,1
24.3,0.0,64.0,7.0,0.6371,1
24.3,0.0,64.0,7.0,0.6371,1
24.3,0.0,64.0,7.0,0.6452,0
24.3,0.0,64.0,7.0,0.6371,1
24.3,0.0,64.0,7.0,0.6371,1
24.3,0.0,64.0,7.0,0.6371,1
24.3,0.0,64.0,7.0,0.6452,0
24.3,0.0,64.0,7.0,0.6371,1
24.3,0.0,64.0,7.0,0.6371,1
24.3,0.0,64.0,7.0,0.6452,0
24.3,0.0,64.0,7.0,0.6452,0
24.3,0.0,64.0,7.0,0.6452,0
24.3,0.0,64.0,7.0,0.6452,0
24.3,0.0,64.0,7.0,0.6452,0
24.3,0.0,64.0,7.0,0.6452,0
24.3,0.0,64.0,7.0,0.6452,0
24.3,0.0,64.0,7.0,0.6452,0
24.3,0.0,64.0,7.0,0.6452,0
24.3,0.0,64.0,7.0,0.6452,0
24.3,0.0,64.0,7.0,0.6452,0
24.3,0.0,64.0,7.0,0.6452,0
24.3,0.0,64.0,7.0,0.6452,0
24.3,0.0,64.0,7.0,0.6452,0
24.3,0.0,64.0,7.0,0.6452,0
24.3,0.0,64.0,7.0,0.6452,0
23.9,0.0,79.5,7.0,0.2368,1
23.9,0.0,79.5,7.0,0.2368,1
23.9,0.0,79.5,7.0,0.2368,1
23.9,0.0,79.5,7.0,0.2368,1
12.6,0.0,79.5,7.0,0.2632,0
12.5,0.0,79.5,7.0,0.2632,0
23.9,0.0,79.5,7.0,0.2632,0
23.9,0.0,79.5,7.0,0.2368,1
20.7,1.0,100.0,7.0,0.2636,1
23.1,2.0,88.1,7.0,0.0244,0
23.1,1.0,88.1,7.0,0.0244,0
23.1,0.0,88.1,7.0,0.0244,0
23.1,0.0,88.1,7.0,0.0244,0
23.1,0.0,88.1,7.0,0.0244,0
23.1,1.0,88.1,7.0,0.0244,0
23.1,0.0,88.1,7.0,0.0244,0
23.1,0.0,88.1,7.0,0.0,1
23.1,0.0,88.1,7.0,0.0244,0
23.7,0.0,84.6,8.0,0.2299,0
24.0,0.0,84.6,7.0,0.2299,0
24.0,0.0,84.6,7.0,0.2299,0
24.0,0.0,84.6,7.0,0.2299,0
24.0,0.0,84.6,7.0,0.2299,0
24.0,0.0,84.6,7.0,0.2299,0
24.0,0.0,84.6,7.0,0.2299,0
24.0,0.0,84.6,7.0,0.2299,0
24.5,0.0,82.0,7.0,0.1448,0
24.5,0.0,82.0,7.0,0.1448,0
24.5,0.0,82.0,7.0,0.1448,0
24.5,0.0,82.0,7.0,0.1448,0
24.5,0.0,82.0,7.0,0.1448,0
24.5,0.0,82.0,7.0,0.1448,0
24.5,0.0,82.0,7.0,0.1448,0
24.5,0.0,82.0,7.0,0.1448,0
24.5,0.0,82.0,7.0,0.1448,0
24.5,0.0,82.0,7.0,0.1448,0
24.5,0.0,82.0,7.0,0.1448,0
24.5,0.0,82.0,7.0,0.1448,0
24.5,0.0,82.0,7.0,0.1448,0
23.5,0.0,82.0,7.0,0.1448,0
24.5,0.0,82.0,7.0,0.1448,0
24.5,0.0,82.0,7.0,0.1448,0
24.5,0.0,82.0,7.0,0.1448,0
24.5,0.0,82.0,7.0,0.1448,0
24.0,0.0,84.6,7.0,0.2299,0
24.0,0.0,84.6,7.0,0.2299,0
24.0,0.0,84.6,7.0,0.2299,0
19.9,0.0,84.6,7.0,0.2299,0
19.9,0.0,84.6,7.0,0.2299,0
19.9,0.0,84.6,7.0,0.2299,0
19.9,0.0,84.6,7.0,0.2299,0
19.9,0.0,84.6,7.0,0.2299,0
19.9,0.0,84.6,7.0,0.2299,0
19.9,0.0,84.6,7.0,0.2299,0
16.0,0.0,84.6,7.0,0.2299,0
21.6,0.0,89.2,7.0,0.1094,0
21.7,0.0,89.2,7.0,0.1094,0
21.6,0.0,89.2,7.0,0.1094,0
18.1,0.0,84.6,7.0,0.2299,0
21.6,0.0,89.2,7.0,0.1094,0
21.7,0.0,89.2,7.0,0.1094,0
13.0,0.0,0.0,7.0,0.2636,1
24.1,0.0,55.9,7.0,0.4706,0
24.1,0.0,55.9,7.0,0.4706,0
24.5,0.0,55.9,7.0,0.4706,0
20.0,0.0,50.0,7.0,0.2113,0
24.9,0.0,76.3,7.0,0.0,0
19.1,0.0,50.0,7.0,0.2113,0
21.3,0.0,50.0,7.0,0.2113,0
20.4,0.0,16.7,7.0,0.7711,1
19.3,0.0,48.7,7.0,0.4248,0
19.3,0.0,48.7,7.0,0.4248,0
17.8,0.0,48.7,7.0,0.4248,0
17.8,0.0,48.7,7.0,0.4248,0
19.5,0.0,48.7,7.0,0.4248,0
20.4,0.0,16.7,7.0,0.7711,1
20.4,0.0,16.7,7.0,0.7711,1
20.4,0.0,16.7,7.0,0.7711,1
20.4,0.0,16.7,7.0,0.7711,1
20.4,0.0,16.7,7.0,0.7711,1
20.4,0.0,16.7,7.0,0.7711,1
20.4,0.0,16.7,7.0,0.7831,0
20.4,0.0,16.7,7.0,0.7711,1
20.4,0.0,16.7,7.0,0.7711,1
20.4,0.0,16.7,7.0,0.7711,1
20.4,0.0,16.7,7.0,0.7711,1
20.4,0.0,16.7,7.0,0.7711,1
20.4,0.0,16.7,7.0,0.7711,1
20.4,0.0,16.7,7.0,0.7711,1
20.4,0.0,16.7,7.0,0.7711,1
20.4,0.0,16.7,7.0,0.7711,1
20.4,0.0,16.7,7.0,0.7711,1
20.4,0.0,16.7,7.0,0.7711,1
20.4,0.0,16.7,7.0,0.7711,1
20.4,0.0,16.7,7.0,0.7711,1
20.4,0.0,16.7,7.0,0.7711,1
20.4,0.0,16.7,7.0,0.7711,1
20.4,0.0,16.7,7.0,0.7711,1
20.4,0.0,16.7,7.0,0.7711,1
20.4,0.0,16.7,7.0,0.7711,1
20.4,0.0,16.7,7.0,0.7711,1
20.4,0.0,16.7,7.0,0.7711,1
19.3,0.0,16.7,7.0,0.7831,0
19.3,0.0,16.7,7.0,0.7711,1
20.4,0.0,16.7,7.0,0.7831,0
19.3,0.0,16.7,7.0,0.7711,1
19.3,0.0,16.7,7.0,0.7831,0
19.3,0.0,16.7,7.0,0.7711,1
19.3,0.0,16.7,7.0,0.7711,1
24.1,0.0,56.7,7.0,0.3051,1
19.3,0.0,16.7,7.0,0.7711,1
19.3,0.0,16.7,7.0,0.7711,1
19.3,0.0,16.7,7.0,0.7711,1
19.3,0.0,16.7,7.0,0.7831,0
19.3,0.0,16.7,7.0,0.7711,1
19.3,0.0,16.7,7.0,0.7711,1
19.3,0.0,16.7,7.0,0.7831,0
19.3,0.0,16.7,7.0,0.7711,1
19.3,0.0,16.7,7.0,0.7831,0
19.3,0.0,16.7,7.0,0.7711,1
19.3,0.0,16.7,7.0,0.7711,1
19.3,0.0,16.7,7.0,0.7711,1
19.3,0.0,16.7,7.0,0.7711,1
22.0,0.0,100.0,7.0,0.2636,1
19.1,0.0,100.0,7.0,0.2636,0
24.4,0.0,90.3,7.0,0.9,1
24.4,0.0,90.3,7.0,0.9,1
24.4,0.0,90.3,7.0,0.9,1
24.4,0.0,90.3,7.0,0.9,1
24.4,0.0,90.3,7.0,0.9333,0
24.4,0.0,90.3,7.0,0.9,1
24.4,0.0,90.3,7.0,0.9,1
24.4,0.0,90.3,7.0,0.9,1
24.4,0.0,90.3,7.0,0.9,1
24.4,0.0,90.3,7.0,0.9,1
21.6,0.0,89.2,7.0,0.1094,0
21.6,0.0,89.2,7.0,0.1094,0
21.6,0.0,89.2,7.0,0.1094,0
21.6,0.0,89.2,7.0,0.1094,0
21.7,0.0,89.2,7.0,0.1094,0
21.7,0.0,89.2,7.0,0.1094,0
21.7,0.0,89.2,7.0,0.1094,0
21.6,0.0,89.2,7.0,0.1094,0
21.6,0.0,89.2,7.0,0.1094,0
17.9,0.0,79.5,7.0,0.0,0
24.4,0.0,90.3,7.0,0.9,1
24.4,0.0,90.3,7.0,0.9333,0
24.4,0.0,90.3,7.0,0.9,1
24.4,0.0,90.3,7.0,0.9,1
24.4,0.0,90.3,7.0,0.9,1
24.4,0.0,90.3,7.0,0.9,1
24.4,0.0,90.3,7.0,0.9,1
24.4,0.0,90.3,7.0,0.9,1
24.4,0.0,90.3,7.0,0.9,1
24.4,0.0,90.3,7.0,0.9,1
14.7,0.0,79.5,7.0,0.0,0
14.7,0.0,79.5,7.0,0.0,0
21.6,0.0,89.2,7.0,0.0938,1
20.0,0.0,50.0,7.0,0.2113,0
22.7,0.0,86.7,7.0,0.2636,0
22.7,1.0,63.8,7.0,0.3869,0
22.9,0.0,64.0,7.0,0.6452,0
17.2,0.0,63.0,7.0,0.1509,0
23.6,0.0,86.2,7.0,0.302,1
24.9,0.0,91.7,7.0,0.2636,0
22.5,2.0,17.6,7.0,0.2636,0
22.5,1.0,17.6,7.0,0.2636,1
23.9,1.0,17.6,7.0,0.2636,0
23.6,0.0,84.6,7.0,0.2299,0
17.6,0.0,0.0,7.0,0.2636,0
19.7,0.0,0.0,7.0,0.2636,0
23.7,0.0,9.6,7.0,0.0972,0
23.7,0.0,9.6,7.0,0.0972,0
23.7,0.0,9.6,7.0,0.0972,0
23.7,0.0,9.6,7.0,0.0972,0
23.7,0.0,9.6,7.0,0.0972,0
23.7,0.0,9.6,7.0,0.0972,0
23.7,0.0,9.6,7.0,0.0972,0
23.7,0.0,9.6,7.0,0.0972,0
23.7,0.0,9.6,7.0,0.0972,0
20.5,0.0,18.4,7.0,0.3243,0
19.7,0.0,0.0,7.0,0.2636,0
18.4,0.0,18.4,7.0,0.2973,1
20.2,0.0,80.8,7.0,0.2636,0
24.1,0.0,56.7,7.0,0.322,0
23.1,0.0,88.1,7.0,0.0244,0
23.1,0.0,88.1,7.0,0.0244,0
23.1,0.0,88.1,7.0,0.0244,0
23.1,0.0,88.1,7.0,0.0244,0
23.1,0.0,88.1,7.0,0.0244,0
23.1,0.0,88.1,7.0,0.0244,0
23.1,0.0,88.1,7.0,0.0244,0
23.1,0.0,88.1,7.0,0.0244,0
23.1,0.0,88.1,7.0,0.0244,0
23.1,0.0,88.1,7.0,0.0244,0
23.1,0.0,88.1,7.0,0.0244,0
21.4,0.0,84.6,7.0,0.2299,0
21.4,0.0,84.6,7.0,0.2299,0
21.4,0.0,84.6,7.0,0.2299,0
21.4,0.0,84.6,7.0,0.2299,0
21.4,0.0,84.6,7.0,0.2299,0
21.4,0.0,84.6,7.0,0.2299,0
21.4,0.0,84.6,7.0,0.2299,0
21.4,0.0,84.6,7.0,0.2299,0
23.7,0.0,9.6,7.0,0.0972,0
23.7,0.0,9.6,7.0,0.0972,0
23.7,0.0,9.6,7.0,0.0972,0
23.7,0.0,9.6,7.0,0.0972,0
23.7,0.0,9.6,7.0,0.0972,0
23.7,0.0,9.6,7.0,0.0972,0
23.7,0.0,9.6,7.0,0.0972,0
23.7,0.0,9.6,7.0,0.0972,0
23.7,0.0,9.6,7.0,0.0972,0
23.7,0.0,9.6,7.0,0.0972,0
23.2,0.0,9.6,7.0,0.0972,0
18.8,0.0,98.8,7.0,0.0,0
22.7,0.0,98.8,7.0,0.0,0
18.3,0.0,98.8,7.0,0.0,0
23.8,0.0,21.9,7.0,0.1761,1
20.2,0.0,80.9,7.0,0.1404,0
21.7,0.0,80.9,7.0,0.1316,1
20.1,0.0,100.0,7.0,0.2636,0
23.1,0.0,80.9,7.0,0.1404,0
21.7,0.0,80.9,8.0,0.1404,0
21.4,0.0,80.9,7.0,0.1404,0
23.1,0.0,80.9,7.0,0.1404,0
15.6,0.0,80.9,7.0,0.1404,0
20.4,0.0,80.9,7.0,0.1316,1
21.7,0.0,80.9,7.0,0.1316,1
23.8,0.0,21.9,7.0,0.1761,1
23.8,0.0,21.9,7.0,0.1761,1
23.8,0.0,21.9,7.0,0.1761,1
23.8,0.0,21.9,7.0,0.1761,1
23.8,0.0,21.9,7.0,0.1761,1
23.8,0.0,21.9,7.0,0.1761,1
23.8,0.0,21.9,7.0,0.1761,1
23.8,0.0,21.9,7.0,0.1761,1
23.8,0.0,21.9,7.0,0.1761,1
23.2,0.0,50.0,7.0,0.1972,1
23.2,0.0,50.0,7.0,0.1972,1
23.2,0.0,50.0,7.0,0.1972,1
21.3,0.0,50.0,7.0,0.1972,1
23.2,0.0,50.0,7.0,0.1972,1
20.7,0.0,64.0,7.0,0.6452,0
20.7,0.0,64.0,7.0,0.6452,0
20.7,0.0,64.0,7.0,0.6452,0
24.3,0.0,64.0,7.0,0.6452,0
18.4,0.0,50.0,7.0,0.1972,1
21.3,0.0,50.0,7.0,0.2113,0
21.3,0.0,50.0,7.0,0.2113,0
23.2,0.0,50.0,7.0,0.2113,0
23.6,0.0,96.3,7.0,0.0377,0
22.5,0.0,96.3,7.0,0.0377,0
22.5,0.0,96.3,7.0,0.0377,0
22.5,0.0,96.3,7.0,0.0377,0
23.2,0.0,96.3,7.0,0.0377,0
23.4,0.0,80.9,7.0,0.1316,1
19.3,0.0,84.9,7.0,0.1154,0
12.5,0.0,100.0,7.0,0.2636,0
18.3,0.0,100.0,7.0,0.2636,0
17.9,0.0,80.9,7.0,0.1404,0
21.4,0.0,80.9,7.0,0.1404,0
21.0,0.0,100.0,7.0,0.2636,0
23.1,0.0,80.9,7.0,0.1404,0
21.4,0.0,80.9,8.0,0.1404,0
20.4,0.0,80.9,7.0,0.1316,1
23.8,0.0,85.7,7.0,0.1441,0
23.8,0.0,85.7,7.0,0.1351,1
23.8,0.0,85.7,7.0,0.1441,0
23.8,0.0,85.7,7.0,0.1351,1
23.7,0.0,9.6,7.0,0.0972,0
23.2,0.0,9.6,7.0,0.0972,0
23.7,0.0,9.6,7.0,0.0833,1
23.7,0.0,9.6,7.0,0.0833,1
23.7,0.0,9.6,7.0,0.0972,0
23.7,0.0,9.6,7.0,0.0833,1
23.2,0.0,9.6,7.0,0.0972,0
23.7,0.0,9.6,7.0,0.0833,1
23.7,0.0,9.6,7.0,0.0833,1
23.7,0.0,9.6,8.0,0.0972,0
23.7,0.0,9.6,7.0,0.0972,0
23.7,0.0,9.6,7.0,0.0833,1
23.7,0.0,9.6,7.0,0.0833,1
16.8,0.0,91.4,7.0,0.1404,0
16.8,0.0,91.4,7.0,0.1404,0
16.8,0.0,91.4,7.0,0.1404,0
16.8,0.0,91.4,7.0,0.1404,0
16.8,0.0,91.4,7.0,0.1404,0
16.8,0.0,91.4,7.0,0.1404,0
16.8,0.0,91.4,7.0,0.1404,0
16.8,0.0,91.4,7.0,0.1404,0
16.8,0.0,91.4,7.0,0.1404,0
16.8,0.0,91.4,7.0,0.1404,0
16.8,0.0,91.4,7.0,0.1404,0
16.0,0.0,91.4,7.0,0.1404,0
16.8,0.0,91.4,7.0,0.1404,0
16.8,0.0,91.4,7.0,0.1404,0
16.8,0.0,91.4,7.0,0.1404,0
16.8,0.0,91.4,7.0,0.1404,0
16.8,0.0,91.4,7.0,0.1404,0
16.8,0.0,91.4,7.0,0.1404,0
16.8,0.0,91.4,7.0,0.1404,0
16.8,0.0,91.4,7.0,0.1404,0
16.8,0.0,91.4,7.0,0.1404,0
16.8,0.0,91.4,7.0,0.1404,0
16.8,0.0,91.4,7.0,0.1404,0
16.8,0.0,91.4,7.0,0.1404,0
16.8,0.0,91.4,7.0,0.1404,0
16.8,0.0,91.4,7.0,0.1404,0
16.8,0.0,91.4,7.0,0.1404,0
16.8,0.0,91.4,7.0,0.1404,0
16.8,0.0,91.4,7.0,0.1404,0
16.8,0.0,91.4,7.0,0.1404,0
15.3,0.0,91.4,7.0,0.1404,0
16.8,0.0,91.4,7.0,0.1404,0
16.8,0.0,91.4,7.0,0.1404,0
16.8,0.0,91.4,7.0,0.1404,0
16.8,0.0,91.4,7.0,0.1404,0
16.8,0.0,91.4,7.0,0.1404,0
16.8,0.0,91.4,7.0,0.1404,0
16.8,0.0,91.4,7.0,0.1404,0
16.8,0.0,91.4,7.0,0.1404,0
16.8,0.0,91.4,7.0,0.1404,0
16.8,0.0,91.4,7.0,0.1404,0
16.8,0.0,91.4,7.0,0.1404,0
16.8,0.0,91.4,7.0,0.1404,0
16.8,0.0,91.4,7.0,0.1404,0
16.8,0.0,91.4,7.0,0.1404,0
16.8,0.0,91.4,7.0,0.1404,0
16.8,0.0,91.4,7.0,0.1404,0
16.8,0.0,91.4,7.0,0.1404,0
23.8,0.0,85.7,7.0,0.1441,0
23.8,0.0,85.7,7.0,0.1441,0
23.8,0.0,85.7,7.0,0.1441,0
23.8,0.0,85.7,7.0,0.1351,1
23.8,0.0,85.7,7.0,0.1441,0
23.8,0.0,85.7,7.0,0.1441,0
23.8,0.0,85.7,7.0,0.1441,0
23.8,0.0,85.7,7.0,0.1441,0
23.8,0.0,85.7,7.0,0.1441,0
23.8,0.0,85.7,7.0,0.1441,0
23.8,0.0,85.7,7.0,0.1441,0
23.8,0.0,85.7,7.0,0.1441,0
23.8,0.0,85.7,7.0,0.1441,0
23.8,0.0,85.7,7.0,0.1441,0
23.8,0.0,85.7,7.0,0.1441,0
23.8,0.0,85.7,7.0,0.1441,0
23.8,0.0,85.7,7.0,0.1441,0
23.8,0.0,85.7,7.0,0.1441,0
23.8,0.0,85.7,7.0,0.1351,1
23.8,0.0,85.7,7.0,0.1351,1
23.8,0.0,85.7,7.0,0.1441,0
23.8,0.0,85.7,7.0,0.1441,0
23.8,0.0,85.7,7.0,0.1351,1
23.8,0.0,85.7,7.0,0.1351,1
23.8,0.0,85.7,7.0,0.1351,1
23.8,0.0,85.7,7.0,0.1441,0
23.8,0.0,85.7,7.0,0.1351,1
23.8,0.0,85.7,7.0,0.1351,1
23.8,0.0,85.7,7.0,0.1351,1
23.8,0.0,85.7,7.0,0.1441,0
23.8,0.0,85.7,7.0,0.1351,1
23.8,0.0,85.7,7.0,0.1351,1
18.5,0.0,84.6,7.0,0.2299,0
22.0,0.0,84.6,7.0,0.2299,0
22.0,0.0,84.6,7.0,0.2299,0
22.0,0.0,84.6,7.0,0.2299,0
18.0,0.0,84.6,7.0,0.2299,0
18.5,0.0,84.6,7.0,0.2299,0
18.5,0.0,84.6,7.0,0.2299,0
22.0,0.0,84.6,7.0,0.2299,0
22.0,0.0,84.6,7.0,0.2299,0
22.0,0.0,84.6,7.0,0.2299,0
18.5,0.0,84.6,7.0,0.2285,1
18.5,0.0,84.6,7.0,0.2299,0
22.2,0.0,100.0,7.0,0.2636,0
22.2,0.0,100.0,7.0,0.2636,0
15.5,0.0,63.5,7.0,0.6667,0
21.7,0.0,64.0,7.0,0.6371,1
21.0,0.0,64.0,7.0,0.6452,0
21.1,0.0,63.5,7.0,0.6667,0
23.1,0.0,63.5,7.0,0.6548,1
24.6,0.0,99.0,7.0,0.0352,0
24.6,0.0,99.0,7.0,0.0352,0
24.6,0.0,99.0,7.0,0.0352,0
24.6,0.0,99.0,7.0,0.0352,0
24.6,0.0,99.0,7.0,0.0352,0
24.6,0.0,99.0,7.0,0.0352,0
24.6,0.0,99.0,7.0,0.0352,0
24.6,0.0,99.0,7.0,0.0352,0
24.6,0.0,99.0,7.0,0.0352,0
24.6,0.0,99.0,7.0,0.0352,0
24.6,0.0,99.0,7.0,0.0352,0
24.6,0.0,99.0,7.0,0.0352,0
24.6,0.0,99.0,7.0,0.0352,0
24.6,0.0,99.0,7.0,0.0352,0
24.6,0.0,99.0,7.0,0.0352,0
24.6,0.0,99.0,7.0,0.0352,0
23.6,0.0,60.7,7.0,0.2963,0
21.5,0.0,60.7,7.0,0.2963,0
21.5,0.0,60.7,7.0,0.2963,0
23.0,0.0,60.7,7.0,0.2963,0
22.5,0.0,86.4,7.0,0.0887,0
22.5,0.0,86.4,7.0,0.0887,0
22.5,0.0,86.4,7.0,0.0887,0
21.6,0.0,60.7,7.0,0.2963,0
21.6,0.0,60.7,7.0,0.2963,0
22.5,0.0,86.4,7.0,0.0887,0
22.5,0.0,86.4,7.0,0.0887,0
22.5,0.0,86.4,7.0,0.0887,0
22.5,0.0,86.4,7.0,0.0887,0
22.5,0.0,86.4,7.0,0.0887,0
23.0,0.0,60.7,7.0,0.2963,0
23.0,0.0,60.7,7.0,0.2963,0
23.0,0.0,60.7,7.0,0.2963,0
23.0,0.0,60.7,7.0,0.2963,0
22.4,0.0,60.7,7.0,0.2963,0
22.5,0.0,60.7,7.0,0.2922,1
21.4,0.0,60.7,7.0,0.2963,0
21.4,0.0,60.7,7.0,0.2963,0
15.8,0.0,75.0,7.0,0.2636,0
21.5,0.0,60.7,7.0,0.2963,0
21.3,2.0,76.1,7.0,0.5443,0
23.0,0.0,92.2,7.0,0.1951,0
23.0,0.0,92.2,7.0,0.1951,0
23.0,0.0,92.2,7.0,0.1951,0
23.0,0.0,92.2,7.0,0.1951,0
23.0,0.0,92.2,7.0,0.1951,0
23.0,0.0,92.2,7.0,0.1951,0
23.0,0.0,92.2,7.0,0.1951,0
23.0,0.0,92.2,7.0,0.1951,0
20.8,0.0,92.2,7.0,0.1951,0
20.8,0.0,92.2,7.0,0.1951,0
20.8,0.0,92.2,7.0,0.1902,1
20.8,0.0,92.2,7.0,0.1951,0
19.2,0.0,92.2,7.0,0.1902,1
19.2,0.0,92.2,7.0,0.1902,1
23.0,0.0,92.2,7.0,0.1951,0
18.3,0.0,97.1,7.0,0.0294,0
18.3,0.0,97.1,7.0,0.0294,0
18.3,0.0,97.1,7.0,0.0294,0
18.3,0.0,97.1,7.0,0.0294,0
18.3,0.0,97.1,7.0,0.0294,0
18.3,0.0,97.1,7.0,0.0294,0
16.9,0.0,92.2,7.0,0.1951,0
22.0,0.0,22.9,7.0,0.1064,0
22.0,0.0,22.9,7.0,0.0851,1
22.0,0.0,22.9,7.0,0.1064,0
22.0,0.0,22.9,7.0,0.1064,0
22.0,0.0,22.9,7.0,0.0851,1
21.5,0.0,22.9,7.0,0.0851,1
22.0,0.0,22.9,7.0,0.0851,1
22.0,0.0,22.9,7.0,0.1064,0
22.0,0.0,22.9,7.0,0.0851,1
22.2,1.0,71.2,7.0,0.2157,0
21.0,0.0,71.2,7.0,0.2157,0
23.7,0.0,85.7,7.0,0.1441,0
23.7,0.0,85.7,7.0,0.1441,0
23.7,0.0,85.7,7.0,0.1441,0
23.7,0.0,85.7,7.0,0.1441,0
22.8,0.0,90.6,7.0,0.0635,1
21.5,0.0,84.6,7.0,0.2299,0
22.0,0.0,84.6,7.0,0.2299,0
18.7,0.0,84.6,7.0,0.2299,0
22.0,0.0,84.6,7.0,0.2299,0
21.5,0.0,84.6,7.0,0.2299,0
21.5,0.0,84.6,7.0,0.2299,0
21.5,0.0,84.6,7.0,0.2299,0
21.8,0.0,84.6,7.0,0.2299,0
21.8,0.0,84.6,7.0,0.2299,0
18.7,0.0,84.6,7.0,0.2299,0
21.8,0.0,84.6,7.0,0.2299,0
21.8,0.0,84.6,7.0,0.2299,0
21.8,0.0,84.6,7.0,0.2285,1
21.8,0.0,84.6,7.0,0.2299,0
20.9,0.0,84.6,7.0,0.2299,0
20.9,0.0,84.6,7.0,0.2299,0
20.9,0.0,84.6,7.0,0.2299,0
20.9,0.0,84.6,7.0,0.2299,0
20.9,0.0,84.6,8.0,0.2299,0
20.9,0.0,84.6,8.0,0.2299,0
20.9,0.0,84.6,8.0,0.2299,0
20.9,0.0,84.6,8.0,0.2299,0
20.9,0.0,84.6,7.0,0.2299,0
20.9,0.0,84.6,7.0,0.2299,0
20.9,0.0,84.6,7.0,0.2299,0
20.9,0.0,84.6,7.0,0.2299,0
22.9,0.0,55.9,7.0,0.4706,0
20.5,0.0,71.2,7.0,0.2157,0
22.2,0.0,71.2,7.0,0.1961,1
22.2,0.0,71.2,7.0,0.1961,1
22.9,0.0,71.2,7.0,0.2157,0
22.2,0.0,71.2,7.0,0.1961,1
22.9,0.0,71.2,7.0,0.2157,0
22.9,0.0,71.2,7.0,0.2157,0
22.9,0.0,71.2,7.0,0.1961,1
22.9,0.0,71.2,7.0,0.1961,1
21.0,0.0,71.2,8.0,0.2157,0
22.9,0.0,71.2,7.0,0.2157,0
22.9,0.0,71.2,7.0,0.1961,1
22.9,0.0,71.2,7.0,0.1961,1
22.9,0.0,71.2,7.0,0.1961,1
22.9,0.0,71.2,7.0,0.2157,0
22.9,0.0,71.2,7.0,0.2157,0
22.9,0.0,71.2,7.0,0.2157,0
22.9,0.0,71.2,7.0,0.2157,0
22.9,0.0,71.2,7.0,0.2157,0
22.9,0.0,71.2,7.0,0.2157,0
22.9,0.0,71.2,7.0,0.1961,1
20.5,0.0,71.2,7.0,0.2157,0
23.6,0.0,86.7,8.0,0.2636,1
20.9,0.0,86.7,7.0,0.2636,0
23.6,0.0,86.7,7.0,0.2636,0
23.6,0.0,86.7,8.0,0.2636,0
21.4,0.0,72.4,7.0,0.16,1
19.1,0.0,72.4,7.0,0.1733,0
21.4,0.0,72.4,7.0,0.1733,0
20.3,0.0,72.4,7.0,0.16,1
21.6,0.0,72.4,7.0,0.16,1
20.6,0.0,75.6,7.0,0.2921,0
24.3,0.0,98.5,7.0,0.0368,0
24.3,0.0,98.5,7.0,0.0368,0
24.3,0.0,98.5,7.0,0.0368,0
24.3,0.0,98.5,7.0,0.0368,0
24.3,0.0,98.5,7.0,0.0368,0
24.3,0.0,98.5,7.0,0.0368,0
24.3,0.0,98.5,7.0,0.0368,0
24.3,0.0,98.5,7.0,0.0368,0
24.3,0.0,98.5,7.0,0.0368,0
24.3,0.0,98.5,7.0,0.0368,0
24.3,0.0,98.5,7.0,0.0368,0
24.3,0.0,98.5,7.0,0.0368,0
24.1,0.0,100.0,7.0,0.0,0
24.1,0.0,100.0,7.0,0.0,0
19.4,0.0,98.0,7.0,0.02,1
22.0,0.0,98.0,7.0,0.04,0
22.0,0.0,98.0,7.0,0.04,0
24.1,0.0,94.0,7.0,0.0,0
23.9,0.0,94.0,7.0,0.0,0
24.1,0.0,94.0,7.0,0.0,0
24.0,0.0,94.0,7.0,0.0,0
23.4,0.0,94.0,7.0,0.0,0
22.9,0.0,71.2,7.0,0.2157,0
21.0,0.0,71.2,7.0,0.2157,0
20.2,0.0,80.9,7.0,0.1404,0
16.3,0.0,58.1,7.0,0.6379,0
16.3,0.0,58.1,7.0,0.6379,0
16.3,0.0,58.1,7.0,0.6379,0
16.3,0.0,58.1,7.0,0.6379,0
16.3,0.0,58.1,7.0,0.6379,0
16.3,0.0,58.1,7.0,0.6379,0
15.6,0.0,58.1,7.0,0.6379,0
14.2,0.0,58.1,7.0,0.6379,0
16.2,0.0,58.1,7.0,0.6293,1
24.3,0.0,90.9,7.0,0.0938,0
24.3,0.0,90.9,7.0,0.0938,0
21.5,0.0,56.2,7.0,0.2636,0
21.2,0.0,96.9,7.0,0.0968,0
21.2,0.0,96.9,7.0,0.0968,0
21.2,0.0,96.9,7.0,0.0968,0
21.2,0.0,96.9,7.0,0.0968,0
21.2,0.0,96.9,7.0,0.0968,0
21.2,0.0,96.9,7.0,0.0968,0
21.2,0.0,96.9,7.0,0.0968,0
21.2,0.0,96.9,7.0,0.0968,0
21.2,0.0,96.9,7.0,0.0968,0
21.2,0.0,96.9,7.0,0.0968,0
21.2,0.0,96.9,7.0,0.0968,0
21.2,0.0,96.9,7.0,0.0968,0
21.2,0.0,96.9,7.0,0.0968,0
21.2,0.0,96.9,7.0,0.0968,0
21.2,0.0,96.9,7.0,0.0968,0
21.2,0.0,96.9,7.0,0.0968,0
21.2,0.0,96.9,7.0,0.0968,0
21.2,0.0,96.9,7.0,0.0968,0
21.2,0.0,96.9,7.0,0.0968,0
21.2,0.0,96.9,7.0,0.0968,0
21.2,0.0,96.9,7.0,0.0968,0
21.2,0.0,96.9,7.0,0.0968,0
21.2,0.0,96.9,7.0,0.0968,0
21.2,0.0,96.9,7.0,0.0968,0
21.2,0.0,96.9,7.0,0.0968,0
22.0,0.0,92.6,7.0,0.2636,1
22.0,0.0,92.6,7.0,0.2636,1
22.0,0.0,92.6,7.0,0.2636,1
22.0,0.0,92.6,7.0,0.2636,1
22.0,0.0,92.6,7.0,0.2636,1
22.0,0.0,92.6,7.0,0.2636,1
22.0,0.0,92.6,7.0,0.2636,1
22.0,0.0,92.6,7.0,0.2636,1
22.0,0.0,92.6,7.0,0.2636,1
22.0,0.0,92.6,7.0,0.2636,1
22.0,0.0,92.6,7.0,0.2636,1
22.0,0.0,92.6,7.0,0.2636,1
22.0,0.0,92.6,7.0,0.2636,1
22.0,0.0,92.6,7.0,0.2636,1
22.0,0.0,92.6,7.0,0.2636,1
22.0,0.0,92.6,7.0,0.2636,1
22.0,0.0,92.6,7.0,0.2636,1
22.0,0.0,92.6,7.0,0.2636,1
22.0,0.0,92.6,7.0,0.2636,1
22.0,0.0,92.6,7.0,0.2636,1
22.0,0.0,92.6,7.0,0.2636,1
22.0,0.0,92.6,7.0,0.2636,1
22.0,0.0,92.6,7.0,0.2636,1
22.0,0.0,92.6,7.0,0.2636,1
22.0,0.0,92.6,7.0,0.2636,1
15.3,0.0,92.2,7.0,0.1951,0
17.9,0.0,92.2,7.0,0.1951,0
17.9,0.0,92.2,7.0,0.1951,0
22.9,0.0,92.2,7.0,0.1951,0
20.6,0.0,92.2,7.0,0.1902,1
20.6,0.0,92.2,7.0,0.1902,1
23.0,0.0,92.2,7.0,0.1902,1
23.0,0.0,92.2,7.0,0.1902,1
23.0,0.0,92.2,7.0,0.1902,1
23.0,0.0,92.2,7.0,0.1902,1
23.0,0.0,92.2,7.0,0.1902,1
20.6,0.0,92.2,7.0,0.1902,1
23.0,0.0,92.2,7.0,0.1951,0
16.9,0.0,92.2,7.0,0.1951,0
22.0,0.0,97.0,7.0,0.1018,0
23.9,0.0,97.0,7.0,0.0958,1
23.9,0.0,97.0,7.0,0.1018,0
23.9,0.0,97.0,7.0,0.0958,1
23.0,0.0,97.0,7.0,0.0958,1
24.3,0.0,90.8,7.0,0.1406,0
22.9,0.0,84.6,7.0,0.2299,0
22.9,0.0,84.6,7.0,0.2299,0
15.4,0.0,9.7,7.0,0.1667,0
15.4,0.0,9.7,7.0,0.1667,0
15.4,0.0,9.7,7.0,0.1667,0
15.4,0.0,9.7,7.0,0.1667,0
15.4,0.0,9.7,7.0,0.1667,0
15.4,0.0,9.7,7.0,0.1667,0
15.4,0.0,9.7,7.0,0.1667,0
15.4,0.0,9.7,7.0,0.1667,0
15.4,0.0,9.7,7.0,0.1667,0
15.4,0.0,9.7,7.0,0.1667,0
15.4,0.0,9.7,7.0,0.1667,0
15.4,0.0,9.7,7.0,0.1667,0
15.4,0.0,9.7,7.0,0.1667,0
15.4,0.0,9.7,7.0,0.1667,0
21.8,0.0,93.4,7.0,0.0132,0
21.8,0.0,93.4,7.0,0.0132,0
22.1,0.0,93.4,7.0,0.0132,0
21.1,0.0,93.4,7.0,0.0132,0
22.1,0.0,93.4,7.0,0.0132,0
22.2,0.0,93.4,7.0,0.0132,0
22.2,0.0,93.4,7.0,0.0132,0
21.7,0.0,93.4,7.0,0.0132,0
22.2,0.0,93.4,7.0,0.0132,0
22.2,0.0,93.4,7.0,0.0132,0
22.2,0.0,93.4,7.0,0.0132,0
22.2,0.0,93.4,7.0,0.0132,0
21.7,0.0,93.4,7.0,0.0132,0
22.2,0.0,93.4,7.0,0.0132,0
22.2,0.0,93.4,7.0,0.0132,0
22.2,0.0,93.4,7.0,0.0132,0
22.2,0.0,93.4,7.0,0.0132,0
22.2,0.0,93.4,7.0,0.0132,0
22.2,0.0,93.4,7.0,0.0132,0
22.3,0.0,93.4,7.0,0.0132,0
22.3,0.0,93.4,7.0,0.0132,0
22.3,0.0,93.4,7.0,0.0132,0
22.3,0.0,93.4,7.0,0.0132,0
22.5,0.0,93.4,7.0,0.0132,0
22.4,0.0,93.4,7.0,0.0132,0
22.4,0.0,93.4,7.0,0.0132,0
22.5,0.0,93.4,7.0,0.0132,0
22.5,0.0,93.4,7.0,0.0132,0
22.5,0.0,93.4,7.0,0.0132,0
22.5,0.0,93.4,7.0,0.0132,0
22.5,0.0,93.4,7.0,0.0132,0
22.5,0.0,93.4,7.0,0.0132,0
22.5,0.0,93.4,7.0,0.0132,0
22.8,0.0,93.4,7.0,0.0132,0
22.8,0.0,93.4,7.0,0.0132,0
21.7,0.0,93.4,7.0,0.0132,0
22.8,0.0,93.4,7.0,0.0132,0
22.8,0.0,93.4,7.0,0.0132,0
22.8,0.0,93.4,7.0,0.0132,0
22.8,0.0,93.4,7.0,0.0132,0
23.0,0.0,93.4,7.0,0.0132,0
23.0,0.0,93.4,7.0,0.0132,0
23.0,0.0,93.4,7.0,0.0132,0
23.0,0.0,93.4,7.0,0.0132,0
22.9,0.0,84.6,7.0,0.2299,0
22.9,0.0,84.6,7.0,0.2299,0
22.9,0.0,84.6,7.0,0.2299,0
22.9,0.0,84.6,7.0,0.2299,0
22.9,0.0,84.6,7.0,0.2299,0
22.9,0.0,84.6,7.0,0.2299,0
22.9,0.0,84.6,7.0,0.2299,0
22.9,0.0,84.6,7.0,0.2299,0
22.9,0.0,84.6,7.0,0.2299,0
22.9,0.0,84.6,7.0,0.2299,0
22.9,0.0,84.6,7.0,0.2299,0
22.9,0.0,84.6,7.0,0.2299,0
22.9,0.0,84.6,7.0,0.2299,0
22.9,0.0,84.6,7.0,0.2299,0
22.9,0.0,84.6,7.0,0.2299,0
22.9,0.0,84.6,7.0,0.2299,0
22.9,0.0,84.6,7.0,0.2299,0
22.9,0.0,84.6,7.0,0.2299,0
22.9,0.0,84.6,7.0,0.2299,0
22.9,0.0,84.6,7.0,0.2299,0
22.9,0.0,84.6,7.0,0.2299,0
22.9,0.0,84.6,7.0,0.2299,0
22.9,0.0,84.6,7.0,0.2299,0
22.9,0.0,84.6,7.0,0.2299,0
22.9,0.0,84.6,7.0,0.2299,0
22.9,0.0,84.6,7.0,0.2299,0
21.6,0.0,89.2,7.0,0.1094,0
21.6,0.0,89.2,7.0,0.1094,0
21.6,0.0,89.2,7.0,0.1094,0
21.6,0.0,89.2,7.0,0.1094,0
21.6,0.0,89.2,7.0,0.1094,0
21.6,0.0,89.2,7.0,0.1094,0
21.6,0.0,89.2,7.0,0.1094,0
21.6,0.0,89.2,7.0,0.1094,0
21.6,0.0,89.2,7.0,0.1094,0
21.6,0.0,89.2,7.0,0.1094,0
21.3,0.0,89.2,7.0,0.1094,0
21.6,0.0,89.2,7.0,0.1094,0
21.6,0.0,89.2,7.0,0.1094,0
21.6,0.0,89.2,7.0,0.1094,0
21.5,0.0,89.2,7.0,0.1094,0
21.5,0.0,89.2,7.0,0.1094,0
21.0,0.0,50.0,7.0,0.2636,0
21.0,0.0,50.0,7.0,0.2636,0
21.3,0.0,41.2,7.0,0.1818,1
21.3,0.0,41.2,7.0,0.2121,0
21.1,0.0,41.2,7.0,0.2121,0
21.1,0.0,41.2,7.0,0.2121,0
21.3,0.0,41.2,7.0,0.2121,0
21.8,0.0,41.2,7.0,0.1818,1
21.8,0.0,41.2,7.0,0.2121,0
21.0,0.0,50.0,7.0,0.2636,1
23.1,0.0,41.2,7.0,0.2121,0
20.9,0.0,50.0,7.0,0.2636,0
21.3,0.0,89.2,7.0,0.1094,0
21.3,0.0,41.2,7.0,0.2121,0
21.0,0.0,50.0,7.0,0.2636,0
21.0,0.0,50.0,7.0,0.2636,0
21.3,0.0,41.2,7.0,0.2121,0
21.3,0.0,41.2,7.0,0.1818,1
20.3,0.0,41.2,7.0,0.2121,0
20.2,0.0,41.2,7.0,0.2121,0
20.3,0.0,41.2,7.0,0.2121,0
20.3,0.0,41.2,7.0,0.2121,0
21.0,0.0,50.0,7.0,0.2636,1
21.0,0.0,50.0,7.0,0.2636,0
20.6,0.0,50.0,7.0,0.2636,1
21.7,0.0,50.0,7.0,0.2636,0
20.4,0.0,41.2,7.0,0.2121,0
20.3,0.0,41.2,7.0,0.1818,1
21.1,0.0,41.2,7.0,0.2121,0
21.3,0.0,41.2,7.0,0.1818,1
21.3,0.0,41.2,7.0,0.2121,0
21.3,0.0,41.2,7.0,0.2121,0
21.3,0.0,41.2,7.0,0.2121,0
21.3,0.0,41.2,7.0,0.2121,0
24.4,0.0,63.8,7.0,0.3869,0
18.0,0.0,63.8,7.0,0.3796,1
19.5,0.0,63.8,7.0,0.3869,0
18.2,0.0,63.8,7.0,0.3796,1
18.2,0.0,63.8,7.0,0.3796,1
18.2,0.0,63.8,7.0,0.3796,1
21.1,0.0,41.2,7.0,0.2121,0
20.6,0.0,50.0,7.0,0.2636,0
20.6,0.0,50.0,7.0,0.2636,0
21.0,0.0,50.0,7.0,0.2636,0
21.6,0.0,88.3,7.0,0.2235,0
21.6,0.0,88.3,7.0,0.2235,0
23.8,0.0,88.3,7.0,0.2235,0
21.8,0.0,88.3,7.0,0.2235,0
22.3,1.0,88.3,7.0,0.2235,0
21.5,0.0,88.3,7.0,0.2235,0
21.5,0.0,88.3,7.0,0.2235,0
20.7,0.0,88.3,7.0,0.2176,1
24.1,0.0,55.9,7.0,0.4706,0
21.3,0.0,56.5,7.0,0.807,1
21.3,0.0,56.5,7.0,0.807,1
22.6,0.0,90.8,7.0,0.1406,0
21.3,0.0,56.5,7.0,0.807,1
21.3,0.0,56.5,7.0,0.807,1
21.3,0.0,56.5,7.0,0.807,1
21.3,0.0,56.5,7.0,0.807,1
21.3,0.0,56.5,7.0,0.807,1
21.3,0.0,56.5,7.0,0.807,1
22.8,0.0,45.5,7.0,0.2636,1
20.5,0.0,45.5,7.0,0.2636,1
23.3,0.0,65.0,7.0,0.6162,1
24.3,0.0,65.0,7.0,0.6263,0
24.3,0.0,65.0,7.0,0.6263,0
24.3,0.0,65.0,7.0,0.6263,0
21.9,0.0,100.0,7.0,0.2636,0
21.9,0.0,100.0,7.0,0.2636,0
21.9,0.0,100.0,7.0,0.2636,0
20.9,0.0,84.6,7.0,0.2299,0
18.3,0.0,84.6,7.0,0.2299,0
20.9,0.0,84.6,7.0,0.2299,0
20.9,0.0,84.6,7.0,0.2299,0
20.9,0.0,84.6,7.0,0.2299,0
20.9,0.0,84.6,7.0,0.2299,0
20.9,0.0,84.6,7.0,0.2299,0
21.8,0.0,84.6,7.0,0.2299,0
21.8,0.0,84.6,7.0,0.2299,0
21.8,0.0,84.6,7.0,0.2285,1
21.8,0.0,84.6,7.0,0.2299,0
19.3,0.0,84.6,7.0,0.2299,0
19.3,0.0,84.6,7.0,0.2299,0
19.3,0.0,84.6,7.0,0.2299,0
19.3,0.0,84.6,7.0,0.2299,0
19.3,0.0,84.6,7.0,0.2299,0
19.3,0.0,84.6,7.0,0.2299,0
19.3,0.0,84.6,7.0,0.2299,0
19.3,0.0,84.6,7.0,0.2299,0
20.7,0.0,100.0,7.0,0.2636,1
21.3,0.0,56.5,7.0,0.807,1
21.3,0.0,56.5,7.0,0.807,1
21.3,0.0,56.5,7.0,0.807,1
21.3,0.0,56.5,7.0,0.807,1
21.3,0.0,56.5,7.0,0.807,1
20.5,0.0,56.5,8.0,0.807,1
21.3,0.0,56.5,7.0,0.807,1
20.5,0.0,56.5,7.0,0.807,1
21.3,0.0,56.5,7.0,0.807,1
22.0,0.0,84.6,7.0,0.2299,0
22.0,0.0,84.6,7.0,0.2299,0
22.0,0.0,84.6,7.0,0.2299,0
22.0,0.0,84.6,7.0,0.2299,0
20.7,0.0,84.6,7.0,0.2299,0
22.0,0.0,84.6,7.0,0.2299,0
22.0,0.0,84.6,7.0,0.2299,0
21.4,0.0,84.6,7.0,0.2299,0
22.0,0.0,84.6,7.0,0.2299,0
22.0,0.0,84.6,7.0,0.2299,0
22.0,0.0,84.6,7.0,0.2299,0
22.0,0.0,84.6,7.0,0.2299,0
20.8,0.0,84.6,7.0,0.2299,0
22.0,0.0,84.6,7.0,0.2299,0
20.8,0.0,84.6,7.0,0.2299,0
22.0,0.0,84.6,7.0,0.2299,0
22.0,0.0,84.6,7.0,0.2299,0
22.0,0.0,84.6,7.0,0.2299,0
22.0,0.0,84.6,8.0,0.2299,0
20.4,0.0,84.6,7.0,0.2299,0
20.4,0.0,84.6,7.0,0.2299,0
16.7,0.0,84.6,7.0,0.2299,0
20.4,0.0,84.6,7.0,0.2299,0
23.2,0.0,40.0,7.0,0.0,0
23.6,0.0,40.0,7.0,0.0,0
23.2,0.0,40.0,7.0,0.0,0
23.6,0.0,40.0,7.0,0.0,0
23.6,0.0,40.0,7.0,0.0,0
23.6,0.0,40.0,7.0,0.0,0
23.6,0.0,40.0,7.0,0.0,0
23.6,0.0,40.0,7.0,0.0,0
23.2,0.0,40.0,7.0,0.0,0
23.6,0.0,40.0,7.0,0.0,0
23.6,0.0,40.0,7.0,0.0,0
23.6,0.0,40.0,7.0,0.0,0
23.6,0.0,40.0,7.0,0.0,0
23.6,0.0,40.0,7.0,0.0,0
23.6,0.0,40.0,7.0,0.0,0
23.6,0.0,40.0,7.0,0.0,0
23.2,0.0,0.0,7.0,0.2636,1
21.4,0.0,0.0,7.0,0.2636,1
13.0,0.0,0.0,8.0,0.2636,0
20.8,0.0,0.0,7.0,0.2636,1
19.3,0.0,0.0,7.0,0.2636,0
21.8,0.0,62.2,7.0,0.0309,0
21.8,0.0,62.2,7.0,0.0309,0
21.8,0.0,62.2,7.0,0.0309,0
21.8,0.0,62.2,7.0,0.0309,0
21.8,0.0,62.2,7.0,0.0309,0
23.9,0.0,97.0,7.0,0.1018,0
23.9,0.0,97.0,7.0,0.1018,0
23.1,0.0,74.4,7.0,0.3158,0
14.6,0.0,100.0,7.0,0.0,0
17.8,0.0,100.0,7.0,0.0,0
14.6,0.0,100.0,7.0,0.0,0
20.3,0.0,100.0,7.0,0.2636,0
18.3,0.0,100.0,7.0,0.0,0
15.1,0.0,100.0,7.0,0.0,0
21.4,0.0,84.6,7.0,0.2299,0
21.7,0.0,84.6,7.0,0.2285,1
21.7,0.0,84.6,7.0,0.2299,0
21.7,0.0,84.6,7.0,0.2285,1
21.7,0.0,84.6,7.0,0.2285,1
21.7,0.0,84.6,7.0,0.2299,0
21.4,0.0,84.6,7.0,0.2285,1
21.4,0.0,84.6,7.0,0.2285,1
21.4,0.0,84.6,7.0,0.2285,1
21.7,0.0,84.6,7.0,0.2285,1
21.4,0.0,84.6,7.0,0.2285,1
21.4,0.0,84.6,7.0,0.2299,0
21.7,0.0,84.6,7.0,0.2285,1
21.4,0.0,84.6,7.0,0.2285,1
21.4,0.0,84.6,7.0,0.2299,0
18.7,0.0,100.0,7.0,0.0,0
14.6,0.0,100.0,7.0,0.0,0
19.5,0.0,100.0,7.0,0.2636,0
19.5,0.0,100.0,7.0,0.2636,0
20.5,0.0,86.2,7.0,0.302,1
20.5,0.0,86.2,7.0,0.302,1
18.6,0.0,86.2,7.0,0.302,1
18.6,0.0,86.2,7.0,0.302,1
18.6,0.0,86.2,7.0,0.302,1
21.5,0.0,86.2,7.0,0.302,1
21.5,0.0,86.2,7.0,0.302,1
19.5,0.0,86.2,7.0,0.302,1
18.6,0.0,86.2,7.0,0.302,1
18.6,0.0,86.2,7.0,0.302,1
20.3,0.0,100.0,7.0,0.2636,0
20.5,0.0,86.2,7.0,0.302,1
21.8,0.0,100.0,7.0,0.2636,0
21.8,0.0,100.0,7.0,0.2636,0
20.5,0.0,56.5,7.0,0.807,1
20.5,0.0,56.5,7.0,0.807,1
20.5,0.0,56.5,7.0,0.807,1
19.7,0.0,84.6,7.0,0.2299,0
21.7,0.0,84.6,7.0,0.2285,1
21.7,0.0,84.6,7.0,0.2285,1
21.7,0.0,84.6,7.0,0.2285,1
21.7,0.0,84.6,7.0,0.2285,1
21.4,0.0,84.6,7.0,0.2285,1
21.4,0.0,84.6,7.0,0.2285,1
21.7,0.0,84.6,7.0,0.2285,1
21.4,0.0,84.6,7.0,0.2285,1
21.4,0.0,84.6,7.0,0.2299,0
20.5,0.0,56.5,7.0,0.807,1
22.3,0.0,100.0,7.0,0.2636,0
20.5,0.0,56.5,7.0,0.807,1
21.8,0.0,100.0,7.0,0.2636,0
18.3,0.0,100.0,7.0,0.2636,0
14.0,0.0,100.0,7.0,0.2636,0
23.0,0.0,100.0,7.0,0.2636,0
22.7,0.0,100.0,7.0,0.2636,0
22.7,0.0,100.0,7.0,0.2636,0
24.0,0.0,99.0,7.0,0.3939,0
23.8,0.0,73.5,7.0,0.3267,0
23.8,0.0,73.5,7.0,0.3267,0
23.8,0.0,73.5,7.0,0.3267,0
23.8,0.0,73.5,7.0,0.3267,0
23.8,0.0,73.5,7.0,0.3267,0
23.8,0.0,73.5,7.0,0.3267,0
23.8,0.0,73.5,7.0,0.3267,0
23.8,0.0,73.5,7.0,0.3267,0
22.3,3.0,26.8,7.0,0.036,0
22.4,0.0,26.8,7.0,0.027,1
22.4,0.0,26.8,7.0,0.027,1
22.4,0.0,26.8,7.0,0.027,1
22.4,0.0,26.8,7.0,0.027,1
19.6,0.0,56.5,7.0,0.6176,0
17.3,0.0,56.5,7.0,0.6029,1
19.9,0.0,77.1,7.0,0.2941,0
16.7,0.0,77.1,7.0,0.2647,1
16.7,0.0,77.1,7.0,0.2647,1
19.6,0.0,56.5,7.0,0.6029,1
18.2,0.0,56.5,7.0,0.6029,1
18.2,0.0,56.5,7.0,0.6176,0
16.6,0.0,56.5,7.0,0.6029,1
18.2,0.0,56.5,7.0,0.6176,0
18.2,0.0,56.5,7.0,0.6176,0
18.2,0.0,56.5,7.0,0.6176,0
18.2,0.0,56.5,7.0,0.6176,0
21.6,0.0,86.2,7.0,0.3069,0
21.6,0.0,86.2,7.0,0.3069,0
21.6,0.0,86.2,7.0,0.3069,0
19.9,0.0,86.2,7.0,0.3069,0
17.9,0.0,22.2,7.0,0.2636,1
17.9,0.0,22.2,7.0,0.2636,1
17.9,0.0,22.2,7.0,0.2636,1
17.9,0.0,22.2,7.0,0.2636,1
17.9,0.0,22.2,7.0,0.2636,1
22.7,0.0,100.0,7.0,0.2636,0
19.7,0.0,66.7,7.0,0.2636,0
19.8,0.0,66.7,7.0,0.2636,0
19.3,0.0,100.0,7.0,0.2636,0
21.3,0.0,56.5,7.0,0.807,1
21.3,0.0,56.5,7.0,0.807,1
21.9,0.0,100.0,7.0,0.2636,0
21.9,0.0,100.0,7.0,0.2636,0
21.9,0.0,100.0,7.0,0.2636,0
21.9,0.0,100.0,7.0,0.2636,0
19.3,0.0,84.6,7.0,0.2299,0
16.0,0.0,84.6,7.0,0.2299,0
19.3,0.0,84.6,7.0,0.2299,0
16.0,0.0,84.6,7.0,0.2299,0
15.1,0.0,84.6,7.0,0.2299,0
19.3,0.0,84.6,7.0,0.2299,0
21.8,0.0,84.6,7.0,0.2299,0
19.3,0.0,84.6,7.0,0.2299,0
19.3,0.0,84.6,7.0,0.2299,0
19.3,0.0,84.6,7.0,0.2299,0
19.3,0.0,84.6,7.0,0.2299,0
19.3,0.0,84.6,7.0,0.2299,0
19.3,0.0,84.6,7.0,0.2299,0
19.3,0.0,84.6,7.0,0.2299,0
21.8,0.0,70.6,7.0,0.2636,1
22.0,0.0,64.0,7.0,0.6371,1
22.0,0.0,64.0,7.0,0.6371,1
22.0,0.0,64.0,7.0,0.6371,1
22.0,0.0,64.0,7.0,0.6371,1
22.0,0.0,64.0,7.0,0.6371,1
22.0,0.0,64.0,7.0,0.6371,1
22.0,0.0,64.0,7.0,0.6371,1
22.0,0.0,64.0,7.0,0.6371,1
22.0,0.0,64.0,7.0,0.6371,1
20.7,0.0,63.5,7.0,0.6548,1
20.7,0.0,63.5,7.0,0.6667,0
20.7,0.0,63.5,7.0,0.6548,1
20.7,0.0,63.5,7.0,0.6548,1
20.7,0.0,63.5,7.0,0.6548,1
20.9,0.0,84.6,8.0,0.2285,1
16.7,0.0,84.6,8.0,0.2285,1
20.7,0.0,63.5,7.0,0.6548,1
20.7,0.0,63.5,7.0,0.6548,1
20.7,0.0,63.5,7.0,0.6548,1
20.7,0.0,63.5,7.0,0.6548,1
20.7,0.0,63.5,7.0,0.6548,1
21.6,0.0,86.2,7.0,0.3069,0
21.6,0.0,86.2,7.0,0.3069,0
17.8,0.0,84.4,7.0,0.2,0
17.8,0.0,84.4,7.0,0.2,0
21.6,0.0,83.8,7.0,0.0058,0
21.6,0.0,83.8,7.0,0.0058,0
21.6,0.0,83.8,7.0,0.0058,0
21.6,0.0,83.8,7.0,0.0058,0
21.6,0.0,83.8,7.0,0.0058,0
21.6,0.0,83.8,7.0,0.0058,0
17.9,0.0,73.0,7.0,0.0068,0
17.9,0.0,73.0,7.0,0.0068,0
17.9,0.0,73.0,7.0,0.0068,0
17.9,0.0,73.0,7.0,0.0068,0
17.9,0.0,73.0,7.0,0.0068,0
17.9,0.0,73.0,7.0,0.0068,0
21.6,0.0,83.8,7.0,0.0058,0
21.6,0.0,83.8,7.0,0.0058,0
21.6,0.0,83.8,7.0,0.0058,0
21.6,0.0,83.8,7.0,0.0058,0
21.6,0.0,83.8,7.0,0.0058,0
21.1,0.0,63.8,7.0,0.3869,0
22.7,0.0,63.8,7.0,0.3796,1
22.1,0.0,93.4,7.0,0.0066,1
22.1,0.0,93.4,7.0,0.0066,1
20.5,0.0,98.2,7.0,0.0228,0
20.5,0.0,98.2,7.0,0.0228,0
20.5,0.0,98.2,7.0,0.0228,0
20.5,0.0,98.2,7.0,0.0228,0
20.5,0.0,98.2,7.0,0.0228,0
20.5,0.0,98.2,7.0,0.0183,1
12.7,0.0,98.2,7.0,0.0183,1
20.4,0.0,98.2,7.0,0.0228,0
20.5,0.0,98.2,7.0,0.0228,0
20.5,0.0,98.2,7.0,0.0228,0
20.4,0.0,98.2,7.0,0.0228,0
20.5,0.0,98.2,7.0,0.0228,0
19.7,0.0,90.8,7.0,0.1134,1
20.8,0.0,90.8,7.0,0.1237,0
20.5,0.0,98.2,7.0,0.0183,1
21.0,0.0,98.2,7.0,0.0228,0
20.8,0.0,98.2,7.0,0.0228,0
14.6,0.0,90.8,7.0,0.1237,0
21.6,0.0,76.1,8.0,0.538,1
23.1,0.0,93.2,7.0,0.0855,0
23.1,0.0,93.2,7.0,0.0769,1
23.1,0.0,93.2,7.0,0.0855,0
18.6,0.0,100.0,7.0,0.2636,0
23.1,0.0,93.2,7.0,0.0769,1
23.1,0.0,93.2,7.0,0.0769,1
23.1,0.0,93.2,7.0,0.0769,1
23.1,0.0,93.2,7.0,0.0769,1
15.2,0.0,90.8,7.0,0.1237,0
23.0,0.0,100.0,7.0,0.2636,0
18.2,0.0,93.2,7.0,0.0855,0
23.1,0.0,93.2,7.0,0.0855,0
23.1,0.0,93.2,7.0,0.0855,0
23.1,0.0,93.2,7.0,0.0855,0
23.1,0.0,93.2,7.0,0.0855,0
23.1,0.0,93.2,7.0,0.0855,0
21.6,0.0,83.8,7.0,0.0058,0
21.6,0.0,83.8,7.0,0.0058,0
21.6,0.0,83.8,7.0,0.0058,0
21.6,0.0,83.8,7.0,0.0058,0
21.6,0.0,83.8,7.0,0.0058,0
21.6,0.0,83.8,7.0,0.0058,0
21.6,0.0,83.8,7.0,0.0058,0
21.6,0.0,83.8,7.0,0.0058,0
21.6,0.0,83.8,7.0,0.0058,0
21.6,0.0,83.8,7.0,0.0058,0
21.6,0.0,83.8,7.0,0.0058,0
21.6,0.0,83.8,7.0,0.0058,0
21.6,0.0,83.8,7.0,0.0058,0
23.2,0.0,0.0,7.0,0.8489,1
23.2,0.0,0.0,7.0,0.8489,1
23.2,0.0,0.0,7.0,0.8489,1
23.2,0.0,0.0,7.0,0.8489,1
23.2,0.0,0.0,7.0,0.8489,1
21.6,0.0,83.8,7.0,0.0058,0
21.6,0.0,83.8,7.0,0.0058,0
23.2,0.0,0.0,7.0,0.8489,1
23.2,0.0,0.0,7.0,0.8489,1
23.2,0.0,0.0,7.0,0.8489,1
23.2,0.0,0.0,7.0,0.8489,1
23.2,0.0,0.0,7.0,0.8489,1
23.2,0.0,0.0,7.0,0.8489,1
23.2,0.0,0.0,7.0,0.8489,1
23.2,0.0,0.0,7.0,0.8489,1
23.2,0.0,0.0,7.0,0.8489,1
23.2,0.0,0.0,7.0,0.8489,1
23.2,0.0,0.0,7.0,0.8489,1
23.2,0.0,0.0,7.0,0.8489,1
23.2,0.0,0.0,7.0,0.8489,1
23.2,0.0,0.0,7.0,0.8489,1
23.2,0.0,0.0,7.0,0.8489,1
23.2,0.0,0.0,7.0,0.8489,1
23.2,0.0,0.0,7.0,0.8489,1
23.2,0.0,0.0,7.0,0.8489,1
23.2,0.0,0.0,7.0,0.8489,1
23.2,0.0,0.0,7.0,0.8489,1
23.2,0.0,0.0,7.0,0.8489,1
23.2,0.0,0.0,7.0,0.8489,1
23.2,0.0,0.0,7.0,0.8489,1
23.2,0.0,0.0,7.0,0.8489,1
23.2,0.0,0.0,7.0,0.8489,1
23.2,0.0,0.0,7.0,0.8489,1
23.2,0.0,0.0,7.0,0.8489,1
23.2,0.0,0.0,7.0,0.8489,1
23.2,0.0,0.0,7.0,0.8489,1
23.2,0.0,0.0,7.0,0.8489,1
23.2,0.0,0.0,7.0,0.8489,1
23.2,0.0,0.0,7.0,0.8489,1
23.2,0.0,0.0,7.0,0.8489,1
23.2,0.0,0.0,7.0,0.8489,1
23.2,0.0,0.0,7.0,0.8489,1
23.2,0.0,0.0,7.0,0.8489,1
24.1,0.0,68.3,7.0,0.2,0
24.1,0.0,68.3,7.0,0.2,0
24.1,0.0,68.3,7.0,0.2,0
24.1,0.0,68.3,7.0,0.2,0
21.6,0.0,83.8,7.0,0.0058,0
21.6,0.0,83.8,7.0,0.0058,0
21.6,0.0,83.8,7.0,0.0058,0
21.6,0.0,83.8,7.0,0.0058,0
23.2,0.0,0.0,7.0,0.8489,1
23.2,0.0,0.0,7.0,0.8489,1
23.2,0.0,0.0,7.0,0.8489,1
23.2,0.0,0.0,7.0,0.8489,1
23.2,0.0,0.0,7.0,0.8489,1
23.2,0.0,0.0,7.0,0.8489,1
23.2,0.0,0.0,7.0,0.8489,1
23.2,0.0,0.0,7.0,0.8489,1
23.2,0.0,0.0,7.0,0.8489,1
23.2,0.0,0.0,7.0,0.8489,1
23.9,0.0,97.0,7.0,0.1018,0
23.1,0.0,97.0,7.0,0.0958,1
23.1,0.0,97.0,7.0,0.1018,0
23.1,0.0,97.0,7.0,0.1018,0
23.1,0.0,97.0,7.0,0.1018,0
23.4,0.0,97.0,7.0,0.1018,0
23.4,0.0,97.0,7.0,0.1018,0
19.9,0.0,92.2,7.0,0.1951,0
13.7,0.0,92.2,7.0,0.1902,1
14.4,0.0,92.2,7.0,0.1951,0
13.1,0.0,92.2,7.0,0.1951,0
17.8,0.0,92.2,7.0,0.1951,0
23.2,0.0,0.0,7.0,0.8489,1
23.2,0.0,0.0,7.0,0.8489,1
23.2,0.0,0.0,7.0,0.8489,1
23.2,0.0,0.0,7.0,0.8489,1
23.2,0.0,0.0,7.0,0.8489,1
23.2,0.0,0.0,7.0,0.8489,1
23.2,0.0,0.0,7.0,0.8489,1
23.2,0.0,0.0,7.0,0.8489,1
23.2,0.0,0.0,7.0,0.8489,1
23.2,0.0,0.0,7.0,0.8489,1
23.2,0.0,0.0,7.0,0.8489,1
23.2,0.0,0.0,7.0,0.8489,1
23.2,0.0,0.0,7.0,0.8489,1
23.2,0.0,0.0,7.0,0.8489,1
23.2,0.0,0.0,7.0,0.8489,1
23.2,0.0,0.0,7.0,0.8489,1
23.2,0.0,0.0,7.0,0.8489,1
23.2,0.0,0.0,7.0,0.8489,1
23.2,0.0,0.0,7.0,0.8489,1
21.4,0.0,84.6,7.0,0.2299,0
21.4,0.0,84.6,7.0,0.2285,1
21.4,0.0,84.6,7.0,0.2285,1
21.4,0.0,84.6,7.0,0.2299,0
21.4,0.0,84.6,7.0,0.2285,1
21.4,0.0,84.6,7.0,0.2299,0
21.4,0.0,84.6,7.0,0.2299,0
21.4,0.0,84.6,7.0,0.2299,0
19.7,0.0,46.7,7.0,0.4615,0
21.7,0.0,46.7,7.0,0.4519,1
21.7,0.0,46.7,7.0,0.4519,1
23.2,0.0,0.0,7.0,0.8489,1
23.2,0.0,0.0,7.0,0.8489,1
23.2,0.0,0.0,7.0,0.8489,1
23.2,0.0,0.0,7.0,0.8489,1
23.2,0.0,0.0,7.0,0.8489,1
21.6,0.0,83.8,7.0,0.0058,0
21.6,0.0,83.8,7.0,0.0058,0
21.6,0.0,83.8,7.0,0.0058,0
21.6,0.0,83.8,7.0,0.0058,0
23.2,0.0,0.0,7.0,0.8489,1
23.2,0.0,0.0,7.0,0.8489,1
23.2,0.0,0.0,7.0,0.8489,1
23.2,0.0,0.0,7.0,0.8489,1
21.6,0.0,83.8,7.0,0.0058,0
21.6,0.0,83.8,7.0,0.0058,0
23.6,0.0,82.4,7.0,0.0778,0
14.5,0.0,77.3,7.0,0.2636,0
23.2,0.0,0.0,7.0,0.8489,1
23.2,0.0,0.0,7.0,0.8489,1
23.2,0.0,0.0,7.0,0.8489,1
23.2,0.0,0.0,7.0,0.8489,1
23.2,0.0,0.0,7.0,0.8489,1
23.2,0.0,0.0,7.0,0.8489,1
23.2,0.0,0.0,7.0,0.8489,1
23.2,0.0,0.0,7.0,0.8489,1
23.2,0.0,0.0,7.0,0.8489,1
23.2,0.0,0.0,7.0,0.8489,1
23.2,0.0,0.0,7.0,0.8489,1
23.2,0.0,0.0,7.0,0.8489,1
23.2,0.0,0.0,7.0,0.8489,1
23.2,0.0,0.0,7.0,0.8489,1
23.2,0.0,0.0,7.0,0.8489,1
23.2,0.0,0.0,7.0,0.8489,1
23.2,0.0,0.0,7.0,0.8489,1
23.2,0.0,0.0,7.0,0.8489,1
23.2,0.0,0.0,7.0,0.8489,1
23.2,0.0,0.0,7.0,0.8489,1
14.5,0.0,77.3,7.0,0.2636,1
23.2,0.0,0.0,7.0,0.8489,1
23.2,0.0,0.0,7.0,0.8489,1
23.2,0.0,0.0,7.0,0.8489,1
23.2,0.0,0.0,7.0,0.8489,1
23.2,0.0,0.0,7.0,0.8489,1
23.2,0.0,0.0,7.0,0.8489,1
23.2,0.0,0.0,7.0,0.8489,1
23.2,0.0,0.0,7.0,0.8489,1
23.2,0.0,0.0,7.0,0.8489,1
23.2,0.0,0.0,7.0,0.8489,1
23.2,0.0,0.0,7.0,0.8489,1
23.2,0.0,0.0,7.0,0.8489,1
23.2,0.0,0.0,7.0,0.8489,1
23.2,0.0,0.0,7.0,0.8489,1
23.2,0.0,0.0,7.0,0.8489,1
23.2,0.0,0.0,7.0,0.8489,1
23.2,0.0,0.0,7.0,0.8489,1
23.2,0.0,0.0,7.0,0.8489,1
23.2,0.0,0.0,7.0,0.8489,1
23.2,0.0,0.0,7.0,0.8489,1
23.2,0.0,0.0,7.0,0.8489,1
23.2,0.0,0.0,7.0,0.8489,1
23.2,0.0,0.0,7.0,0.8489,1
23.2,0.0,0.0,7.0,0.8489,1
23.2,0.0,0.0,7.0,0.8489,1
23.2,0.0,0.0,7.0,0.8489,1
23.2,0.0,0.0,7.0,0.8489,1
23.2,0.0,0.0,7.0,0.8489,1
23.2,0.0,0.0,7.0,0.8489,1
23.2,0.0,0.0,7.0,0.8489,1
23.2,0.0,0.0,7.0,0.8489,1
23.2,0.0,0.0,7.0,0.8489,1
23.2,0.0,0.0,7.0,0.8489,1
23.2,0.0,0.0,7.0,0.8489,1
23.2,0.0,0.0,7.0,0.8489,1
23.2,0.0,0.0,7.0,0.8489,1
23.2,0.0,0.0,7.0,0.8489,1
23.2,0.0,0.0,7.0,0.8489,1
14.5,0.0,77.3,7.0,0.2636,1
17.9,0.0,73.0,7.0,0.0068,0
17.9,0.0,73.0,7.0,0.0068,0
17.9,0.0,73.0,7.0,0.0068,0
17.9,0.0,73.0,7.0,0.0068,0
17.9,0.0,73.0,7.0,0.0068,0
17.9,0.0,73.0,7.0,0.0068,0
17.9,0.0,73.0,7.0,0.0068,0
17.9,0.0,73.0,7.0,0.0068,0
17.9,0.0,73.0,7.0,0.0068,0
17.9,0.0,73.0,7.0,0.0068,0
17.9,0.0,73.0,7.0,0.0068,0
17.9,0.0,73.0,7.0,0.0068,0
17.9,0.0,73.0,7.0,0.0068,0
17.9,0.0,73.0,7.0,0.0068,0
20.4,0.0,90.0,7.0,0.1628,0
19.1,0.0,90.0,7.0,0.1628,0
20.4,0.0,90.0,7.0,0.155,1
20.4,0.0,90.0,7.0,0.1628,0
20.4,0.0,90.0,7.0,0.1628,0
23.2,0.0,0.0,7.0,0.8489,1
23.2,0.0,0.0,7.0,0.8489,1
23.4,0.0,0.0,7.0,0.8489,1
23.4,0.0,0.0,7.0,0.8489,1
23.4,0.0,0.0,7.0,0.8489,1
23.4,0.0,0.0,7.0,0.8489,1
23.4,0.0,0.0,7.0,0.8489,1
23.4,0.0,0.0,7.0,0.8489,1
23.4,0.0,0.0,7.0,0.8489,1
23.4,0.0,0.0,7.0,0.8489,1
23.4,0.0,0.0,7.0,0.8489,1
23.4,0.0,0.0,7.0,0.8489,1
23.4,0.0,0.0,7.0,0.8489,1
23.4,0.0,0.0,7.0,0.8489,1
23.4,0.0,0.0,7.0,0.8489,1
18.0,0.0,73.0,7.0,0.0068,0
15.1,0.0,73.0,7.0,0.0068,0
18.0,0.0,73.0,7.0,0.0068,0
15.1,0.0,73.0,7.0,0.0068,0
15.1,0.0,73.0,7.0,0.0068,0
18.0,0.0,73.0,7.0,0.0068,0
18.0,0.0,73.0,7.0,0.0068,0
18.0,0.0,73.0,7.0,0.0068,0
15.1,0.0,73.0,7.0,0.0068,0
15.1,0.0,73.0,7.0,0.0068,0
18.0,0.0,73.0,7.0,0.0068,0
18.0,0.0,73.0,7.0,0.0068,0
18.0,0.0,73.0,7.0,0.0068,0
18.0,0.0,73.0,7.0,0.0068,0
18.0,0.0,73.0,7.0,0.0068,0
18.0,0.0,73.0,7.0,0.0068,0
18.0,0.0,73.0,7.0,0.0068,0
18.0,0.0,73.0,7.0,0.0068,0
18.0,0.0,73.0,7.0,0.0068,0
18.0,0.0,73.0,7.0,0.0068,0
18.0,0.0,73.0,7.0,0.0068,0
15.1,0.0,73.0,7.0,0.0068,0
15.1,0.0,73.0,7.0,0.0068,0
15.1,0.0,73.0,7.0,0.0068,0
15.1,0.0,73.0,7.0,0.0068,0
15.1,0.0,73.0,7.0,0.0068,0
15.1,0.0,73.0,7.0,0.0068,0
18.0,0.0,73.0,7.0,0.0068,0
18.0,0.0,73.0,7.0,0.0068,0
18.0,0.0,73.0,7.0,0.0068,0
18.0,0.0,73.0,7.0,0.0068,0
18.0,0.0,73.0,7.0,0.0068,0
18.0,0.0,73.0,7.0,0.0068,0
18.0,0.0,73.0,7.0,0.0068,0
19.4,0.0,73.0,7.0,0.0068,0
19.4,0.0,73.0,7.0,0.0068,0
19.4,0.0,73.0,7.0,0.0068,0
19.4,0.0,73.0,7.0,0.0068,0
19.4,0.0,73.0,7.0,0.0068,0
19.4,0.0,73.0,7.0,0.0068,0
19.4,0.0,73.0,7.0,0.0068,0
19.4,0.0,73.0,7.0,0.0068,0
19.4,0.0,73.0,7.0,0.0068,0
19.4,0.0,73.0,7.0,0.0068,0
19.4,0.0,73.0,7.0,0.0068,0
19.4,0.0,73.0,7.0,0.0068,0
19.4,0.0,73.0,7.0,0.0068,0
19.4,0.0,73.0,7.0,0.0068,0
19.4,0.0,73.0,7.0,0.0068,0
19.4,0.0,73.0,7.0,0.0068,0
19.4,0.0,73.0,7.0,0.0068,0
19.4,0.0,73.0,7.0,0.0068,0
19.4,0.0,73.0,7.0,0.0068,0
19.4,0.0,73.0,7.0,0.0068,0
19.4,0.0,73.0,7.0,0.0068,0
19.4,0.0,73.0,7.0,0.0068,0
19.4,0.0,73.0,7.0,0.0068,0
19.4,0.0,73.0,7.0,0.0068,0
19.4,0.0,73.0,7.0,0.0068,0
19.4,0.0,73.0,7.0,0.0068,0
19.4,0.0,73.0,7.0,0.0068,0
19.4,0.0,73.0,7.0,0.0068,0
19.4,0.0,73.0,7.0,0.0068,0
19.4,0.0,73.0,7.0,0.0068,0
19.4,0.0,73.0,7.0,0.0068,0
18.1,0.0,73.0,7.0,0.0068,0
19.3,0.0,73.0,7.0,0.0068,0
19.3,0.0,73.0,7.0,0.0068,0
19.3,0.0,73.0,7.0,0.0068,0
19.3,0.0,73.0,7.0,0.0,1
18.1,0.0,73.0,7.0,0.0068,0
23.4,0.0,0.0,7.0,0.8489,1
23.4,0.0,0.0,7.0,0.8489,1
23.4,0.0,0.0,7.0,0.8489,1
23.4,0.0,0.0,7.0,0.8489,1
23.4,0.0,0.0,7.0,0.8489,1
23.4,0.0,0.0,7.0,0.8489,1
23.4,0.0,0.0,7.0,0.8489,1
23.4,0.0,0.0,7.0,0.8489,1
23.4,0.0,0.0,7.0,0.8489,1
23.4,0.0,0.0,7.0,0.8489,1
23.4,0.0,0.0,7.0,0.8489,1
23.4,0.0,0.0,7.0,0.8489,1
23.4,0.0,0.0,7.0,0.8489,1
23.4,0.0,0.0,7.0,0.8489,1
23.4,0.0,0.0,7.0,0.8489,1
21.6,0.0,83.8,7.0,0.0058,0
21.6,0.0,83.8,7.0,0.0058,0
23.4,0.0,0.0,7.0,0.8489,1
23.4,0.0,0.0,7.0,0.8489,1
23.4,0.0,0.0,7.0,0.8489,1
23.4,0.0,0.0,7.0,0.8489,1
23.4,0.0,0.0,7.0,0.8489,1
23.4,0.0,0.0,7.0,0.8489,1
23.4,0.0,0.0,7.0,0.8489,1
23.4,0.0,0.0,7.0,0.8489,1
23.4,0.0,0.0,7.0,0.8489,1
23.4,0.0,0.0,7.0,0.8489,1
23.4,0.0,0.0,7.0,0.8489,1
23.4,0.0,0.0,7.0,0.8489,1
23.4,0.0,0.0,7.0,0.8489,1
23.4,0.0,0.0,7.0,0.8489,1
23.4,0.0,0.0,7.0,0.8489,1
23.4,0.0,0.0,7.0,0.8489,1
23.4,0.0,0.0,7.0,0.8514,0
21.7,0.0,40.0,7.0,0.4684,0
23.9,0.0,37.8,7.0,0.5085,0
23.9,0.0,82.0,7.0,0.1448,0
23.9,0.0,82.0,7.0,0.1448,0
23.5,0.0,82.0,7.0,0.1448,0
23.6,0.0,82.0,7.0,0.1448,0
24.1,0.0,82.0,7.0,0.1448,0
23.9,0.0,82.0,7.0,0.1448,0
24.1,0.0,82.0,7.0,0.1448,0
23.4,0.0,82.0,7.0,0.1448,0
23.5,0.0,82.0,7.0,0.1448,0
24.1,0.0,82.0,7.0,0.1448,0
24.1,0.0,82.0,7.0,0.1448,0
22.8,0.0,82.0,7.0,0.1403,1
22.8,0.0,82.0,7.0,0.1448,0
22.8,0.0,82.0,7.0,0.1448,0
21.6,1.0,88.3,7.0,0.2235,0
21.6,0.0,88.3,7.0,0.2235,0
21.3,1.0,76.1,7.0,0.538,1
21.3,0.0,76.1,7.0,0.538,1
21.5,0.0,76.1,7.0,0.5443,0
21.5,0.0,76.1,7.0,0.5443,0
21.5,0.0,76.1,7.0,0.5443,0
21.3,0.0,76.1,7.0,0.538,1
21.3,0.0,76.1,7.0,0.538,1
21.2,1.0,76.1,7.0,0.538,1
19.8,0.0,76.1,7.0,0.538,1
21.3,0.0,76.1,7.0,0.5443,0
15.4,0.0,63.8,7.0,0.3796,1
23.7,0.0,92.1,7.0,0.0667,0
18.1,0.0,50.0,7.0,0.0286,0
17.8,0.0,95.7,7.0,0.0217,0
17.8,0.0,95.7,7.0,0.0217,0
17.8,0.0,95.7,7.0,0.0217,0
17.8,0.0,95.7,7.0,0.0217,0
17.8,0.0,95.7,7.0,0.0217,0
20.5,0.0,81.0,7.0,0.0843,0
20.5,0.0,81.0,7.0,0.0843,0
20.5,0.0,81.0,7.0,0.0843,0
20.5,0.0,81.0,7.0,0.0843,0
20.5,0.0,81.0,7.0,0.0843,0
20.5,0.0,81.0,7.0,0.0843,0
20.5,0.0,81.0,7.0,0.0843,0
20.5,0.0,81.0,7.0,0.0843,0
20.5,0.0,81.0,7.0,0.0843,0
20.5,0.0,81.0,7.0,0.0843,0
20.5,0.0,81.0,7.0,0.0843,0
20.5,0.0,81.0,7.0,0.0843,0
20.5,0.0,81.0,7.0,0.0843,0
20.5,0.0,81.0,7.0,0.0843,0
20.5,0.0,81.0,7.0,0.0843,0
17.8,0.0,95.7,7.0,0.0217,0
17.8,0.0,95.7,7.0,0.0217,0
17.8,0.0,95.7,7.0,0.0217,0
18.2,0.0,95.7,7.0,0.0217,0
18.2,0.0,95.7,7.0,0.0217,0
18.2,0.0,95.7,7.0,0.0217,0
18.2,0.0,95.7,7.0,0.0217,0
18.2,0.0,95.7,7.0,0.0217,0
18.2,0.0,95.7,7.0,0.0217,0
24.0,0.0,88.0,7.0,0.2636,1
18.3,0.0,88.0,7.0,0.2636,1
22.0,0.0,84.6,7.0,0.2285,1
22.0,0.0,84.6,7.0,0.2285,1
22.0,0.0,84.6,7.0,0.2285,1
22.0,0.0,84.6,7.0,0.2285,1
22.0,0.0,84.6,7.0,0.2285,1
22.0,0.0,84.6,7.0,0.2285,1
22.0,0.0,84.6,7.0,0.2285,1
22.0,0.0,84.6,7.0,0.2285,1
22.0,0.0,84.6,7.0,0.2285,1
22.0,0.0,84.6,7.0,0.2285,1
22.0,0.0,84.6,7.0,0.2285,1
22.0,0.0,84.6,7.0,0.2285,1
22.0,0.0,84.6,7.0,0.2285,1
22.0,0.0,84.6,7.0,0.2285,1
24.1,0.0,88.0,7.0,0.2636,1
23.4,0.0,0.0,7.0,0.8489,1
23.4,0.0,0.0,7.0,0.8489,1
23.4,0.0,0.0,7.0,0.8489,1
23.4,0.0,0.0,7.0,0.8489,1
23.4,0.0,0.0,7.0,0.8489,1
23.4,0.0,0.0,7.0,0.8489,1
23.4,0.0,0.0,7.0,0.8489,1
23.4,0.0,0.0,7.0,0.8489,1
23.4,0.0,0.0,7.0,0.8489,1
23.4,0.0,0.0,7.0,0.8489,1
23.4,0.0,0.0,7.0,0.8489,1
23.4,0.0,0.0,7.0,0.8489,1
23.4,0.0,0.0,7.0,0.8489,1
23.4,0.0,0.0,7.0,0.8489,1
23.4,0.0,0.0,7.0,0.8489,1
23.4,0.0,0.0,7.0,0.8489,1
23.4,0.0,0.0,7.0,0.8489,1
23.4,0.0,0.0,7.0,0.8489,1
23.4,0.0,0.0,7.0,0.8489,1
23.4,0.0,0.0,7.0,0.8489,1
23.4,0.0,0.0,7.0,0.8489,1
23.4,0.0,0.0,7.0,0.8489,1
23.4,0.0,0.0,7.0,0.8489,1
23.4,0.0,0.0,7.0,0.8489,1
23.4,0.0,0.0,7.0,0.8489,1
23.4,0.0,0.0,7.0,0.8489,1
23.4,0.0,0.0,7.0,0.8489,1
23.4,0.0,0.0,7.0,0.8489,1
23.4,0.0,0.0,7.0,0.8489,1
23.4,0.0,0.0,7.0,0.8489,1
23.4,0.0,0.0,7.0,0.8489,1
23.4,0.0,0.0,7.0,0.8489,1
23.4,0.0,0.0,7.0,0.8489,1
23.4,0.0,0.0,7.0,0.8489,1
23.4,0.0,0.0,7.0,0.8489,1
23.4,0.0,0.0,7.0,0.8489,1
23.4,0.0,0.0,7.0,0.8489,1
23.4,0.0,0.0,7.0,0.8489,1
23.4,0.0,0.0,7.0,0.8489,1
23.5,0.0,0.0,7.0,0.8489,1
23.4,0.0,0.0,7.0,0.8489,1
23.4,0.0,0.0,7.0,0.8489,1
23.4,0.0,0.0,7.0,0.8489,1
23.4,0.0,0.0,7.0,0.8489,1
23.5,0.0,0.0,7.0,0.8489,1
23.5,0.0,0.0,7.0,0.8489,1
23.5,0.0,0.0,7.0,0.8489,1
23.5,0.0,0.0,7.0,0.8489,1
23.5,0.0,0.0,7.0,0.8489,1
23.5,0.0,0.0,7.0,0.8489,1
23.5,0.0,0.0,7.0,0.8489,1
23.5,0.0,0.0,7.0,0.8489,1
23.5,0.0,0.0,7.0,0.8489,1
23.5,0.0,0.0,7.0,0.8489,1
23.5,0.0,0.0,7.0,0.8489,1
23.5,0.0,0.0,7.0,0.8489,1
23.5,0.0,0.0,7.0,0.8489,1
23.5,0.0,0.0,7.0,0.8489,1
23.5,0.0,0.0,7.0,0.8489,1
23.5,0.0,0.0,7.0,0.8489,1
23.5,0.0,0.0,7.0,0.8489,1
23.5,0.0,0.0,7.0,0.8489,1
23.5,0.0,0.0,7.0,0.8489,1
23.5,0.0,0.0,7.0,0.8489,1
23.5,0.0,0.0,7.0,0.8489,1
23.5,0.0,0.0,7.0,0.8489,1
23.5,0.0,0.0,7.0,0.8489,1
23.5,0.0,0.0,7.0,0.8489,1
23.5,0.0,0.0,7.0,0.8489,1
23.5,0.0,0.0,7.0,0.8489,1
23.5,0.0,0.0,7.0,0.8489,1
23.5,0.0,0.0,7.0,0.8489,1
23.5,0.0,0.0,7.0,0.8489,1
23.5,0.0,0.0,7.0,0.8489,1
23.5,0.0,0.0,7.0,0.8489,1
23.5,0.0,0.0,7.0,0.8489,1
23.5,0.0,0.0,7.0,0.8489,1
23.5,0.0,0.0,7.0,0.8489,1
23.5,0.0,0.0,7.0,0.8489,1
23.5,0.0,0.0,7.0,0.8489,1
23.5,0.0,0.0,7.0,0.8489,1
17.8,0.0,84.4,7.0,0.2,0
21.6,0.0,86.2,7.0,0.3069,0
18.5,0.0,86.2,7.0,0.3069,0
21.6,0.0,86.2,7.0,0.3069,0
21.6,0.0,86.2,7.0,0.3069,0
21.6,0.0,86.2,7.0,0.3069,0
22.7,0.0,88.3,7.0,0.2176,1
24.1,0.0,88.0,7.0,0.2636,0
24.1,0.0,88.0,7.0,0.2636,1
14.9,0.0,84.6,7.0,0.2299,0
21.4,0.0,84.6,7.0,0.2299,0
21.4,0.0,84.6,7.0,0.2299,0
21.4,0.0,84.6,7.0,0.2299,0
21.4,0.0,84.6,7.0,0.2285,1
21.4,0.0,84.6,7.0,0.2299,0
21.4,0.0,84.6,7.0,0.2299,0
21.4,0.0,84.6,7.0,0.2285,1
24.0,0.0,88.0,7.0,0.2636,0
24.0,0.0,88.0,7.0,0.2636,0
24.0,0.0,88.0,7.0,0.2636,1
23.9,0.0,88.0,7.0,0.2636,1
17.3,0.0,0.0,7.0,0.2636,1
19.0,0.0,0.0,7.0,0.2636,0
20.8,0.0,76.1,7.0,0.538,1
20.8,0.0,76.1,8.0,0.5443,0
20.8,0.0,76.1,7.0,0.538,1
20.8,0.0,76.1,7.0,0.5443,0
21.2,0.0,76.1,7.0,0.5443,0
14.7,0.0,76.1,7.0,0.5443,0
21.2,0.0,76.1,7.0,0.5443,0
21.2,0.0,76.1,7.0,0.5443,0
21.2,0.0,76.1,7.0,0.5443,0
16.9,0.0,26.8,7.0,0.036,0
16.9,0.0,26.8,7.0,0.036,0
16.9,0.0,26.8,7.0,0.036,0
16.9,0.0,26.8,7.0,0.036,0
16.9,0.0,26.8,7.0,0.036,0
16.9,0.0,26.8,7.0,0.036,0
16.9,0.0,26.8,7.0,0.036,0
16.9,0.0,26.8,7.0,0.036,0
16.9,0.0,26.8,7.0,0.036,0
16.9,0.0,26.8,7.0,0.036,0
16.9,0.0,26.8,7.0,0.036,0
16.9,0.0,26.8,7.0,0.036,0
16.9,0.0,26.8,7.0,0.036,0
16.9,0.0,26.8,7.0,0.036,0
16.9,0.0,26.8,7.0,0.036,0
16.9,0.0,26.8,7.0,0.036,0
16.9,0.0,26.8,7.0,0.036,0
16.9,0.0,26.8,7.0,0.036,0
16.9,0.0,26.8,7.0,0.036,0
16.9,0.0,26.8,7.0,0.036,0
16.9,0.0,26.8,7.0,0.036,0
16.9,0.0,26.8,7.0,0.036,0
16.9,0.0,26.8,7.0,0.036,0
16.9,0.0,26.8,7.0,0.036,0
16.9,0.0,26.8,7.0,0.036,0
16.9,0.0,26.8,7.0,0.036,0
16.9,0.0,26.8,7.0,0.036,0
16.9,0.0,26.8,7.0,0.036,0
16.9,0.0,26.8,7.0,0.036,0
16.9,0.0,26.8,7.0,0.036,0
16.9,0.0,26.8,7.0,0.036,0
16.9,0.0,26.8,7.0,0.036,0
16.9,0.0,26.8,7.0,0.036,0
16.9,0.0,26.8,7.0,0.036,0
16.9,0.0,26.8,7.0,0.036,0
16.9,0.0,26.8,7.0,0.036,0
16.9,0.0,26.8,7.0,0.036,0
16.9,0.0,26.8,7.0,0.036,0
16.9,0.0,26.8,7.0,0.036,0
16.9,0.0,26.8,7.0,0.036,0
16.9,0.0,26.8,7.0,0.036,0
16.9,0.0,26.8,7.0,0.036,0
16.9,0.0,26.8,7.0,0.036,0
16.9,0.0,26.8,7.0,0.036,0
16.9,0.0,26.8,7.0,0.036,0
16.9,0.0,26.8,7.0,0.036,0
16.9,0.0,26.8,7.0,0.036,0
16.9,0.0,26.8,7.0,0.036,0
16.9,0.0,26.8,7.0,0.036,0
16.9,0.0,26.8,7.0,0.036,0
17.2,0.0,72.4,7.0,0.1733,0
17.2,0.0,72.4,7.0,0.1733,0
19.1,0.0,72.4,7.0,0.1733,0
17.2,0.0,72.4,7.0,0.1733,0
21.0,0.0,72.4,7.0,0.1733,0
21.0,0.0,72.4,7.0,0.1733,0
21.0,0.0,72.4,7.0,0.16,1
17.2,0.0,72.4,7.0,0.1733,0
17.2,0.0,72.4,7.0,0.1733,0
21.0,0.0,72.4,7.0,0.1733,0
21.0,0.0,72.4,7.0,0.16,1
20.3,0.0,72.4,7.0,0.1733,0
19.1,0.0,72.4,7.0,0.16,1
22.0,0.0,84.6,7.0,0.2299,0
22.0,0.0,84.6,7.0,0.2299,0
22.9,0.0,84.6,7.0,0.2285,1
22.9,0.0,84.6,7.0,0.2285,1
22.0,0.0,84.6,7.0,0.2285,1
22.9,0.0,84.6,7.0,0.2285,1
22.9,0.0,84.6,7.0,0.2285,1
22.9,0.0,84.6,7.0,0.2285,1
22.0,0.0,84.6,7.0,0.2285,1
22.9,0.0,84.6,7.0,0.2285,1
22.9,0.0,84.6,7.0,0.2285,1
22.9,0.0,84.6,7.0,0.2285,1
22.9,0.0,84.6,7.0,0.2285,1
20.9,0.0,84.6,7.0,0.2299,0
21.3,0.0,72.4,7.0,0.16,1
21.0,0.0,72.4,7.0,0.1733,0
22.1,0.0,65.0,7.0,0.6162,1
21.3,0.0,72.4,7.0,0.1733,0
21.6,0.0,72.4,7.0,0.1733,0
23.4,0.0,23.5,7.0,0.2636,1
17.2,0.0,72.4,7.0,0.1733,0
21.3,0.0,46.7,7.0,0.4615,0
24.3,0.0,61.9,7.0,0.3855,0
21.8,0.0,68.6,7.0,0.1594,1
24.4,0.0,91.7,7.0,0.2636,0
23.7,0.0,76.9,7.0,0.7163,0
23.1,0.0,85.7,7.0,0.1441,0
23.1,0.0,85.7,7.0,0.1441,0
23.1,0.0,85.7,7.0,0.1441,0
23.1,0.0,85.7,7.0,0.1441,0
23.1,0.0,85.7,7.0,0.1441,0
23.1,0.0,85.7,7.0,0.1441,0
19.5,0.0,86.2,7.0,0.3069,0
18.1,0.0,86.2,7.0,0.302,1
21.0,0.0,50.0,7.0,0.2636,1
19.9,0.0,50.0,7.0,0.2636,1
19.1,0.0,84.6,7.0,0.2299,0
17.8,0.0,84.6,7.0,0.2299,0
21.4,0.0,84.6,7.0,0.2299,0
21.4,0.0,84.6,7.0,0.2299,0
21.4,0.0,84.6,7.0,0.2299,0
21.4,0.0,84.6,7.0,0.2299,0
21.7,0.0,78.8,7.0,0.3125,0
17.6,0.0,73.0,7.0,0.0068,0
18.1,0.0,73.0,7.0,0.0068,0
20.0,0.0,44.4,7.0,0.2636,1
20.0,0.0,44.4,7.0,0.2636,1
23.0,0.0,44.4,7.0,0.2636,1
23.0,0.0,85.7,7.0,0.1441,0
23.0,0.0,85.7,7.0,0.1441,0
23.0,0.0,85.7,7.0,0.1441,0
21.7,0.0,78.8,7.0,0.2812,1
21.5,0.0,78.8,7.0,0.2812,1
23.0,0.0,85.7,7.0,0.1441,0
23.0,0.0,85.7,7.0,0.1441,0
23.0,0.0,85.7,7.0,0.1441,0
23.0,0.0,85.7,7.0,0.1441,0
21.3,0.0,56.5,7.0,0.807,1
21.3,0.0,56.5,7.0,0.807,1
21.3,0.0,56.5,7.0,0.807,1
21.3,0.0,56.5,7.0,0.807,1
21.3,0.0,56.5,7.0,0.807,1
21.3,0.0,56.5,7.0,0.807,1
21.3,0.0,56.5,7.0,0.807,1
20.4,0.0,41.2,7.0,0.1818,1
21.3,0.0,41.2,7.0,0.2121,0
21.1,0.0,41.2,7.0,0.2121,0
21.1,0.0,41.2,7.0,0.2121,0
21.5,0.0,61.2,7.0,0.375,0
22.0,0.0,61.2,7.0,0.375,0
21.7,0.0,61.2,7.0,0.375,0
21.5,0.0,61.2,7.0,0.375,0
21.7,0.0,61.2,7.0,0.375,0
21.5,0.0,61.2,7.0,0.375,0
22.0,0.0,61.2,7.0,0.375,0
22.0,0.0,61.2,7.0,0.375,0
22.0,0.0,61.2,7.0,0.375,0
21.5,0.0,61.2,7.0,0.375,0
22.9,0.0,61.2,7.0,0.375,0
22.9,0.0,61.2,7.0,0.375,0
22.9,0.0,61.2,7.0,0.375,0
22.9,0.0,61.2,7.0,0.375,0
22.9,0.0,61.2,7.0,0.375,0
13.4,0.0,50.7,7.0,0.1515,0
24.0,0.0,88.0,7.0,0.2636,1
23.4,0.0,0.0,7.0,0.1509,1
23.4,0.0,0.0,7.0,0.1509,1
23.4,0.0,0.0,7.0,0.1509,1
23.4,0.0,0.0,7.0,0.1509,1
23.4,0.0,0.0,7.0,0.1509,1
23.4,0.0,0.0,7.0,0.1509,1
23.4,0.0,0.0,7.0,0.1509,1
23.4,0.0,0.0,7.0,0.1509,1
23.4,0.0,0.0,7.0,0.1509,1
19.0,0.0,0.0,8.0,0.2636,0
22.7,0.0,44.4,7.0,0.2636,0
23.9,0.0,75.6,7.0,0.2921,0
20.9,0.0,92.3,7.0,0.4844,1
21.9,0.0,63.8,7.0,0.3869,0
23.6,0.0,63.8,7.0,0.3869,0
23.7,0.0,96.8,7.0,0.0,0
24.3,0.0,63.8,7.0,0.3869,0
23.6,0.0,40.0,7.0,0.0,0
23.6,0.0,40.0,7.0,0.0,0
24.0,0.0,88.0,7.0,0.2636,1
23.5,0.0,0.0,7.0,0.8489,1
23.5,0.0,0.0,7.0,0.8489,1
23.5,0.0,0.0,7.0,0.8489,1
23.5,0.0,0.0,7.0,0.8489,1
23.5,0.0,0.0,7.0,0.8489,1
23.5,0.0,0.0,7.0,0.8489,1
23.5,0.0,0.0,7.0,0.8489,1
23.5,0.0,0.0,7.0,0.8489,1
23.5,0.0,0.0,7.0,0.8489,1
23.5,0.0,0.0,7.0,0.8489,1
23.9,0.0,88.0,7.0,0.2636,0
23.4,3.0,100.0,7.0,0.2636,0
18.3,0.0,88.0,7.0,0.2636,0
21.7,2.0,83.3,7.0,0.2636,1
23.5,0.0,0.0,7.0,0.8489,1
23.5,0.0,0.0,7.0,0.8489,1
23.5,0.0,0.0,7.0,0.8489,1
23.5,0.0,0.0,7.0,0.8489,1
23.5,0.0,0.0,7.0,0.8489,1
23.5,0.0,0.0,7.0,0.8489,1
23.5,0.0,0.0,7.0,0.8489,1
23.5,0.0,0.0,7.0,0.8489,1
23.5,0.0,0.0,7.0,0.8489,1
23.5,0.0,0.0,7.0,0.8489,1
23.5,0.0,0.0,7.0,0.8489,1
23.5,0.0,0.0,7.0,0.8489,1
23.5,0.0,0.0,7.0,0.8489,1
23.5,0.0,0.0,7.0,0.8489,1
21.8,1.0,100.0,7.0,0.2636,0
23.4,0.0,17.6,7.0,0.2636,0
21.8,0.0,100.0,7.0,0.2636,0
18.5,1.0,17.6,7.0,0.2636,0
22.0,0.0,100.0,7.0,0.2636,0
22.0,0.0,100.0,7.0,0.2636,0
22.0,0.0,100.0,7.0,0.2636,0
22.0,0.0,100.0,7.0,0.2636,0
22.4,0.0,100.0,7.0,0.2636,0
21.8,0.0,100.0,7.0,0.2636,1
21.8,0.0,100.0,7.0,0.2636,1
22.0,0.0,80.0,7.0,0.2636,1
22.0,0.0,66.7,7.0,0.2636,0
23.2,0.0,100.0,7.0,0.2636,0
22.4,1.0,100.0,7.0,0.2636,0
22.0,0.0,100.0,7.0,0.2636,0
21.8,0.0,83.3,7.0,0.2636,0
22.4,0.0,100.0,7.0,0.2636,0
21.8,0.0,83.3,7.0,0.2636,0
21.7,0.0,83.3,7.0,0.2636,0
22.4,0.0,100.0,7.0,0.2636,0
22.3,0.0,100.0,7.0,0.2636,0
23.2,0.0,100.0,7.0,0.2636,0
21.8,0.0,100.0,7.0,0.2636,0
21.8,0.0,100.0,7.0,0.2636,0
14.7,0.0,79.5,7.0,0.0,0
16.2,0.0,100.0,7.0,0.0,0
14.7,0.0,100.0,7.0,0.2636,0
15.6,0.0,100.0,7.0,0.0,0
16.2,0.0,50.7,7.0,0.1515,0
21.3,0.0,57.9,7.0,0.4107,1
22.7,0.0,80.3,7.0,0.3385,0
21.3,0.0,57.9,7.0,0.4286,0
22.7,0.0,80.3,7.0,0.3385,0
22.7,0.0,80.3,7.0,0.3385,0
22.7,0.0,80.3,7.0,0.3385,0
22.7,0.0,80.3,7.0,0.3385,0
22.7,0.0,80.3,7.0,0.3385,0
22.7,0.0,80.3,7.0,0.3385,0
21.3,0.0,57.9,7.0,0.4107,1
21.3,0.0,57.9,7.0,0.4286,0
18.3,0.0,88.0,7.0,0.2636,0
22.8,0.0,12.5,7.0,0.2636,0
20.6,0.0,84.9,7.0,0.0962,1
20.4,0.0,84.9,7.0,0.1154,0
20.1,0.0,80.9,7.0,0.1404,0
21.4,0.0,80.9,7.0,0.1404,0
20.8,0.0,21.9,7.0,0.1761,1
20.8,0.0,21.9,7.0,0.1761,1
20.8,0.0,21.9,7.0,0.1824,0
20.8,0.0,21.9,7.0,0.1824,0
20.8,0.0,21.9,7.0,0.1824,0
20.8,0.0,21.9,7.0,0.1761,1
20.8,0.0,80.9,7.0,0.1316,1
20.4,0.0,84.9,7.0,0.1154,0
20.8,0.0,21.9,7.0,0.1761,1
20.8,0.0,21.9,7.0,0.1761,1
20.8,0.0,21.9,7.0,0.1761,1
20.8,0.0,21.9,7.0,0.1761,1
20.8,0.0,21.9,7.0,0.1761,1
21.4,0.0,80.9,7.0,0.1316,1
21.3,0.0,57.9,7.0,0.4107,1
20.9,0.0,58.1,7.0,0.6293,1
20.7,0.0,58.1,7.0,0.6379,0
20.7,0.0,58.1,7.0,0.6379,0
22.1,0.0,51.8,7.0,0.5091,1
20.4,0.0,51.8,7.0,0.5273,0
20.4,0.0,51.8,7.0,0.5273,0
20.4,0.0,51.8,7.0,0.5273,0
21.8,0.0,80.9,7.0,0.1404,0
20.1,0.0,80.9,7.0,0.1404,0
18.7,0.0,80.9,7.0,0.1404,0
21.1,0.0,80.9,7.0,0.1316,1
12.1,0.0,88.5,8.0,0.1158,0
23.5,0.0,0.0,7.0,0.8489,1
23.5,0.0,0.0,7.0,0.8489,1
23.5,0.0,0.0,7.0,0.8489,1
23.5,0.0,0.0,7.0,0.8489,1
23.5,0.0,0.0,7.0,0.8489,1
23.5,0.0,0.0,7.0,0.8489,1
23.5,0.0,0.0,7.0,0.8489,1
20.9,0.0,58.1,7.0,0.6379,0
23.5,0.0,0.0,7.0,0.8514,0
20.7,0.0,58.1,7.0,0.6293,1
23.5,0.0,0.0,7.0,0.8514,0
23.5,0.0,0.0,7.0,0.8514,0
15.3,0.0,58.1,7.0,0.6379,0
21.6,0.0,86.2,7.0,0.3069,0
21.6,0.0,86.2,7.0,0.3069,0
21.6,0.0,86.2,7.0,0.3069,0
21.6,0.0,86.2,7.0,0.3069,0
23.1,0.0,97.0,7.0,0.0958,1
16.3,0.0,58.1,7.0,0.6293,1
20.4,0.0,61.5,7.0,0.2636,0
20.2,0.0,61.5,7.0,0.2636,0
20.4,0.0,84.9,7.0,0.1154,0
20.3,0.0,80.9,7.0,0.1404,0
20.6,0.0,84.9,7.0,0.1154,0
20.6,0.0,84.9,7.0,0.1154,0
19.6,0.0,84.9,7.0,0.1154,0
23.2,0.0,9.6,7.0,0.0972,0
23.2,0.0,9.6,7.0,0.0972,0
23.2,0.0,9.6,7.0,0.0972,0
23.2,0.0,9.6,7.0,0.0972,0
23.2,0.0,9.6,7.0,0.0972,0
23.2,0.0,9.6,7.0,0.0972,0
23.2,0.0,9.6,7.0,0.0972,0
21.1,0.0,80.9,7.0,0.1404,0
20.4,0.0,84.9,7.0,0.0962,1
19.7,0.0,84.9,7.0,0.1154,0
22.9,0.0,53.0,7.0,0.2105,0
22.5,0.0,53.0,7.0,0.203,1
22.9,0.0,65.3,7.0,0.3333,1
18.1,0.0,65.3,7.0,0.3542,0
23.4,0.0,65.3,7.0,0.3333,1
23.1,0.0,65.3,7.0,0.3542,0
22.9,0.0,65.3,7.0,0.3333,1
23.4,0.0,65.3,7.0,0.3542,0
22.9,0.0,65.3,7.0,0.3333,1
23.4,0.0,65.3,7.0,0.3542,0
23.1,0.0,65.3,7.0,0.3542,0
23.4,0.0,65.3,7.0,0.3542,0
23.4,0.0,65.3,7.0,0.3542,0
23.1,0.0,65.3,7.0,0.3333,1
23.1,0.0,65.3,7.0,0.3542,0
23.1,0.0,65.3,7.0,0.3542,0
23.1,0.0,65.3,7.0,0.3333,1
23.1,0.0,65.3,7.0,0.3542,0
23.1,0.0,65.3,7.0,0.3333,1
23.8,0.0,65.3,7.0,0.3542,0
23.8,0.0,65.3,7.0,0.3542,0
23.1,0.0,65.3,7.0,0.3542,0
23.1,0.0,65.3,7.0,0.3542,0
23.5,0.0,0.0,7.0,0.8514,0
23.5,0.0,0.0,7.0,0.8514,0
23.5,0.0,0.0,7.0,0.8514,0
23.5,0.0,0.0,7.0,0.8514,0
23.5,0.0,0.0,7.0,0.8489,1
19.7,0.0,84.9,7.0,0.1154,0
18.8,0.0,98.8,7.0,0.0,0
18.3,0.0,98.8,7.0,0.0,0
18.3,0.0,98.8,7.0,0.0,0
18.3,0.0,98.8,7.0,0.0,0
18.3,0.0,98.8,7.0,0.0,0
18.3,0.0,98.8,7.0,0.0,0
23.5,0.0,0.0,7.0,0.8489,1
23.5,0.0,0.0,7.0,0.8489,1
23.5,0.0,0.0,7.0,0.8489,1
23.5,0.0,0.0,7.0,0.8489,1
23.5,0.0,0.0,7.0,0.8489,1
23.5,0.0,0.0,7.0,0.8489,1
20.0,0.0,84.9,7.0,0.1154,0
21.4,0.0,80.9,7.0,0.1404,0
19.7,0.0,80.9,7.0,0.1404,0
23.5,0.0,0.0,7.0,0.8489,1
23.5,0.0,0.0,7.0,0.8489,1
23.5,0.0,0.0,7.0,0.8489,1
23.5,0.0,0.0,7.0,0.8489,1
23.5,0.0,0.0,7.0,0.8489,1
23.5,0.0,0.0,7.0,0.8489,1
20.7,0.0,0.0,7.0,0.8489,1
23.5,0.0,0.0,7.0,0.8514,0
23.5,0.0,0.0,7.0,0.8489,1
22.1,0.0,92.6,7.0,0.2636,1
20.2,0.0,96.9,7.0,0.0645,1
21.4,0.0,96.9,7.0,0.0968,0
18.7,0.0,86.0,7.0,0.2653,0
24.1,0.0,95.3,7.0,0.0,0
21.0,0.0,2.9,7.0,0.1304,0
21.0,0.0,2.9,7.0,0.1304,0
21.0,0.0,2.9,7.0,0.1304,0
21.0,0.0,2.9,7.0,0.1304,0
21.0,0.0,2.9,7.0,0.1304,0
21.0,0.0,2.9,7.0,0.1304,0
21.0,0.0,2.9,7.0,0.1304,0
21.0,0.0,2.9,7.0,0.1304,0
21.0,0.0,2.9,7.0,0.1304,0
21.0,0.0,2.9,7.0,0.1304,0
21.0,0.0,2.9,7.0,0.1304,0
21.0,0.0,2.9,7.0,0.1304,0
21.0,0.0,2.9,7.0,0.1304,0
21.0,0.0,2.9,7.0,0.1304,0
21.0,0.0,2.9,7.0,0.1304,0
21.0,0.0,2.9,7.0,0.1304,0
21.0,0.0,2.9,7.0,0.1304,0
21.0,0.0,2.9,7.0,0.1304,0
21.0,0.0,2.9,7.0,0.1304,0
20.4,0.0,80.9,7.0,0.1404,0
22.7,0.0,0.0,7.0,0.2636,0
19.0,0.0,18.4,7.0,0.2973,1
22.9,0.0,65.3,7.0,0.3333,1
23.0,0.0,65.3,7.0,0.3542,0
19.0,0.0,18.4,7.0,0.2973,1
22.0,0.0,65.3,7.0,0.3542,0
22.9,0.0,65.3,7.0,0.3333,1
22.9,0.0,65.3,7.0,0.3333,1
22.9,0.0,65.3,7.0,0.3333,1
22.0,0.0,65.3,7.0,0.3542,0
22.0,0.0,65.3,7.0,0.3542,0
22.9,0.0,65.3,7.0,0.3333,1
18.7,0.0,86.0,7.0,0.2653,0
21.1,0.0,40.0,7.0,0.4557,1
21.1,0.0,40.0,7.0,0.4557,1
21.1,0.0,40.0,7.0,0.4557,1
21.1,0.0,40.0,7.0,0.4557,1
21.1,0.0,40.0,7.0,0.4557,1
21.1,0.0,40.0,7.0,0.4557,1
21.5,0.0,100.0,7.0,0.0,0
21.5,0.0,100.0,7.0,0.0,0
19.4,0.0,86.0,7.0,0.2653,0
15.4,0.0,86.0,7.0,0.2653,0
18.8,0.0,86.0,7.0,0.2653,0
18.8,0.0,86.0,7.0,0.2653,0
18.8,0.0,86.0,7.0,0.2449,1
20.4,0.0,56.5,7.0,0.6029,1
20.4,0.0,56.5,7.0,0.6029,1
18.2,0.0,56.5,7.0,0.6029,1
18.2,0.0,56.5,7.0,0.6029,1
20.4,0.0,56.5,7.0,0.6176,0
20.4,0.0,56.5,7.0,0.6176,0
20.4,0.0,56.5,7.0,0.6029,1
20.4,0.0,56.5,7.0,0.6176,0
20.4,0.0,56.5,7.0,0.6176,0
18.2,0.0,56.5,7.0,0.6029,1
18.2,0.0,56.5,7.0,0.6029,1
18.2,0.0,56.5,7.0,0.6029,1
20.4,0.0,56.5,7.0,0.6176,0
18.8,0.0,86.0,7.0,0.2653,0
18.8,0.0,86.0,7.0,0.2449,1
18.8,0.0,86.0,7.0,0.2653,0
18.8,0.0,86.0,7.0,0.2653,0
18.9,0.0,86.0,7.0,0.2653,0
19.1,0.0,100.0,7.0,0.2636,1
15.1,0.0,100.0,7.0,0.2636,0
13.9,0.0,100.0,7.0,0.2636,0
13.7,0.0,100.0,7.0,0.2636,0
20.4,0.0,56.5,7.0,0.6029,1
20.4,0.0,56.5,7.0,0.6176,0
18.2,0.0,56.5,7.0,0.6176,0
18.2,0.0,56.5,7.0,0.6176,0
18.2,0.0,56.5,7.0,0.6029,1
17.3,0.0,56.5,7.0,0.6029,1
20.4,0.0,56.5,7.0,0.6176,0
20.4,0.0,56.5,7.0,0.6176,0
20.4,0.0,56.5,7.0,0.6029,1
16.2,0.0,50.7,7.0,0.1515,0
15.5,0.0,86.1,7.0,1.0,1
15.5,0.0,86.1,7.0,1.0,1
15.5,0.0,86.1,7.0,1.0,1
15.5,0.0,86.1,7.0,1.0,1
15.5,0.0,86.1,7.0,1.0,1
15.5,0.0,86.1,7.0,1.0,1
15.5,0.0,86.1,7.0,1.0,1
15.5,0.0,86.1,7.0,1.0,1
15.5,0.0,86.1,7.0,1.0,1
15.5,0.0,86.1,7.0,1.0,1
15.5,0.0,86.1,7.0,1.0,1
15.5,0.0,86.1,7.0,1.0,1
15.5,0.0,86.1,7.0,1.0,1
15.5,0.0,86.1,7.0,1.0,1
15.5,0.0,86.1,7.0,1.0,1
15.5,0.0,86.1,7.0,1.0,1
15.5,0.0,86.1,7.0,1.0,1
15.3,0.0,86.1,7.0,1.0,1
15.5,0.0,86.1,7.0,1.0,1
15.5,0.0,86.1,7.0,1.0,1
15.5,0.0,86.1,7.0,1.0,1
15.5,0.0,86.1,7.0,1.0,1
15.5,0.0,86.1,7.0,1.0,1
15.5,0.0,86.1,7.0,1.0,1
15.5,0.0,86.1,7.0,1.0,1
15.5,0.0,86.1,7.0,1.0,1
15.5,0.0,86.1,7.0,1.0,1
15.5,0.0,86.1,7.0,1.0,1
15.5,0.0,86.1,7.0,1.0,1
15.5,0.0,86.1,7.0,1.0,1
19.5,0.0,100.0,7.0,0.2636,0
15.5,0.0,86.1,7.0,1.0,1
15.5,0.0,86.1,7.0,1.0,1
15.5,0.0,86.1,7.0,1.0,1
15.5,0.0,86.1,7.0,1.0,1
15.5,0.0,86.1,7.0,1.0,1
15.5,0.0,86.1,7.0,1.0,1
15.5,0.0,86.1,7.0,1.0,1
15.5,0.0,86.1,7.0,1.0,1
15.5,0.0,86.1,7.0,1.0,1
15.5,0.0,86.1,7.0,1.0,1
21.8,0.0,100.0,7.0,0.2636,0
22.9,0.0,100.0,7.0,0.2636,0
15.5,0.0,86.1,7.0,1.0,1
15.5,0.0,86.1,7.0,1.0,1
15.5,0.0,86.1,7.0,1.0,1
15.5,0.0,86.1,7.0,1.0,1
15.5,0.0,86.1,7.0,1.0,1
15.5,0.0,86.1,7.0,1.0,1
15.5,0.0,86.1,7.0,1.0,1
15.5,0.0,86.1,7.0,1.0,1
15.5,0.0,86.1,7.0,1.0,1
15.5,0.0,86.1,7.0,1.0,1
19.5,0.0,66.7,7.0,0.2636,0
19.5,0.0,100.0,7.0,0.2636,0
19.5,0.0,100.0,7.0,0.2636,0
18.3,0.0,100.0,7.0,0.2636,0
15.5,0.0,86.1,7.0,1.0,1
15.5,0.0,86.1,7.0,1.0,1
15.5,0.0,86.1,7.0,1.0,1
15.5,0.0,86.1,7.0,1.0,1
15.5,0.0,86.1,7.0,1.0,1
15.5,0.0,86.1,7.0,1.0,1
15.5,0.0,86.1,7.0,1.0,1
15.5,0.0,86.1,7.0,1.0,1
15.5,0.0,86.1,7.0,1.0,1
15.5,0.0,86.1,7.0,1.0,1
19.5,0.0,100.0,7.0,0.2636,0
19.5,0.0,100.0,7.0,0.2636,0
15.5,0.0,86.1,7.0,1.0,1
15.5,0.0,86.1,7.0,1.0,1
15.5,0.0,86.1,7.0,1.0,1
15.5,0.0,86.1,7.0,1.0,1
15.5,0.0,86.1,7.0,1.0,1
15.5,0.0,86.1,7.0,1.0,1
15.5,0.0,86.1,7.0,1.0,1
15.5,0.0,86.1,7.0,1.0,1
15.5,0.0,86.1,7.0,1.0,1
19.1,0.0,100.0,7.0,0.2636,0
15.5,0.0,86.1,7.0,1.0,1
15.5,0.0,86.1,7.0,1.0,1
15.5,0.0,86.1,7.0,1.0,1
15.5,0.0,86.1,7.0,1.0,1
15.5,0.0,86.1,7.0,1.0,1
15.5,0.0,86.1,7.0,1.0,1
15.5,0.0,86.1,7.0,1.0,1
15.5,0.0,86.1,7.0,1.0,1
15.5,0.0,86.1,7.0,1.0,1
15.5,0.0,86.1,7.0,1.0,1
15.5,0.0,86.1,7.0,1.0,1
15.5,0.0,86.1,7.0,1.0,1
15.5,0.0,86.1,7.0,1.0,1
15.5,0.0,86.1,7.0,1.0,1
15.5,0.0,86.1,7.0,1.0,1
15.5,0.0,86.1,7.0,1.0,1
15.5,0.0,86.1,7.0,1.0,1
15.5,0.0,86.1,7.0,1.0,1
15.5,0.0,86.1,7.0,1.0,1
15.5,0.0,86.1,7.0,1.0,1
15.5,0.0,86.1,7.0,1.0,1
15.5,0.0,86.1,7.0,1.0,1
15.5,0.0,86.1,7.0,1.0,1
15.5,0.0,86.1,7.0,1.0,1
15.5,0.0,86.1,7.0,1.0,1
15.5,0.0,86.1,7.0,1.0,1
15.5,0.0,86.1,7.0,1.0,1
15.5,0.0,86.1,7.0,1.0,1
15.5,0.0,86.1,7.0,1.0,1
15.5,0.0,86.1,7.0,1.0,1
15.5,0.0,86.1,7.0,1.0,1
15.5,0.0,86.1,7.0,1.0,1
15.5,0.0,86.1,7.0,1.0,1
15.5,0.0,86.1,7.0,1.0,1
15.5,0.0,86.1,7.0,1.0,1
15.5,0.0,86.1,7.0,1.0,1
15.5,0.0,86.1,7.0,1.0,1
15.5,0.0,86.1,7.0,1.0,1
15.5,0.0,86.1,7.0,1.0,1
15.5,0.0,86.1,7.0,1.0,1
15.5,0.0,86.1,7.0,1.0,1
15.5,0.0,86.1,7.0,1.0,1
15.5,0.0,86.1,7.0,1.0,1
15.5,0.0,86.1,7.0,1.0,1
15.5,0.0,86.1,7.0,1.0,1
15.5,0.0,86.1,7.0,1.0,1
21.9,0.0,100.0,7.0,0.2636,0
19.5,0.0,100.0,7.0,0.2636,0
19.5,0.0,100.0,7.0,0.2636,0
19.1,0.0,100.0,7.0,0.2636,0
19.5,0.0,100.0,7.0,0.2636,0
19.5,0.0,100.0,7.0,0.2636,0
19.7,0.0,40.0,7.0,0.0204,0
19.7,0.0,40.0,7.0,0.0204,0
19.7,0.0,40.0,7.0,0.0204,0
19.7,0.0,40.0,7.0,0.0204,0
19.9,0.0,40.0,7.0,0.0204,0
19.9,0.0,40.0,7.0,0.0204,0
19.7,0.0,40.0,7.0,0.0204,0
19.7,0.0,40.0,7.0,0.0204,0
19.7,0.0,40.0,7.0,0.0204,0
19.0,0.0,100.0,7.0,0.2636,0
19.9,0.0,40.0,7.0,0.0204,0
19.9,0.0,40.0,7.0,0.0204,0
19.9,0.0,40.0,7.0,0.0204,0
19.9,0.0,40.0,7.0,0.0204,0
19.9,0.0,40.0,7.0,0.0204,0
19.9,0.0,40.0,7.0,0.0204,0
19.9,0.0,40.0,7.0,0.0204,0
19.9,0.0,40.0,7.0,0.0204,0
19.9,0.0,40.0,7.0,0.0204,0
19.9,0.0,40.0,7.0,0.0204,0
19.9,0.0,90.6,7.0,0.0794,0
19.9,0.0,90.6,7.0,0.0794,0
19.9,0.0,90.6,7.0,0.0794,0
19.9,0.0,90.6,7.0,0.0794,0
19.9,0.0,90.6,7.0,0.0794,0
19.9,0.0,90.6,7.0,0.0794,0
19.9,0.0,90.6,7.0,0.0794,0
19.9,0.0,90.6,7.0,0.0794,0
19.9,0.0,90.6,7.0,0.0794,0
19.9,0.0,90.6,7.0,0.0794,0
19.9,0.0,90.6,7.0,0.0794,0
19.9,0.0,90.6,7.0,0.0794,0
19.9,0.0,90.6,7.0,0.0794,0
19.9,0.0,90.6,7.0,0.0794,0
19.9,0.0,90.6,7.0,0.0794,0
19.9,0.0,90.6,7.0,0.0794,0
14.9,0.0,90.0,7.0,0.155,1
19.4,0.0,90.0,7.0,0.1628,0
19.4,0.0,90.0,7.0,0.1628,0
22.8,0.0,90.0,7.0,0.1628,0
22.8,0.0,90.0,7.0,0.1628,0
23.9,0.0,56.7,7.0,0.3051,1
23.9,0.0,56.7,7.0,0.322,0
21.0,0.0,80.3,7.0,0.3385,0
21.0,0.0,80.3,7.0,0.3231,1
21.0,0.0,80.3,7.0,0.3385,0
21.0,0.0,80.3,7.0,0.3231,1
17.7,0.0,80.3,7.0,0.3385,0
23.9,0.0,56.7,7.0,0.3051,1
21.9,3.0,61.3,7.0,0.1311,0
21.0,0.0,80.3,7.0,0.3231,1
21.0,0.0,80.3,7.0,0.3231,1
21.0,0.0,80.3,7.0,0.3231,1
21.0,0.0,80.3,7.0,0.3231,1
21.0,0.0,80.3,7.0,0.3231,1
21.0,0.0,80.3,7.0,0.3385,0
18.1,0.0,80.3,7.0,0.3231,1
18.0,0.0,80.3,7.0,0.3385,0
18.4,0.0,80.3,7.0,0.3385,0
21.7,0.0,80.3,7.0,0.3385,0
21.7,0.0,59.2,7.0,0.3866,1
21.7,0.0,59.2,7.0,0.3866,1
21.7,0.0,59.2,7.0,0.3866,1
21.7,0.0,59.2,7.0,0.3866,1
21.7,0.0,59.2,7.0,0.3866,1
21.4,0.0,84.6,7.0,0.2299,0
21.1,0.0,41.2,7.0,0.1818,1
21.5,0.0,89.2,7.0,0.1094,0
21.5,0.0,89.2,7.0,0.1094,0
20.7,0.0,41.2,7.0,0.2121,0
15.1,0.0,90.8,7.0,0.1237,0
14.9,1.0,90.8,7.0,0.1237,0
20.6,0.0,90.8,7.0,0.1237,0
20.4,0.0,90.8,7.0,0.1134,1
20.0,0.0,90.8,7.0,0.1134,1
20.0,0.0,90.8,7.0,0.1134,1
20.3,0.0,90.8,7.0,0.1134,1
20.4,0.0,90.8,8.0,0.1237,0
13.0,0.0,90.8,7.0,0.1237,0
13.0,0.0,90.8,7.0,0.1237,0
13.0,0.0,90.8,7.0,0.1237,0
13.0,0.0,90.8,7.0,0.1237,0
13.0,0.0,90.8,7.0,0.1237,0
13.0,0.0,90.8,7.0,0.1237,0
13.0,0.0,90.8,7.0,0.1237,0
13.0,0.0,90.8,7.0,0.1237,0
13.0,0.0,90.8,7.0,0.1237,0
13.0,0.0,90.8,7.0,0.1237,0
13.0,0.0,90.8,7.0,0.1237,0
13.0,0.0,90.8,7.0,0.1237,0
13.0,0.0,90.8,7.0,0.1237,0
13.0,0.0,90.8,7.0,0.1237,0
13.0,0.0,90.8,7.0,0.1237,0
13.0,0.0,90.8,7.0,0.1237,0
13.0,0.0,90.8,7.0,0.1237,0
13.0,0.0,90.8,7.0,0.1237,0
13.0,0.0,90.8,7.0,0.1237,0
13.0,0.0,90.8,7.0,0.1237,0
13.0,0.0,90.8,7.0,0.1237,0
13.0,0.0,90.8,7.0,0.1237,0
13.0,0.0,90.8,7.0,0.1237,0
13.0,0.0,90.8,7.0,0.1237,0
13.0,0.0,90.8,7.0,0.1237,0
13.0,0.0,90.8,7.0,0.1237,0
13.0,0.0,90.8,7.0,0.1237,0
13.0,0.0,90.8,7.0,0.1237,0
13.4,0.0,90.8,7.0,0.1237,0
13.4,0.0,90.8,7.0,0.1134,1
13.4,0.0,90.8,7.0,0.1237,0
22.5,0.0,53.0,7.0,0.2105,0
22.9,0.0,53.0,7.0,0.2105,0
22.9,0.0,53.0,7.0,0.203,1
23.0,0.0,53.0,7.0,0.2105,0
22.9,0.0,53.0,7.0,0.2105,0
21.7,0.0,66.7,7.0,0.2636,1
17.2,0.0,72.4,7.0,0.1733,0
20.3,0.0,72.4,7.0,0.16,1
20.0,0.0,72.4,7.0,0.1733,0
20.0,0.0,72.4,7.0,0.1733,0
21.6,0.0,72.4,7.0,0.1733,0
21.6,0.0,72.4,7.0,0.1733,0
21.6,0.0,72.4,7.0,0.1733,0
21.6,0.0,72.4,7.0,0.1733,0
21.6,0.0,72.4,7.0,0.1733,0
21.6,0.0,72.4,7.0,0.1733,0
21.6,0.0,72.4,7.0,0.1733,0
21.6,0.0,72.4,7.0,0.1733,0
21.6,0.0,72.4,7.0,0.1733,0
21.6,0.0,72.4,7.0,0.1733,0
21.6,0.0,72.4,7.0,0.1733,0
21.6,0.0,72.4,7.0,0.1733,0
21.6,0.0,72.4,7.0,0.1733,0
21.6,0.0,72.4,7.0,0.1733,0
21.6,0.0,72.4,7.0,0.1733,0
21.6,0.0,72.4,7.0,0.1733,0
21.6,0.0,72.4,7.0,0.1733,0
21.6,0.0,72.4,7.0,0.1733,0
20.3,0.0,72.4,7.0,0.16,1
20.3,0.0,72.4,7.0,0.16,1
17.6,0.0,72.4,7.0,0.1733,0
19.3,0.0,72.4,7.0,0.16,1
22.4,0.0,98.5,7.0,0.0368,0
22.4,0.0,98.5,7.0,0.0368,0
23.9,0.0,98.5,7.0,0.0368,0
23.9,0.0,98.5,7.0,0.0368,0
23.9,0.0,98.5,7.0,0.0368,0
23.9,0.0,98.5,7.0,0.0368,0
23.9,0.0,98.5,7.0,0.0368,0
23.9,0.0,98.5,7.0,0.0368,0
23.9,0.0,98.5,7.0,0.0368,0
23.9,0.0,98.5,7.0,0.0368,0
23.9,0.0,98.5,7.0,0.0368,0
23.9,0.0,98.5,7.0,0.0368,0
23.9,0.0,98.5,7.0,0.0368,0
23.9,0.0,98.5,7.0,0.0368,0
23.9,0.0,98.5,7.0,0.0368,0
23.9,0.0,98.5,7.0,0.0368,0
23.9,0.0,98.5,7.0,0.0368,0
23.9,0.0,98.5,7.0,0.0368,0
23.9,0.0,98.5,7.0,0.0368,0
23.9,0.0,98.5,7.0,0.0368,0
23.9,0.0,98.5,7.0,0.0368,0
23.9,0.0,98.5,7.0,0.0368,0
23.9,0.0,98.5,7.0,0.0368,0
23.9,0.0,98.5,7.0,0.0368,0
22.4,0.0,98.5,7.0,0.0368,0
22.4,0.0,98.5,7.0,0.0368,0
22.4,0.0,98.5,7.0,0.0368,0
23.9,0.0,98.5,7.0,0.0368,0
23.9,0.0,98.5,7.0,0.0368,0
23.9,0.0,98.5,7.0,0.0368,0
21.8,0.0,98.5,7.0,0.0368,0
23.1,0.0,68.3,7.0,0.2,0
13.7,0.0,100.0,7.0,0.0,0
19.5,0.0,100.0,7.0,0.0,0
14.6,0.0,100.0,7.0,0.0,0
17.8,0.0,100.0,7.0,0.0,0
14.6,0.0,100.0,7.0,0.0,0
14.0,0.0,100.0,7.0,0.0,0
18.1,0.0,100.0,7.0,0.0,0
18.1,0.0,100.0,7.0,0.0,0
13.7,0.0,100.0,7.0,0.0,0
14.0,0.0,100.0,7.0,0.0,0
14.7,0.0,100.0,7.0,0.0,0
20.9,0.0,75.6,7.0,0.2921,0
20.9,0.0,75.6,7.0,0.2809,1
20.6,0.0,75.6,7.0,0.2809,1
12.8,0.0,100.0,7.0,0.0,0
21.7,0.0,59.2,8.0,0.3866,1
21.7,0.0,59.2,8.0,0.395,0
21.7,0.0,59.2,8.0,0.3866,1
21.7,0.0,59.2,8.0,0.395,0
21.9,0.0,98.8,7.0,0.0,0
21.9,0.0,98.8,7.0,0.0,0
20.9,0.0,58.1,7.0,0.6379,0
20.7,0.0,58.1,7.0,0.6379,0
20.9,0.0,58.1,7.0,0.6293,1
22.4,0.0,37.8,7.0,0.5085,0
22.4,0.0,37.8,7.0,0.5085,0
22.4,0.0,37.8,7.0,0.5085,0
20.6,0.0,75.6,7.0,0.2921,0
23.4,0.0,92.5,7.0,0.519,0
21.7,0.0,59.2,7.0,0.3866,1
21.7,0.0,59.2,7.0,0.3866,1
21.7,0.0,59.2,7.0,0.395,0
21.7,0.0,59.2,8.0,0.3866,1
21.7,0.0,59.2,7.0,0.3866,1
21.7,0.0,59.2,7.0,0.395,0
21.7,0.0,59.2,7.0,0.3866,1
21.7,0.0,59.2,7.0,0.3866,1
21.7,0.0,59.2,7.0,0.3866,1
21.7,0.0,59.2,7.0,0.3866,1
18.2,0.0,63.0,7.0,0.1509,0
18.2,0.0,63.0,7.0,0.1509,0
16.3,0.0,100.0,7.0,0.0,0
23.0,0.0,84.6,7.0,0.2299,0
23.0,0.0,84.6,7.0,0.2299,0
23.0,0.0,84.6,7.0,0.2285,1
23.0,0.0,84.6,7.0,0.2299,0
23.0,0.0,84.6,7.0,0.2299,0
19.7,0.0,84.6,7.0,0.2299,0
19.7,0.0,84.6,7.0,0.2299,0
23.0,0.0,84.6,7.0,0.2299,0
23.0,0.0,84.6,7.0,0.2299,0
23.0,0.0,84.6,7.0,0.2299,0
23.0,0.0,84.6,7.0,0.2299,0
23.0,0.0,84.6,7.0,0.2299,0
23.0,0.0,84.6,7.0,0.2299,0
23.0,0.0,84.6,7.0,0.2285,1
23.0,0.0,84.6,7.0,0.2299,0
23.0,0.0,84.6,7.0,0.2299,0
23.0,0.0,84.6,7.0,0.2299,0
21.4,0.0,84.6,7.0,0.2299,0
23.0,0.0,84.6,7.0,0.2299,0
19.7,0.0,84.6,7.0,0.2299,0
23.0,0.0,84.6,7.0,0.2299,0
23.0,0.0,84.6,7.0,0.2299,0
21.4,0.0,84.6,7.0,0.2299,0
21.4,0.0,84.6,7.0,0.2299,0
21.4,0.0,84.6,7.0,0.2299,0
23.1,0.0,97.0,7.0,0.1018,0
22.0,0.0,97.0,7.0,0.1018,0
23.0,0.0,97.0,7.0,0.1018,0
22.8,0.0,90.0,7.0,0.1628,0
22.8,0.0,90.0,7.0,0.1628,0
20.5,0.0,66.7,7.0,0.2636,1
23.5,0.0,0.0,7.0,0.8489,1
23.5,0.0,0.0,7.0,0.8489,1
23.5,0.0,0.0,7.0,0.8514,0
23.5,0.0,0.0,7.0,0.8489,1
23.5,0.0,0.0,7.0,0.8514,0
23.5,0.0,0.0,7.0,0.8489,1
23.9,0.0,82.0,7.0,0.1448,0
23.9,0.0,82.0,7.0,0.1448,0
23.9,0.0,82.0,7.0,0.1448,0
23.9,0.0,82.0,7.0,0.1448,0
23.6,0.0,82.0,7.0,0.1448,0
23.6,0.0,82.0,7.0,0.1448,0
23.9,0.0,82.0,7.0,0.1448,0
23.9,0.0,82.0,7.0,0.1448,0
22.8,0.0,55.9,7.0,0.4652,1
22.8,0.0,55.9,7.0,0.4652,1
23.4,0.0,82.0,7.0,0.1448,0
23.4,0.0,82.0,7.0,0.1448,0
23.4,0.0,82.0,7.0,0.1448,0
23.4,0.0,82.0,7.0,0.1448,0
23.4,0.0,82.0,7.0,0.1448,0
23.9,0.0,76.9,7.0,0.3271,0
23.9,0.0,76.9,7.0,0.3178,1
23.9,0.0,76.9,7.0,0.3271,0
23.9,0.0,76.9,7.0,0.3271,0
23.9,0.0,76.9,7.0,0.3271,0
23.9,0.0,76.9,7.0,0.3271,0
23.9,0.0,76.9,7.0,0.3178,1
22.2,0.0,76.9,7.0,0.3178,1
23.9,0.0,76.9,7.0,0.3271,0
23.9,0.0,76.9,7.0,0.3271,0
22.0,0.0,42.5,7.0,0.578,0
22.0,0.0,42.5,7.0,0.5723,1
22.0,0.0,42.5,7.0,0.5723,1
22.0,0.0,42.5,7.0,0.578,0
22.0,0.0,42.5,7.0,0.578,0
22.0,0.0,42.5,7.0,0.578,0
22.0,0.0,42.5,7.0,0.578,0
22.0,0.0,42.5,7.0,0.578,0
22.0,0.0,42.5,7.0,0.578,0
22.0,0.0,42.5,7.0,0.578,0
22.0,0.0,42.5,7.0,0.578,0
22.0,0.0,42.5,7.0,0.578,0
22.0,0.0,42.5,7.0,0.578,0
22.0,0.0,42.5,7.0,0.578,0
22.0,0.0,42.5,7.0,0.578,0
22.0,0.0,42.5,7.0,0.578,0
22.0,0.0,42.5,7.0,0.578,0
22.0,0.0,42.5,7.0,0.5723,1
21.3,0.0,57.9,7.0,0.4107,1
20.6,0.0,83.0,7.0,0.3218,0
21.1,0.0,40.0,7.0,0.4557,1
21.1,0.0,40.0,7.0,0.4557,1
22.9,0.0,92.1,7.0,0.0667,0
22.9,0.0,92.1,7.0,0.0667,0
22.9,0.0,92.1,7.0,0.0667,0
22.9,0.0,92.1,7.0,0.0667,0
22.9,0.0,92.1,7.0,0.0667,0
20.5,0.0,83.0,7.0,0.3218,0
20.5,0.0,83.0,7.0,0.3218,0
19.6,0.0,83.0,7.0,0.3103,1
20.5,0.0,83.0,7.0,0.3218,0
20.5,0.0,83.0,7.0,0.3103,1
20.5,0.0,83.0,7.0,0.3103,1
20.5,0.0,83.0,7.0,0.3218,0
20.5,0.0,83.0,7.0,0.3218,0
21.0,0.0,70.5,7.0,0.2326,0
20.6,0.0,83.0,7.0,0.3103,1
22.9,0.0,92.1,7.0,0.0667,0
22.9,0.0,92.1,7.0,0.0667,0
22.9,0.0,92.1,7.0,0.0667,0
23.0,0.0,92.1,7.0,0.0667,0
23.0,0.0,92.1,7.0,0.0667,0
23.0,0.0,92.1,7.0,0.0667,0
23.0,0.0,92.1,7.0,0.0667,0
23.0,0.0,92.1,7.0,0.0667,0
23.0,0.0,92.1,7.0,0.0667,0
23.0,0.0,92.1,7.0,0.0667,0
18.2,0.0,95.7,7.0,0.0217,0
18.2,0.0,95.7,7.0,0.0217,0
17.8,0.0,95.7,7.0,0.0217,0
18.2,0.0,95.7,7.0,0.0217,0
18.2,0.0,95.7,7.0,0.0217,0
19.2,0.0,95.7,7.0,0.0217,0
19.2,0.0,95.7,7.0,0.0217,0
19.2,0.0,95.7,7.0,0.0217,0
19.2,0.0,95.7,7.0,0.0217,0
18.3,0.0,95.7,7.0,0.0217,0
12.4,0.0,95.7,7.0,0.0217,0
22.0,0.0,95.7,7.0,0.0217,0
21.5,0.0,93.0,7.0,0.0476,0
21.5,0.0,93.0,7.0,0.0476,0
21.5,0.0,93.0,7.0,0.0476,0
21.5,0.0,93.0,7.0,0.0476,0
21.5,0.0,93.0,7.0,0.0476,0
21.5,0.0,93.0,7.0,0.0476,0
21.5,0.0,93.0,7.0,0.0476,0
21.5,0.0,93.0,7.0,0.0476,0
21.5,0.0,93.0,7.0,0.0476,0
21.5,0.0,93.0,7.0,0.0476,0
23.8,0.0,64.8,7.0,0.4488,0
23.8,0.0,64.8,7.0,0.4488,0
23.8,0.0,64.8,7.0,0.4488,0
21.9,0.0,64.8,7.0,0.4488,0
21.9,0.0,64.8,7.0,0.4409,1
21.4,0.0,64.8,7.0,0.4488,0
21.4,0.0,64.8,7.0,0.4488,0
21.4,0.0,64.8,7.0,0.4488,0
21.4,0.0,64.8,7.0,0.4488,0
21.4,0.0,64.8,7.0,0.4409,1
19.3,0.0,64.8,7.0,0.4488,0
19.3,0.0,64.8,7.0,0.4488,0
16.0,0.0,64.8,7.0,0.4488,0
21.1,0.0,64.8,7.0,0.4409,1
21.9,0.0,64.8,7.0,0.4488,0
21.9,0.0,64.8,7.0,0.4409,1
23.9,0.0,76.9,7.0,0.3178,1
22.5,0.0,76.9,7.0,0.3178,1
23.9,0.0,76.9,7.0,0.3178,1
23.9,0.0,76.9,7.0,0.3178,1
23.9,0.0,76.9,7.0,0.3178,1
23.9,0.0,76.9,7.0,0.3178,1
23.9,0.0,76.9,7.0,0.3178,1
23.9,0.0,76.9,7.0,0.3271,0
23.9,0.0,76.9,7.0,0.3178,1
23.9,0.0,76.9,7.0,0.3178,1
23.9,0.0,76.9,7.0,0.3178,1
23.9,0.0,76.9,7.0,0.3178,1
23.9,0.0,76.9,7.0,0.3178,1
22.3,0.0,76.9,7.0,0.3178,1
23.9,0.0,76.9,7.0,0.3178,1
23.9,0.0,76.9,7.0,0.3178,1
23.9,0.0,76.9,7.0,0.3178,1
23.9,0.0,76.9,7.0,0.3178,1
23.9,0.0,76.9,7.0,0.3178,1
23.9,0.0,76.9,7.0,0.3271,0
23.9,0.0,76.9,7.0,0.3271,0
23.9,0.0,76.9,7.0,0.3271,0
23.9,0.0,76.9,7.0,0.3271,0
21.7,0.0,76.9,7.0,0.3178,1
21.6,0.0,86.7,7.0,0.2636,0
21.6,0.0,100.0,7.0,0.2636,0
23.6,0.0,86.7,7.0,0.2636,0
16.8,0.0,64.4,7.0,0.3483,0
16.8,0.0,64.4,7.0,0.3483,0
16.5,0.0,64.4,7.0,0.3483,0
17.7,0.0,79.5,7.0,0.0,0
13.9,0.0,79.5,7.0,0.0,0
13.9,0.0,79.5,7.0,0.0,0
13.9,0.0,79.5,7.0,0.0,0
17.7,0.0,79.5,7.0,0.0,0
13.0,0.0,90.8,7.0,0.1237,0
20.2,0.0,14.3,7.0,0.2636,1
23.9,0.0,82.0,7.0,0.1448,0
23.6,0.0,82.0,7.0,0.1448,0
23.6,0.0,82.0,7.0,0.1448,0
23.6,0.0,82.0,7.0,0.1448,0
23.4,0.0,82.0,7.0,0.1448,0
23.9,0.0,76.9,7.0,0.3178,1
20.1,0.0,33.9,7.0,0.2982,0
23.9,0.0,76.9,7.0,0.3178,1
23.6,0.0,94.0,7.0,0.0,0
23.6,0.0,94.0,7.0,0.0,0
20.1,0.0,33.9,7.0,0.2895,1
20.1,0.0,33.9,7.0,0.2895,1
23.7,0.0,94.0,7.0,0.0,0
23.7,0.0,94.0,7.0,0.0,0
23.4,0.0,94.0,7.0,0.0,0
23.7,0.0,94.0,7.0,0.0,0
23.7,0.0,94.0,7.0,0.0,0
20.9,0.0,75.6,7.0,0.2921,0
20.9,0.0,75.6,7.0,0.2809,1
20.6,0.0,75.6,7.0,0.2809,1
20.6,0.0,75.6,7.0,0.2809,1
20.6,0.0,75.6,7.0,0.2809,1
20.9,0.0,75.6,7.0,0.2809,1
20.9,0.0,75.6,7.0,0.2809,1
22.4,0.0,37.8,7.0,0.5085,0
22.4,0.0,37.8,7.0,0.5085,0
22.4,0.0,37.8,7.0,0.5085,0
22.4,0.0,37.8,7.0,0.5,1
22.9,0.0,37.8,7.0,0.5085,0
22.4,0.0,37.8,7.0,0.5085,0
22.4,0.0,37.8,7.0,0.5085,0
22.4,0.0,37.8,7.0,0.5085,0
20.1,0.0,33.9,7.0,0.2895,1
23.2,0.0,94.0,7.0,0.0,0
23.2,0.0,94.0,7.0,0.0,0
12.6,0.0,91.3,7.0,0.2636,0
18.7,0.0,84.9,7.0,0.1154,0
18.7,0.0,16.7,7.0,0.7831,0
18.7,0.0,16.7,7.0,0.7831,0
18.7,0.0,16.7,7.0,0.7831,0
21.6,0.0,72.4,7.0,0.16,1
21.8,0.0,98.5,7.0,0.0368,0
21.8,0.0,98.5,7.0,0.0368,0
21.6,0.0,60.7,7.0,0.2922,1
15.8,0.0,75.0,7.0,0.2636,0
17.3,0.0,75.0,7.0,0.2636,1
15.8,0.0,75.0,7.0,0.2636,0
23.9,0.0,95.0,7.0,0.1818,1
21.5,0.0,60.7,7.0,0.2963,0
21.5,0.0,60.7,7.0,0.2963,0
21.5,0.0,60.7,7.0,0.2963,0
21.5,0.0,60.7,7.0,0.2963,0
21.5,0.0,60.7,7.0,0.2963,0
14.4,0.0,60.7,7.0,0.2963,0
23.4,0.0,82.0,7.0,0.1448,0
22.0,0.0,50.0,7.0,0.3483,0
22.0,0.0,50.0,7.0,0.3483,0
22.0,0.0,50.0,7.0,0.3483,0
22.0,0.0,50.0,7.0,0.3483,0
22.0,0.0,50.0,7.0,0.3483,0
22.0,0.0,50.0,7.0,0.3483,0
22.0,0.0,50.0,7.0,0.3483,0
22.0,0.0,50.0,7.0,0.3483,0
22.0,0.0,50.0,7.0,0.3483,0
22.8,0.0,99.0,7.0,0.0352,0
22.8,0.0,99.0,7.0,0.0352,0
22.8,0.0,99.0,7.0,0.0352,0
22.8,0.0,99.0,7.0,0.0352,0
22.8,0.0,99.0,7.0,0.0352,0
22.8,0.0,99.0,7.0,0.0352,0
22.8,0.0,99.0,7.0,0.0352,0
22.8,0.0,99.0,7.0,0.0352,0
22.8,0.0,99.0,7.0,0.0352,0
22.8,0.0,99.0,7.0,0.0352,0
22.8,0.0,99.0,7.0,0.0352,0
22.8,0.0,99.0,7.0,0.0352,0
22.8,0.0,99.0,7.0,0.0352,0
22.8,0.0,99.0,7.0,0.0352,0
22.8,0.0,99.0,7.0,0.0352,0
22.8,0.0,99.0,7.0,0.0352,0
22.8,0.0,99.0,7.0,0.0352,0
22.8,0.0,99.0,7.0,0.0352,0
22.8,0.0,99.0,7.0,0.0352,0
22.8,0.0,99.0,7.0,0.0352,0
22.8,0.0,99.0,7.0,0.0352,0
22.8,0.0,99.0,7.0,0.0352,0
22.8,0.0,99.0,7.0,0.0352,0
22.8,0.0,99.0,7.0,0.0352,0
22.8,0.0,99.0,7.0,0.0352,0
22.8,0.0,99.0,7.0,0.0352,0
22.0,0.0,50.0,7.0,0.3483,0
22.0,0.0,50.0,7.0,0.3483,0
22.0,0.0,50.0,7.0,0.3483,0
22.0,0.0,50.0,7.0,0.3483,0
22.0,0.0,50.0,7.0,0.3483,0
22.0,0.0,50.0,7.0,0.3483,0
22.0,0.0,50.0,7.0,0.3371,1
22.0,0.0,50.0,7.0,0.3371,1
22.0,0.0,50.0,7.0,0.3371,1
19.4,0.0,80.3,7.0,0.3385,0
19.4,0.0,80.3,7.0,0.3385,0
19.4,0.0,80.3,7.0,0.3385,0
19.4,0.0,80.3,7.0,0.3385,0
21.6,0.0,66.7,7.0,0.2636,0
21.6,0.0,66.7,7.0,0.2636,0
21.6,1.0,88.3,7.0,0.2176,1
17.9,0.0,90.8,7.0,0.1237,0
20.4,1.0,90.8,7.0,0.1237,0
21.0,0.0,90.8,7.0,0.1134,1
19.7,0.0,90.8,7.0,0.1237,0
19.9,0.0,67.0,7.0,0.5,0
12.4,0.0,67.0,7.0,0.4912,1
21.2,0.0,67.0,7.0,0.5,0
21.3,0.0,67.0,7.0,0.5,0
16.9,0.0,67.0,7.0,0.5,0
21.3,0.0,67.0,7.0,0.5,0
16.9,0.0,67.0,7.0,0.4912,1
16.5,0.0,67.0,7.0,0.4912,1
19.7,0.0,67.0,7.0,0.5,0
21.2,0.0,67.0,7.0,0.5,0
16.9,0.0,67.0,7.0,0.4912,1
18.7,0.0,67.0,7.0,0.5,0
16.9,0.0,67.0,7.0,0.5,0
18.7,0.0,67.0,7.0,0.4912,1
16.5,0.0,67.0,7.0,0.5,0
18.8,0.0,67.0,7.0,0.5,0
16.9,0.0,67.0,7.0,0.5,0
17.0,0.0,67.0,7.0,0.4912,1
16.5,0.0,67.0,7.0,0.5,0
21.2,0.0,67.0,7.0,0.5,0
16.2,0.0,90.8,7.0,0.0667,0
17.8,0.0,90.8,7.0,0.0667,0
17.8,0.0,90.8,7.0,0.0667,0
17.3,0.0,90.8,7.0,0.0533,1
16.2,0.0,90.8,7.0,0.0533,1
23.4,0.0,60.9,7.0,0.1333,0
17.7,0.0,90.8,7.0,0.0667,0
23.4,0.0,60.9,7.0,0.1333,0
17.7,0.0,90.8,7.0,0.0667,0
21.2,0.0,60.9,7.0,0.1333,0
21.2,0.0,60.9,7.0,0.1333,0
23.4,0.0,60.9,7.0,0.1111,1
23.9,0.0,60.9,7.0,0.1333,0
22.0,0.0,97.0,7.0,0.1018,0
23.0,0.0,53.0,7.0,0.2105,0
21.0,0.0,53.0,7.0,0.2105,0
18.8,0.0,53.0,7.0,0.203,1
23.4,0.0,60.9,7.0,0.1333,0
23.4,0.0,60.9,7.0,0.1333,0
21.1,0.0,60.9,7.0,0.1111,1
21.1,0.0,60.9,7.0,0.1333,0
21.1,0.0,60.9,7.0,0.1333,0
21.1,0.0,60.9,7.0,0.1111,1
23.4,0.0,60.9,7.0,0.1333,0
21.2,0.0,37.5,7.0,0.2636,1
17.2,0.0,29.2,8.0,0.6071,1
21.5,0.0,93.0,7.0,0.0476,0
21.5,0.0,93.0,7.0,0.0476,0
21.5,0.0,93.0,7.0,0.0476,0
21.5,0.0,93.0,7.0,0.0476,0
21.5,0.0,93.0,7.0,0.0476,0
21.5,0.0,93.0,7.0,0.0476,0
19.4,0.0,80.3,7.0,0.3385,0
19.4,0.0,80.3,7.0,0.3385,0
19.4,0.0,80.3,7.0,0.3385,0
19.4,0.0,80.3,7.0,0.3385,0
19.4,0.0,80.3,7.0,0.3385,0
19.4,0.0,80.3,7.0,0.3385,0
19.4,0.0,80.3,7.0,0.3385,0
19.4,0.0,80.3,7.0,0.3385,0
16.7,0.0,77.1,7.0,0.2647,1
20.3,0.0,56.2,7.0,0.2636,1
21.6,0.0,56.2,7.0,0.2636,1
21.5,0.0,56.2,7.0,0.2636,1
20.2,0.0,35.3,7.0,0.2636,0
18.2,0.0,64.3,7.0,0.3902,1
21.4,0.0,88.8,7.0,0.2143,0
21.4,0.0,88.8,7.0,0.2143,0
21.4,0.0,88.8,7.0,0.2143,0
21.4,0.0,88.8,7.0,0.2083,1
21.3,0.0,88.8,7.0,0.2143,0
21.3,0.0,88.8,8.0,0.2143,0
21.3,0.0,88.8,7.0,0.2143,0
21.3,0.0,88.8,7.0,0.2083,1
21.4,0.0,88.8,7.0,0.2143,0
21.2,0.0,88.8,7.0,0.2143,0
18.3,0.0,64.3,7.0,0.4146,0
15.5,0.0,64.3,7.0,0.4146,0
15.5,0.0,64.3,7.0,0.3902,1
18.1,0.0,64.3,7.0,0.4146,0
17.9,0.0,64.3,7.0,0.3902,1
18.1,0.0,64.3,7.0,0.4146,0
17.9,0.0,64.3,7.0,0.4146,0
17.9,0.0,64.3,7.0,0.4146,0
18.3,0.0,64.3,7.0,0.4146,0
18.3,0.0,64.3,7.0,0.4146,0
18.3,0.0,64.3,7.0,0.4146,0
18.1,0.0,64.3,7.0,0.4146,0
18.3,0.0,64.3,7.0,0.4146,0
18.3,0.0,64.3,7.0,0.4146,0
18.3,0.0,64.3,7.0,0.4146,0
15.5,0.0,64.3,7.0,0.3902,1
18.2,0.0,64.3,7.0,0.3902,1
18.2,0.0,64.3,7.0,0.3902,1
18.2,0.0,64.3,7.0,0.3902,1
17.8,0.0,64.3,7.0,0.3902,1
18.2,0.0,64.3,7.0,0.4146,0
18.2,0.0,64.3,7.0,0.4146,0
18.2,0.0,64.3,7.0,0.4146,0
14.4,0.0,64.3,7.0,0.4146,0
14.6,0.0,64.3,7.0,0.4146,0
14.6,0.0,64.3,7.0,0.4146,0
13.1,0.0,64.3,7.0,0.3902,1
21.4,0.0,64.3,7.0,0.3902,1
17.8,0.0,64.3,7.0,0.3902,1
21.3,0.0,88.8,7.0,0.2143,0
21.3,0.0,88.8,7.0,0.2143,0
20.0,0.0,64.3,7.0,0.4146,0
19.9,0.0,64.3,7.0,0.4146,0
20.0,0.0,64.3,7.0,0.4146,0
18.3,0.0,64.3,7.0,0.4146,0
21.6,0.0,88.8,7.0,0.2143,0
20.5,0.0,95.7,7.0,0.0217,0
19.9,0.0,55.7,7.0,0.9487,1
21.3,0.0,88.8,8.0,0.2083,1
21.4,0.0,88.8,7.0,0.2143,0
21.4,0.0,88.8,7.0,0.2143,0
21.4,0.0,88.8,7.0,0.2143,0
21.5,0.0,88.8,7.0,0.2143,0
21.5,0.0,88.8,7.0,0.2083,1
21.5,0.0,88.8,7.0,0.2143,0
21.5,0.0,88.8,7.0,0.2143,0
21.5,0.0,88.8,7.0,0.2083,1
21.5,0.0,88.8,7.0,0.2083,1
21.5,0.0,88.8,7.0,0.2083,1
21.5,0.0,88.8,7.0,0.2143,0
21.5,0.0,88.8,7.0,0.2143,0
21.5,0.0,88.8,7.0,0.2143,0
21.2,0.0,88.8,7.0,0.2083,1
21.6,0.0,88.8,8.0,0.2143,0
21.6,0.0,88.8,7.0,0.2143,0
21.6,0.0,88.8,7.0,0.2143,0
21.6,0.0,88.8,7.0,0.2143,0
21.6,0.0,88.8,7.0,0.2143,0
21.0,0.0,88.8,7.0,0.2083,1
20.7,0.0,88.8,7.0,0.2143,0
21.5,0.0,88.8,7.0,0.2143,0
21.5,0.0,88.8,7.0,0.2143,0
21.5,0.0,88.8,7.0,0.2083,1
21.3,0.0,88.8,7.0,0.2083,1
21.9,0.0,61.2,7.0,0.1,1
19.7,0.0,61.2,7.0,0.1083,0
22.1,0.0,61.2,7.0,0.1083,0
22.1,0.0,61.2,7.0,0.1,1
19.7,0.0,61.2,7.0,0.1,1
21.9,0.0,61.2,7.0,0.1,1
22.0,0.0,61.2,7.0,0.1,1
19.7,0.0,61.2,7.0,0.1083,0
19.7,0.0,61.2,7.0,0.1,1
21.3,0.0,88.8,7.0,0.2083,1
21.3,0.0,88.8,7.0,0.2083,1
20.5,0.0,88.8,7.0,0.2083,1
21.5,0.0,88.8,7.0,0.2143,0
21.5,0.0,88.8,7.0,0.2143,0
21.4,0.0,88.8,7.0,0.2143,0
21.4,0.0,88.8,7.0,0.2143,0
21.4,0.0,88.8,7.0,0.2143,0
21.6,0.0,88.8,7.0,0.2143,0
21.3,0.0,88.8,7.0,0.2083,1
21.4,0.0,88.8,7.0,0.2083,1
21.4,0.0,88.8,7.0,0.2083,1
21.4,0.0,88.8,7.0,0.2083,1
21.4,0.0,88.8,7.0,0.2083,1
21.4,0.0,88.8,7.0,0.2083,1
23.0,0.0,92.1,7.0,0.0667,0
21.5,0.0,88.8,7.0,0.2083,1
21.5,0.0,88.8,7.0,0.2143,0
21.3,0.0,88.8,7.0,0.2083,1
21.5,0.0,88.8,7.0,0.2083,1
21.4,0.0,88.8,7.0,0.2083,1
21.4,0.0,88.8,7.0,0.2143,0
21.4,0.0,88.8,7.0,0.2143,0
21.4,0.0,88.8,7.0,0.2143,0
21.4,0.0,88.8,7.0,0.2143,0
21.4,0.0,88.8,7.0,0.2143,0
21.4,0.0,88.8,7.0,0.2143,0
21.5,0.0,88.8,7.0,0.2143,0
21.8,0.0,100.0,7.0,0.1,0
21.5,0.0,88.8,7.0,0.2143,0
21.5,0.0,88.8,7.0,0.2143,0
21.5,0.0,88.8,7.0,0.2143,0
21.5,0.0,88.8,7.0,0.2143,0
21.5,0.0,88.8,7.0,0.2143,0
21.5,0.0,88.8,7.0,0.2143,0
21.5,0.0,88.8,7.0,0.2143,0
21.5,0.0,88.8,7.0,0.2143,0
21.5,0.0,88.8,7.0,0.2143,0
21.5,0.0,88.8,7.0,0.2143,0
21.8,0.0,100.0,7.0,0.1,0
21.5,0.0,88.8,7.0,0.2143,0
18.3,0.0,88.0,7.0,0.2636,0
18.3,0.0,88.0,7.0,0.2636,0
21.3,0.0,88.8,7.0,0.2083,1
18.3,0.0,88.0,7.0,0.2636,0
21.4,0.0,88.8,7.0,0.2083,1
21.4,0.0,88.8,7.0,0.2143,0
21.4,0.0,88.8,7.0,0.2143,0
18.3,0.0,88.0,7.0,0.2636,0
18.3,0.0,88.0,7.0,0.2636,0
19.7,0.0,88.0,7.0,0.2636,1
22.9,0.0,91.6,7.0,0.0588,0
22.9,0.0,91.6,7.0,0.0588,0
22.9,0.0,91.6,7.0,0.0588,0
22.9,0.0,91.6,7.0,0.0588,0
22.9,0.0,91.6,7.0,0.0588,0
22.9,0.0,91.6,7.0,0.0588,0
22.9,0.0,91.6,7.0,0.0588,0
22.9,0.0,91.6,7.0,0.0588,0
22.9,0.0,91.6,7.0,0.0588,0
22.9,0.0,91.6,7.0,0.0588,0
22.9,0.0,91.6,7.0,0.0588,0
22.9,0.0,91.6,7.0,0.0588,0
22.9,0.0,91.6,7.0,0.0588,0
22.9,0.0,91.6,7.0,0.0588,0
22.9,0.0,91.6,7.0,0.0588,0
22.9,0.0,91.6,7.0,0.0588,0
22.9,0.0,91.6,7.0,0.0588,0
22.9,0.0,91.6,7.0,0.0588,0
22.9,0.0,91.6,7.0,0.0588,0
22.9,0.0,91.6,7.0,0.0588,0
22.9,0.0,91.6,7.0,0.0588,0
22.9,0.0,91.6,7.0,0.0588,0
22.9,0.0,91.6,7.0,0.0588,0
22.9,0.0,91.6,7.0,0.0588,0
22.9,0.0,91.6,7.0,0.0588,0
22.9,0.0,91.6,7.0,0.0588,0
22.9,0.0,91.6,7.0,0.0588,0
22.9,0.0,91.6,7.0,0.0588,0
22.9,0.0,91.6,7.0,0.0588,0
22.9,0.0,91.6,7.0,0.0588,0
20.6,0.0,50.0,7.0,0.2636,0
21.6,0.0,89.2,7.0,0.1094,0
21.3,0.0,41.2,7.0,0.2121,0
22.9,0.0,91.6,7.0,0.0588,0
22.9,0.0,91.6,7.0,0.0588,0
22.9,0.0,91.6,7.0,0.0588,0
22.9,0.0,91.6,7.0,0.0588,0
22.9,0.0,91.6,7.0,0.0588,0
22.9,0.0,91.6,7.0,0.0588,0
22.9,0.0,91.6,7.0,0.0588,0
22.9,0.0,91.6,7.0,0.056,1
22.9,0.0,91.6,7.0,0.056,1
22.9,0.0,91.6,7.0,0.0588,0
22.9,0.0,91.6,7.0,0.0588,0
22.9,0.0,91.6,7.0,0.0588,0
22.9,0.0,91.6,7.0,0.0588,0
22.9,0.0,91.6,7.0,0.0588,0
22.9,0.0,91.6,7.0,0.0588,0
22.9,0.0,91.6,7.0,0.0588,0
22.9,0.0,91.6,7.0,0.0588,0
22.9,0.0,91.6,7.0,0.056,1
22.9,0.0,91.6,7.0,0.0588,0
22.9,0.0,91.6,7.0,0.0588,0
22.9,0.0,91.6,7.0,0.0588,0
22.9,0.0,91.6,7.0,0.0588,0
22.9,0.0,91.6,7.0,0.0588,0
22.9,0.0,91.6,7.0,0.0588,0
22.9,0.0,91.6,7.0,0.0588,0
22.9,0.0,91.6,7.0,0.0588,0
22.9,0.0,91.6,7.0,0.0588,0
22.9,0.0,91.6,7.0,0.0588,0
22.9,0.0,91.6,7.0,0.0588,0
22.9,0.0,91.6,7.0,0.0588,0
22.9,0.0,91.6,7.0,0.0588,0
22.9,0.0,91.6,7.0,0.0588,0
22.9,0.0,91.6,7.0,0.0588,0
22.9,0.0,91.6,7.0,0.0588,0
22.9,0.0,91.6,7.0,0.0588,0
22.9,0.0,91.6,7.0,0.0588,0
22.9,0.0,91.6,7.0,0.0588,0
22.9,0.0,91.6,7.0,0.0588,0
22.9,0.0,91.6,7.0,0.0588,0
22.9,0.0,91.6,7.0,0.0588,0
22.9,0.0,91.6,7.0,0.0588,0
22.9,0.0,91.6,7.0,0.0588,0
22.9,0.0,91.6,7.0,0.0588,0
22.9,0.0,91.6,7.0,0.0588,0
22.9,0.0,91.6,7.0,0.0588,0
22.9,0.0,91.6,7.0,0.0588,0
22.9,0.0,91.6,7.0,0.0588,0
22.9,0.0,91.6,7.0,0.056,1
22.9,0.0,91.6,7.0,0.056,1
22.9,0.0,91.6,7.0,0.0588,0
22.9,0.0,91.6,7.0,0.056,1
22.9,0.0,91.6,7.0,0.0588,0
22.9,0.0,91.6,7.0,0.0588,0
22.9,0.0,91.6,7.0,0.0588,0
21.5,0.0,75.0,7.0,0.2636,0
12.9,0.0,9.7,7.0,0.1667,0
21.9,0.0,68.3,7.0,0.2,0
21.9,0.0,68.3,7.0,0.2,0
21.9,0.0,68.3,7.0,0.19,1
21.9,0.0,68.3,7.0,0.2,0
21.9,0.0,68.3,7.0,0.2,0
21.9,0.0,68.3,7.0,0.19,1
21.9,0.0,68.3,7.0,0.19,1
21.9,0.0,68.3,7.0,0.2,0
21.9,0.0,68.3,7.0,0.2,0
21.9,0.0,68.3,7.0,0.2,0
21.9,0.0,68.3,7.0,0.2,0
21.9,0.0,68.3,7.0,0.2,0
21.9,0.0,68.3,7.0,0.19,1
21.9,0.0,68.3,7.0,0.2,0
18.4,0.0,90.9,7.0,0.2368,0
18.4,0.0,90.9,7.0,0.2368,0
18.4,0.0,90.9,7.0,0.2368,0
18.4,0.0,90.9,7.0,0.2368,0
18.4,0.0,90.9,7.0,0.2368,0
18.4,0.0,90.9,7.0,0.2368,0
18.4,0.0,90.9,7.0,0.2368,0
18.4,0.0,90.9,7.0,0.2368,0
12.0,0.0,90.9,7.0,0.2368,0
19.3,0.0,61.2,7.0,0.375,0
23.0,0.0,98.0,7.0,0.04,0
23.0,0.0,98.0,7.0,0.04,0
23.0,0.0,98.0,7.0,0.04,0
22.0,0.0,98.0,7.0,0.02,1
17.8,0.0,98.0,7.0,0.04,0
22.5,0.0,56.7,7.0,0.3051,1
23.0,0.0,94.0,7.0,0.0,0
23.4,0.0,94.0,7.0,0.0,0
23.4,0.0,94.0,7.0,0.0,0
22.0,0.0,94.0,7.0,0.0,0
23.6,0.0,94.0,7.0,0.0,0
22.4,0.0,94.0,7.0,0.0,0
23.0,0.0,94.0,7.0,0.0,0
23.6,0.0,100.0,7.0,0.0,0
21.5,0.0,100.0,7.0,0.0,0
22.5,0.0,56.7,7.0,0.3051,1
22.5,0.0,56.7,7.0,0.3051,1
22.5,0.0,56.7,7.0,0.3051,1
22.5,0.0,86.5,7.0,0.3333,0
22.5,0.0,86.5,7.0,0.3333,0
22.5,0.0,86.5,7.0,0.3333,0
22.5,0.0,86.5,7.0,0.3333,0
19.2,0.0,86.0,7.0,0.2653,0
17.6,0.0,100.0,7.0,0.0,0
17.6,0.0,100.0,7.0,0.0,0
22.4,0.0,41.9,7.0,0.1429,0
22.4,0.0,41.9,7.0,0.1429,0
22.4,0.0,41.9,7.0,0.119,1
22.4,0.0,41.9,7.0,0.1429,0
22.4,0.0,41.9,7.0,0.119,1
18.0,0.0,21.9,9.0,0.1824,0
17.9,0.0,62.9,7.0,0.1698,0
21.5,0.0,100.0,7.0,0.0,0
21.5,0.0,100.0,7.0,0.0,0
21.5,0.0,100.0,7.0,0.0,0
21.5,0.0,100.0,7.0,0.0,0
21.5,0.0,100.0,7.0,0.0,0
21.5,0.0,100.0,7.0,0.0,0
13.5,0.0,100.0,7.0,0.0,0
13.1,0.0,100.0,7.0,0.0,0
12.1,0.0,100.0,7.0,0.0,0
16.7,0.0,100.0,7.0,0.0,0
16.2,0.0,100.0,7.0,0.0,0
17.0,0.0,26.8,7.0,0.036,0
17.0,0.0,26.8,7.0,0.036,0
17.0,0.0,26.8,7.0,0.036,0
17.0,0.0,26.8,7.0,0.036,0
17.0,0.0,26.8,7.0,0.036,0
17.0,0.0,26.8,7.0,0.036,0
17.0,0.0,26.8,7.0,0.036,0
17.0,0.0,26.8,7.0,0.036,0
17.0,0.0,26.8,7.0,0.036,0
17.0,0.0,26.8,7.0,0.036,0
17.0,0.0,26.8,7.0,0.036,0
17.0,0.0,26.8,7.0,0.036,0
17.0,0.0,26.8,7.0,0.036,0
17.0,0.0,26.8,7.0,0.036,0
17.0,0.0,26.8,7.0,0.036,0
17.0,0.0,26.8,7.0,0.036,0
17.0,0.0,26.8,7.0,0.036,0
17.0,0.0,26.8,7.0,0.036,0
17.0,0.0,26.8,7.0,0.036,0
17.0,0.0,26.8,7.0,0.036,0
17.0,0.0,26.8,7.0,0.036,0
17.0,0.0,26.8,7.0,0.036,0
17.0,0.0,26.8,7.0,0.036,0
17.0,0.0,26.8,7.0,0.036,0
17.0,0.0,26.8,7.0,0.036,0
17.0,0.0,26.8,7.0,0.036,0
17.0,0.0,26.8,7.0,0.036,0
17.0,0.0,26.8,7.0,0.036,0
17.0,0.0,26.8,7.0,0.036,0
17.0,0.0,26.8,7.0,0.036,0
17.0,0.0,26.8,7.0,0.036,0
17.0,0.0,26.8,7.0,0.036,0
17.0,0.0,26.8,7.0,0.036,0
17.0,0.0,26.8,7.0,0.036,0
17.0,0.0,26.8,7.0,0.036,0
17.0,0.0,26.8,7.0,0.036,0
17.0,0.0,26.8,7.0,0.036,0
17.0,0.0,26.8,7.0,0.036,0
17.0,0.0,26.8,7.0,0.036,0
17.0,0.0,26.8,7.0,0.036,0
17.0,0.0,26.8,7.0,0.036,0
17.0,0.0,26.8,7.0,0.036,0
17.0,0.0,26.8,7.0,0.036,0
17.0,0.0,26.8,7.0,0.036,0
20.8,0.0,100.0,7.0,0.0,0
20.5,0.0,85.7,7.0,0.1441,0
14.2,0.0,56.0,7.0,0.2256,0
14.2,0.0,56.0,7.0,0.2256,0
18.1,0.0,56.0,7.0,0.218,1
18.1,0.0,56.0,7.0,0.218,1
23.8,0.0,82.0,7.0,0.1448,0
18.1,0.0,56.0,7.0,0.2256,0
14.2,0.0,56.0,7.0,0.2256,0
18.1,0.0,56.0,7.0,0.2256,0
14.2,0.0,56.0,7.0,0.2256,0
18.1,0.0,56.0,7.0,0.2256,0
18.1,0.0,56.0,7.0,0.2256,0
18.1,0.0,56.0,7.0,0.2256,0
14.2,0.0,56.0,7.0,0.2256,0
18.1,0.0,56.0,7.0,0.2256,0
18.1,0.0,56.0,7.0,0.2256,0
14.2,0.0,56.0,7.0,0.2256,0
14.2,0.0,56.0,7.0,0.2256,0
14.1,0.0,56.0,7.0,0.2256,0
14.2,0.0,56.0,7.0,0.2256,0
14.2,0.0,56.0,7.0,0.2256,0
14.2,0.0,56.0,7.0,0.2256,0
14.2,0.0,56.0,7.0,0.2256,0
18.1,0.0,56.0,7.0,0.2256,0
18.1,0.0,56.0,7.0,0.2256,0
18.1,0.0,56.0,7.0,0.2256,0
18.1,0.0,56.0,7.0,0.2256,0
18.1,0.0,56.0,7.0,0.2256,0
18.1,0.0,56.0,7.0,0.2256,0
18.1,0.0,56.0,7.0,0.2256,0
18.1,0.0,56.0,7.0,0.2256,0
18.1,0.0,56.0,7.0,0.2256,0
18.1,0.0,56.0,7.0,0.2256,0
18.1,0.0,56.0,7.0,0.2256,0
23.4,0.0,95.0,7.0,0.1919,0
23.4,0.0,95.0,7.0,0.1919,0
23.9,0.0,95.3,7.0,0.0,0
23.9,0.0,95.3,7.0,0.0,0
23.9,0.0,95.3,7.0,0.0,0
23.7,0.0,95.3,7.0,0.0,0
23.0,0.0,90.8,7.0,0.0667,0
23.0,0.0,90.8,7.0,0.0667,0
23.0,0.0,90.8,7.0,0.0667,0
23.0,0.0,90.8,7.0,0.0667,0
23.0,0.0,90.8,7.0,0.0667,0
23.0,0.0,90.8,7.0,0.0667,0
23.0,0.0,90.8,7.0,0.0667,0
23.0,0.0,90.8,7.0,0.0667,0
23.0,0.0,90.8,7.0,0.0667,0
23.0,0.0,90.8,7.0,0.0667,0
23.0,0.0,90.8,7.0,0.0667,0
23.0,0.0,90.8,7.0,0.0667,0
23.0,0.0,90.8,7.0,0.0667,0
22.0,0.0,43.4,7.0,0.1585,0
22.0,0.0,43.4,7.0,0.1585,0
22.0,0.0,43.4,7.0,0.1585,0
22.0,0.0,43.4,7.0,0.1585,0
22.0,0.0,43.4,7.0,0.1585,0
22.0,0.0,43.4,7.0,0.1585,0
22.0,0.0,43.4,7.0,0.1585,0
22.0,0.0,43.4,7.0,0.1463,1
21.5,0.0,100.0,7.0,0.0,0
21.5,0.0,100.0,7.0,0.0,0
21.5,0.0,100.0,7.0,0.0,0
21.5,0.0,100.0,7.0,0.0,0
21.5,0.0,100.0,7.0,0.0,0
21.5,0.0,100.0,7.0,0.0,0
21.5,0.0,100.0,7.0,0.0,0
21.5,0.0,100.0,7.0,0.0,0
21.5,0.0,100.0,7.0,0.0,0
21.5,0.0,100.0,7.0,0.0,0
23.0,0.0,90.8,7.0,0.0667,0
23.0,0.0,90.8,7.0,0.0667,0
23.0,0.0,90.8,7.0,0.0667,0
23.0,0.0,90.8,7.0,0.0667,0
23.0,0.0,90.8,7.0,0.0667,0
23.0,0.0,90.8,7.0,0.0667,0
23.0,0.0,90.8,7.0,0.0667,0
23.0,0.0,90.8,7.0,0.0667,0
23.0,0.0,90.8,7.0,0.0667,0
23.0,0.0,90.8,7.0,0.0667,0
18.7,0.0,100.0,7.0,0.1,0
23.0,0.0,90.8,7.0,0.0667,0
23.0,0.0,90.8,7.0,0.0667,0
21.5,0.0,100.0,7.0,0.0,0
21.5,0.0,100.0,7.0,0.0,0
21.5,0.0,100.0,7.0,0.0,0
21.5,0.0,100.0,7.0,0.0,0
18.0,0.0,100.0,7.0,0.0,0
21.5,0.0,100.0,7.0,0.0,0
21.5,0.0,100.0,7.0,0.0,0
21.1,0.0,100.0,7.0,0.0,0
21.1,0.0,100.0,7.0,0.0,0
21.5,0.0,100.0,7.0,0.0,0
20.3,0.0,78.2,7.0,0.4074,0
20.1,0.0,100.0,7.0,0.0,0
20.1,0.0,100.0,7.0,0.0,0
20.1,0.0,100.0,7.0,0.0,0
18.0,0.0,100.0,7.0,0.0,0
20.1,0.0,100.0,7.0,0.0,0
19.3,0.0,100.0,7.0,0.0,0
20.1,0.0,100.0,7.0,0.0,0
21.1,0.0,100.0,7.0,0.0,0
16.9,0.0,100.0,7.0,0.0,0
21.5,0.0,100.0,7.0,0.0,0
17.2,0.0,100.0,7.0,0.2636,0
19.9,0.0,88.8,7.0,0.8278,1
22.4,0.0,100.0,7.0,0.1,0
22.4,0.0,100.0,7.0,0.1,0
22.4,0.0,100.0,7.0,0.1,0
19.9,0.0,88.8,7.0,0.8278,1
19.9,0.0,88.8,7.0,0.8278,1
19.9,0.0,88.8,7.0,0.8278,1
19.9,0.0,88.8,7.0,0.8278,1
19.9,0.0,88.8,7.0,0.8278,1
19.9,0.0,88.8,7.0,0.8278,1
19.9,0.0,88.8,7.0,0.8278,1
19.9,0.0,88.8,7.0,0.8278,1
19.9,0.0,88.8,7.0,0.8278,1
19.9,0.0,88.8,7.0,0.8278,1
19.9,0.0,88.8,7.0,0.8278,1
19.9,0.0,88.8,7.0,0.8278,1
19.9,0.0,88.8,7.0,0.8278,1
19.9,0.0,88.8,7.0,0.8278,1
19.9,0.0,88.8,7.0,0.8278,1
19.9,0.0,88.8,7.0,0.8278,1
19.9,0.0,88.8,7.0,0.8278,1
19.9,0.0,88.8,7.0,0.8278,1
21.1,0.0,25.0,7.0,0.2636,0
19.9,0.0,88.8,7.0,0.8278,1
19.9,0.0,88.8,7.0,0.8278,1
20.6,0.0,25.0,7.0,0.2636,0
14.5,0.0,20.0,7.0,0.2636,1
21.8,0.0,56.7,7.0,0.3051,1
22.3,0.0,56.7,7.0,0.322,0
20.0,0.0,18.4,7.0,0.2973,1
22.4,0.0,100.0,7.0,0.1,0
20.1,0.0,18.4,7.0,0.3243,0
20.0,0.0,18.4,7.0,0.2973,1
22.4,0.0,100.0,7.0,0.1,0
17.4,0.0,18.4,7.0,0.2973,1
22.3,0.0,56.7,7.0,0.322,0
19.9,0.0,88.8,7.0,0.8278,1
19.9,0.0,88.8,7.0,0.8278,1
19.9,0.0,88.8,7.0,0.8278,1
19.9,0.0,88.8,7.0,0.8278,1
19.9,0.0,88.8,7.0,0.8278,1
19.9,0.0,88.8,7.0,0.8278,1
19.9,0.0,88.8,7.0,0.8278,1
19.9,0.0,88.8,7.0,0.8278,1
19.9,0.0,88.8,7.0,0.8278,1
19.9,0.0,88.8,7.0,0.8278,1
19.9,0.0,88.8,7.0,0.8278,1
19.9,0.0,88.8,7.0,0.8278,1
19.9,0.0,88.8,7.0,0.8278,1
19.9,0.0,88.8,7.0,0.8278,1
18.3,0.0,18.4,7.0,0.3243,0
22.3,0.0,56.7,7.0,0.322,0
14.0,0.0,18.4,7.0,0.2973,1
22.3,0.0,56.7,7.0,0.322,0
14.0,0.0,18.4,7.0,0.3243,0
22.3,0.0,56.7,7.0,0.322,0
22.0,0.0,56.7,7.0,0.322,0
22.4,0.0,100.0,7.0,0.1,0
19.9,0.0,88.8,7.0,0.8278,1
19.9,0.0,88.8,7.0,0.8278,1
19.9,0.0,88.8,7.0,0.8278,1
19.9,0.0,88.8,7.0,0.8278,1
19.9,0.0,88.8,7.0,0.8278,1
19.9,0.0,88.8,7.0,0.8278,1
19.9,0.0,88.8,7.0,0.8278,1
20.2,0.0,88.8,7.0,0.8278,1
20.2,0.0,88.8,7.0,0.8278,1
20.0,0.0,88.8,7.0,0.8278,1
20.0,0.0,88.8,7.0,0.8278,1
20.0,0.0,88.8,7.0,0.8278,1
20.0,0.0,88.8,7.0,0.8278,1
20.0,0.0,88.8,7.0,0.8278,1
22.4,0.0,100.0,7.0,0.1,0
22.4,0.0,100.0,7.0,0.1,0
23.8,0.0,64.0,7.0,0.6452,0
23.8,0.0,64.0,7.0,0.6452,0
20.2,0.0,88.8,7.0,0.8278,1
20.2,0.0,88.8,7.0,0.8278,1
20.2,0.0,88.8,7.0,0.8278,1
20.2,0.0,88.8,7.0,0.8278,1
20.2,0.0,88.8,7.0,0.8278,1
20.2,0.0,88.8,7.0,0.8278,1
20.2,0.0,88.8,7.0,0.8278,1
20.2,0.0,88.8,7.0,0.8278,1
20.2,0.0,88.8,7.0,0.8278,1
20.2,0.0,88.8,7.0,0.8278,1
20.2,0.0,88.8,7.0,0.8278,1
20.2,0.0,88.8,7.0,0.8278,1
20.2,0.0,88.8,7.0,0.8278,1
20.2,0.0,88.8,7.0,0.8278,1
20.2,0.0,88.8,7.0,0.8278,1
20.2,0.0,88.8,7.0,0.8278,1
23.7,0.0,86.0,7.0,0.2653,0
23.7,0.0,86.0,7.0,0.2449,1
20.2,0.0,100.0,7.0,0.2636,1
20.2,0.0,100.0,7.0,0.2636,1
20.2,0.0,100.0,7.0,0.2636,1
20.2,0.0,100.0,7.0,0.2636,1
20.2,0.0,100.0,7.0,0.2636,1
20.2,0.0,95.5,7.0,0.2636,0
20.2,0.0,95.5,7.0,0.2636,0
20.2,0.0,95.5,7.0,0.2636,0
20.2,0.0,95.5,7.0,0.2636,0
20.2,0.0,95.5,7.0,0.2636,0
20.2,0.0,95.5,7.0,0.2636,0
20.2,0.0,95.5,7.0,0.2636,0
20.2,0.0,95.5,7.0,0.2636,0
20.2,0.0,95.5,7.0,0.2636,0
20.2,0.0,95.5,7.0,0.2636,0
20.2,0.0,95.5,7.0,0.2636,0
20.2,0.0,95.5,7.0,0.2636,0
20.2,0.0,95.5,7.0,0.2636,0
20.2,0.0,95.5,7.0,0.2636,0
20.2,0.0,95.5,7.0,0.2636,0
20.2,0.0,95.5,7.0,0.2636,0
20.2,0.0,95.5,7.0,0.2636,0
20.2,0.0,95.5,7.0,0.2636,0
20.2,0.0,100.0,7.0,0.2636,0
20.7,0.0,100.0,7.0,0.2636,0
15.4,0.0,9.7,7.0,0.1667,0
15.4,0.0,9.7,7.0,0.1667,0
15.4,0.0,9.7,7.0,0.1667,0
15.4,0.0,9.7,7.0,0.1333,1
15.4,0.0,9.7,7.0,0.1667,0
15.4,0.0,9.7,7.0,0.1667,0
15.4,0.0,9.7,7.0,0.1667,0
15.4,0.0,9.7,7.0,0.1667,0
15.4,0.0,9.7,7.0,0.1333,1
15.4,0.0,9.7,7.0,0.1667,0
15.4,0.0,9.7,7.0,0.1333,1
14.2,0.0,39.1,7.0,0.2326,0
14.2,0.0,39.1,7.0,0.2326,0
14.2,0.0,39.1,7.0,0.2326,0
14.2,0.0,39.1,7.0,0.2326,0
14.2,0.0,39.1,7.0,0.2209,1
14.2,0.0,39.1,7.0,0.2326,0
14.2,0.0,39.1,7.0,0.2326,0
23.0,0.0,65.3,7.0,0.3333,1
23.0,0.0,65.3,7.0,0.3333,1
22.9,0.0,53.0,7.0,0.2105,0
23.5,0.0,0.0,7.0,0.8514,0
23.5,0.0,0.0,7.0,0.8514,0
23.6,0.0,0.0,7.0,0.8514,0
23.6,0.0,0.0,7.0,0.8514,0
23.6,0.0,0.0,7.0,0.8514,0
17.8,0.0,90.9,7.0,0.0938,0
23.6,0.0,0.0,7.0,0.8514,0
17.7,0.0,90.9,7.0,0.0938,0
17.7,0.0,90.9,7.0,0.0938,0
17.7,0.0,90.9,7.0,0.0938,0
17.7,0.0,90.9,7.0,0.0938,0
17.7,0.0,90.9,7.0,0.0938,0
17.7,0.0,90.9,7.0,0.0938,0
17.5,0.0,90.9,7.0,0.0938,0
13.7,0.0,100.0,7.0,0.2636,0
23.6,0.0,0.0,7.0,0.8489,1
18.8,1.0,86.0,7.0,0.2449,1
23.6,0.0,0.0,7.0,0.8489,1
23.6,0.0,0.0,7.0,0.8489,1
18.8,1.0,86.0,7.0,0.2449,1
23.6,0.0,0.0,7.0,0.8489,1
23.6,0.0,0.0,7.0,0.8489,1
23.6,0.0,0.0,7.0,0.8489,1
23.6,0.0,0.0,7.0,0.8489,1
23.6,0.0,0.0,7.0,0.8489,1
23.6,0.0,0.0,7.0,0.8489,1
18.9,0.0,86.0,7.0,0.2653,0
23.6,0.0,0.0,7.0,0.8489,1
23.6,0.0,0.0,7.0,0.8489,1
23.6,0.0,0.0,7.0,0.8489,1
19.0,0.0,84.2,7.0,0.2636,1
16.0,0.0,100.0,7.0,0.2636,1
17.6,0.0,82.7,7.0,0.1992,0
17.6,0.0,82.7,7.0,0.1992,0
17.6,0.0,82.7,7.0,0.1992,0
17.6,0.0,82.7,7.0,0.1992,0
17.6,0.0,82.7,7.0,0.1992,0
17.6,0.0,82.7,7.0,0.1992,0
17.6,0.0,82.7,7.0,0.1992,0
17.6,0.0,82.7,7.0,0.1992,0
17.6,0.0,82.7,7.0,0.1992,0
17.6,0.0,82.7,7.0,0.1992,0
20.1,0.0,100.0,7.0,0.0,0
16.9,0.0,100.0,7.0,0.0,0
16.9,0.0,100.0,7.0,0.0,0
22.0,0.0,56.7,7.0,0.322,0
17.6,0.0,82.7,7.0,0.1992,0
17.6,0.0,82.7,7.0,0.1992,0
17.6,0.0,82.7,7.0,0.1992,0
17.6,0.0,82.7,7.0,0.1992,0
17.6,0.0,82.7,7.0,0.1992,0
17.6,0.0,82.7,7.0,0.1992,0
22.0,1.0,63.0,7.0,0.1509,0
20.2,0.0,82.7,7.0,0.1992,0
20.2,0.0,82.7,7.0,0.1992,0
20.2,0.0,82.7,7.0,0.1992,0
20.2,0.0,82.7,7.0,0.1992,0
20.2,0.0,82.7,7.0,0.1992,0
23.5,0.0,64.4,7.0,0.3483,0
23.7,0.0,64.4,7.0,0.3483,0
20.2,0.0,82.7,7.0,0.1992,0
20.2,0.0,82.7,7.0,0.1992,0
20.2,0.0,82.7,7.0,0.1992,0
20.2,0.0,82.7,7.0,0.1992,0
20.2,0.0,82.7,7.0,0.1992,0
20.2,0.0,82.7,7.0,0.1992,0
20.2,0.0,82.7,7.0,0.1992,0
14.8,0.0,91.7,7.0,0.2636,1
20.2,0.0,82.7,7.0,0.1992,0
20.2,0.0,82.7,7.0,0.1992,0
20.2,0.0,82.7,7.0,0.1992,0
20.2,0.0,82.7,7.0,0.1992,0
18.8,0.0,86.0,7.0,0.2653,0
20.5,0.0,86.2,7.0,0.302,1
21.5,0.0,86.2,7.0,0.302,1
20.5,0.0,86.2,7.0,0.302,1
20.4,0.0,86.2,7.0,0.3069,0
20.0,0.0,86.2,7.0,0.3069,0
20.4,0.0,86.2,7.0,0.3069,0
20.4,0.0,86.2,7.0,0.3069,0
20.4,0.0,86.2,7.0,0.3069,0
21.6,0.0,86.2,7.0,0.3069,0
17.9,0.0,86.2,7.0,0.302,1
20.2,0.0,82.7,7.0,0.1992,0
20.2,0.0,82.7,7.0,0.1992,0
20.2,0.0,82.7,7.0,0.1992,0
20.2,0.0,82.7,7.0,0.1992,0
20.2,0.0,82.7,7.0,0.1992,0
20.2,0.0,82.7,7.0,0.1992,0
20.2,0.0,82.7,7.0,0.1992,0
20.2,0.0,82.7,7.0,0.1992,0
19.5,0.0,80.9,7.0,0.1404,0
20.4,0.0,80.9,7.0,0.1404,0
20.4,0.0,80.9,7.0,0.1404,0
23.4,0.0,0.0,7.0,0.3548,0
23.4,0.0,0.0,7.0,0.3548,0
23.4,0.0,0.0,7.0,0.3548,0
23.4,0.0,0.0,7.0,0.3548,0
23.4,0.0,0.0,7.0,0.3548,0
23.4,0.0,0.0,7.0,0.3548,0
23.4,0.0,0.0,7.0,0.3548,0
23.4,0.0,0.0,7.0,0.3548,0
23.4,0.0,0.0,7.0,0.3548,0
22.0,0.0,56.7,7.0,0.3051,1
23.4,0.0,0.0,7.0,0.3226,1
23.4,0.0,0.0,7.0,0.3226,1
20.1,0.0,99.1,7.0,0.9908,1
20.1,0.0,99.1,7.0,0.9908,1
20.1,0.0,99.1,7.0,0.9908,1
20.1,0.0,99.1,7.0,0.9908,1
20.1,0.0,99.1,7.0,0.9908,1
20.1,0.0,99.1,7.0,0.9908,1
20.1,0.0,99.1,7.0,0.9908,1
20.1,0.0,99.1,7.0,0.9908,1
20.1,0.0,99.1,7.0,0.9908,1
20.1,0.0,99.1,7.0,0.9908,1
20.1,0.0,99.1,7.0,0.9908,1
20.1,0.0,99.1,7.0,0.9908,1
20.1,0.0,99.1,7.0,0.9908,1
20.1,0.0,99.1,7.0,0.9908,1
20.1,0.0,99.1,7.0,0.9908,1
20.1,0.0,99.1,7.0,0.9908,1
20.1,0.0,99.1,7.0,0.9908,1
20.1,0.0,99.1,7.0,0.9908,1
20.1,0.0,99.1,7.0,0.9908,1
17.4,0.0,61.9,7.0,0.3735,1
22.0,0.0,61.9,7.0,0.3855,0
22.0,0.0,61.9,7.0,0.3735,1
18.1,0.0,61.9,9.0,0.3735,1
20.7,0.0,100.0,7.0,0.2636,0
20.2,0.0,95.5,7.0,0.2636,0
15.4,0.0,9.7,7.0,0.1667,0
15.4,0.0,9.7,7.0,0.1333,1
15.4,0.0,9.7,7.0,0.1333,1
15.4,0.0,9.7,7.0,0.1667,0
14.2,0.0,39.1,7.0,0.2326,0
14.2,0.0,39.1,7.0,0.2326,0
14.2,0.0,39.1,7.0,0.2209,1
14.2,0.0,39.1,7.0,0.2209,1
14.2,0.0,39.1,7.0,0.2209,1
16.7,0.0,93.4,7.0,0.0132,0
16.7,0.0,93.4,7.0,0.0132,0
16.7,0.0,93.4,7.0,0.0132,0
16.7,0.0,93.4,7.0,0.0132,0
16.7,0.0,93.4,7.0,0.0132,0
22.1,0.0,51.8,7.0,0.5091,1
22.1,0.0,51.8,7.0,0.5273,0
23.8,0.0,86.0,7.0,0.2449,1
18.0,0.0,63.8,7.0,0.3796,1
12.6,0.0,29.2,7.0,0.6161,0
23.8,0.0,86.0,7.0,0.2449,1
23.3,0.0,76.5,7.0,0.303,1
22.3,0.0,82.4,7.0,0.0778,0
21.0,0.0,82.4,7.0,0.0778,0
22.2,0.0,52.1,7.0,0.1702,0
23.8,0.0,92.3,7.0,0.2636,0
23.8,0.0,92.3,7.0,0.2636,0
23.8,0.0,92.3,7.0,0.2636,0
23.8,0.0,92.3,7.0,0.2636,0
23.8,0.0,92.3,7.0,0.2636,0
23.8,0.0,92.3,7.0,0.2636,0
23.8,0.0,92.3,7.0,0.2636,0
23.8,0.0,92.3,7.0,0.2636,0
23.8,0.0,92.3,7.0,0.2636,0
23.8,0.0,92.3,7.0,0.2636,0
21.1,0.0,57.9,7.0,0.4286,0
22.4,0.0,92.1,7.0,0.0533,1
17.6,0.0,71.2,7.0,0.2157,0
17.6,0.0,71.2,7.0,0.2157,0
17.6,0.0,71.2,7.0,0.2157,0
19.3,0.0,71.2,8.0,0.2157,0
19.9,0.0,0.0,7.0,0.2636,0
18.1,0.0,0.0,7.0,0.2636,1
22.5,0.0,53.0,7.0,0.2105,0
22.0,0.0,53.0,7.0,0.2105,0
22.0,0.0,53.0,7.0,0.2105,0
21.3,0.0,53.0,7.0,0.2105,0
22.9,0.0,53.0,7.0,0.2105,0
15.8,0.0,53.0,7.0,0.2105,0
22.9,0.0,53.0,7.0,0.2105,0
16.7,0.0,53.0,7.0,0.2105,0
18.8,0.0,53.0,7.0,0.203,1
18.8,0.0,53.0,7.0,0.203,1
16.8,0.0,53.0,7.0,0.2105,0
13.2,0.0,0.0,7.0,0.2636,0
21.1,0.0,40.0,7.0,0.4684,0
21.1,0.0,40.0,7.0,0.4557,1
21.1,0.0,40.0,7.0,0.4557,1
21.1,0.0,40.0,7.0,0.4684,0
21.1,0.0,40.0,7.0,0.4557,1
21.1,0.0,40.0,7.0,0.4684,0
21.1,0.0,40.0,7.0,0.4684,0
21.1,0.0,40.0,7.0,0.4557,1
21.1,0.0,40.0,7.0,0.4557,1
21.1,0.0,40.0,7.0,0.4684,0
21.1,0.0,40.0,7.0,0.4684,0
21.1,0.0,40.0,7.0,0.4684,0
21.1,0.0,40.0,7.0,0.4684,0
21.1,0.0,40.0,7.0,0.4684,0
21.1,0.0,40.0,7.0,0.4684,0
17.8,0.0,40.0,7.0,0.4557,1
21.1,0.0,40.0,7.0,0.4557,1
21.1,0.0,40.0,7.0,0.4557,1
21.1,0.0,40.0,7.0,0.4557,1
21.1,0.0,40.0,7.0,0.4557,1
21.1,0.0,40.0,7.0,0.4557,1
21.1,0.0,40.0,7.0,0.4557,1
21.1,0.0,40.0,7.0,0.4557,1
21.1,0.0,40.0,7.0,0.4557,1
21.1,0.0,40.0,7.0,0.4684,0
21.1,0.0,40.0,7.0,0.4684,0
21.1,0.0,40.0,7.0,0.4557,1
21.1,0.0,40.0,7.0,0.4684,0
21.1,0.0,40.0,7.0,0.4557,1
21.1,0.0,40.0,7.0,0.4684,0
21.1,0.0,40.0,7.0,0.4557,1
22.2,0.0,100.0,7.0,0.2636,0
18.5,0.0,86.7,7.0,0.2636,0
21.1,0.0,40.0,7.0,0.4557,1
21.1,0.0,40.0,7.0,0.4684,0
17.8,0.0,40.0,7.0,0.4557,1
21.1,0.0,40.0,7.0,0.4684,0
19.9,0.0,89.1,7.0,0.1778,1
21.3,0.0,89.1,7.0,0.2,0
21.3,0.0,89.1,7.0,0.1778,1
20.2,0.0,88.3,7.0,0.2235,0
20.2,0.0,88.3,7.0,0.2235,0
20.2,0.0,88.3,7.0,0.2235,0
20.2,0.0,88.3,7.0,0.2235,0
21.5,1.0,88.3,7.0,0.2235,0
23.4,0.0,0.0,7.0,0.8514,0
23.2,0.0,50.0,7.0,0.1972,1
20.6,0.0,100.0,7.0,0.2636,0
23.4,0.0,0.0,7.0,0.8514,0
23.4,0.0,0.0,7.0,0.8514,0
23.4,0.0,0.0,7.0,0.8514,0
23.4,0.0,0.0,7.0,0.8514,0
23.4,0.0,0.0,7.0,0.8514,0
23.4,0.0,76.5,7.0,0.3333,0
20.2,0.0,76.5,7.0,0.303,1
23.3,0.0,76.5,7.0,0.3333,0
23.2,0.0,76.5,7.0,0.3333,0
23.3,0.0,76.5,7.0,0.3333,0
12.3,0.0,76.5,7.0,0.3333,0
23.4,0.0,76.5,7.0,0.3333,0
23.4,0.0,76.5,7.0,0.3333,0
23.3,0.0,76.5,7.0,0.3333,0
23.2,0.0,76.5,7.0,0.3333,0
23.2,0.0,76.5,7.0,0.3333,0
21.2,0.0,35.7,7.0,0.2636,0
21.3,0.0,88.3,7.0,0.2235,0
21.3,0.0,88.3,7.0,0.2235,0
20.2,0.0,88.8,7.0,0.8278,1
20.2,0.0,88.8,7.0,0.8278,1
20.2,0.0,88.8,7.0,0.8278,1
20.3,0.0,88.8,7.0,0.8278,1
20.2,0.0,88.8,7.0,0.8278,1
20.3,0.0,88.8,7.0,0.8278,1
20.2,0.0,88.8,7.0,0.8278,1
20.3,0.0,88.8,7.0,0.8278,1
20.3,0.0,88.8,7.0,0.8278,1
21.3,0.0,88.3,7.0,0.2235,0
21.3,0.0,88.3,7.0,0.2235,0
21.3,0.0,88.3,7.0,0.2235,0
21.3,0.0,88.3,7.0,0.2235,0
21.3,0.0,88.3,7.0,0.2235,0
20.3,0.0,88.8,7.0,0.8278,1
20.3,0.0,88.8,7.0,0.8278,1
20.3,0.0,88.8,7.0,0.8278,1
20.3,0.0,88.8,7.0,0.8278,1
20.3,0.0,88.8,7.0,0.8278,1
20.3,0.0,88.8,7.0,0.8278,1
20.3,0.0,88.8,7.0,0.8278,1
20.3,0.0,88.8,7.0,0.8278,1
20.3,0.0,88.8,7.0,0.8278,1
20.3,0.0,88.8,7.0,0.8278,1
20.3,0.0,88.8,7.0,0.8278,1
20.3,0.0,88.8,7.0,0.8278,1
20.3,0.0,88.8,7.0,0.8278,1
20.3,0.0,88.8,7.0,0.8278,1
20.6,0.0,88.8,7.0,0.8278,1
20.6,0.0,88.8,7.0,0.8278,1
20.6,0.0,88.8,7.0,0.8278,1
20.6,0.0,88.8,7.0,0.8278,1
20.1,0.0,99.1,7.0,0.9908,1
21.3,0.0,88.3,7.0,0.2235,0
21.3,0.0,88.3,7.0,0.2235,0
21.3,0.0,88.3,7.0,0.2235,0
21.3,0.0,88.3,7.0,0.2235,0
20.6,0.0,0.0,7.0,0.3548,0
15.0,0.0,0.0,7.0,0.3548,0
20.4,0.0,0.0,7.0,0.3226,1
20.6,0.0,0.0,7.0,0.3226,1
20.6,0.0,88.8,7.0,0.8278,1
20.6,0.0,88.8,7.0,0.8278,1
20.6,0.0,88.8,7.0,0.8278,1
20.6,0.0,88.8,7.0,0.8278,1
20.6,0.0,88.8,7.0,0.8278,1
20.6,0.0,88.8,7.0,0.8278,1
20.6,0.0,88.8,7.0,0.8278,1
20.6,0.0,88.8,7.0,0.8278,1
20.6,0.0,88.8,7.0,0.8278,1
20.6,0.0,88.8,7.0,0.8278,1
20.6,0.0,88.8,7.0,0.8278,1
20.6,0.0,88.8,7.0,0.8278,1
20.6,0.0,88.8,7.0,0.8278,1
20.6,0.0,88.8,7.0,0.8278,1
20.6,0.0,88.8,7.0,0.8278,1
20.6,0.0,88.8,7.0,0.8278,1
20.6,0.0,88.8,7.0,0.8278,1
20.6,0.0,88.8,7.0,0.8278,1
20.6,0.0,88.8,7.0,0.8278,1
20.6,0.0,88.8,7.0,0.8278,1
20.4,0.0,0.0,7.0,0.3548,0
20.6,0.0,88.8,7.0,0.8278,1
20.6,0.0,88.8,7.0,0.8278,1
20.6,0.0,88.8,7.0,0.8278,1
20.6,0.0,88.8,7.0,0.8278,1
20.6,0.0,88.8,7.0,0.8278,1
20.6,0.0,88.8,7.0,0.8278,1
20.6,0.0,88.8,7.0,0.8278,1
20.6,0.0,88.8,7.0,0.8278,1
20.6,0.0,88.8,7.0,0.8278,1
20.6,0.0,88.8,7.0,0.8278,1
20.6,0.0,88.8,7.0,0.8278,1
20.6,0.0,88.8,7.0,0.8278,1
20.6,0.0,88.8,7.0,0.8278,1
17.6,0.0,100.0,7.0,0.2636,0
15.8,0.0,100.0,7.0,0.2636,0
16.2,0.0,50.0,7.0,0.1972,1
23.7,0.0,91.7,7.0,0.2636,0
23.7,0.0,91.7,7.0,0.2636,0
23.7,0.0,91.7,7.0,0.2636,0
23.7,0.0,91.7,7.0,0.2636,0
22.5,0.0,91.6,7.0,0.056,1
22.5,0.0,91.6,7.0,0.056,1
22.5,0.0,91.6,7.0,0.056,1
22.5,0.0,91.6,7.0,0.056,1
22.5,0.0,91.6,7.0,0.056,1
22.5,0.0,91.6,7.0,0.056,1
22.5,0.0,91.6,7.0,0.056,1
17.8,0.0,0.0,7.0,0.2636,1
23.6,0.0,89.2,7.0,0.0978,0
23.6,0.0,89.2,7.0,0.0978,0
19.1,0.0,89.1,7.0,0.2,0
19.1,0.0,89.1,7.0,0.2,0
20.0,0.0,89.1,7.0,0.2,0
20.0,0.0,89.1,7.0,0.2,0
20.0,0.0,89.1,7.0,0.2,0
19.1,0.0,89.1,7.0,0.2,0
20.0,0.0,89.1,7.0,0.2,0
19.9,0.0,89.1,7.0,0.2,0
21.7,0.0,65.0,7.0,0.6162,1
19.1,0.0,89.1,7.0,0.2,0
19.1,0.0,89.1,7.0,0.2,0
21.7,0.0,65.0,7.0,0.6162,1
22.1,0.0,45.5,7.0,0.2636,0
19.6,0.0,45.5,7.0,0.2636,0
17.8,0.0,90.9,7.0,0.2368,0
19.5,0.0,90.9,7.0,0.2237,1
18.8,0.0,90.9,7.0,0.2368,0
19.5,0.0,90.9,7.0,0.2368,0
19.2,0.0,90.9,7.0,0.2368,0
17.9,0.0,90.9,7.0,0.2368,0
17.9,0.0,90.9,7.0,0.2368,0
19.2,0.0,90.9,7.0,0.2368,0
19.2,0.0,90.9,7.0,0.2368,0
19.2,0.0,90.9,7.0,0.2368,0
18.7,0.0,90.9,7.0,0.2368,0
19.2,0.0,90.9,7.0,0.2368,0
20.8,0.0,100.0,7.0,0.0,0
20.8,0.0,100.0,7.0,0.0,0
20.8,0.0,100.0,7.0,0.0,0
20.8,0.0,100.0,7.0,0.0,0
20.8,0.0,100.0,7.0,0.0,0
20.8,0.0,100.0,7.0,0.0,0
20.8,0.0,100.0,7.0,0.0,0
20.8,0.0,100.0,7.0,0.0,0
20.8,0.0,100.0,7.0,0.0,0
20.8,0.0,100.0,7.0,0.0,0
20.8,0.0,100.0,7.0,0.0,0
20.8,0.0,100.0,7.0,0.0,0
20.8,0.0,100.0,7.0,0.0,0
20.8,0.0,100.0,7.0,0.0,0
20.8,0.0,100.0,7.0,0.0,0
19.5,0.0,100.0,7.0,0.0,0
19.5,0.0,100.0,7.0,0.0,0
20.8,0.0,100.0,7.0,0.0,0
19.5,0.0,100.0,7.0,0.0,0
20.8,0.0,100.0,7.0,0.0,0
19.5,0.0,100.0,7.0,0.0,0
19.5,0.0,100.0,7.0,0.0,0
19.5,0.0,100.0,7.0,0.0,0
19.5,0.0,100.0,7.0,0.0,0
19.5,0.0,100.0,7.0,0.0,0
19.5,0.0,100.0,7.0,0.0,0
19.5,0.0,100.0,7.0,0.0,0
19.5,0.0,100.0,7.0,0.0,0
19.5,0.0,100.0,7.0,0.0,0
19.5,0.0,100.0,7.0,0.0,0
19.5,0.0,100.0,7.0,0.0,0
19.5,0.0,100.0,7.0,0.0,0
19.5,0.0,100.0,7.0,0.0,0
19.5,0.0,100.0,7.0,0.0,0
19.5,0.0,100.0,7.0,0.0,0
19.5,0.0,100.0,7.0,0.0,0
19.5,0.0,100.0,7.0,0.0,0
19.5,0.0,100.0,7.0,0.0,0
19.5,0.0,100.0,7.0,0.0,0
19.5,0.0,100.0,7.0,0.0,0
19.5,0.0,100.0,7.0,0.0,0
19.5,0.0,100.0,7.0,0.0,0
19.5,0.0,100.0,7.0,0.0,0
19.5,0.0,100.0,7.0,0.0,0
19.2,0.0,90.9,7.0,0.2368,0
20.1,0.0,99.1,7.0,0.9908,1
20.1,0.0,99.1,7.0,0.9908,1
20.1,0.0,99.1,7.0,0.9908,1
20.1,0.0,99.1,7.0,0.9908,1
20.1,0.0,99.1,7.0,0.9908,1
20.1,0.0,99.1,7.0,0.9908,1
20.1,0.0,99.1,7.0,0.9908,1
20.1,0.0,99.1,7.0,0.9908,1
20.1,0.0,99.1,7.0,0.9908,1
20.1,0.0,99.1,7.0,0.9908,1
20.1,0.0,99.1,7.0,0.9908,1
20.1,0.0,99.1,7.0,0.9908,1
20.1,0.0,99.1,7.0,0.9908,1
20.1,0.0,99.1,7.0,0.9908,1
20.1,0.0,99.1,7.0,0.9908,1
20.1,0.0,99.1,7.0,0.9908,1
20.1,0.0,99.1,7.0,0.9908,1
20.1,0.0,99.1,7.0,0.9908,1
20.1,0.0,99.1,7.0,0.9908,1
20.1,0.0,99.1,7.0,0.9908,1
20.1,0.0,99.1,7.0,0.9908,1
20.1,0.0,99.1,7.0,0.9908,1
20.1,0.0,99.1,7.0,0.9908,1
20.1,0.0,99.1,7.0,0.9908,1
20.1,0.0,99.1,7.0,0.9908,1
20.1,0.0,99.1,7.0,0.9908,1
20.1,0.0,99.1,7.0,0.9908,1
20.1,0.0,99.1,7.0,0.9908,1
20.1,0.0,99.1,7.0,0.9908,1
20.1,0.0,99.1,7.0,0.9908,1
17.6,0.0,90.9,7.0,0.2368,0
19.2,0.0,90.9,7.0,0.2368,0
18.3,0.0,90.9,7.0,0.2368,0
19.5,0.0,90.9,7.0,0.2237,1
17.6,0.0,90.9,7.0,0.2368,0
17.6,0.0,90.9,7.0,0.2368,0
18.2,0.0,90.9,7.0,0.2368,0
18.7,0.0,90.9,7.0,0.2237,1
19.9,0.0,90.9,7.0,0.2237,1
18.7,0.0,90.9,7.0,0.2237,1
21.4,0.0,89.1,7.0,0.2,0
21.5,0.0,89.1,7.0,0.1778,1
20.1,0.0,99.1,7.0,0.9908,1
20.1,0.0,99.1,7.0,0.9908,1
20.1,0.0,99.1,7.0,0.9908,1
20.1,0.0,99.1,7.0,0.9908,1
20.1,0.0,99.1,7.0,0.9908,1
20.1,0.0,99.1,7.0,0.9908,1
20.1,0.0,99.1,7.0,0.9908,1
20.1,0.0,99.1,7.0,0.9908,1
20.1,0.0,99.1,7.0,0.9954,0
20.1,0.0,99.1,7.0,0.9908,1
20.1,0.0,99.1,7.0,0.9908,1
20.1,0.0,99.1,7.0,0.9908,1
20.1,0.0,99.1,7.0,0.9908,1
20.1,0.0,99.1,7.0,0.9908,1
20.1,0.0,99.1,7.0,0.9908,1
20.1,0.0,99.1,7.0,0.9908,1
20.1,0.0,99.1,7.0,0.9908,1
20.1,0.0,99.1,7.0,0.9908,1
20.1,0.0,99.1,7.0,0.9908,1
20.1,0.0,99.1,7.0,0.9908,1
20.1,0.0,99.1,7.0,0.9908,1
20.1,0.0,99.1,7.0,0.9908,1
20.1,0.0,99.1,7.0,0.9908,1
20.1,0.0,99.1,7.0,0.9908,1
20.1,0.0,99.1,7.0,0.9908,1
20.1,0.0,99.1,7.0,0.9908,1
20.1,0.0,99.1,7.0,0.9908,1
20.1,0.0,99.1,7.0,0.9908,1
20.1,0.0,99.1,7.0,0.9908,1
20.1,0.0,99.1,7.0,0.9908,1
20.1,0.0,99.1,7.0,0.9908,1
20.1,0.0,99.1,7.0,0.9908,1
20.1,0.0,99.1,7.0,0.9908,1
20.1,0.0,99.1,7.0,0.9908,1
20.1,0.0,99.1,7.0,0.9908,1
20.1,0.0,99.1,7.0,0.9908,1
20.1,0.0,99.1,7.0,0.9908,1
20.1,0.0,99.1,7.0,0.9908,1
20.1,0.0,99.1,7.0,0.9908,1
20.1,0.0,99.1,7.0,0.9908,1
20.1,0.0,99.1,7.0,0.9908,1
20.1,0.0,99.1,7.0,0.9908,1
20.1,0.0,99.1,7.0,0.9908,1
20.1,0.0,99.1,7.0,0.9908,1
20.1,0.0,99.1,7.0,0.9908,1
20.1,0.0,99.1,7.0,0.9908,1
20.1,0.0,99.1,7.0,0.9908,1
20.1,0.0,99.1,7.0,0.9908,1
20.1,0.0,99.1,7.0,0.9908,1
20.1,0.0,99.1,7.0,0.9908,1
20.1,0.0,99.1,7.0,0.9908,1
20.1,0.0,99.1,7.0,0.9908,1
20.1,0.0,99.1,7.0,0.9908,1
20.1,0.0,99.1,7.0,0.9908,1
20.1,0.0,99.1,7.0,0.9908,1
20.1,0.0,99.1,7.0,0.9908,1
20.1,0.0,99.1,7.0,0.9908,1
20.1,0.0,99.1,7.0,0.9908,1
20.1,0.0,99.1,7.0,0.9908,1
20.1,0.0,99.1,7.0,0.9908,1
20.1,0.0,99.1,7.0,0.9908,1
20.1,0.0,99.1,7.0,0.9908,1
20.1,0.0,99.1,7.0,0.9908,1
20.1,0.0,99.1,7.0,0.9908,1
20.1,0.0,99.1,7.0,0.9908,1
20.1,0.0,99.1,7.0,0.9908,1
20.1,0.0,99.1,7.0,0.9908,1
20.1,0.0,99.1,7.0,0.9908,1
20.1,0.0,99.1,7.0,0.9908,1
20.1,0.0,99.1,7.0,0.9908,1
20.1,0.0,99.1,7.0,0.9908,1
20.1,0.0,99.1,7.0,0.9908,1
20.1,0.0,99.1,7.0,0.9908,1
20.1,0.0,99.1,7.0,0.9908,1
20.1,0.0,99.1,7.0,0.9908,1
20.1,0.0,99.1,7.0,0.9908,1
20.1,0.0,99.1,7.0,0.9908,1
20.1,0.0,99.1,7.0,0.9908,1
20.1,0.0,99.1,7.0,0.9908,1
20.1,0.0,99.1,7.0,0.9908,1
20.1,0.0,99.1,7.0,0.9908,1
20.1,0.0,99.1,7.0,0.9908,1
20.1,0.0,99.1,7.0,0.9908,1
18.3,0.0,57.1,7.0,0.2636,1
22.2,0.0,100.0,7.0,0.0421,0
22.2,0.0,100.0,7.0,0.0421,0
22.2,0.0,100.0,7.0,0.0421,0
22.2,0.0,100.0,7.0,0.0421,0
16.8,0.0,97.2,7.0,0.021,0
23.4,0.0,95.3,7.0,0.0,0
14.1,0.0,57.8,7.0,0.0952,1
20.1,0.0,99.1,7.0,0.9908,1
20.1,0.0,99.1,7.0,0.9908,1
20.1,0.0,99.1,7.0,0.9908,1
20.1,0.0,99.1,7.0,0.9908,1
20.1,0.0,99.1,7.0,0.9908,1
20.1,0.0,99.1,7.0,0.9908,1
20.1,0.0,99.1,7.0,0.9908,1
20.1,0.0,99.1,7.0,0.9908,1
20.1,0.0,99.1,7.0,0.9908,1
20.1,0.0,99.1,7.0,0.9908,1
20.1,0.0,99.1,7.0,0.9908,1
20.1,0.0,99.1,7.0,0.9908,1
20.1,0.0,99.1,7.0,0.9908,1
20.1,0.0,99.1,7.0,0.9908,1
20.1,0.0,99.1,7.0,0.9908,1
20.1,0.0,99.1,7.0,0.9908,1
20.1,0.0,99.1,7.0,0.9908,1
20.1,0.0,99.1,7.0,0.9908,1
20.1,0.0,99.1,7.0,0.9908,1
20.1,0.0,99.1,7.0,0.9908,1
20.1,0.0,99.1,7.0,0.9908,1
20.1,0.0,99.1,7.0,0.9908,1
20.1,0.0,99.1,7.0,0.9908,1
20.1,0.0,99.1,7.0,0.9908,1
20.1,0.0,99.1,7.0,0.9908,1
20.1,0.0,99.1,7.0,0.9908,1
20.1,0.0,99.1,7.0,0.9908,1
20.1,0.0,99.1,7.0,0.9908,1
20.1,0.0,99.1,7.0,0.9908,1
20.1,0.0,99.1,7.0,0.9908,1
20.1,0.0,99.1,7.0,0.9908,1
20.1,0.0,99.1,7.0,0.9908,1
20.1,0.0,99.1,7.0,0.9908,1
20.1,0.0,99.1,7.0,0.9908,1
20.1,0.0,99.1,7.0,0.9908,1
20.1,0.0,99.1,7.0,0.9908,1
20.1,0.0,99.1,7.0,0.9908,1
20.1,0.0,99.1,7.0,0.9908,1
20.1,0.0,99.1,7.0,0.9908,1
20.1,0.0,99.1,7.0,0.9908,1
20.1,0.0,99.1,7.0,0.9908,1
20.1,0.0,99.1,7.0,0.9908,1
20.1,0.0,99.1,7.0,0.9908,1
20.1,0.0,99.1,7.0,0.9908,1
20.1,0.0,99.1,7.0,0.9908,1
20.1,0.0,99.1,7.0,0.9908,1
20.1,0.0,99.1,7.0,0.9908,1
20.1,0.0,99.1,7.0,0.9908,1
20.1,0.0,99.1,7.0,0.9908,1
20.1,0.0,99.1,7.0,0.9908,1
20.1,0.0,99.1,7.0,0.9908,1
14.6,0.0,76.1,7.0,0.538,1
20.1,0.0,99.1,7.0,0.9908,1
20.1,0.0,99.1,7.0,0.9908,1
20.1,0.0,99.1,7.0,0.9908,1
20.1,0.0,99.1,7.0,0.9908,1
20.1,0.0,99.1,7.0,0.9908,1
20.1,0.0,99.1,7.0,0.9908,1
20.1,0.0,99.1,7.0,0.9908,1
20.1,0.0,99.1,7.0,0.9908,1
20.1,0.0,99.1,7.0,0.9908,1
20.1,0.0,99.1,7.0,0.9908,1
20.1,0.0,99.1,7.0,0.9908,1
20.1,0.0,99.1,7.0,0.9908,1
20.1,0.0,99.1,7.0,0.9908,1
20.1,0.0,99.1,7.0,0.9908,1
20.1,0.0,99.1,7.0,0.9908,1
20.1,0.0,99.1,7.0,0.9908,1
20.1,0.0,99.1,7.0,0.9908,1
20.1,0.0,99.1,7.0,0.9908,1
15.6,0.0,40.0,7.0,0.4684,0
20.5,0.0,83.0,7.0,0.3218,0
20.9,0.0,93.4,7.0,0.0132,0
19.5,0.0,90.9,7.0,0.2237,1
18.7,0.0,90.9,7.0,0.2237,1
17.6,0.0,90.9,7.0,0.2368,0
18.7,0.0,90.9,7.0,0.2237,1
19.8,0.0,90.9,7.0,0.2237,1
19.5,0.0,90.9,7.0,0.2368,0
20.1,0.0,99.1,7.0,0.9908,1
20.1,0.0,99.1,7.0,0.9954,0
20.1,0.0,99.1,7.0,0.9908,1
20.1,0.0,99.1,7.0,0.9908,1
20.1,0.0,99.1,7.0,0.9908,1
20.1,0.0,99.1,7.0,0.9908,1
20.1,0.0,99.1,7.0,0.9908,1
20.1,0.0,99.1,7.0,0.9908,1
20.1,0.0,99.1,7.0,0.9908,1
20.1,0.0,99.1,7.0,0.9908,1
20.1,0.0,99.1,7.0,0.9908,1
20.1,0.0,99.1,7.0,0.9908,1
20.1,0.0,99.1,7.0,0.9908,1
20.1,0.0,99.1,7.0,0.9908,1
20.1,0.0,99.1,7.0,0.9908,1
20.1,0.0,99.1,7.0,0.9908,1
20.0,0.0,90.9,7.0,0.2368,0
20.0,0.0,90.9,7.0,0.2368,0
17.9,0.0,90.9,7.0,0.2237,1
19.5,0.0,90.9,7.0,0.2237,1
19.3,0.0,90.9,7.0,0.2237,1
19.3,0.0,90.9,7.0,0.2368,0
19.3,0.0,90.9,7.0,0.2368,0
18.7,0.0,90.9,7.0,0.2368,0
19.3,0.0,90.9,7.0,0.2237,1
17.9,0.0,90.9,7.0,0.2237,1
18.7,0.0,90.9,7.0,0.2368,0
15.6,0.0,40.0,7.0,0.4684,0
13.6,0.0,40.0,7.0,0.4684,0
15.6,0.0,40.0,7.0,0.4684,0
13.6,0.0,40.0,7.0,0.4684,0
20.4,0.0,55.3,7.0,0.3784,0
13.6,0.0,40.0,7.0,0.4684,0
15.6,0.0,40.0,7.0,0.4684,0
23.5,1.0,95.2,7.0,0.0097,0
23.5,1.0,95.2,7.0,0.0097,0
13.7,0.0,100.0,7.0,0.0,0
23.4,0.0,0.0,7.0,0.8514,0
23.4,0.0,0.0,7.0,0.8514,0
23.4,0.0,0.0,7.0,0.8514,0
23.4,0.0,0.0,7.0,0.8514,0
23.4,0.0,0.0,7.0,0.8514,0
23.4,0.0,0.0,7.0,0.8489,1
22.9,0.0,53.0,7.0,0.2105,0
22.9,0.0,53.0,7.0,0.2105,0
22.9,0.0,53.0,7.0,0.2105,0
22.5,0.0,53.0,7.0,0.203,1
22.3,0.0,53.0,7.0,0.2105,0
23.4,0.0,0.0,7.0,0.8514,0
23.4,0.0,0.0,7.0,0.8514,0
23.4,0.0,0.0,7.0,0.8514,0
23.4,0.0,0.0,7.0,0.8489,1
23.4,0.0,0.0,7.0,0.8514,0
23.4,0.0,0.0,7.0,0.8514,0
23.4,0.0,0.0,7.0,0.8514,0
23.4,0.0,0.0,7.0,0.8514,0
23.4,0.0,0.0,7.0,0.8514,0
23.4,0.0,0.0,7.0,0.8514,0
23.4,0.0,0.0,7.0,0.8514,0
23.4,0.0,0.0,7.0,0.8489,1
23.4,0.0,0.0,7.0,0.8514,0
23.4,0.0,0.0,7.0,0.8489,1
23.4,0.0,0.0,7.0,0.8514,0
23.4,0.0,0.0,7.0,0.8514,0
23.4,0.0,0.0,7.0,0.8514,0
21.1,0.0,16.7,7.0,0.7711,1
21.1,0.0,16.7,7.0,0.7711,1
21.1,0.0,16.7,7.0,0.7711,1
19.3,0.0,16.7,7.0,0.7831,0
19.3,0.0,16.7,7.0,0.7711,1
21.1,0.0,16.7,7.0,0.7711,1
21.1,0.0,16.7,7.0,0.7711,1
19.3,0.0,16.7,7.0,0.7711,1
19.3,0.0,16.7,7.0,0.7711,1
19.3,0.0,16.7,7.0,0.7711,1
19.3,0.0,16.7,7.0,0.7831,0
19.3,0.0,16.7,7.0,0.7711,1
18.7,0.0,16.7,7.0,0.7711,1
19.3,0.0,16.7,7.0,0.7831,0
19.3,0.0,16.7,7.0,0.7711,1
20.4,0.0,16.7,7.0,0.7711,1
21.1,0.0,16.7,7.0,0.7711,1
21.1,0.0,16.7,7.0,0.7711,1
19.3,0.0,16.7,7.0,0.7711,1
19.3,0.0,16.7,7.0,0.7711,1
20.4,0.0,16.7,7.0,0.7711,1
19.3,0.0,16.7,7.0,0.7711,1
19.3,0.0,16.7,7.0,0.7711,1
19.3,0.0,16.7,7.0,0.7711,1
19.3,0.0,16.7,7.0,0.7711,1
19.3,0.0,16.7,7.0,0.7831,0
19.3,0.0,16.7,7.0,0.7831,0
19.3,0.0,16.7,7.0,0.7711,1
23.5,1.0,95.2,7.0,0.0097,0
21.6,0.0,88.8,7.0,0.2143,0
21.6,0.0,88.8,7.0,0.2143,0
23.6,0.0,98.2,7.0,0.0228,0
21.6,0.0,88.8,7.0,0.2143,0
21.6,0.0,88.8,7.0,0.2143,0
21.6,0.0,88.8,7.0,0.2143,0
21.6,0.0,88.8,7.0,0.2143,0
21.6,0.0,88.8,7.0,0.2143,0
21.6,0.0,88.8,7.0,0.2143,0
21.6,0.0,88.8,7.0,0.2143,0
21.6,0.0,88.8,7.0,0.2143,0
21.6,0.0,88.8,7.0,0.2143,0
21.6,0.0,88.8,7.0,0.2143,0
21.6,0.0,88.8,7.0,0.2143,0
23.6,0.0,98.2,7.0,0.0228,0
23.4,0.0,98.2,7.0,0.0228,0
23.5,0.0,98.2,7.0,0.0228,0
23.4,0.0,98.2,7.0,0.0228,0
23.4,0.0,98.2,7.0,0.0228,0
23.5,0.0,98.2,7.0,0.0228,0
23.5,0.0,98.2,7.0,0.0228,0
22.5,0.0,98.2,7.0,0.0228,0
23.4,0.0,98.2,7.0,0.0228,0
22.3,0.0,88.3,7.0,0.2235,0
19.9,0.0,88.3,7.0,0.2235,0
19.4,0.0,88.3,7.0,0.2176,1
18.9,0.0,88.3,7.0,0.2235,0
21.6,0.0,88.3,7.0,0.2235,0
20.7,0.0,88.3,7.0,0.2235,0
16.6,0.0,88.3,7.0,0.2235,0
16.3,0.0,88.3,7.0,0.2176,1
23.4,0.0,98.2,7.0,0.0228,0
23.4,0.0,98.2,7.0,0.0228,0
23.4,0.0,98.2,7.0,0.0228,0
23.4,0.0,98.2,7.0,0.0228,0
23.4,0.0,98.2,7.0,0.0228,0
21.6,0.0,88.8,7.0,0.2143,0
21.6,0.0,88.8,7.0,0.2143,0
21.6,0.0,88.8,7.0,0.2143,0
21.6,0.0,88.8,7.0,0.2143,0
21.6,0.0,88.8,7.0,0.2143,0
21.6,0.0,88.8,7.0,0.2143,0
21.6,0.0,88.8,7.0,0.2083,1
21.6,0.0,88.8,7.0,0.2143,0
21.6,0.0,88.8,7.0,0.2143,0
23.4,0.0,98.2,7.0,0.0228,0
22.5,0.0,98.2,7.0,0.0228,0
23.6,0.0,98.2,7.0,0.0228,0
23.4,0.0,98.2,7.0,0.0228,0
23.4,0.0,98.2,7.0,0.0228,0
21.5,0.0,88.8,7.0,0.2143,0
21.5,0.0,88.8,7.0,0.2143,0
21.5,0.0,88.8,7.0,0.2143,0
21.5,0.0,88.8,7.0,0.2143,0
21.5,0.0,88.8,7.0,0.2143,0
21.5,0.0,88.8,7.0,0.2143,0
21.5,0.0,88.8,7.0,0.2143,0
21.5,0.0,88.8,7.0,0.2143,0
23.4,0.0,98.2,7.0,0.0228,0
23.4,0.0,98.2,7.0,0.0228,0
23.4,0.0,98.2,7.0,0.0228,0
23.4,0.0,98.2,7.0,0.0228,0
23.4,0.0,98.2,7.0,0.0228,0
21.5,0.0,88.8,7.0,0.2143,0
21.5,0.0,88.8,7.0,0.2143,0
23.5,0.0,98.2,7.0,0.0228,0
21.5,0.0,88.8,7.0,0.2143,0
23.5,0.0,98.2,7.0,0.0228,0
21.5,0.0,88.8,7.0,0.2143,0
21.5,0.0,88.8,7.0,0.2143,0
21.6,0.0,88.8,7.0,0.2143,0
23.4,0.0,98.2,7.0,0.0228,0
23.4,0.0,98.2,7.0,0.0228,0
18.1,0.0,56.0,7.0,0.218,1
18.1,0.0,56.0,7.0,0.218,1
14.2,0.0,56.0,7.0,0.2256,0
14.2,0.0,56.0,7.0,0.218,1
14.2,0.0,56.0,7.0,0.218,1
18.1,0.0,56.0,7.0,0.218,1
21.5,0.0,88.8,7.0,0.2143,0
23.4,0.0,98.2,7.0,0.0228,0
21.5,0.0,88.8,7.0,0.2143,0
21.6,0.0,88.8,7.0,0.2143,0
23.1,0.0,98.2,7.0,0.0228,0
20.0,0.0,88.8,7.0,0.2143,0
21.6,0.0,88.8,7.0,0.2083,1
21.3,0.0,88.8,8.0,0.2143,0
21.3,0.0,88.8,7.0,0.2143,0
20.5,0.0,88.8,7.0,0.2143,0
21.6,0.0,88.8,7.0,0.2143,0
21.6,0.0,88.8,7.0,0.2143,0
21.6,0.0,88.8,7.0,0.2143,0
21.6,0.0,88.8,7.0,0.2143,0
21.6,0.0,88.8,7.0,0.2143,0
21.6,0.0,88.8,7.0,0.2143,0
18.1,0.0,56.0,7.0,0.218,1
18.1,0.0,56.0,7.0,0.218,1
18.1,0.0,56.0,7.0,0.218,1
18.1,0.0,56.0,7.0,0.218,1
18.1,0.0,56.0,7.0,0.218,1
18.1,0.0,56.0,7.0,0.218,1
18.1,0.0,56.0,7.0,0.218,1
18.1,0.0,56.0,7.0,0.218,1
18.1,0.0,56.0,7.0,0.218,1
18.1,0.0,56.0,7.0,0.218,1
21.4,0.0,88.8,7.0,0.2143,0
21.4,0.0,88.8,7.0,0.2143,0
21.4,0.0,88.8,7.0,0.2143,0
21.3,0.0,88.8,7.0,0.2143,0
21.4,0.0,88.8,7.0,0.2083,1
21.4,0.0,88.8,7.0,0.2083,1
21.4,0.0,88.8,7.0,0.2143,0
21.1,0.0,88.8,7.0,0.2143,0
21.4,0.0,88.8,7.0,0.2143,0
21.4,0.0,88.8,7.0,0.2143,0
21.4,0.0,88.8,7.0,0.2083,1
21.4,0.0,88.8,7.0,0.2143,0
17.8,0.0,29.2,7.0,0.6161,0
21.3,0.0,74.5,7.0,0.2153,1
21.3,0.0,74.5,7.0,0.2153,1
21.3,0.0,74.5,7.0,0.2153,1
21.3,0.0,74.5,7.0,0.2153,1
21.4,0.0,56.5,7.0,0.807,1
21.3,0.0,74.5,7.0,0.2153,1
21.3,0.0,74.5,7.0,0.2153,1
21.3,0.0,74.5,7.0,0.2222,0
17.8,0.0,0.0,7.0,0.0,0
17.8,0.0,0.0,7.0,0.0,0
17.8,0.0,0.0,7.0,0.0,0
19.2,0.0,21.9,7.0,0.1824,0
19.2,0.0,21.9,7.0,0.1824,0
14.2,0.0,56.0,7.0,0.2256,0
18.1,0.0,56.0,7.0,0.2256,0
23.2,1.0,95.2,7.0,0.0097,0
21.4,0.0,56.5,7.0,0.807,1
21.4,1.0,56.5,7.0,0.807,1
21.4,1.0,56.5,7.0,0.807,1
21.6,0.0,88.8,7.0,0.2143,0
20.9,0.0,93.4,7.0,0.0132,0
21.6,0.0,88.8,7.0,0.2143,0
21.6,0.0,88.8,7.0,0.2143,0
21.6,0.0,88.8,7.0,0.2143,0
21.6,0.0,88.8,7.0,0.2143,0
21.6,0.0,88.8,7.0,0.2143,0
21.3,0.0,74.5,7.0,0.2153,1
21.3,0.0,74.5,7.0,0.2222,0
21.4,0.0,78.8,7.0,0.3165,0
20.6,0.0,78.8,7.0,0.3165,0
21.4,0.0,78.8,7.0,0.3165,0
21.4,0.0,78.8,7.0,0.3165,0
20.6,0.0,78.8,7.0,0.3165,0
20.6,0.0,78.8,7.0,0.3165,0
20.6,0.0,78.8,7.0,0.3038,1
21.4,0.0,78.8,7.0,0.3165,0
20.6,0.0,78.8,7.0,0.3165,0
21.4,0.0,78.8,7.0,0.3165,0
22.7,0.0,61.2,7.0,0.3672,1
22.7,0.0,61.2,7.0,0.3672,1
22.7,0.0,61.2,7.0,0.3672,1
19.3,0.0,61.2,7.0,0.375,0
19.3,0.0,61.2,7.0,0.375,0
22.4,0.0,61.2,7.0,0.3672,1
23.2,1.0,95.2,7.0,0.0097,0
20.1,0.0,44.4,7.0,0.2636,1
22.9,0.0,100.0,7.0,0.0,0
22.9,0.0,100.0,7.0,0.0,0
22.9,0.0,100.0,7.0,0.0,0
22.9,0.0,100.0,7.0,0.0,0
20.2,0.0,76.5,7.0,0.303,1
23.2,0.0,76.5,7.0,0.3333,0
21.5,0.0,60.7,7.0,0.2963,0
19.7,0.0,60.7,9.0,0.2922,1
20.6,0.0,82.0,7.0,0.1591,1
20.6,0.0,82.0,7.0,0.1591,1
20.6,0.0,82.0,7.0,0.1591,1
20.6,0.0,82.0,7.0,0.1591,1
20.4,0.0,82.0,7.0,0.1591,1
20.6,0.0,82.0,7.0,0.1591,1
20.6,0.0,82.0,7.0,0.1591,1
20.6,0.0,82.0,7.0,0.1591,1
20.6,0.0,82.0,7.0,0.1591,1
20.6,0.0,82.0,7.0,0.1591,1
20.4,0.0,82.0,7.0,0.1591,1
20.4,0.0,82.0,7.0,0.1591,1
20.6,0.0,82.0,7.0,0.1591,1
20.4,0.0,82.0,7.0,0.1591,1
19.5,0.0,60.7,7.0,0.2963,0
22.5,0.0,60.7,7.0,0.2922,1
20.6,0.0,60.7,7.0,0.2922,1
19.9,0.0,90.9,7.0,0.2368,0
21.4,0.0,90.9,7.0,0.2368,0
20.0,0.0,59.7,7.0,0.4648,1
17.8,0.0,50.0,7.0,0.2113,0
21.3,0.0,50.0,7.0,0.1972,1
21.6,0.0,98.8,7.0,0.0,0
23.2,1.0,95.2,7.0,0.0097,0
21.4,0.0,90.9,7.0,0.2237,1
13.0,0.0,61.2,7.0,0.375,0
18.9,0.0,61.2,7.0,0.3672,1
20.4,0.0,61.2,7.0,0.3672,1
22.4,0.0,61.2,7.0,0.375,0
23.6,0.0,89.2,7.0,0.0978,0
18.9,0.0,61.2,7.0,0.375,0
18.9,0.0,61.2,7.0,0.375,0
18.9,0.0,61.2,7.0,0.3672,1
18.9,0.0,61.2,7.0,0.375,0
21.0,0.0,13.7,7.0,0.1099,0
19.2,0.0,13.7,7.0,0.1099,0
21.8,0.0,80.0,7.0,0.2636,0
19.7,0.0,13.7,7.0,0.1044,1
20.5,0.0,13.7,7.0,0.1099,0
19.2,0.0,13.7,7.0,0.1099,0
19.7,0.0,13.7,7.0,0.1099,0
21.5,0.0,80.0,7.0,0.2636,0
21.9,0.0,26.0,7.0,0.0909,0
14.6,0.0,37.2,7.0,0.119,0
20.0,0.0,44.4,7.0,0.2636,0
12.5,0.0,44.4,7.0,0.2636,1
20.2,0.0,44.4,7.0,0.2636,0
13.3,0.0,0.0,8.0,0.0,0
20.0,0.0,44.4,9.0,0.2636,1
21.5,0.0,44.4,7.0,0.2636,0
14.7,0.0,0.0,7.0,0.0,0
14.0,0.0,0.0,7.0,0.0,0
13.5,0.0,0.0,7.0,0.0,0
14.0,0.0,0.0,7.0,0.0,0
14.0,0.0,0.0,7.0,0.0,0
14.7,0.0,0.0,7.0,0.0,0
13.5,0.0,0.0,7.0,0.0,0
15.6,0.0,40.0,7.0,0.4684,0
14.2,0.0,61.2,7.0,0.3672,1
22.5,0.0,61.2,7.0,0.375,0
22.5,0.0,61.2,7.0,0.375,0
22.5,0.0,61.2,7.0,0.375,0
22.5,0.0,61.2,7.0,0.375,0
20.6,0.0,61.2,7.0,0.3672,1
21.5,0.0,61.2,7.0,0.375,0
21.3,0.0,61.2,7.0,0.375,0
21.7,0.0,61.2,7.0,0.3672,1
21.5,0.0,61.2,7.0,0.375,0
21.5,0.0,61.2,7.0,0.375,0
21.5,0.0,61.2,7.0,0.375,0
21.5,0.0,61.2,7.0,0.375,0
19.1,0.0,61.2,7.0,0.3672,1
22.7,0.0,80.3,7.0,0.3231,1
22.7,0.0,80.3,7.0,0.3231,1
22.7,0.0,80.3,7.0,0.3231,1
22.7,0.0,80.3,7.0,0.3231,1
22.7,0.0,80.3,7.0,0.3231,1
22.7,0.0,80.3,7.0,0.3231,1
22.7,0.0,80.3,7.0,0.3231,1
22.7,0.0,80.3,7.0,0.3385,0
22.7,0.0,80.3,7.0,0.3231,1
19.1,0.0,61.2,7.0,0.3672,1
19.1,0.0,61.2,7.0,0.3672,1
19.1,0.0,61.2,7.0,0.3672,1
19.1,0.0,61.2,7.0,0.3672,1
13.0,0.0,62.9,9.0,0.1698,0
19.3,0.0,61.2,7.0,0.3672,1
13.0,0.0,62.9,9.0,0.1698,0
20.5,0.0,44.4,7.0,0.2636,1
20.1,0.0,44.4,7.0,0.2636,1
13.0,0.0,62.9,9.0,0.1698,0
20.5,0.0,44.4,7.0,0.2636,1
20.5,0.0,44.4,7.0,0.2636,1
20.4,0.0,44.4,7.0,0.2636,1
13.0,0.0,62.9,9.0,0.1698,0
20.4,0.0,44.4,7.0,0.2636,0
20.1,0.0,44.4,7.0,0.2636,0
20.0,0.0,44.4,7.0,0.2636,1
15.4,0.0,40.0,7.0,0.4684,0
19.4,0.0,88.8,7.0,0.2143,0
22.5,0.0,86.4,7.0,0.0887,0
22.5,0.0,86.4,7.0,0.0887,0
18.9,0.0,61.2,7.0,0.3672,1
21.7,0.0,61.2,7.0,0.375,0
21.7,0.0,61.2,7.0,0.3672,1
21.7,0.0,61.2,7.0,0.375,0
21.7,0.0,61.2,7.0,0.3672,1
21.3,0.0,61.2,7.0,0.3672,1
22.5,0.0,61.2,7.0,0.375,0
19.3,0.0,61.2,7.0,0.3672,1
21.5,0.0,61.2,7.0,0.3672,1
21.5,0.0,61.2,7.0,0.3672,1
17.9,0.0,60.0,7.0,0.2636,0
18.1,0.0,60.0,7.0,0.2636,0
18.9,0.0,61.2,7.0,0.375,0
19.3,0.0,61.2,7.0,0.3672,1
21.5,0.0,61.2,7.0,0.375,0
21.5,0.0,61.2,7.0,0.3672,1
21.5,0.0,61.2,7.0,0.3672,1
20.7,0.0,45.5,7.0,0.2636,0
20.8,0.0,45.5,7.0,0.2636,1
20.7,0.0,45.5,8.0,0.2636,1
21.1,0.0,45.5,7.0,0.2636,1
20.8,0.0,45.5,7.0,0.2636,1
20.8,0.0,45.5,7.0,0.2636,0
20.7,0.0,45.5,7.0,0.2636,0
21.6,0.0,80.0,7.0,0.2636,0
21.6,0.0,80.0,7.0,0.2636,1
21.6,0.0,80.0,7.0,0.2636,0
16.5,0.0,33.3,7.0,0.2636,0
21.0,0.0,46.7,7.0,0.4615,0
22.2,0.0,46.7,7.0,0.4519,1
22.2,0.0,46.7,7.0,0.4519,1
21.0,0.0,46.7,7.0,0.4615,0
22.8,2.0,46.7,7.0,0.2636,1
21.8,0.0,46.7,7.0,0.4615,0
20.7,0.0,73.5,7.0,0.3168,1
20.7,0.0,73.5,7.0,0.3168,1
20.7,0.0,73.5,7.0,0.3168,1
20.7,0.0,73.5,7.0,0.3267,0
20.7,0.0,73.5,7.0,0.3267,0
20.7,0.0,73.5,7.0,0.3168,1
16.9,0.0,82.0,7.0,0.1705,0
19.0,0.0,50.7,7.0,0.1364,1
19.0,0.0,50.7,7.0,0.1364,1
19.0,0.0,50.7,7.0,0.1364,1
19.0,0.0,50.7,7.0,0.1515,0
19.0,0.0,50.7,7.0,0.1515,0
19.0,0.0,50.7,7.0,0.1515,0
19.0,0.0,50.7,7.0,0.1515,0
19.0,0.0,50.7,7.0,0.1515,0
19.0,0.0,50.7,7.0,0.1515,0
19.0,0.0,50.7,7.0,0.1515,0
19.0,0.0,50.7,7.0,0.1515,0
19.0,0.0,50.7,7.0,0.1515,0
19.0,0.0,50.7,7.0,0.1515,0
17.2,0.0,50.7,7.0,0.1515,0
19.0,0.0,50.7,7.0,0.1515,0
19.0,0.0,50.7,7.0,0.1515,0
19.0,0.0,50.7,7.0,0.1515,0
18.4,0.0,50.7,7.0,0.1515,0
18.4,0.0,50.7,7.0,0.1364,1
19.0,0.0,50.7,7.0,0.1364,1
23.0,0.0,46.7,7.0,0.4519,1
22.8,0.0,46.7,7.0,0.4615,0
19.0,0.0,50.7,7.0,0.1515,0
18.4,0.0,50.7,7.0,0.1515,0
20.8,0.0,46.7,7.0,0.4519,1
14.2,0.0,55.6,7.0,0.2636,0
14.2,0.0,55.6,7.0,0.2636,0
14.2,0.0,55.6,7.0,0.2636,1
14.2,0.0,55.6,7.0,0.2636,0
14.2,0.0,55.6,7.0,0.2636,0
15.0,0.0,63.0,7.0,0.1509,0
17.4,0.0,63.0,7.0,0.1321,1
17.4,0.0,63.0,7.0,0.1321,1
17.4,0.0,63.0,7.0,0.1509,0
17.4,0.0,63.0,7.0,0.1509,0
14.8,0.0,96.9,7.0,0.0968,0
12.7,0.0,55.6,7.0,0.2636,0
13.9,0.0,50.7,7.0,0.1515,0
16.9,0.0,50.7,7.0,0.1515,0
19.0,0.0,50.7,7.0,0.1364,1
19.0,0.0,50.7,7.0,0.1364,1
19.3,0.0,61.3,7.0,0.3784,1
21.5,0.0,89.1,7.0,0.1778,1
18.7,0.0,90.9,7.0,0.2368,0
17.8,0.0,90.9,7.0,0.2368,0
17.6,0.0,90.9,7.0,0.2368,0
18.3,0.0,90.9,7.0,0.2368,0
18.7,0.0,90.9,7.0,0.2368,0
18.7,0.0,90.9,7.0,0.2368,0
18.7,0.0,90.9,7.0,0.2368,0
18.2,0.0,90.9,7.0,0.2368,0
18.2,0.0,90.9,7.0,0.2368,0
18.7,0.0,90.9,7.0,0.2368,0
18.2,0.0,90.9,7.0,0.2368,0
21.7,0.0,86.2,7.0,0.3069,0
21.7,0.0,86.2,7.0,0.3069,0
21.7,0.0,86.2,7.0,0.3069,0
21.7,0.0,86.2,7.0,0.3069,0
21.7,0.0,86.2,7.0,0.302,1
21.6,0.0,89.2,7.0,0.0938,1
21.6,0.0,89.2,7.0,0.1094,0
21.6,0.0,89.2,7.0,0.1094,0
21.6,0.0,89.2,7.0,0.1094,0
21.5,0.0,89.2,7.0,0.1094,0
21.3,0.0,89.2,7.0,0.1094,0
21.6,0.0,89.2,7.0,0.1094,0
21.6,0.0,89.2,7.0,0.1094,0
21.6,0.0,89.2,7.0,0.0938,1
21.3,0.0,89.2,7.0,0.0938,1
21.3,0.0,100.0,7.0,0.2636,0
20.7,0.0,73.5,7.0,0.3168,1
20.7,0.0,73.5,7.0,0.3168,1
20.7,0.0,73.5,7.0,0.3168,1
20.7,0.0,73.5,7.0,0.3168,1
20.7,0.0,73.5,7.0,0.3168,1
20.7,0.0,73.5,7.0,0.3267,0
23.4,0.0,93.2,7.0,0.0855,0
20.7,0.0,73.5,7.0,0.3267,0
20.7,0.0,73.5,7.0,0.3168,1
20.7,0.0,73.5,7.0,0.3267,0
20.7,0.0,73.5,7.0,0.3267,0
20.7,0.0,73.5,7.0,0.3267,0
20.7,0.0,73.5,7.0,0.3168,1
20.7,0.0,73.5,7.0,0.3168,1
15.4,0.0,86.0,7.0,0.2653,0
20.9,0.0,94.0,7.0,0.43,1
20.9,0.0,94.0,7.0,0.43,1
19.0,0.0,94.0,7.0,0.435,0
19.0,0.0,94.0,7.0,0.435,0
20.9,0.0,94.0,7.0,0.43,1
20.9,0.0,94.0,7.0,0.43,1
20.9,0.0,94.0,7.0,0.43,1
20.9,0.0,94.0,7.0,0.43,1
20.9,0.0,94.0,7.0,0.43,1
20.9,0.0,94.0,7.0,0.43,1
20.9,0.0,94.0,7.0,0.43,1
20.9,0.0,94.0,7.0,0.43,1
20.9,0.0,94.0,7.0,0.43,1
20.9,0.0,94.0,7.0,0.43,1
20.9,0.0,94.0,7.0,0.43,1
20.9,0.0,94.0,7.0,0.43,1
19.0,0.0,94.0,7.0,0.435,0
20.9,0.0,94.0,7.0,0.43,1
20.9,0.0,94.0,7.0,0.43,1
20.9,0.0,94.0,7.0,0.43,1
20.9,0.0,94.0,7.0,0.43,1
20.9,0.0,94.0,7.0,0.43,1
20.5,0.0,96.9,7.0,0.0312,0
20.5,0.0,96.9,7.0,0.0312,0
20.5,0.0,96.9,7.0,0.0312,0
20.5,0.0,96.9,7.0,0.0312,0
20.5,0.0,96.9,7.0,0.0312,0
20.5,0.0,96.9,7.0,0.0312,0
20.5,0.0,96.9,7.0,0.0312,0
20.5,0.0,96.9,7.0,0.0312,0
13.9,0.0,0.0,7.0,0.2636,0
13.9,0.0,0.0,7.0,0.2636,0
20.5,0.0,96.9,7.0,0.0312,0
13.9,0.0,0.0,7.0,0.2636,0
20.5,0.0,96.9,7.0,0.0312,0
20.5,0.0,96.9,7.0,0.0312,0
20.9,0.0,94.0,7.0,0.43,1
20.9,0.0,94.0,7.0,0.43,1
20.9,0.0,94.0,7.0,0.43,1
20.9,0.0,94.0,7.0,0.43,1
20.9,0.0,94.0,7.0,0.43,1
20.9,0.0,94.0,7.0,0.43,1
20.9,0.0,94.0,7.0,0.43,1
20.9,0.0,94.0,7.0,0.43,1
20.9,0.0,94.0,7.0,0.43,1
20.9,0.0,94.0,7.0,0.43,1
20.9,0.0,94.0,7.0,0.43,1
20.9,0.0,94.0,7.0,0.43,1
20.9,0.0,94.0,7.0,0.43,1
20.5,0.0,96.9,7.0,0.0312,0
20.5,0.0,96.9,7.0,0.0312,0
20.5,0.0,96.9,7.0,0.0312,0
12.1,0.0,0.0,7.0,0.2636,0
20.5,0.0,96.9,7.0,0.0312,0
20.5,0.0,96.9,7.0,0.0312,0
20.5,0.0,96.9,7.0,0.0312,0
20.5,0.0,96.9,7.0,0.0312,0
20.5,0.0,96.9,7.0,0.0312,0
20.7,0.0,73.5,7.0,0.3267,0
20.7,0.0,73.5,7.0,0.3267,0
20.7,0.0,73.5,7.0,0.3168,1
20.7,0.0,73.5,7.0,0.3168,1
20.7,0.0,73.5,7.0,0.3168,1
20.7,0.0,73.5,7.0,0.3168,1
20.5,0.0,96.9,7.0,0.0312,0
21.5,0.0,92.9,7.0,0.2636,0
21.5,0.0,92.9,7.0,0.2636,1
21.5,0.0,92.9,7.0,0.2636,0
21.5,0.0,92.9,7.0,0.2636,0
21.5,0.0,92.9,7.0,0.2636,0
21.5,0.0,92.9,7.0,0.2636,1
21.3,0.0,57.9,7.0,0.4107,1
21.3,0.0,57.9,7.0,0.4107,1
20.7,0.0,73.5,7.0,0.3267,0
20.7,0.0,73.5,7.0,0.3168,1
20.7,0.0,73.5,7.0,0.3267,0
20.7,0.0,73.5,7.0,0.3267,0
20.7,0.0,73.5,7.0,0.3267,0
20.7,0.0,73.5,7.0,0.3267,0
21.1,0.0,57.9,7.0,0.4107,1
17.4,0.0,18.4,7.0,0.3243,0
21.2,0.0,57.9,7.0,0.4286,0
21.2,0.0,57.9,7.0,0.4107,1
21.3,0.0,57.9,7.0,0.4286,0
22.1,0.0,51.8,7.0,0.5273,0
22.1,0.0,51.8,7.0,0.5273,0
22.1,0.0,51.8,7.0,0.5273,0
20.4,0.0,51.8,7.0,0.5091,1
20.4,0.0,51.8,7.0,0.5273,0
20.4,0.0,51.8,7.0,0.5091,1
20.4,0.0,51.8,7.0,0.5091,1
20.4,0.0,51.8,7.0,0.5091,1
20.4,0.0,51.8,7.0,0.5091,1
20.4,0.0,51.8,7.0,0.5091,1
20.4,0.0,51.8,7.0,0.5091,1
20.4,0.0,51.8,7.0,0.5091,1
16.4,0.0,51.8,7.0,0.5091,1
14.7,0.0,25.5,7.0,0.2708,0
14.7,0.0,25.5,7.0,0.2708,0
14.7,0.0,25.5,7.0,0.2708,0
14.7,0.0,25.5,7.0,0.2708,0
14.7,0.0,25.5,7.0,0.2708,0
14.7,0.0,25.5,7.0,0.2708,0
14.7,0.0,25.5,7.0,0.2708,0
14.7,0.0,25.5,7.0,0.2708,0
21.6,0.0,71.2,7.0,0.2157,0
20.2,0.0,71.2,7.0,0.2157,0
18.1,0.0,25.5,7.0,0.2708,0
18.1,0.0,25.5,7.0,0.2708,0
18.1,0.0,25.5,7.0,0.2708,0
18.1,0.0,25.5,7.0,0.2708,0
18.1,0.0,25.5,7.0,0.2708,0
18.1,0.0,25.5,7.0,0.2708,0
19.2,0.0,26.0,7.0,0.0909,0
18.3,0.0,37.2,7.0,0.119,0
18.3,0.0,37.2,7.0,0.119,0
21.5,0.0,100.0,7.0,0.0,0
21.5,0.0,100.0,7.0,0.0,0
21.5,0.0,100.0,7.0,0.0,0
21.5,0.0,100.0,7.0,0.0,0
21.1,0.0,100.0,7.0,0.0,0
21.1,0.0,100.0,7.0,0.0,0
21.9,0.0,37.5,7.0,0.2636,1
21.1,0.0,100.0,7.0,0.0,0
21.1,0.0,100.0,7.0,0.0,0
20.1,0.0,100.0,7.0,0.0,0
20.1,0.0,100.0,7.0,0.0,0
20.1,0.0,100.0,7.0,0.0,0
17.1,0.0,100.0,7.0,0.0,0
20.1,0.0,100.0,7.0,0.0,0
20.1,0.0,100.0,7.0,0.0,0
20.1,0.0,100.0,7.0,0.0,0
20.1,0.0,100.0,7.0,0.0,0
18.1,0.0,100.0,7.0,0.0,0
20.1,0.0,100.0,7.0,0.0,0
18.1,0.0,100.0,7.0,0.0,0
18.1,0.0,100.0,7.0,0.0,0
18.1,0.0,100.0,7.0,0.0,0
20.1,0.0,100.0,7.0,0.0,0
17.3,0.0,56.5,7.0,0.6029,1
18.1,0.0,56.5,7.0,0.6029,1
18.4,0.0,61.5,7.0,0.2636,1
20.4,0.0,56.2,7.0,0.2636,1
21.1,0.0,56.2,7.0,0.2636,1
20.4,0.0,56.5,7.0,0.6176,0
20.9,0.0,94.0,7.0,0.43,1
20.9,0.0,94.0,7.0,0.43,1
20.9,0.0,94.0,7.0,0.43,1
20.9,0.0,94.0,7.0,0.43,1
20.9,0.0,94.0,7.0,0.43,1
20.7,0.0,64.0,7.0,0.6452,0
20.8,0.0,94.0,7.0,0.43,1
20.8,0.0,94.0,7.0,0.43,1
20.8,0.0,94.0,7.0,0.43,1
20.8,0.0,94.0,7.0,0.43,1
20.8,0.0,94.0,7.0,0.43,1
20.9,0.0,94.0,7.0,0.43,1
20.8,0.0,94.0,7.0,0.43,1
20.8,0.0,94.0,7.0,0.43,1
20.8,0.0,94.0,7.0,0.43,1
20.8,0.0,94.0,7.0,0.43,1
20.8,0.0,94.0,7.0,0.43,1
20.8,0.0,94.0,7.0,0.43,1
20.8,0.0,94.0,7.0,0.43,1
20.8,0.0,94.0,7.0,0.43,1
19.0,0.0,94.0,7.0,0.435,0
19.0,0.0,94.0,7.0,0.435,0
20.9,0.0,94.0,7.0,0.43,1
20.8,0.0,94.0,7.0,0.43,1
20.8,0.0,94.0,7.0,0.43,1
20.8,0.0,94.0,7.0,0.43,1
20.8,0.0,94.0,7.0,0.43,1
19.0,0.0,94.0,7.0,0.435,0
20.9,0.0,94.0,7.0,0.43,1
20.8,0.0,94.0,7.0,0.43,1
20.8,0.0,94.0,7.0,0.43,1
20.8,0.0,94.0,7.0,0.43,1
20.8,0.0,94.0,7.0,0.435,0
20.8,0.0,94.0,7.0,0.43,1
20.8,0.0,94.0,7.0,0.43,1
20.8,0.0,94.0,7.0,0.43,1
20.8,0.0,94.0,7.0,0.43,1
20.8,0.0,94.0,7.0,0.43,1
20.8,0.0,94.0,7.0,0.43,1
20.8,0.0,94.0,7.0,0.43,1
20.8,0.0,94.0,7.0,0.43,1
20.8,0.0,94.0,7.0,0.43,1
20.8,0.0,94.0,7.0,0.43,1
20.8,0.0,94.0,7.0,0.43,1
20.8,0.0,94.0,7.0,0.43,1
20.8,0.0,94.0,7.0,0.43,1
20.8,0.0,94.0,7.0,0.43,1
20.8,0.0,94.0,7.0,0.43,1
20.8,0.0,94.0,7.0,0.43,1
20.9,0.0,94.0,7.0,0.43,1
20.9,0.0,94.0,7.0,0.43,1
20.9,0.0,94.0,7.0,0.43,1
20.9,0.0,94.0,7.0,0.43,1
20.9,0.0,94.0,7.0,0.43,1
20.9,0.0,94.0,7.0,0.43,1
20.9,0.0,94.0,7.0,0.43,1
22.9,0.0,93.2,7.0,0.0855,0
23.4,0.0,98.2,7.0,0.0228,0
23.2,0.0,93.2,7.0,0.0855,0
19.0,0.0,81.0,7.0,0.0843,0
19.0,0.0,81.0,7.0,0.0843,0
23.2,0.0,93.2,7.0,0.0855,0
19.0,0.0,81.0,7.0,0.0843,0
23.2,0.0,93.2,7.0,0.0855,0
20.7,0.0,73.5,7.0,0.3168,1
20.7,0.0,73.5,7.0,0.3267,0
20.7,0.0,73.5,7.0,0.3267,0
20.7,0.0,73.5,7.0,0.3267,0
20.7,0.0,73.5,7.0,0.3168,1
17.0,0.0,81.0,7.0,0.0843,0
16.9,0.0,81.0,7.0,0.0723,1
12.1,0.0,100.0,7.0,0.2636,0
12.1,0.0,100.0,7.0,0.2636,0
12.1,0.0,100.0,7.0,0.2636,0
12.1,0.0,100.0,7.0,0.2636,0
12.1,0.0,100.0,7.0,0.2636,0
12.1,0.0,100.0,7.0,0.2636,0
12.1,0.0,100.0,7.0,0.2636,0
19.0,0.0,81.0,7.0,0.0843,0
19.0,0.0,81.0,7.0,0.0843,0
19.0,0.0,81.0,7.0,0.0843,0
20.0,0.0,64.0,7.0,0.6452,0
19.9,0.0,18.8,7.0,0.2636,0
19.0,0.0,81.0,7.0,0.0723,1
12.1,0.0,100.0,7.0,0.2636,0
12.1,0.0,100.0,7.0,0.2636,0
12.1,0.0,100.0,7.0,0.2636,0
12.1,0.0,100.0,7.0,0.2636,0
12.1,0.0,100.0,7.0,0.2636,0
12.1,0.0,100.0,7.0,0.2636,0
22.3,0.0,100.0,7.0,0.2636,0
14.1,0.0,100.0,7.0,0.2636,0
23.0,0.0,97.0,7.0,0.1018,0
22.0,0.0,97.0,7.0,0.1018,0
22.0,0.0,97.0,7.0,0.1018,0
21.1,0.0,57.9,7.0,0.4107,1
20.0,0.0,84.0,7.0,0.2081,1
20.0,0.0,84.0,7.0,0.2081,1
20.0,0.0,84.0,7.0,0.2081,1
20.0,0.0,84.0,7.0,0.2081,1
20.0,0.0,84.0,7.0,0.2081,1
20.0,0.0,84.0,7.0,0.2081,1
20.0,0.0,84.0,7.0,0.2081,1
20.0,0.0,84.0,7.0,0.2081,1
20.0,0.0,84.0,7.0,0.2081,1
20.0,0.0,84.0,7.0,0.2081,1
20.0,0.0,84.0,7.0,0.2081,1
20.0,0.0,84.0,7.0,0.2081,1
20.0,0.0,84.0,7.0,0.2081,1
20.0,0.0,84.0,7.0,0.2081,1
20.0,0.0,84.0,7.0,0.2081,1
20.0,0.0,84.0,7.0,0.2081,1
20.1,0.0,84.0,7.0,0.2081,1
20.1,0.0,84.0,7.0,0.2081,1
20.1,0.0,84.0,7.0,0.2081,1
20.1,0.0,84.0,7.0,0.2081,1
20.1,0.0,84.0,7.0,0.2081,1
20.1,0.0,84.0,7.0,0.2081,1
20.0,0.0,84.0,7.0,0.2081,1
20.1,0.0,84.0,7.0,0.2081,1
20.7,0.0,64.0,7.0,0.6371,1
13.5,0.0,81.0,7.0,0.0843,0
21.1,0.0,81.0,7.0,0.0723,1
17.8,0.0,18.8,7.0,0.2636,0
19.9,0.0,90.8,7.0,0.1406,0
19.9,0.0,90.8,7.0,0.1406,0
23.2,0.0,93.2,7.0,0.0855,0
23.2,0.0,93.2,7.0,0.0855,0
23.2,0.0,93.2,7.0,0.0855,0
22.2,0.0,93.2,7.0,0.0855,0
23.2,0.0,93.2,7.0,0.0855,0
19.7,0.0,72.3,7.0,0.4745,0
22.0,0.0,72.3,7.0,0.4745,0
15.7,0.0,72.3,7.0,0.4745,0
21.6,0.0,86.7,7.0,0.2636,0
22.5,0.0,100.0,7.0,0.2636,0
20.7,0.0,73.5,7.0,0.3168,1
20.7,0.0,73.5,7.0,0.3168,1
20.7,0.0,73.5,7.0,0.3168,1
20.7,0.0,73.5,7.0,0.3168,1
20.7,0.0,73.5,7.0,0.3168,1
20.7,0.0,73.5,7.0,0.3267,0
20.7,0.0,73.5,7.0,0.3168,1
17.4,0.0,63.0,7.0,0.1509,0
17.4,0.0,63.0,7.0,0.1509,0
20.7,0.0,73.5,7.0,0.3267,0
20.7,0.0,73.5,7.0,0.3267,0
20.7,0.0,73.5,7.0,0.3267,0
20.8,0.0,73.5,7.0,0.3267,0
17.6,0.0,81.0,7.0,0.0843,0
17.6,0.0,81.0,7.0,0.0843,0
17.6,0.0,81.0,7.0,0.0843,0
17.6,0.0,81.0,7.0,0.0843,0
17.6,0.0,81.0,7.0,0.0843,0
17.6,0.0,81.0,7.0,0.0843,0
17.6,0.0,81.0,7.0,0.0843,0
17.6,0.0,81.0,7.0,0.0843,0
17.6,0.0,81.0,7.0,0.0843,0
17.6,0.0,81.0,7.0,0.0843,0
17.6,0.0,81.0,7.0,0.0843,0
18.8,0.0,41.7,8.0,0.2636,0
18.8,0.0,41.7,8.0,0.2636,0
22.9,0.0,93.2,7.0,0.0855,0
21.5,0.0,96.5,7.0,0.0118,0
21.5,0.0,96.5,7.0,0.0118,0
21.5,0.0,96.5,7.0,0.0118,0
21.5,0.0,96.5,7.0,0.0118,0
20.2,0.0,96.5,7.0,0.0118,0
21.5,0.0,96.5,7.0,0.0118,0
21.7,0.0,96.5,7.0,0.0118,0
21.7,0.0,96.5,7.0,0.0118,0
21.7,0.0,96.5,7.0,0.0118,0
21.7,0.0,96.5,7.0,0.0118,0
21.7,0.0,96.5,7.0,0.0118,0
21.7,0.0,96.5,7.0,0.0118,0
21.5,0.0,96.5,7.0,0.0118,0
21.5,0.0,96.5,7.0,0.0118,0
21.5,0.0,96.5,7.0,0.0118,0
21.5,0.0,96.5,7.0,0.0118,0
21.5,0.0,96.5,7.0,0.0118,0
21.5,0.0,96.5,7.0,0.0118,0
21.5,0.0,96.5,7.0,0.0118,0
21.5,0.0,96.5,7.0,0.0118,0
21.5,0.0,96.5,7.0,0.0118,0
21.5,0.0,96.5,7.0,0.0118,0
21.5,0.0,96.5,7.0,0.0118,0
21.5,0.0,96.5,7.0,0.0118,0
21.7,0.0,96.5,7.0,0.0118,0
19.5,0.0,96.5,7.0,0.0118,0
19.5,0.0,96.5,7.0,0.0118,0
20.2,0.0,96.5,7.0,0.0118,0
21.5,0.0,96.5,7.0,0.0118,0
21.5,0.0,96.5,7.0,0.0118,0
21.5,0.0,96.5,7.0,0.0118,0
21.5,0.0,96.5,7.0,0.0118,0
21.5,0.0,96.5,7.0,0.0118,0
20.2,0.0,96.5,7.0,0.0118,0
21.7,0.0,96.5,7.0,0.0118,0
20.7,0.0,73.5,7.0,0.3267,0
20.7,0.0,73.5,7.0,0.3267,0
20.7,0.0,73.5,7.0,0.3267,0
20.8,0.0,73.5,7.0,0.3267,0
20.8,0.0,73.5,7.0,0.3168,1
20.8,0.0,73.5,7.0,0.3168,1
17.0,0.0,90.9,7.0,0.0938,0
13.0,0.0,90.9,7.0,0.0938,0
17.4,0.0,90.9,7.0,0.0938,0
17.4,0.0,90.9,7.0,0.0938,0
17.4,0.0,90.9,7.0,0.0938,0
17.0,0.0,90.9,7.0,0.0938,0
17.0,0.0,90.9,7.0,0.0938,0
17.0,0.0,90.9,7.0,0.0938,0
17.0,0.0,90.9,7.0,0.0938,0
21.7,0.0,93.2,7.0,0.0855,0
20.7,0.0,93.2,7.0,0.0855,0
21.9,0.0,93.2,7.0,0.0855,0
21.7,0.0,93.2,7.0,0.0855,0
18.2,0.0,93.2,7.0,0.0855,0
22.0,0.0,100.0,7.0,0.0,0
22.0,0.0,100.0,7.0,0.0,0
22.0,0.0,100.0,7.0,0.0,0
22.0,0.0,100.0,7.0,0.0,0
22.0,0.0,100.0,7.0,0.0,0
20.0,1.0,88.0,7.0,0.2636,0
20.6,0.0,81.0,7.0,0.0723,1
17.0,0.0,81.0,7.0,0.0723,1
18.6,0.0,95.6,7.0,0.0455,0
22.8,0.0,95.6,7.0,0.0455,0
22.8,0.0,95.6,7.0,0.0455,0
22.8,0.0,95.6,7.0,0.0455,0
23.2,0.0,98.2,7.0,0.0228,0
23.2,0.0,98.2,7.0,0.0228,0
23.2,0.0,98.2,7.0,0.0228,0
23.2,0.0,98.2,7.0,0.0228,0
23.2,0.0,98.2,7.0,0.0228,0
16.1,0.0,100.0,7.0,0.0,0
22.5,0.0,98.2,7.0,0.0228,0
22.9,0.0,98.2,7.0,0.0228,0
22.4,0.0,98.2,7.0,0.0228,0
23.2,0.0,93.2,7.0,0.0855,0
23.0,0.0,93.2,7.0,0.0855,0
22.2,0.0,93.2,7.0,0.0855,0
17.9,0.0,91.7,7.0,0.2636,0
22.2,0.0,93.2,7.0,0.0855,0
21.7,0.0,93.2,7.0,0.0855,0
21.7,0.0,93.2,7.0,0.0855,0
19.7,0.0,91.7,7.0,0.2636,0
22.4,0.0,93.2,7.0,0.0855,0
18.1,0.0,91.7,7.0,0.2636,0
23.1,0.0,93.2,7.0,0.0855,0
23.2,0.0,100.0,7.0,0.2636,0
23.2,0.0,93.2,7.0,0.0855,0
23.0,0.0,93.2,7.0,0.0855,0
23.2,0.0,91.7,7.0,0.2636,0
16.6,0.0,100.0,7.0,0.2636,0
14.8,0.0,100.0,7.0,0.2636,0
14.0,0.0,100.0,7.0,0.2636,0
14.8,0.0,100.0,7.0,0.2636,0
13.4,0.0,92.9,7.0,0.2636,0
13.4,0.0,92.9,7.0,0.2636,0
22.0,0.0,53.0,7.0,0.2105,0
22.0,0.0,53.0,7.0,0.2105,0
22.0,0.0,53.0,7.0,0.2105,0
22.9,0.0,53.0,7.0,0.2105,0
22.6,0.0,82.0,7.0,0.1448,0
22.0,0.0,65.3,7.0,0.3542,0
22.0,0.0,65.3,7.0,0.3333,1
22.0,0.0,65.3,7.0,0.3542,0
22.0,0.0,65.3,7.0,0.3542,0
22.0,0.0,65.3,7.0,0.3542,0
22.3,0.0,53.0,7.0,0.203,1
22.3,0.0,53.0,7.0,0.203,1
22.3,0.0,53.0,7.0,0.2105,0
22.0,0.0,65.3,7.0,0.3333,1
20.6,0.0,78.8,7.0,0.3038,1
20.6,0.0,78.8,7.0,0.3038,1
21.3,0.0,78.8,7.0,0.3038,1
22.8,0.0,82.0,7.0,0.1448,0
23.2,0.0,93.2,7.0,0.0855,0
22.9,0.0,93.2,7.0,0.0855,0
23.2,0.0,93.2,7.0,0.0855,0
23.1,0.0,93.2,7.0,0.0855,0
21.1,0.0,93.2,7.0,0.0855,0
22.2,0.0,93.2,7.0,0.0855,0
23.2,0.0,93.2,7.0,0.0855,0
22.2,0.0,93.2,7.0,0.0855,0
21.7,0.0,93.2,7.0,0.0855,0
23.2,0.0,93.2,7.0,0.0855,0
22.5,0.0,93.2,7.0,0.0855,0
22.6,0.0,82.0,7.0,0.1403,1
22.6,0.0,82.0,7.0,0.1448,0
22.6,0.0,82.0,7.0,0.1448,0
22.6,0.0,82.0,7.0,0.1448,0
21.3,0.0,12.5,7.0,0.2636,0
18.3,0.0,91.7,7.0,0.2636,0
17.9,0.0,91.7,7.0,0.2636,0
18.9,0.0,16.0,7.0,0.2636,0
18.9,0.0,16.0,7.0,0.2636,0
18.9,0.0,16.0,7.0,0.2636,0
18.9,0.0,16.0,7.0,0.2636,0
18.9,0.0,16.0,7.0,0.2636,0
18.9,0.0,16.0,7.0,0.2636,1
19.0,0.0,16.0,7.0,0.2636,1
18.9,0.0,16.0,7.0,0.2636,0
18.9,0.0,16.0,7.0,0.2636,0
20.6,0.0,16.0,7.0,0.2636,0
21.1,0.0,50.0,7.0,0.0286,0
17.9,0.0,91.7,7.0,0.2636,0
16.0,0.0,91.7,7.0,0.2636,1
14.2,0.0,91.3,7.0,0.2636,0
14.2,0.0,91.3,7.0,0.2636,0
21.6,0.0,60.9,7.0,0.1333,0
20.4,0.0,60.9,7.0,0.1111,1
21.5,0.0,60.9,7.0,0.1333,0
14.2,0.0,91.3,7.0,0.2636,0
14.2,0.0,91.3,7.0,0.2636,0
14.2,0.0,91.3,7.0,0.2636,0
14.2,0.0,91.3,7.0,0.2636,0
14.2,0.0,91.3,7.0,0.2636,0
14.2,0.0,91.3,7.0,0.2636,0
17.0,0.0,21.9,9.0,0.1824,0
22.6,0.0,82.0,7.0,0.1448,0
23.1,0.0,82.0,7.0,0.1448,0
22.6,0.0,82.0,7.0,0.1448,0
14.8,0.0,91.6,7.0,0.0588,0
14.5,0.0,91.6,7.0,0.0588,0
19.1,0.0,82.0,9.0,0.1591,1
19.7,0.0,73.5,7.0,0.0179,0
19.7,0.0,73.5,7.0,0.0179,0
19.7,0.0,73.5,7.0,0.0179,0
19.7,0.0,73.5,7.0,0.0089,1
19.7,0.0,73.5,7.0,0.0179,0
19.7,0.0,73.5,7.0,0.0179,0
19.7,0.0,73.5,7.0,0.0179,0
19.7,0.0,73.5,7.0,0.0179,0
19.7,0.0,73.5,7.0,0.0179,0
19.7,0.0,73.5,7.0,0.0179,0
19.7,0.0,73.5,7.0,0.0179,0
14.5,0.0,91.6,7.0,0.0588,0
15.2,0.0,91.6,7.0,0.0588,0
14.5,0.0,91.6,7.0,0.0588,0
15.2,0.0,91.6,7.0,0.0588,0
21.2,0.0,60.9,7.0,0.1333,0
20.8,0.0,78.8,7.0,0.3038,1
22.5,0.0,76.9,7.0,0.7156,1
22.5,0.0,76.9,7.0,0.7156,1
22.5,0.0,76.9,7.0,0.7156,1
22.5,0.0,76.9,7.0,0.7156,1
22.5,0.0,76.9,7.0,0.7156,1
22.5,0.0,76.9,7.0,0.7156,1
22.5,0.0,76.9,7.0,0.7156,1
22.5,0.0,76.9,7.0,0.7156,1
22.5,0.0,76.9,7.0,0.7156,1
22.5,0.0,76.9,7.0,0.7156,1
22.5,0.0,76.9,7.0,0.7156,1
22.5,0.0,76.9,7.0,0.7156,1
22.5,0.0,76.9,7.0,0.7156,1
22.5,0.0,76.9,7.0,0.7156,1
22.5,0.0,76.9,7.0,0.7156,1
22.5,0.0,76.9,7.0,0.7156,1
22.5,0.0,76.9,7.0,0.7156,1
22.5,0.0,76.9,7.0,0.7156,1
22.5,0.0,76.9,7.0,0.7156,1
22.5,0.0,76.9,7.0,0.7156,1
22.5,0.0,76.9,7.0,0.7156,1
22.5,0.0,76.9,7.0,0.7156,1
22.5,0.0,76.9,7.0,0.7156,1
22.5,0.0,76.9,7.0,0.7156,1
22.5,0.0,76.9,7.0,0.7156,1
22.5,0.0,76.9,7.0,0.7156,1
22.5,0.0,76.9,7.0,0.7156,1
22.5,0.0,76.9,7.0,0.7156,1
22.5,0.0,76.9,7.0,0.7156,1
22.5,0.0,76.9,7.0,0.7156,1
22.5,0.0,76.9,7.0,0.7156,1
22.5,0.0,76.9,7.0,0.7156,1
22.5,0.0,76.9,7.0,0.7156,1
22.5,0.0,76.9,7.0,0.7156,1
22.5,0.0,76.9,7.0,0.7156,1
22.5,0.0,76.9,7.0,0.7156,1
22.5,0.0,76.9,7.0,0.7156,1
18.6,0.0,26.0,7.0,0.0909,0
19.2,0.0,26.0,7.0,0.0808,1
21.9,0.0,26.0,7.0,0.0909,0
21.3,0.0,97.1,7.0,0.0909,0
21.3,0.0,97.1,7.0,0.0909,0
21.3,0.0,97.1,7.0,0.0909,0
21.3,0.0,97.1,7.0,0.0909,0
21.3,0.0,97.1,7.0,0.0909,0
21.3,0.0,97.1,7.0,0.0909,0
21.3,0.0,97.1,7.0,0.0909,0
21.3,0.0,97.1,7.0,0.0909,0
21.3,0.0,97.1,7.0,0.0909,0
21.3,0.0,97.1,7.0,0.0909,0
21.3,0.0,97.1,7.0,0.0909,0
18.4,0.0,18.4,7.0,0.3243,0
18.4,0.0,18.4,7.0,0.3243,0
18.4,0.0,18.4,7.0,0.3243,0
18.4,0.0,18.4,7.0,0.2973,1
18.4,0.0,18.4,7.0,0.3243,0
18.4,0.0,18.4,7.0,0.3243,0
18.4,0.0,18.4,7.0,0.3243,0
22.5,0.0,76.9,7.0,0.7156,1
22.5,0.0,76.9,7.0,0.7156,1
18.4,0.0,18.4,7.0,0.3243,0
22.5,0.0,76.9,7.0,0.7156,1
18.4,0.0,18.4,7.0,0.3243,0
22.5,0.0,76.9,7.0,0.7156,1
22.5,0.0,76.9,7.0,0.7156,1
22.5,0.0,76.9,7.0,0.7163,0
22.5,0.0,76.9,7.0,0.7156,1
22.5,0.0,76.9,7.0,0.7156,1
18.4,0.0,18.4,7.0,0.3243,0
22.5,0.0,76.9,7.0,0.7156,1
22.5,0.0,76.9,7.0,0.7156,1
22.5,0.0,76.9,7.0,0.7156,1
22.5,0.0,76.9,7.0,0.7156,1
22.5,0.0,76.9,7.0,0.7156,1
22.5,0.0,76.9,7.0,0.7156,1
22.5,0.0,76.9,7.0,0.7156,1
20.0,0.0,18.4,7.0,0.2973,1
22.5,0.0,76.9,7.0,0.7156,1
20.0,0.0,18.4,7.0,0.2973,1
22.5,0.0,76.9,7.0,0.7163,0
18.4,0.0,18.4,7.0,0.3243,0
18.4,0.0,18.4,7.0,0.3243,0
22.5,0.0,76.9,7.0,0.7156,1
20.0,0.0,18.4,7.0,0.2973,1
22.5,0.0,76.9,7.0,0.7156,1
18.4,0.0,18.4,7.0,0.3243,0
22.5,0.0,76.9,7.0,0.7156,1
22.5,0.0,76.9,7.0,0.7156,1
22.5,0.0,76.9,7.0,0.7156,1
18.4,0.0,18.4,7.0,0.3243,0
22.5,0.0,76.9,7.0,0.7156,1
18.4,0.0,18.4,7.0,0.3243,0
22.5,0.0,76.9,7.0,0.7163,0
22.5,0.0,76.9,7.0,0.7156,1
22.5,0.0,76.9,7.0,0.7156,1
22.5,0.0,76.9,7.0,0.7156,1
22.5,0.0,76.9,7.0,0.7156,1
22.5,0.0,76.9,7.0,0.7156,1
22.5,0.0,76.9,7.0,0.7156,1
22.5,0.0,76.9,7.0,0.7156,1
22.7,0.0,82.0,7.0,0.1403,1
22.7,0.0,82.0,7.0,0.1403,1
20.6,0.0,57.1,7.0,0.4322,1
21.0,0.0,57.1,7.0,0.4407,0
21.0,0.0,57.1,7.0,0.4322,1
21.0,0.0,57.1,7.0,0.4322,1
22.7,0.0,82.0,7.0,0.1448,0
20.6,0.0,57.1,7.0,0.4407,0
22.5,0.0,76.9,7.0,0.7156,1
22.5,0.0,76.9,7.0,0.7156,1
22.5,0.0,76.9,7.0,0.7156,1
22.5,0.0,76.9,7.0,0.7156,1
22.5,0.0,76.9,7.0,0.7156,1
22.5,0.0,76.9,7.0,0.7163,0
22.5,0.0,76.9,7.0,0.7156,1
22.5,0.0,76.9,7.0,0.7156,1
22.5,0.0,76.9,7.0,0.7156,1
22.5,0.0,76.9,7.0,0.7156,1
22.5,0.0,76.9,7.0,0.7156,1
22.5,0.0,76.9,7.0,0.7156,1
22.5,0.0,76.9,7.0,0.7156,1
22.5,0.0,76.9,7.0,0.7156,1
21.6,0.0,83.8,7.0,0.0058,0
22.5,0.0,76.9,7.0,0.7156,1
22.5,0.0,76.9,7.0,0.7156,1
22.5,0.0,76.9,7.0,0.7156,1
22.5,0.0,76.9,7.0,0.7156,1
22.5,0.0,76.9,7.0,0.7156,1
22.5,0.0,76.9,7.0,0.7156,1
22.5,0.0,76.9,7.0,0.7156,1
22.5,0.0,76.9,7.0,0.7156,1
22.5,0.0,76.9,7.0,0.7156,1
22.5,0.0,76.9,7.0,0.7156,1
22.5,0.0,76.9,7.0,0.7156,1
22.5,0.0,76.9,7.0,0.7156,1
22.5,0.0,76.9,7.0,0.7156,1
18.3,0.0,95.6,7.0,0.0227,1
17.8,0.0,56.5,7.0,0.6029,1
18.2,0.0,56.5,7.0,0.6029,1
13.0,0.0,100.0,7.0,0.2636,0
22.5,0.0,76.9,7.0,0.7156,1
22.5,0.0,76.9,7.0,0.7156,1
22.5,0.0,76.9,7.0,0.7156,1
22.5,0.0,76.9,7.0,0.7156,1
22.5,0.0,76.9,7.0,0.7156,1
22.5,0.0,76.9,7.0,0.7156,1
22.5,0.0,76.9,7.0,0.7156,1
22.5,0.0,76.9,7.0,0.7156,1
22.5,0.0,76.9,7.0,0.7156,1
19.8,0.0,64.1,7.0,0.3492,0
22.5,0.0,76.9,7.0,0.7156,1
22.5,0.0,76.9,7.0,0.7156,1
22.5,0.0,76.9,7.0,0.7156,1
22.5,0.0,76.9,7.0,0.7156,1
22.5,0.0,76.9,7.0,0.7156,1
22.5,0.0,76.9,7.0,0.7156,1
21.4,0.0,88.8,7.0,0.2083,1
22.5,0.0,76.9,7.0,0.7156,1
22.5,0.0,76.9,7.0,0.7156,1
22.5,0.0,76.9,7.0,0.7156,1
21.3,0.0,88.8,7.0,0.2143,0
22.5,0.0,76.9,7.0,0.7156,1
22.5,0.0,76.9,7.0,0.7156,1
20.9,0.0,94.0,7.0,0.43,1
21.3,0.0,88.8,7.0,0.2143,0
22.5,0.0,76.9,7.0,0.7156,1
21.4,0.0,88.8,7.0,0.2143,0
21.4,0.0,88.8,7.0,0.2143,0
22.5,0.0,76.9,7.0,0.7156,1
21.4,0.0,88.8,7.0,0.2143,0
17.2,0.0,100.0,7.0,0.2636,0
19.4,0.0,90.9,7.0,0.2368,0
20.8,0.0,73.5,7.0,0.3168,1
20.8,0.0,73.5,7.0,0.3267,0
20.8,0.0,73.5,7.0,0.3168,1
20.8,0.0,73.5,7.0,0.3267,0
21.6,0.0,88.8,7.0,0.2143,0
22.5,0.0,76.9,7.0,0.7156,1
20.8,0.0,73.5,7.0,0.3267,0
20.8,0.0,73.5,7.0,0.3267,0
20.8,0.0,73.5,7.0,0.3267,0
22.5,0.0,76.9,7.0,0.7156,1
22.5,0.0,76.9,7.0,0.7156,1
22.5,0.0,76.9,7.0,0.7163,0
22.5,0.0,76.9,7.0,0.7156,1
22.5,0.0,76.9,7.0,0.7156,1
22.5,0.0,76.9,7.0,0.7156,1
22.5,0.0,76.9,7.0,0.7156,1
22.5,0.0,76.9,7.0,0.7156,1
21.1,0.0,60.9,7.0,0.1333,0
22.5,0.0,76.9,7.0,0.7156,1
21.0,0.0,13.7,7.0,0.1099,0
20.5,0.0,13.7,8.0,0.1044,1
22.5,0.0,76.9,7.0,0.7156,1
21.8,0.0,80.6,7.0,0.0652,1
22.5,0.0,76.9,7.0,0.7156,1
22.5,0.0,76.9,7.0,0.7156,1
22.5,0.0,76.9,7.0,0.7156,1
21.5,0.0,60.9,7.0,0.1111,1
22.5,0.0,76.9,7.0,0.7156,1
22.5,0.0,76.9,7.0,0.7156,1
22.5,0.0,76.9,7.0,0.7156,1
22.5,0.0,76.9,7.0,0.7156,1
22.5,0.0,76.9,7.0,0.7156,1
22.5,0.0,76.9,7.0,0.7156,1
22.5,0.0,76.9,7.0,0.7156,1
22.8,0.0,80.6,7.0,0.0761,0
19.8,0.0,64.1,7.0,0.3492,0
20.0,0.0,64.1,7.0,0.3492,0
20.0,0.0,64.1,7.0,0.3333,1
23.2,0.0,98.2,7.0,0.0228,0
23.2,0.0,98.2,7.0,0.0228,0
23.2,0.0,98.2,7.0,0.0228,0
23.2,0.0,98.2,7.0,0.0228,0
23.2,0.0,98.2,7.0,0.0228,0
22.9,0.0,98.2,7.0,0.0228,0
19.5,0.0,91.4,7.0,0.1228,1
22.4,0.0,91.6,7.0,0.056,1
22.4,0.0,91.6,7.0,0.056,1
22.4,0.0,91.6,7.0,0.056,1
22.4,0.0,91.6,7.0,0.056,1
22.4,0.0,91.6,7.0,0.056,1
22.4,0.0,91.6,7.0,0.056,1
22.4,0.0,91.6,7.0,0.056,1
21.2,0.0,60.9,7.0,0.1333,0
21.2,0.0,60.9,7.0,0.1333,0
21.1,0.0,43.9,7.0,0.1546,0
21.1,0.0,43.9,7.0,0.1546,0
21.1,0.0,43.9,7.0,0.1546,0
21.1,0.0,43.9,7.0,0.1546,0
21.1,0.0,43.9,7.0,0.1546,0
21.1,0.0,43.9,7.0,0.1546,0
21.1,0.0,43.9,7.0,0.1546,0
21.1,0.0,43.9,7.0,0.1546,0
21.1,0.0,43.9,7.0,0.1546,0
21.1,0.0,43.9,7.0,0.1546,0
21.1,0.0,43.9,7.0,0.1546,0
21.1,0.0,43.9,7.0,0.1546,0
21.1,0.0,43.9,7.0,0.1546,0
21.1,0.0,43.9,7.0,0.1546,0
21.1,0.0,43.9,7.0,0.1546,0
21.1,0.0,43.9,7.0,0.1546,0
21.1,0.0,43.9,7.0,0.1546,0
21.1,0.0,43.9,7.0,0.1546,0
21.1,0.0,43.9,7.0,0.1546,0
21.1,0.0,43.9,7.0,0.1546,0
21.1,0.0,43.9,7.0,0.1546,0
21.1,0.0,43.9,7.0,0.1546,0
21.1,0.0,43.9,7.0,0.1546,0
21.1,0.0,43.9,7.0,0.1546,0
21.1,0.0,43.9,7.0,0.1546,0
21.1,0.0,43.9,7.0,0.1546,0
21.1,0.0,43.9,7.0,0.1546,0
21.8,0.0,55.9,7.0,0.4652,1
21.8,0.0,55.9,7.0,0.4706,0
21.8,0.0,55.9,7.0,0.4706,0
21.8,0.0,55.9,7.0,0.4652,1
20.8,0.0,55.9,7.0,0.4706,0
20.8,0.0,55.9,7.0,0.4706,0
20.8,0.0,55.9,7.0,0.4706,0
14.9,0.0,60.7,7.0,0.2922,1
21.5,0.0,60.7,7.0,0.2963,0
20.6,0.0,60.7,7.0,0.2922,1
20.6,0.0,60.7,7.0,0.2922,1
20.9,0.0,63.5,7.0,0.6667,0
17.9,0.0,60.7,7.0,0.2963,0
19.1,0.0,63.5,7.0,0.6667,0
16.0,0.0,60.7,7.0,0.2922,1
21.3,0.0,78.8,7.0,0.3038,1
20.6,0.0,78.8,7.0,0.3038,1
20.9,0.0,63.5,7.0,0.6667,0
21.6,0.0,60.7,7.0,0.2922,1
21.6,0.0,60.7,7.0,0.2963,0
21.6,0.0,60.7,7.0,0.2963,0
13.3,0.0,63.8,7.0,0.3869,0
12.6,0.0,63.5,7.0,0.6667,0
17.8,0.0,63.5,7.0,0.6667,0
21.2,0.0,57.9,7.0,0.4107,1
22.0,0.0,64.0,7.0,0.6452,0
22.8,0.0,95.0,7.0,0.1919,0
22.8,0.0,95.0,7.0,0.1919,0
22.8,0.0,95.0,7.0,0.1818,1
22.8,0.0,95.0,7.0,0.1818,1
22.8,0.0,95.0,7.0,0.1919,0
22.8,0.0,95.0,7.0,0.1919,0
20.0,0.0,64.0,7.0,0.6452,0
20.8,0.0,73.5,7.0,0.3267,0
20.8,0.0,73.5,7.0,0.3267,0
21.2,0.0,57.9,7.0,0.4286,0
21.3,0.0,12.5,7.0,0.2636,0
21.0,0.0,64.0,7.0,0.6371,1
21.3,0.0,12.5,7.0,0.2636,1
20.5,0.0,64.0,7.0,0.6371,1
21.2,0.0,57.9,7.0,0.4107,1
20.2,0.0,14.3,7.0,0.2636,1
21.0,0.0,64.0,7.0,0.6452,0
19.4,0.0,64.0,7.0,0.6371,1
22.0,0.0,64.0,7.0,0.6452,0
21.4,0.0,12.5,7.0,0.2636,0
17.0,0.0,90.9,7.0,0.0938,0
17.0,0.0,90.9,7.0,0.0625,1
16.4,0.0,90.9,7.0,0.0625,1
23.0,0.0,12.5,7.0,0.2636,1
22.5,0.0,95.0,7.0,0.1919,0
22.5,0.0,95.0,7.0,0.1818,1
14.2,0.0,79.5,7.0,0.0,0
14.2,0.0,79.5,7.0,0.0,0
17.0,0.0,90.9,7.0,0.0938,0
13.3,0.0,86.4,7.0,0.0887,0
19.1,0.0,86.4,7.0,0.0887,0
19.1,0.0,86.4,7.0,0.0887,0
19.1,0.0,86.4,7.0,0.0887,0
19.2,0.0,86.4,7.0,0.0887,0
18.8,0.0,86.4,7.0,0.0887,0
18.8,0.0,86.4,7.0,0.0887,0
18.8,0.0,86.4,7.0,0.0806,1
19.1,0.0,86.4,7.0,0.0887,0
18.6,0.0,86.4,7.0,0.0887,0
18.1,0.0,86.4,7.0,0.0887,0
19.1,0.0,86.4,7.0,0.0887,0
18.6,0.0,86.4,7.0,0.0887,0
18.6,0.0,86.4,7.0,0.0887,0
18.6,0.0,86.4,7.0,0.0887,0
18.6,0.0,86.4,7.0,0.0887,0
16.6,0.0,86.4,7.0,0.0887,0
20.6,0.0,86.4,9.0,0.0887,0
20.4,0.0,86.4,9.0,0.0887,0
18.6,0.0,86.4,7.0,0.0806,1
13.9,0.0,86.4,7.0,0.0887,0
18.6,0.0,86.4,7.0,0.0887,0
18.6,0.0,86.4,7.0,0.0887,0
18.6,0.0,86.4,7.0,0.0887,0
20.1,0.0,86.4,7.0,0.0887,0
18.6,0.0,86.4,7.0,0.0887,0
18.6,0.0,86.4,7.0,0.0887,0
18.6,0.0,86.4,7.0,0.0806,1
18.6,0.0,86.4,7.0,0.0887,0
21.9,0.0,86.4,7.0,0.0887,0
18.6,0.0,86.4,7.0,0.0887,0
18.6,0.0,86.4,7.0,0.0887,0
18.6,0.0,86.4,7.0,0.0806,1
18.6,0.0,86.4,7.0,0.0887,0
20.4,0.0,51.8,7.0,0.5091,1
20.4,0.0,51.8,7.0,0.5091,1
20.4,0.0,51.8,7.0,0.5091,1
22.1,0.0,51.8,7.0,0.5273,0
22.1,0.0,51.8,7.0,0.5273,0
22.1,0.0,51.8,7.0,0.5273,0
22.1,0.0,51.8,7.0,0.5273,0
15.3,0.0,90.8,7.0,0.1237,0
21.6,0.0,66.7,7.0,0.2636,0
12.3,0.0,90.8,7.0,0.1237,0
13.2,0.0,90.8,7.0,0.1237,0
22.5,0.0,76.9,7.0,0.7156,1
22.5,0.0,76.9,7.0,0.7156,1
22.5,0.0,76.9,7.0,0.7156,1
22.5,0.0,76.9,7.0,0.7156,1
22.5,0.0,76.9,7.0,0.7156,1
22.5,0.0,76.9,7.0,0.7156,1
22.5,0.0,76.9,7.0,0.7156,1
22.5,0.0,76.9,7.0,0.7163,0
22.5,0.0,76.9,7.0,0.7156,1
22.5,0.0,76.9,7.0,0.7156,1
21.2,0.0,44.4,7.0,0.2636,0
12.2,0.0,91.3,7.0,0.2636,0
12.2,0.0,91.3,7.0,0.2636,0
12.2,0.0,91.3,7.0,0.2636,0
12.2,0.0,91.3,7.0,0.2636,0
12.2,0.0,91.3,7.0,0.2636,0
17.7,0.0,45.2,7.0,0.5854,0
20.1,0.0,45.2,7.0,0.561,1
20.1,0.0,45.2,7.0,0.561,1
20.1,0.0,45.2,7.0,0.561,1
21.1,0.0,45.2,7.0,0.561,1
20.2,0.0,66.7,7.0,0.2636,0
22.7,0.0,66.7,7.0,0.2636,0
21.1,0.0,45.2,7.0,0.5854,0
22.3,0.0,66.7,7.0,0.2636,0
21.5,0.0,45.2,7.0,0.561,1
21.5,0.0,45.2,7.0,0.561,1
21.5,0.0,45.2,7.0,0.561,1
21.5,0.0,45.2,7.0,0.5854,0
21.5,0.0,45.2,7.0,0.561,1
21.5,0.0,45.2,7.0,0.561,1
20.1,0.0,45.2,7.0,0.561,1
20.4,0.0,45.2,7.0,0.561,1
20.4,0.0,45.2,7.0,0.561,1
21.1,0.0,45.2,7.0,0.561,1
21.1,0.0,45.2,7.0,0.561,1
20.9,0.0,45.2,7.0,0.561,1
21.1,0.0,45.2,7.0,0.561,1
21.1,0.0,45.2,7.0,0.561,1
21.1,0.0,45.2,7.0,0.561,1
21.5,0.0,45.2,7.0,0.5854,0
12.4,0.0,45.2,7.0,0.5854,0
20.4,0.0,51.8,7.0,0.5091,1
20.4,0.0,51.8,7.0,0.5091,1
22.9,0.0,100.0,7.0,0.0,0
22.9,0.0,100.0,7.0,0.0,0
22.9,0.0,100.0,7.0,0.0,0
20.8,0.0,100.0,7.0,0.0,0
20.8,0.0,100.0,7.0,0.0,0
20.5,0.0,44.4,7.0,0.2636,1
20.0,0.0,100.0,7.0,0.2636,1
20.4,0.0,89.1,7.0,0.2,0
15.3,0.0,86.2,7.0,0.302,1
20.2,0.0,25.0,7.0,0.2636,0
16.5,0.0,25.0,7.0,0.2636,0
20.2,0.0,25.0,7.0,0.2636,1
20.2,0.0,25.0,7.0,0.2636,1
20.2,0.0,25.0,7.0,0.2636,0
20.5,0.0,72.3,7.0,0.4745,0
20.5,0.0,72.3,7.0,0.4745,0
22.5,0.0,76.9,7.0,0.7156,1
22.5,0.0,76.9,7.0,0.7156,1
22.5,0.0,76.9,7.0,0.7156,1
22.5,0.0,76.9,7.0,0.7156,1
22.5,0.0,76.9,7.0,0.7156,1
21.7,0.0,64.0,7.0,0.6452,0
22.5,0.0,76.9,7.0,0.7156,1
22.5,0.0,76.9,7.0,0.7156,1
22.5,0.0,76.9,7.0,0.7156,1
17.8,0.0,84.4,7.0,0.2,0
17.8,0.0,84.4,7.0,0.1929,1
17.8,0.0,84.4,7.0,0.1929,1
17.8,0.0,84.4,7.0,0.1929,1
17.8,0.0,84.4,7.0,0.1929,1
19.7,0.0,63.5,7.0,0.6548,1
22.5,0.0,76.9,7.0,0.7156,1
22.5,0.0,76.9,7.0,0.7156,1
22.5,0.0,76.9,7.0,0.7156,1
22.5,0.0,76.9,7.0,0.7156,1
22.5,0.0,76.9,7.0,0.7156,1
22.5,0.0,76.9,7.0,0.7156,1
22.5,0.0,76.9,7.0,0.7156,1
22.5,0.0,76.9,7.0,0.7156,1
22.5,0.0,76.9,7.0,0.7156,1
22.5,0.0,76.9,7.0,0.7156,1
22.5,0.0,76.9,7.0,0.7156,1
22.5,0.0,76.9,7.0,0.7156,1
22.5,0.0,76.9,7.0,0.7163,0
22.5,0.0,76.9,7.0,0.7156,1
22.5,0.0,76.9,7.0,0.7156,1
22.5,0.0,76.9,7.0,0.7156,1
22.5,0.0,76.9,7.0,0.7156,1
22.5,0.0,76.9,7.0,0.7156,1
22.5,0.0,76.9,7.0,0.7156,1
22.5,0.0,76.9,7.0,0.7156,1
22.5,0.0,76.9,7.0,0.7156,1
22.5,0.0,76.9,7.0,0.7156,1
22.5,0.0,76.9,7.0,0.7156,1
22.5,0.0,76.9,7.0,0.7156,1
22.5,0.0,76.9,7.0,0.7156,1
22.5,0.0,76.9,7.0,0.7156,1
22.5,0.0,76.9,7.0,0.7156,1
17.8,0.0,63.5,7.0,0.6667,0
22.5,0.0,76.9,7.0,0.7156,1
20.9,0.0,63.5,7.0,0.6667,0
22.5,0.0,76.9,7.0,0.7156,1
22.5,0.0,76.9,7.0,0.7156,1
22.5,0.0,76.9,7.0,0.7156,1
22.5,0.0,76.9,7.0,0.7156,1
22.5,0.0,76.9,7.0,0.7156,1
22.5,0.0,76.9,7.0,0.7156,1
22.5,0.0,76.9,7.0,0.7163,0
20.9,0.0,63.5,7.0,0.6667,0
17.3,0.0,63.5,7.0,0.6667,0
22.5,0.0,76.9,7.0,0.7156,1
17.3,0.0,63.5,7.0,0.6667,0
22.5,0.0,76.9,7.0,0.7156,1
22.5,0.0,76.9,7.0,0.7156,1
17.3,0.0,63.5,7.0,0.6667,0
22.5,0.0,76.9,7.0,0.7156,1
22.5,0.0,76.9,7.0,0.7156,1
22.5,0.0,76.9,7.0,0.7156,1
22.5,0.0,76.9,7.0,0.7156,1
22.5,0.0,76.9,7.0,0.7156,1
21.3,0.0,38.2,7.0,0.1791,0
16.0,0.0,38.2,7.0,0.1642,1
21.3,0.0,38.2,7.0,0.1642,1
21.3,0.0,38.2,7.0,0.1791,0
21.3,0.0,38.2,7.0,0.1642,1
21.3,0.0,38.2,7.0,0.1791,0
20.9,0.0,38.2,7.0,0.1791,0
21.3,0.0,38.2,7.0,0.1642,1
21.3,0.0,38.2,7.0,0.1642,1
21.3,0.0,38.2,7.0,0.1791,0
21.3,0.0,38.2,7.0,0.1642,1
16.5,0.0,46.7,7.0,0.2636,0
16.3,0.0,46.7,7.0,0.2636,0
22.1,0.0,64.0,7.0,0.6371,1
22.1,0.0,64.0,7.0,0.6371,1
22.1,0.0,64.0,7.0,0.6371,1
22.1,0.0,64.0,7.0,0.6371,1
22.1,0.0,64.0,7.0,0.6371,1
22.1,0.0,64.0,7.0,0.6371,1
22.1,0.0,64.0,7.0,0.6371,1
22.1,0.0,64.0,7.0,0.6371,1
22.1,0.0,64.0,7.0,0.6371,1
22.1,0.0,64.0,7.0,0.6371,1
22.1,0.0,64.0,7.0,0.6371,1
22.1,0.0,64.0,7.0,0.6371,1
22.1,0.0,64.0,7.0,0.6371,1
22.1,0.0,64.0,7.0,0.6371,1
22.9,0.0,63.5,7.0,0.6548,1
22.9,0.0,63.5,7.0,0.6548,1
22.9,0.0,63.5,7.0,0.6548,1
22.9,0.0,63.5,7.0,0.6548,1
22.9,0.0,63.5,7.0,0.6548,1
22.9,0.0,63.5,7.0,0.6548,1
22.9,0.0,63.5,7.0,0.6548,1
22.9,0.0,63.5,7.0,0.6548,1
22.9,0.0,63.5,7.0,0.6548,1
22.9,0.0,63.5,7.0,0.6548,1
22.9,0.0,63.5,7.0,0.6548,1
17.9,0.0,92.2,7.0,0.1951,0
17.9,0.0,92.2,7.0,0.1951,0
17.9,0.0,92.2,7.0,0.1951,0
17.9,0.0,92.2,7.0,0.1902,1
16.9,0.0,92.2,7.0,0.1951,0
16.9,0.0,92.2,7.0,0.1951,0
17.9,0.0,92.2,7.0,0.1951,0
17.9,0.0,92.2,7.0,0.1951,0
17.9,0.0,92.2,7.0,0.1902,1
17.9,0.0,92.2,7.0,0.1902,1
22.3,0.0,61.4,7.0,0.0805,0
22.4,0.0,55.9,7.0,0.4706,0
21.3,0.0,38.2,7.0,0.1791,0
21.3,0.0,38.2,7.0,0.1642,1
21.3,0.0,38.2,7.0,0.1642,1
21.3,0.0,38.2,7.0,0.1791,0
21.3,0.0,38.2,7.0,0.1642,1
21.3,0.0,38.2,7.0,0.1791,0
21.3,0.0,78.8,7.0,0.2812,1
20.9,0.0,100.0,7.0,0.2636,1
22.3,0.0,61.4,7.0,0.0805,0
22.3,0.0,61.4,7.0,0.0805,0
22.3,0.0,61.4,7.0,0.0805,0
22.3,0.0,61.4,7.0,0.0805,0
22.3,0.0,61.4,7.0,0.0805,0
22.3,0.0,61.4,7.0,0.0805,0
22.7,0.0,100.0,7.0,0.0286,0
22.7,0.0,100.0,7.0,0.0286,0
22.7,0.0,100.0,7.0,0.0286,0
22.7,0.0,100.0,7.0,0.0286,0
22.5,0.0,76.9,7.0,0.7156,1
22.5,0.0,76.9,7.0,0.7156,1
22.5,0.0,76.9,7.0,0.7156,1
22.5,0.0,76.9,7.0,0.7156,1
22.5,0.0,76.9,7.0,0.7156,1
22.5,0.0,76.9,7.0,0.7156,1
22.5,0.0,76.9,7.0,0.7156,1
22.5,0.0,76.9,7.0,0.7156,1
22.5,0.0,76.9,7.0,0.7156,1
22.5,0.0,76.9,7.0,0.7156,1
22.5,0.0,76.9,7.0,0.7156,1
20.9,0.0,100.0,7.0,0.2636,1
22.5,0.0,76.9,7.0,0.7156,1
22.5,0.0,76.9,7.0,0.7156,1
20.8,0.0,100.0,7.0,0.2636,0
22.5,0.0,76.9,7.0,0.7156,1
22.5,0.0,76.9,7.0,0.7156,1
22.5,0.0,76.9,7.0,0.7156,1
16.7,0.0,100.0,7.0,0.2636,0
22.5,0.0,76.9,7.0,0.7163,0
22.5,0.0,76.9,7.0,0.7156,1
20.4,0.0,96.4,7.0,0.0734,0
22.5,0.0,76.9,7.0,0.7156,1
20.9,0.0,38.2,7.0,0.1791,0
17.7,0.0,46.7,7.0,0.2636,0
14.9,0.0,46.7,7.0,0.2636,1
22.5,0.0,76.9,7.0,0.7156,1
22.5,0.0,76.9,7.0,0.7156,1
21.3,0.0,38.2,7.0,0.1642,1
21.3,0.0,38.2,7.0,0.1791,0
20.4,0.0,96.4,7.0,0.0734,0
21.3,0.0,38.2,7.0,0.1791,0
21.3,0.0,38.2,7.0,0.1791,0
21.3,0.0,38.2,7.0,0.1791,0
21.3,0.0,38.2,7.0,0.1791,0
20.4,0.0,96.4,7.0,0.0734,0
20.9,0.0,100.0,7.0,0.2636,0
21.3,0.0,38.2,7.0,0.1791,0
20.9,0.0,100.0,7.0,0.2636,0
19.7,0.0,96.4,7.0,0.0734,0
16.0,0.0,38.2,7.0,0.1791,0
20.4,0.0,96.4,7.0,0.0642,1
19.7,0.0,96.4,7.0,0.0642,1
20.4,0.0,96.4,7.0,0.0734,0
20.8,0.0,86.7,7.0,0.2636,0
20.5,0.0,42.5,7.0,0.578,0
20.5,0.0,42.5,7.0,0.5723,1
20.5,0.0,42.5,7.0,0.5723,1
20.5,0.0,42.5,7.0,0.5723,1
20.5,0.0,42.5,7.0,0.5723,1
20.5,0.0,42.5,7.0,0.5723,1
20.5,0.0,42.5,7.0,0.578,0
19.9,0.0,32.0,7.0,0.2636,0
20.5,0.0,42.5,7.0,0.5723,1
20.5,0.0,42.5,7.0,0.5723,1
20.5,0.0,42.5,7.0,0.5723,1
20.5,0.0,42.5,7.0,0.578,0
20.5,0.0,42.5,7.0,0.578,0
20.5,0.0,42.5,7.0,0.5723,1
18.2,0.0,25.0,7.0,0.2636,0
21.3,0.0,95.0,7.0,0.1919,0
22.8,0.0,95.0,7.0,0.1818,1
22.1,0.0,64.0,7.0,0.6371,1
22.1,0.0,64.0,7.0,0.6371,1
22.8,0.0,95.0,7.0,0.1919,0
22.9,0.0,95.0,7.0,0.1818,1
22.9,0.0,95.0,7.0,0.1919,0
19.0,0.0,50.7,7.0,0.1515,0
14.0,0.0,50.7,7.0,0.1515,0
19.0,0.0,50.7,7.0,0.1515,0
19.0,0.0,50.7,7.0,0.1364,1
19.0,0.0,50.7,7.0,0.1515,0
15.6,0.0,50.7,7.0,0.1515,0
20.1,0.0,97.1,7.0,0.3824,0
20.1,0.0,97.1,7.0,0.3824,0
20.1,0.0,97.1,7.0,0.3824,0
20.1,0.0,97.1,7.0,0.3529,1
20.2,0.0,97.1,7.0,0.3824,0
20.1,0.0,97.1,7.0,0.3824,0
20.2,0.0,97.1,7.0,0.3824,0
20.2,0.0,97.1,7.0,0.3824,0
20.1,0.0,97.1,7.0,0.3529,1
20.2,0.0,97.1,7.0,0.3824,0
20.2,0.0,97.1,7.0,0.3824,0
20.2,0.0,97.1,7.0,0.3824,0
20.2,0.0,97.1,7.0,0.3824,0
20.2,0.0,97.1,7.0,0.3824,0
20.2,0.0,97.1,7.0,0.3824,0
20.2,0.0,97.1,7.0,0.3824,0
20.1,0.0,97.1,7.0,0.3529,1
20.1,0.0,97.1,7.0,0.3529,1
20.1,0.0,97.1,7.0,0.3529,1
20.2,0.0,97.1,7.0,0.3529,1
20.2,0.0,97.1,7.0,0.3529,1
20.2,0.0,97.1,7.0,0.3529,1
20.2,0.0,97.1,7.0,0.3529,1
20.2,0.0,97.1,7.0,0.3529,1
20.2,0.0,97.1,7.0,0.3529,1
20.1,0.0,97.1,7.0,0.3529,1
17.8,0.0,95.5,7.0,0.2636,0
21.4,0.0,32.0,7.0,0.2636,1
21.4,0.0,32.0,7.0,0.2636,0
20.5,0.0,42.5,7.0,0.5723,1
20.5,0.0,42.5,7.0,0.5723,1
20.5,0.0,42.5,7.0,0.5723,1
20.5,0.0,42.5,7.0,0.5723,1
20.5,0.0,42.5,7.0,0.5723,1
20.5,0.0,42.5,7.0,0.5723,1
20.5,0.0,42.5,7.0,0.5723,1
20.5,0.0,42.5,7.0,0.5723,1
20.4,0.0,96.4,7.0,0.0734,0
19.7,0.0,96.4,7.0,0.0734,0
20.4,0.0,96.4,7.0,0.0734,0
20.4,0.0,96.4,7.0,0.0734,0
20.4,0.0,96.4,7.0,0.0734,0
20.4,0.0,96.4,7.0,0.0734,0
22.1,0.0,65.0,7.0,0.6263,0
20.4,0.0,96.4,7.0,0.0734,0
21.5,0.0,65.0,7.0,0.6263,0
21.1,0.0,45.5,7.0,0.2636,1
20.4,0.0,96.4,7.0,0.0642,1
20.4,0.0,96.4,7.0,0.0734,0
20.4,0.0,96.4,7.0,0.0734,0
20.4,0.0,96.4,7.0,0.0734,0
20.4,0.0,96.4,7.0,0.0734,0
20.4,0.0,96.4,7.0,0.0734,0
19.7,0.0,96.4,7.0,0.0734,0
23.1,0.0,98.2,7.0,0.0228,0
20.4,0.0,96.4,7.0,0.0734,0
23.1,0.0,98.2,7.0,0.0228,0
21.0,0.0,65.0,7.0,0.6162,1
23.1,0.0,98.2,7.0,0.0228,0
20.4,0.0,96.4,7.0,0.0734,0
23.1,0.0,98.2,7.0,0.0228,0
22.1,0.0,45.5,7.0,0.2636,1
20.4,0.0,96.4,7.0,0.0734,0
19.7,0.0,96.4,7.0,0.0734,0
20.4,0.0,96.4,7.0,0.0734,0
19.7,0.0,96.4,7.0,0.0734,0
19.7,0.0,96.4,7.0,0.0734,0
20.8,0.0,86.7,7.0,0.2636,0
20.8,0.0,86.7,7.0,0.2636,1
22.5,0.0,76.9,7.0,0.7156,1
22.5,0.0,76.9,7.0,0.7156,1
22.5,0.0,76.9,7.0,0.7156,1
22.5,0.0,76.9,7.0,0.7156,1
22.5,0.0,76.9,7.0,0.7156,1
22.5,0.0,76.9,7.0,0.7156,1
22.5,0.0,76.9,7.0,0.7156,1
22.5,0.0,76.9,7.0,0.7156,1
22.5,0.0,76.9,7.0,0.7156,1
22.5,0.0,76.9,7.0,0.7156,1
22.5,0.0,76.9,7.0,0.7156,1
22.5,0.0,76.9,7.0,0.7156,1
22.5,0.0,76.9,7.0,0.7156,1
22.5,0.0,76.9,7.0,0.7156,1
20.8,0.0,86.7,7.0,0.2636,1
20.8,0.0,86.7,7.0,0.2636,0
20.0,0.0,86.7,7.0,0.2636,0
20.0,0.0,86.7,7.0,0.2636,0
20.4,0.0,96.4,7.0,0.0734,0
22.5,0.0,76.9,7.0,0.7156,1
22.5,0.0,76.9,7.0,0.7156,1
22.5,0.0,76.9,7.0,0.7156,1
22.5,0.0,76.9,7.0,0.7156,1
22.5,0.0,76.9,7.0,0.7156,1
22.5,0.0,76.9,7.0,0.7156,1
19.7,0.0,96.4,7.0,0.0734,0
20.4,0.0,96.4,7.0,0.0734,0
20.4,0.0,96.4,7.0,0.0734,0
14.4,0.0,96.4,7.0,0.0734,0
20.4,0.0,96.4,7.0,0.0734,0
20.7,0.0,86.7,7.0,0.2636,0
20.8,0.0,86.7,7.0,0.2636,0
22.1,0.0,45.5,7.0,0.2636,0
20.4,0.0,96.4,7.0,0.0734,0
20.4,0.0,96.4,7.0,0.0734,0
20.8,0.0,86.7,7.0,0.2636,0
20.4,0.0,96.4,7.0,0.0734,0
22.1,0.0,45.5,7.0,0.2636,0
19.7,0.0,96.4,7.0,0.0734,0
16.1,0.0,73.7,7.0,0.2636,1
20.4,0.0,96.4,7.0,0.0734,0
20.4,0.0,96.4,7.0,0.0734,0
20.4,0.0,96.4,7.0,0.0734,0
20.1,0.0,28.6,7.0,0.1458,1
17.6,0.0,28.6,7.0,0.1667,0
17.6,0.0,28.6,7.0,0.1667,0
14.0,0.0,28.6,7.0,0.1667,0
20.1,0.0,28.6,7.0,0.1667,0
17.6,0.0,28.6,7.0,0.1667,0
20.1,0.0,28.6,7.0,0.1458,1
17.6,0.0,28.6,7.0,0.1667,0
17.6,0.0,28.6,7.0,0.1667,0
17.6,0.0,28.6,7.0,0.1667,0
20.1,0.0,28.6,7.0,0.1667,0
20.1,0.0,28.6,7.0,0.1667,0
17.6,0.0,28.6,7.0,0.1667,0
20.1,0.0,28.6,7.0,0.1667,0
20.8,0.0,86.7,7.0,0.2636,0
20.8,0.0,100.0,7.0,0.2636,0
16.1,0.0,73.7,7.0,0.2636,1
20.4,0.0,96.4,7.0,0.0734,0
16.4,0.0,51.8,7.0,0.5091,1
16.4,0.0,51.8,7.0,0.5091,1
18.7,0.0,49.0,7.0,0.3289,0
12.2,0.0,49.0,7.0,0.3224,1
20.0,0.0,49.0,7.0,0.3289,0
20.0,0.0,49.0,7.0,0.3224,1
16.2,0.0,26.3,7.0,0.2432,0
16.2,0.0,26.3,7.0,0.2432,0
16.2,0.0,26.3,7.0,0.2432,0
16.2,0.0,26.3,7.0,0.2432,0
16.2,0.0,26.3,7.0,0.2432,0
16.2,0.0,26.3,7.0,0.2432,0
13.2,0.0,26.3,7.0,0.2432,0
16.2,0.0,26.3,7.0,0.2432,0
16.2,0.0,26.3,7.0,0.2432,0
16.2,0.0,26.3,7.0,0.2162,1
16.2,0.0,26.3,7.0,0.2432,0
16.2,0.0,26.3,7.0,0.2432,0
16.2,0.0,26.3,7.0,0.2432,0
13.2,0.0,26.3,7.0,0.2432,0
16.2,0.0,26.3,7.0,0.2432,0
20.2,0.0,56.0,7.0,0.2256,0
20.2,0.0,56.0,7.0,0.2256,0
20.2,0.0,56.0,7.0,0.2256,0
20.2,0.0,56.0,7.0,0.2256,0
20.2,0.0,56.0,7.0,0.2256,0
18.1,0.0,56.0,7.0,0.2256,0
18.1,0.0,56.0,7.0,0.2256,0
18.1,0.0,56.0,7.0,0.2256,0
18.1,0.0,56.0,7.0,0.2256,0
18.1,0.0,56.0,7.0,0.218,1
18.1,0.0,56.0,7.0,0.218,1
18.1,0.0,56.0,7.0,0.2256,0
18.1,0.0,56.0,7.0,0.218,1
18.1,0.0,56.0,7.0,0.2256,0
18.1,0.0,56.0,7.0,0.2256,0
18.1,0.0,56.0,7.0,0.2256,0
18.1,0.0,56.0,7.0,0.2256,0
18.1,0.0,56.0,7.0,0.2256,0
18.1,0.0,56.0,7.0,0.2256,0
18.1,0.0,56.0,7.0,0.2256,0
18.1,0.0,56.0,7.0,0.2256,0
18.1,0.0,56.0,7.0,0.2256,0
18.1,0.0,56.0,7.0,0.2256,0
18.1,0.0,56.0,7.0,0.218,1
18.1,0.0,56.0,7.0,0.218,1
18.1,0.0,56.0,7.0,0.218,1
18.1,0.0,56.0,7.0,0.2256,0
18.1,0.0,56.0,7.0,0.218,1
18.1,0.0,56.0,7.0,0.2256,0
18.1,0.0,56.0,7.0,0.2256,0
18.1,0.0,56.0,7.0,0.2256,0
18.1,0.0,56.0,7.0,0.2256,0
18.1,0.0,56.0,7.0,0.2256,0
18.1,0.0,56.0,7.0,0.2256,0
18.1,0.0,56.0,7.0,0.2256,0
18.1,0.0,56.0,7.0,0.218,1
18.1,0.0,56.0,7.0,0.218,1
18.1,0.0,56.0,7.0,0.218,1
18.1,0.0,56.0,7.0,0.2256,0
14.1,0.0,50.0,7.0,0.0286,0
13.8,0.0,50.0,7.0,0.0286,0
15.6,0.0,50.0,8.0,0.0,1
15.8,0.0,50.0,8.0,0.0286,0
17.8,0.0,50.0,8.0,0.0286,0
13.1,0.0,50.0,7.0,0.0286,0
20.2,0.0,56.0,7.0,0.2256,0
20.2,0.0,56.0,7.0,0.2256,0
20.2,0.0,56.0,7.0,0.2256,0
20.2,0.0,56.0,7.0,0.2256,0
20.2,0.0,56.0,7.0,0.2256,0
20.2,0.0,56.0,7.0,0.2256,0
20.2,0.0,56.0,7.0,0.2256,0
20.2,0.0,56.0,7.0,0.2256,0
20.2,0.0,56.0,7.0,0.218,1
20.2,0.0,56.0,7.0,0.2256,0
20.2,0.0,56.0,7.0,0.2256,0
20.2,0.0,56.0,7.0,0.2256,0
20.2,0.0,56.0,7.0,0.2256,0
15.4,0.0,5.1,7.0,0.6316,0
15.4,0.0,5.1,7.0,0.6316,0
14.5,0.0,5.1,7.0,0.6316,0
20.9,0.0,93.2,7.0,0.0603,0
20.9,0.0,93.2,7.0,0.0603,0
20.9,0.0,93.2,7.0,0.0603,0
21.1,0.0,93.2,7.0,0.0603,0
21.1,0.0,93.2,7.0,0.0603,0
21.1,0.0,93.2,7.0,0.0603,0
20.9,0.0,93.2,7.0,0.0603,0
21.1,0.0,93.2,7.0,0.0603,0
21.1,0.0,93.2,7.0,0.0603,0
21.1,0.0,93.2,7.0,0.0603,0
21.1,0.0,93.2,7.0,0.0603,0
20.9,0.0,93.2,7.0,0.0603,0
21.2,0.0,93.2,7.0,0.0603,0
21.2,0.0,93.2,7.0,0.0603,0
20.9,0.0,93.2,7.0,0.0603,0
21.2,0.0,93.2,7.0,0.0603,0
21.2,0.0,93.2,7.0,0.0603,0
21.2,0.0,93.2,7.0,0.0603,0
21.2,0.0,93.2,7.0,0.0603,0
21.2,0.0,93.2,7.0,0.0603,0
21.2,0.0,93.2,7.0,0.0603,0
21.2,0.0,93.2,7.0,0.0603,0
21.2,0.0,93.2,7.0,0.0603,0
21.2,0.0,93.2,7.0,0.0603,0
21.2,0.0,93.2,7.0,0.0603,0
21.2,0.0,93.2,7.0,0.0603,0
17.0,0.0,22.7,8.0,0.8308,1
17.0,0.0,22.7,7.0,0.8308,1
17.0,0.0,22.7,7.0,0.8308,1
17.0,0.0,22.7,7.0,0.8308,1
17.0,0.0,22.7,7.0,0.8308,1
19.7,0.0,97.5,7.0,0.019,0
19.7,0.0,97.5,7.0,0.019,0
17.0,0.0,22.7,7.0,0.8308,1
17.0,0.0,22.7,7.0,0.8308,1
17.0,0.0,22.7,7.0,0.8308,1
13.3,0.0,22.7,7.0,0.8308,1
18.7,0.0,22.7,7.0,0.8462,0
18.7,0.0,22.7,7.0,0.8308,1
18.7,0.0,22.7,7.0,0.8308,1
20.0,0.0,25.5,7.0,0.2639,1
20.0,0.0,25.5,7.0,0.2708,0
20.0,0.0,25.5,7.0,0.2639,1
20.0,0.0,25.5,7.0,0.2639,1
20.0,0.0,25.5,7.0,0.2708,0
20.0,0.0,25.5,7.0,0.2708,0
20.0,0.0,25.5,7.0,0.2708,0
17.0,0.0,22.7,7.0,0.8462,0
17.0,0.0,22.7,7.0,0.8308,1
17.0,0.0,22.7,7.0,0.8308,1
13.3,0.0,22.7,7.0,0.8308,1
17.0,0.0,22.7,7.0,0.8308,1
13.1,0.0,22.7,7.0,0.8308,1
17.0,0.0,22.7,7.0,0.8308,1
13.3,0.0,22.7,7.0,0.8308,1
20.0,0.0,25.5,7.0,0.2639,1
13.3,0.0,22.7,7.0,0.8308,1
13.3,0.0,22.7,7.0,0.8308,1
17.6,0.0,25.5,7.0,0.2708,0
17.6,0.0,25.5,7.0,0.2708,0
17.6,0.0,25.5,7.0,0.2639,1
17.6,0.0,25.5,7.0,0.2639,1
17.6,0.0,25.5,7.0,0.2639,1
17.6,0.0,25.5,7.0,0.2639,1
21.1,0.0,43.9,7.0,0.1546,0
21.1,0.0,43.9,7.0,0.1546,0
21.1,0.0,43.9,7.0,0.1546,0
21.1,0.0,43.9,7.0,0.1546,0
21.1,0.0,43.9,7.0,0.1546,0
21.1,0.0,43.9,7.0,0.1546,0
21.1,0.0,43.9,7.0,0.1546,0
21.1,0.0,43.9,7.0,0.1546,0
21.1,0.0,43.9,7.0,0.1546,0
17.0,0.0,22.7,7.0,0.8462,0
17.0,0.0,22.7,7.0,0.8308,1
17.0,0.0,22.7,7.0,0.8308,1
17.0,0.0,22.7,7.0,0.8308,1
17.0,0.0,22.7,7.0,0.8308,1
17.0,0.0,22.7,7.0,0.8308,1
17.0,0.0,22.7,7.0,0.8308,1
17.0,0.0,22.7,7.0,0.8308,1
17.0,0.0,22.7,7.0,0.8308,1
17.0,0.0,22.7,7.0,0.8462,0
15.6,0.0,26.3,7.0,0.2162,1
15.6,0.0,26.3,7.0,0.2432,0
15.6,0.0,26.3,7.0,0.2432,0
15.6,0.0,26.3,7.0,0.2432,0
15.6,0.0,26.3,7.0,0.2432,0
15.6,0.0,26.3,7.0,0.2432,0
15.6,0.0,26.3,7.0,0.2432,0
15.6,0.0,26.3,7.0,0.2432,0
15.6,0.0,26.3,7.0,0.2432,0
22.1,0.0,65.0,7.0,0.6263,0
21.1,0.0,43.9,7.0,0.1546,0
21.1,0.0,43.9,7.0,0.1546,0
21.1,0.0,43.9,7.0,0.1546,0
21.1,0.0,43.9,7.0,0.1546,0
21.1,0.0,43.9,7.0,0.1546,0
21.1,0.0,43.9,7.0,0.1546,0
21.1,0.0,43.9,7.0,0.1546,0
21.1,0.0,43.9,7.0,0.1546,0
22.1,0.0,65.0,7.0,0.6263,0
22.1,0.0,64.0,7.0,0.6371,1
22.1,0.0,64.0,7.0,0.6371,1
22.1,0.0,64.0,7.0,0.6371,1
22.1,0.0,64.0,7.0,0.6371,1
20.8,0.0,100.0,7.0,0.0,0
20.8,0.0,100.0,7.0,0.0,0
20.8,0.0,100.0,7.0,0.0,0
20.8,0.0,100.0,7.0,0.0,0
20.8,0.0,100.0,7.0,0.0,0
20.8,0.0,100.0,7.0,0.0,0
17.0,0.0,22.7,7.0,0.8308,1
17.0,0.0,22.7,7.0,0.8308,1
17.0,0.0,22.7,7.0,0.8462,0
17.0,0.0,22.7,7.0,0.8462,0
13.3,0.0,22.7,7.0,0.8308,1
17.0,0.0,22.7,7.0,0.8462,0
17.0,0.0,22.7,7.0,0.8308,1
16.9,0.0,22.7,7.0,0.8462,0
17.0,0.0,22.7,7.0,0.8308,1
17.0,0.0,22.7,7.0,0.8308,1
17.0,0.0,22.7,7.0,0.8462,0
17.0,0.0,22.7,7.0,0.8308,1
17.0,0.0,22.7,7.0,0.8462,0
17.0,0.0,22.7,7.0,0.8308,1
20.5,0.0,25.5,7.0,0.2639,1
20.5,0.0,25.5,7.0,0.2708,0
20.5,0.0,25.5,7.0,0.2708,0
20.5,0.0,25.5,7.0,0.2708,0
20.5,0.0,25.5,7.0,0.2639,1
20.5,0.0,25.5,7.0,0.2708,0
20.5,0.0,25.5,7.0,0.2708,0
20.5,0.0,25.5,7.0,0.2708,0
20.5,0.0,25.5,7.0,0.2708,0
20.5,0.0,25.5,7.0,0.2708,0
20.5,0.0,25.5,7.0,0.2708,0
20.5,0.0,25.5,7.0,0.2708,0
20.5,0.0,25.5,7.0,0.2708,0
20.5,0.0,25.5,7.0,0.2708,0
20.5,0.0,25.5,7.0,0.2708,0
20.5,0.0,25.5,7.0,0.2639,1
20.5,0.0,25.5,7.0,0.2708,0
20.5,0.0,25.5,7.0,0.2708,0
20.5,0.0,25.5,7.0,0.2708,0
20.5,0.0,25.5,7.0,0.2708,0
20.5,0.0,25.5,7.0,0.2708,0
13.3,0.0,22.7,7.0,0.8308,1
20.4,0.0,51.8,7.0,0.5273,0
20.4,0.0,51.8,7.0,0.5273,0
20.4,0.0,51.8,7.0,0.5273,0
20.4,0.0,51.8,7.0,0.5273,0
19.7,0.0,97.5,7.0,0.019,0
19.7,0.0,97.5,7.0,0.019,0
21.1,0.0,78.7,7.0,0.1964,0
21.1,0.0,78.7,7.0,0.1964,0
21.1,0.0,78.7,7.0,0.1964,0
21.1,0.0,78.7,7.0,0.1964,0
21.1,0.0,43.9,7.0,0.1546,0
21.1,0.0,43.9,7.0,0.1443,1
21.1,0.0,43.9,7.0,0.1443,1
21.1,0.0,43.9,7.0,0.1443,1
21.1,0.0,43.9,7.0,0.1546,0
21.1,0.0,43.9,7.0,0.1546,0
21.1,0.0,43.9,7.0,0.1443,1
21.1,0.0,43.9,7.0,0.1443,1
21.1,0.0,43.9,7.0,0.1443,1
21.1,0.0,43.9,7.0,0.1443,1
21.1,0.0,43.9,7.0,0.1443,1
21.1,0.0,43.9,7.0,0.1443,1
21.1,0.0,43.9,7.0,0.1443,1
21.1,0.0,43.9,7.0,0.1443,1
21.1,0.0,43.9,7.0,0.1443,1
20.2,0.0,56.0,7.0,0.2256,0
18.1,0.0,56.0,7.0,0.2256,0
18.1,0.0,56.0,7.0,0.2256,0
18.1,0.0,56.0,7.0,0.2256,0
18.1,0.0,56.0,7.0,0.2256,0
18.1,0.0,56.0,7.0,0.2256,0
18.1,0.0,56.0,7.0,0.2256,0
18.1,0.0,56.0,7.0,0.2256,0
18.1,0.0,56.0,7.0,0.2256,0
20.5,0.0,25.5,7.0,0.2708,0
20.5,0.0,25.5,7.0,0.2708,0
20.5,0.0,25.5,7.0,0.2639,1
20.5,0.0,25.5,7.0,0.2708,0
20.5,0.0,25.5,7.0,0.2639,1
20.5,0.0,25.5,7.0,0.2639,1
17.9,0.0,25.5,7.0,0.2639,1
17.9,0.0,25.5,7.0,0.2708,0
17.9,0.0,25.5,7.0,0.2708,0
21.5,0.0,76.9,7.0,0.7156,1
21.5,0.0,76.9,7.0,0.7156,1
21.5,0.0,76.9,7.0,0.7156,1
14.9,0.0,25.5,7.0,0.2708,0
21.5,0.0,76.9,7.0,0.7156,1
21.5,0.0,76.9,7.0,0.7156,1
21.5,0.0,76.9,7.0,0.7156,1
21.5,0.0,76.9,7.0,0.7156,1
21.5,0.0,76.9,7.0,0.7163,0
21.5,0.0,76.9,7.0,0.7156,1
21.5,0.0,76.9,7.0,0.7156,1
21.5,0.0,76.9,7.0,0.7156,1
19.4,0.0,25.5,7.0,0.2639,1
19.4,0.0,25.5,7.0,0.2639,1
19.4,0.0,25.5,7.0,0.2708,0
19.4,0.0,25.5,7.0,0.2639,1
15.1,0.0,25.5,7.0,0.2708,0
20.2,0.0,25.5,7.0,0.2639,1
21.5,0.0,76.9,7.0,0.7156,1
21.5,0.0,76.9,7.0,0.7156,1
21.5,0.0,76.9,7.0,0.7156,1
20.3,0.0,49.0,7.0,0.3224,1
20.3,0.0,49.0,7.0,0.3224,1
20.3,0.0,49.0,7.0,0.3224,1
20.3,0.0,49.0,7.0,0.3224,1
20.3,0.0,49.0,7.0,0.3224,1
20.3,0.0,49.0,7.0,0.3224,1
20.3,0.0,49.0,7.0,0.3224,1
21.5,0.0,76.9,7.0,0.7156,1
21.5,0.0,76.9,7.0,0.7156,1
21.5,0.0,76.9,7.0,0.7156,1
21.5,0.0,76.9,7.0,0.7156,1
21.5,0.0,76.9,7.0,0.7156,1
20.3,0.0,49.0,7.0,0.3224,1
20.3,0.0,49.0,7.0,0.3224,1
21.5,0.0,76.9,7.0,0.7156,1
20.3,0.0,49.0,7.0,0.3224,1
21.5,0.0,76.9,7.0,0.7156,1
21.5,0.0,76.9,7.0,0.7156,1
20.3,0.0,49.0,7.0,0.3224,1
21.5,0.0,76.9,7.0,0.7156,1
20.3,0.0,100.0,7.0,0.2636,0
20.3,0.0,100.0,7.0,0.2636,0
20.2,0.0,100.0,7.0,0.2636,1
18.8,0.0,100.0,7.0,0.2636,0
18.8,0.0,100.0,7.0,0.2636,0
20.2,0.0,97.1,7.0,0.3824,0
20.2,0.0,97.1,7.0,0.3824,0
20.2,0.0,97.1,7.0,0.3824,0
20.2,0.0,97.1,7.0,0.3824,0
17.2,0.0,100.0,7.0,0.2636,0
17.2,0.0,100.0,7.0,0.2636,0
17.2,0.0,100.0,7.0,0.2636,0
17.2,0.0,100.0,7.0,0.2636,0
16.9,0.0,100.0,7.0,0.2636,0
16.9,0.0,100.0,7.0,0.2636,0
17.2,0.0,100.0,7.0,0.2636,0
16.9,0.0,100.0,7.0,0.2636,0
16.9,0.0,100.0,7.0,0.2636,0
19.3,0.0,100.0,7.0,0.2636,0
19.3,0.0,100.0,7.0,0.2636,0
19.3,0.0,100.0,7.0,0.2636,0
19.3,0.0,100.0,7.0,0.2636,0
19.3,0.0,100.0,7.0,0.2636,0
19.3,0.0,100.0,7.0,0.2636,0
19.3,0.0,100.0,7.0,0.2636,0
19.1,0.0,100.0,7.0,0.2636,0
19.1,0.0,100.0,7.0,0.2636,0
19.1,0.0,100.0,7.0,0.2636,0
19.1,0.0,100.0,7.0,0.2636,0
19.1,0.0,100.0,7.0,0.2636,0
19.1,0.0,100.0,7.0,0.2636,0
19.1,0.0,100.0,7.0,0.2636,0
19.1,0.0,100.0,7.0,0.2636,0
19.1,0.0,100.0,7.0,0.2636,0
19.3,0.0,100.0,7.0,0.2636,0
19.3,0.0,100.0,7.0,0.2636,0
19.3,0.0,100.0,7.0,0.2636,1
17.9,0.0,95.5,7.0,0.2636,0
19.4,0.0,25.5,7.0,0.2708,0
15.1,0.0,25.5,7.0,0.2708,0
15.1,0.0,25.5,7.0,0.2639,1
19.4,0.0,25.5,7.0,0.2708,0
15.1,0.0,25.5,7.0,0.2708,0
15.1,0.0,25.5,7.0,0.2708,0
20.4,0.0,25.5,7.0,0.2708,0
20.4,0.0,25.5,7.0,0.2639,1
20.4,0.0,25.5,7.0,0.2639,1
20.4,0.0,25.5,7.0,0.2708,0
20.4,0.0,25.5,7.0,0.2639,1
19.2,0.0,25.5,7.0,0.2639,1
20.4,0.0,25.5,7.0,0.2639,1
20.4,0.0,25.5,7.0,0.2708,0
14.7,0.0,25.5,7.0,0.2708,0
14.7,0.0,25.5,7.0,0.2708,0
20.3,0.0,49.0,7.0,0.3224,1
20.3,0.0,49.0,7.0,0.3224,1
20.3,0.0,49.0,7.0,0.3224,1
20.3,0.0,49.0,7.0,0.3224,1
20.3,0.0,49.0,7.0,0.3224,1
20.3,0.0,49.0,7.0,0.3289,0
20.3,0.0,49.0,7.0,0.3224,1
20.3,0.0,49.0,7.0,0.3224,1
20.3,0.0,49.0,7.0,0.3224,1
20.3,0.0,49.0,7.0,0.3224,1
20.3,0.0,49.0,7.0,0.3224,1
20.3,0.0,49.0,7.0,0.3224,1
20.3,0.0,49.0,7.0,0.3289,0
20.3,0.0,49.0,7.0,0.3224,1
20.3,0.0,49.0,7.0,0.3224,1
20.3,0.0,49.0,7.0,0.3224,1
20.3,0.0,49.0,7.0,0.3224,1
20.3,0.0,49.0,7.0,0.3224,1
20.3,0.0,49.0,7.0,0.3224,1
20.3,0.0,49.0,7.0,0.3224,1
20.3,0.0,49.0,7.0,0.3224,1
20.3,0.0,49.0,7.0,0.3224,1
20.3,0.0,49.0,7.0,0.3224,1
14.5,0.0,49.0,7.0,0.3289,0
20.5,0.0,88.3,7.0,0.2235,0
20.5,0.0,88.3,7.0,0.2235,0
20.5,0.0,88.3,7.0,0.2235,0
20.5,0.0,88.3,7.0,0.2235,0
20.2,0.0,88.3,7.0,0.2235,0
20.2,0.0,88.3,7.0,0.2235,0
20.6,0.0,73.7,7.0,0.2636,0
20.6,0.0,73.7,7.0,0.2636,0
20.5,0.0,88.3,7.0,0.2235,0
20.5,0.0,88.3,7.0,0.2235,0
20.2,0.0,88.3,7.0,0.2235,0
20.2,0.0,88.3,7.0,0.2235,0
20.5,0.0,88.3,7.0,0.2235,0
20.5,0.0,88.3,7.0,0.2235,0
21.8,0.0,85.7,7.0,0.1351,1
21.8,0.0,85.7,7.0,0.1351,1
21.8,0.0,85.7,7.0,0.1351,1
21.8,0.0,55.9,7.0,0.4652,1
20.5,0.0,55.9,7.0,0.4706,0
20.5,0.0,55.9,7.0,0.4652,1
18.7,0.0,55.9,7.0,0.4652,1
18.7,0.0,55.9,7.0,0.4706,0
18.7,0.0,55.9,7.0,0.4706,0
21.8,0.0,55.9,7.0,0.4706,0
16.3,0.0,22.7,7.0,0.8462,0
17.0,0.0,22.7,7.0,0.8308,1
13.3,0.0,22.7,7.0,0.8308,1
18.6,0.0,86.4,7.0,0.0887,0
18.6,0.0,86.4,7.0,0.0887,0
18.6,0.0,86.4,7.0,0.0887,0
18.6,0.0,86.4,7.0,0.0806,1
21.0,0.0,100.0,7.0,0.1,0
18.7,0.0,69.1,7.0,0.123,0
18.7,0.0,69.1,7.0,0.123,0
18.7,0.0,69.1,7.0,0.123,0
18.7,0.0,69.1,7.0,0.123,0
21.6,0.0,88.3,7.0,0.2176,1
21.6,0.0,88.3,7.0,0.2176,1
18.7,0.0,69.1,7.0,0.123,0
18.7,0.0,69.1,7.0,0.123,0
18.7,0.0,69.1,7.0,0.123,0
20.3,0.0,41.2,7.0,0.2121,0
22.0,0.0,51.9,7.0,0.3774,0
21.6,0.0,92.1,7.0,0.0667,0
18.7,0.0,69.1,7.0,0.123,0
18.7,0.0,69.1,7.0,0.123,0
18.7,0.0,69.1,7.0,0.123,0
22.9,0.0,95.3,7.0,0.0,0
22.9,0.0,95.3,7.0,0.0,0
21.6,0.0,92.1,7.0,0.0667,0
21.6,0.0,92.1,7.0,0.0667,0
22.2,0.0,51.9,7.0,0.3774,0
22.2,0.0,51.9,7.0,0.3774,0
12.5,2.0,95.3,7.0,0.0,0
21.6,0.0,92.1,7.0,0.0667,0
21.6,0.0,92.1,7.0,0.0667,0
22.5,0.0,98.2,7.0,0.0228,0
18.7,0.0,69.1,7.0,0.123,0
18.7,0.0,69.1,7.0,0.123,0
18.7,0.0,69.1,7.0,0.123,0
22.8,0.0,98.2,7.0,0.0228,0
22.8,0.0,98.2,7.0,0.0228,0
22.8,0.0,98.2,7.0,0.0228,0
21.0,0.0,82.4,7.0,0.0778,0
22.8,0.0,98.2,7.0,0.0228,0
22.8,0.0,98.2,7.0,0.0228,0
18.7,0.0,69.1,7.0,0.123,0
18.7,0.0,69.1,7.0,0.123,0
18.7,0.0,69.1,7.0,0.123,0
18.7,0.0,69.1,7.0,0.123,0
18.7,0.0,69.1,7.0,0.123,0
18.7,0.0,69.1,7.0,0.123,0
18.7,0.0,69.1,7.0,0.123,0
21.0,0.0,82.4,7.0,0.0778,0
21.0,0.0,82.4,7.0,0.0778,0
21.0,0.0,82.4,7.0,0.0778,0
21.0,0.0,82.4,7.0,0.0778,0
20.1,0.0,51.9,7.0,0.2636,0
20.1,0.0,51.9,7.0,0.2636,0
20.1,0.0,51.9,7.0,0.2636,0
20.1,0.0,51.9,7.0,0.2636,0
20.1,0.0,51.9,7.0,0.2636,0
20.1,0.0,51.9,7.0,0.2636,0
23.0,0.0,98.2,7.0,0.0228,0
22.9,0.0,98.2,7.0,0.0228,0
22.9,0.0,93.2,7.0,0.0855,0
22.9,0.0,93.2,7.0,0.0855,0
17.4,0.0,93.2,7.0,0.0855,0
22.5,0.0,93.2,7.0,0.0769,1
21.6,0.0,100.0,8.0,0.2636,1
21.9,0.0,100.0,7.0,0.2636,0
22.2,0.0,100.0,7.0,0.2636,1
22.5,0.0,98.2,7.0,0.0228,0
22.4,0.0,98.2,7.0,0.0228,0
21.3,0.0,61.9,7.0,0.3855,0
20.3,0.0,61.3,7.0,0.3919,0
21.8,0.0,86.1,7.0,0.2286,0
21.8,0.0,86.1,7.0,0.2286,0
22.3,0.0,94.0,7.0,0.0,0
22.1,0.0,100.0,7.0,0.0,0
22.1,0.0,100.0,7.0,0.0,0
15.1,0.0,89.2,7.0,0.0978,0
15.1,0.0,89.2,7.0,0.0978,0
16.3,0.0,89.2,7.0,0.0978,0
16.3,0.0,89.2,7.0,0.0978,0
12.7,0.0,64.4,7.0,0.3483,0
19.3,0.0,64.4,7.0,0.3483,0
19.3,0.0,64.4,7.0,0.3483,0
19.0,0.0,30.0,9.0,0.2516,0
20.8,0.0,37.5,7.0,0.2636,0
21.3,0.0,57.9,7.0,0.4286,0
16.9,0.0,64.4,7.0,0.3483,0
20.8,0.0,37.5,7.0,0.2636,0
20.8,0.0,37.5,7.0,0.2636,0
21.3,0.0,57.9,7.0,0.4286,0
21.3,0.0,57.9,7.0,0.4107,1
21.3,0.0,57.9,7.0,0.4107,1
21.3,0.0,57.9,7.0,0.4107,1
21.3,0.0,57.9,7.0,0.4107,1
21.3,0.0,57.9,7.0,0.4107,1
21.3,0.0,57.9,7.0,0.4107,1
20.7,0.0,90.8,7.0,0.1406,0
20.8,0.0,90.8,7.0,0.1406,0
21.3,0.0,57.9,7.0,0.4107,1
20.8,0.0,37.5,7.0,0.2636,0
20.8,0.0,37.5,7.0,0.2636,0
22.9,0.0,62.5,8.0,0.2636,0
20.8,0.0,37.5,7.0,0.2636,0
15.9,0.0,70.4,8.0,0.2636,0
21.7,0.0,68.6,7.0,0.1739,0
21.7,0.0,68.6,7.0,0.1739,0
21.3,0.0,68.6,7.0,0.1594,1
21.2,0.0,68.6,7.0,0.1739,0
21.2,0.0,68.6,7.0,0.1739,0
21.3,0.0,68.6,7.0,0.1739,0
21.3,0.0,68.6,7.0,0.1739,0
21.8,0.0,68.6,7.0,0.1739,0
21.8,0.0,68.6,7.0,0.1739,0
21.1,0.0,66.7,7.0,0.2636,1
15.3,0.0,91.2,7.0,0.0606,0
17.0,0.0,91.2,7.0,0.0606,0
21.2,0.0,68.6,7.0,0.1739,0
20.9,0.0,68.6,7.0,0.1739,0
21.3,0.0,68.6,7.0,0.1739,0
19.0,0.0,40.0,7.0,0.4557,1
21.5,0.0,76.9,7.0,0.7156,1
21.5,0.0,76.9,7.0,0.7156,1
21.5,0.0,76.9,7.0,0.7156,1
21.5,0.0,76.9,7.0,0.7156,1
21.5,0.0,76.9,7.0,0.7156,1
21.5,0.0,76.9,7.0,0.7156,1
21.5,0.0,76.9,7.0,0.7156,1
21.5,0.0,76.9,7.0,0.7156,1
21.5,0.0,76.9,7.0,0.7156,1
21.5,0.0,76.9,7.0,0.7156,1
21.5,0.0,76.9,7.0,0.7156,1
21.5,0.0,76.9,7.0,0.7156,1
21.5,0.0,76.9,7.0,0.7156,1
20.0,0.0,88.3,7.0,0.2176,1
21.3,0.0,62.9,7.0,0.2353,1
20.0,0.0,88.3,7.0,0.2176,1
21.1,0.0,62.9,7.0,0.2353,1
13.0,0.0,91.3,7.0,0.2636,0
13.0,0.0,91.3,7.0,0.2636,0
13.0,0.0,91.3,7.0,0.2636,0
20.0,0.0,88.3,8.0,0.2176,1
19.1,0.0,63.5,7.0,0.6667,0
20.4,0.0,88.4,7.0,0.009,0
20.4,0.0,88.4,7.0,0.009,0
20.4,0.0,88.4,7.0,0.009,0
20.4,0.0,88.4,7.0,0.009,0
20.4,0.0,88.4,7.0,0.009,0
20.4,0.0,88.4,7.0,0.009,0
20.4,0.0,88.4,7.0,0.009,0
20.4,0.0,88.4,7.0,0.009,0
20.4,0.0,88.4,7.0,0.009,0
20.4,0.0,88.4,7.0,0.009,0
20.4,0.0,88.4,7.0,0.009,0
20.4,0.0,88.4,7.0,0.009,0
20.4,0.0,88.4,7.0,0.009,0
20.4,0.0,88.4,7.0,0.009,0
21.5,0.0,76.9,7.0,0.7156,1
21.5,0.0,76.9,7.0,0.7156,1
20.6,0.0,95.0,7.0,0.1818,1
21.4,0.0,97.0,7.0,0.1018,0
21.4,0.0,97.0,7.0,0.1018,0
19.9,0.0,97.0,7.0,0.1018,0
18.6,0.0,97.0,7.0,0.1018,0
19.9,0.0,97.0,7.0,0.1018,0
19.9,0.0,97.0,7.0,0.0958,1
19.9,0.0,97.0,7.0,0.1018,0
19.9,0.0,97.0,7.0,0.1018,0
19.5,0.0,97.0,7.0,0.1018,0
18.4,0.0,73.5,7.0,0.0366,0
18.1,0.0,73.5,7.0,0.0366,0
22.0,0.0,86.5,7.0,0.3056,1
22.3,0.0,100.0,7.0,0.0,0
16.3,0.0,80.9,7.0,0.1404,0
20.6,0.0,82.9,7.0,0.0588,0
22.5,0.0,82.9,7.0,0.0294,1
22.5,0.0,82.9,7.0,0.0294,1
22.3,0.0,100.0,7.0,0.0,0
22.3,0.0,100.0,7.0,0.0,0
19.0,0.0,100.0,7.0,0.0,0
22.3,0.0,100.0,7.0,0.0,0
22.3,0.0,100.0,7.0,0.0,0
22.3,0.0,100.0,7.0,0.0,0
21.3,0.0,100.0,7.0,0.0,0
21.3,0.0,100.0,7.0,0.0,0
22.0,0.0,95.0,7.0,0.1818,1
21.3,0.0,100.0,7.0,0.0,0
20.7,0.0,82.4,7.0,0.0778,0
20.1,0.0,51.9,7.0,0.2636,0
18.6,0.0,100.0,7.0,0.0,0
19.5,0.0,91.4,7.0,0.1228,1
19.5,0.0,91.4,7.0,0.1228,1
21.3,0.0,100.0,7.0,0.0,0
21.3,0.0,100.0,7.0,0.0,0
22.5,0.0,96.5,7.0,0.0,1
20.4,0.0,10.5,7.0,0.2636,0
20.4,0.0,10.5,7.0,0.2636,1
20.4,0.0,10.5,7.0,0.2636,0
20.4,0.0,10.5,7.0,0.2636,0
20.4,0.0,10.5,7.0,0.2636,0
20.4,0.0,10.5,7.0,0.2636,1
21.0,0.0,10.5,7.0,0.2636,0
20.4,0.0,10.5,7.0,0.2636,1
20.4,0.0,10.5,7.0,0.2636,1
20.4,0.0,10.5,7.0,0.2636,0
20.4,0.0,10.5,7.0,0.2636,1
21.7,0.0,68.6,7.0,0.1739,0
21.8,0.0,85.7,7.0,0.1441,0
21.8,0.0,85.7,7.0,0.1441,0
21.8,0.0,85.7,7.0,0.1441,0
18.3,0.0,57.1,7.0,0.2636,1
18.2,0.0,57.1,7.0,0.2636,0
18.6,0.0,90.0,7.0,0.1628,0
20.8,0.0,90.0,7.0,0.1628,0
20.8,0.0,90.0,7.0,0.1628,0
20.8,0.0,90.0,7.0,0.1628,0
20.8,0.0,90.0,7.0,0.1628,0
20.8,0.0,90.0,7.0,0.1628,0
18.6,0.0,90.0,7.0,0.155,1
18.8,0.0,90.0,7.0,0.1628,0
21.3,0.0,100.0,7.0,0.0,0
21.3,0.0,100.0,7.0,0.0,0
21.3,0.0,100.0,7.0,0.0,0
21.3,0.0,100.0,7.0,0.0,0
21.3,0.0,100.0,7.0,0.0,0
21.3,0.0,100.0,7.0,0.0,0
21.3,0.0,100.0,7.0,0.0,0
21.3,0.0,100.0,7.0,0.0,0
21.3,0.0,100.0,7.0,0.0,0
21.3,0.0,100.0,7.0,0.0,0
21.8,0.0,51.9,8.0,0.3774,0
21.8,0.0,51.9,8.0,0.3774,0
20.4,0.0,98.1,7.0,0.3452,0
20.4,0.0,98.1,7.0,0.3452,0
20.4,0.0,98.1,7.0,0.3452,0
20.4,0.0,98.1,7.0,0.3452,0
20.4,0.0,98.1,7.0,0.3452,0
20.4,0.0,98.1,7.0,0.3419,1
20.4,0.0,98.1,7.0,0.3452,0
20.4,0.0,98.1,7.0,0.3452,0
20.4,0.0,98.1,7.0,0.3452,0
20.4,0.0,98.1,7.0,0.3452,0
20.4,0.0,98.1,7.0,0.3452,0
20.4,0.0,98.1,7.0,0.3452,0
20.4,0.0,98.1,7.0,0.3419,1
20.4,0.0,98.1,7.0,0.3452,0
20.4,0.0,98.1,7.0,0.3452,0
20.4,0.0,98.1,7.0,0.3452,0
20.4,0.0,98.1,7.0,0.3452,0
20.4,0.0,98.1,7.0,0.3452,0
20.4,0.0,98.1,7.0,0.3452,0
20.4,0.0,98.1,7.0,0.3452,0
21.0,0.0,64.0,7.0,0.6452,0
19.1,0.0,63.5,7.0,0.6548,1
20.9,0.0,46.7,7.0,0.4615,0
20.4,0.0,98.1,7.0,0.3452,0
20.4,0.0,98.1,7.0,0.3452,0
20.4,0.0,98.1,7.0,0.3452,0
20.4,0.0,98.1,7.0,0.3452,0
20.4,0.0,98.1,7.0,0.3452,0
20.4,0.0,98.1,7.0,0.3452,0
20.4,0.0,98.1,7.0,0.3452,0
20.4,0.0,98.1,7.0,0.3452,0
20.4,0.0,98.1,7.0,0.3452,0
20.4,0.0,98.1,7.0,0.3452,0
20.4,0.0,98.1,7.0,0.3452,0
20.4,0.0,98.1,7.0,0.3452,0
20.4,0.0,98.1,7.0,0.3452,0
20.4,0.0,98.1,7.0,0.3452,0
20.4,0.0,98.1,7.0,0.3452,0
20.4,0.0,98.1,7.0,0.3452,0
20.4,0.0,98.1,7.0,0.3452,0
20.4,0.0,98.1,7.0,0.3452,0
20.4,0.0,98.1,7.0,0.3452,0
20.4,0.0,98.1,7.0,0.3452,0
20.4,0.0,98.1,7.0,0.3452,0
20.4,0.0,98.1,7.0,0.3452,0
20.4,0.0,98.1,7.0,0.3452,0
20.4,0.0,98.1,7.0,0.3452,0
20.4,0.0,98.1,7.0,0.3452,0
20.8,0.0,98.1,7.0,0.3419,1
20.9,0.0,46.7,7.0,0.4615,0
15.1,0.0,62.9,7.0,0.2647,0
21.7,0.0,51.9,7.0,0.3585,1
20.8,0.0,98.1,7.0,0.3419,1
20.8,0.0,98.1,7.0,0.3419,1
20.8,0.0,98.1,7.0,0.3419,1
20.8,0.0,98.1,7.0,0.3419,1
20.8,0.0,98.1,7.0,0.3419,1
20.8,0.0,98.1,7.0,0.3419,1
20.8,0.0,98.1,7.0,0.3419,1
20.8,0.0,98.1,7.0,0.3419,1
20.8,0.0,98.1,7.0,0.3419,1
20.8,0.0,98.1,7.0,0.3419,1
20.8,0.0,98.1,7.0,0.3419,1
20.8,0.0,98.1,7.0,0.3419,1
20.8,0.0,98.1,7.0,0.3419,1
20.8,0.0,98.1,7.0,0.3419,1
20.5,0.0,46.7,7.0,0.4519,1
21.8,0.0,51.9,7.0,0.3585,1
22.6,0.0,46.7,7.0,0.4615,0
21.7,0.0,51.9,7.0,0.3585,1
21.8,0.0,77.5,7.0,0.1538,1
21.3,0.0,78.8,7.0,0.3125,0
21.0,0.0,75.0,7.0,0.2636,0
21.3,0.0,78.8,7.0,0.3125,0
20.4,0.0,78.8,7.0,0.2812,1
21.5,0.0,76.9,7.0,0.7156,1
21.5,0.0,76.9,7.0,0.7156,1
21.5,0.0,76.9,7.0,0.7156,1
21.5,0.0,76.9,7.0,0.7156,1
21.5,0.0,76.9,7.0,0.7156,1
21.5,0.0,76.9,7.0,0.7156,1
21.5,0.0,76.9,7.0,0.7156,1
21.5,0.0,76.9,7.0,0.7156,1
21.5,0.0,76.9,7.0,0.7156,1
14.2,0.0,100.0,7.0,0.2636,0
13.4,0.0,100.0,7.0,0.2636,0
15.8,0.0,100.0,7.0,0.2636,0
14.9,0.0,100.0,7.0,0.2636,0
18.1,0.0,100.0,7.0,0.2636,0
13.7,0.0,100.0,7.0,0.2636,0
14.7,0.0,100.0,7.0,0.2636,0
12.4,0.0,100.0,7.0,0.2636,0
12.1,0.0,100.0,7.0,0.2636,0
14.7,0.0,100.0,7.0,0.2636,0
14.7,0.0,100.0,7.0,0.2636,0
21.5,0.0,76.9,7.0,0.7156,1
21.5,0.0,76.9,7.0,0.7156,1
21.5,0.0,76.9,7.0,0.7156,1
21.5,0.0,76.9,7.0,0.7156,1
21.5,0.0,76.9,7.0,0.7156,1
21.5,0.0,76.9,7.0,0.7156,1
21.5,0.0,76.9,7.0,0.7156,1
19.4,0.0,39.1,7.0,0.2326,0
15.0,0.0,39.1,7.0,0.2326,0
20.2,0.0,95.5,7.0,0.2636,0
20.1,0.0,100.0,7.0,0.2636,0
20.1,0.0,100.0,7.0,0.2636,1
20.1,0.0,100.0,7.0,0.2636,1
20.1,0.0,100.0,7.0,0.2636,1
20.1,0.0,100.0,7.0,0.2636,1
20.1,0.0,100.0,7.0,0.2636,1
20.1,0.0,100.0,7.0,0.2636,1
20.1,0.0,100.0,7.0,0.2636,1
21.7,0.0,100.0,7.0,0.0,0
20.9,0.0,100.0,7.0,0.0,0
21.3,0.0,26.0,7.0,0.0909,0
14.3,0.0,69.0,7.0,0.2195,0
17.8,0.0,69.0,7.0,0.2195,0
21.8,0.0,97.4,7.0,0.026,1
19.8,0.0,59.5,7.0,0.3659,1
20.7,0.0,59.5,7.0,0.3659,1
17.9,0.0,69.0,7.0,0.2195,0
16.8,0.0,69.0,7.0,0.2195,0
14.3,0.0,69.0,7.0,0.2195,0
20.6,0.0,90.6,7.0,0.0794,0
16.0,0.0,69.0,7.0,0.2195,0
14.6,0.0,69.0,7.0,0.1951,1
16.0,0.0,69.0,7.0,0.2195,0
14.4,0.0,69.0,7.0,0.1951,1
14.8,0.0,21.1,7.0,0.2636,0
21.7,0.0,44.4,7.0,0.2636,1
21.7,0.0,44.4,7.0,0.2636,1
21.7,0.0,44.4,7.0,0.2636,1
21.7,0.0,44.4,7.0,0.2636,1
21.7,0.0,44.4,7.0,0.2636,1
21.7,0.0,44.4,7.0,0.2636,1
20.2,0.0,56.2,7.0,0.2636,1
20.0,0.0,76.1,7.0,0.538,1
17.9,0.0,76.1,7.0,0.538,1
20.0,0.0,76.1,7.0,0.538,1
20.0,0.0,76.1,7.0,0.538,1
20.0,0.0,76.1,7.0,0.538,1
20.0,0.0,76.1,7.0,0.538,1
20.0,0.0,76.1,7.0,0.538,1
20.0,0.0,76.1,7.0,0.538,1
20.0,0.0,76.1,7.0,0.538,1
20.0,0.0,76.1,7.0,0.538,1
20.0,0.0,76.1,7.0,0.538,1
20.0,0.0,76.1,7.0,0.538,1
20.0,0.0,76.1,7.0,0.538,1
20.0,0.0,76.1,7.0,0.538,1
20.0,0.0,76.1,7.0,0.5443,0
20.0,0.0,76.1,7.0,0.538,1
17.9,0.0,76.1,7.0,0.5443,0
20.6,0.0,84.6,7.0,0.2299,0
19.3,0.0,84.6,7.0,0.2299,0
19.3,0.0,84.6,7.0,0.2299,0
19.3,0.0,84.6,7.0,0.2299,0
19.3,0.0,84.6,7.0,0.2299,0
19.3,0.0,84.6,7.0,0.2299,0
19.3,0.0,84.6,7.0,0.2299,0
20.6,0.0,84.6,7.0,0.2299,0
20.6,0.0,84.6,7.0,0.2299,0
20.6,0.0,84.6,8.0,0.2299,0
20.6,0.0,84.6,7.0,0.2299,0
20.6,0.0,84.6,7.0,0.2299,0
20.6,0.0,84.6,7.0,0.2299,0
19.3,0.0,84.6,7.0,0.2299,0
20.6,0.0,84.6,7.0,0.2299,0
20.6,0.0,84.6,7.0,0.2299,0
19.9,0.0,84.6,7.0,0.2299,0
19.9,0.0,84.6,7.0,0.2299,0
20.6,0.0,84.6,7.0,0.2285,1
20.6,0.0,84.6,7.0,0.2285,1
20.6,0.0,84.6,7.0,0.2285,1
20.6,0.0,84.6,7.0,0.2299,0
20.6,0.0,60.7,7.0,0.2963,0
21.5,0.0,100.0,8.0,0.2636,0
21.6,0.0,60.7,7.0,0.2963,0
20.6,0.0,60.7,7.0,0.2963,0
21.8,1.0,58.1,7.0,0.6379,0
22.7,0.0,98.2,7.0,0.0228,0
20.4,0.0,58.1,7.0,0.6293,1
19.4,0.0,58.1,7.0,0.6293,1
19.4,0.0,58.1,7.0,0.6293,1
15.6,0.0,26.3,7.0,0.2162,1
20.4,0.0,58.1,7.0,0.6293,1
20.4,0.0,58.1,7.0,0.6293,1
20.4,0.0,58.1,7.0,0.6293,1
18.1,0.0,93.2,7.0,0.0855,0
16.0,2.0,58.1,7.0,0.6379,0
21.1,0.0,78.7,7.0,0.1964,0
21.1,0.0,78.7,7.0,0.1964,0
21.1,0.0,78.7,7.0,0.1964,0
21.1,0.0,78.7,7.0,0.1964,0
19.4,0.0,58.1,7.0,0.6293,1
21.1,0.0,78.7,7.0,0.1964,0
21.1,0.0,78.7,7.0,0.1964,0
21.1,0.0,78.7,7.0,0.1964,0
21.1,0.0,78.7,7.0,0.1964,0
13.8,0.0,100.0,7.0,0.2636,0
21.1,0.0,78.7,7.0,0.1964,0
19.4,0.0,58.1,7.0,0.6293,1
21.1,0.0,78.7,7.0,0.1964,0
21.1,0.0,78.7,7.0,0.1964,0
15.5,0.0,40.0,7.0,0.0204,0
15.5,0.0,40.0,7.0,0.0204,0
15.5,0.0,40.0,7.0,0.0204,0
15.5,0.0,40.0,7.0,0.0204,0
15.5,0.0,40.0,7.0,0.0204,0
15.5,0.0,40.0,7.0,0.0204,0
15.5,0.0,40.0,7.0,0.0204,0
15.5,0.0,40.0,7.0,0.0204,0
15.5,0.0,40.0,7.0,0.0204,0
15.5,0.0,40.0,7.0,0.0204,0
15.5,0.0,40.0,7.0,0.0204,0
15.5,0.0,40.0,7.0,0.0204,0
15.5,0.0,40.0,7.0,0.0204,0
15.5,0.0,40.0,7.0,0.0204,0
15.5,0.0,40.0,7.0,0.0204,0
15.5,0.0,40.0,7.0,0.0204,0
15.3,0.0,40.0,7.0,0.0204,0
15.5,0.0,40.0,7.0,0.0204,0
15.5,0.0,40.0,7.0,0.0204,0
15.5,0.0,40.0,7.0,0.0204,0
15.5,0.0,40.0,7.0,0.0204,0
15.5,0.0,40.0,7.0,0.0204,0
15.5,0.0,40.0,7.0,0.0204,0
15.5,0.0,40.0,7.0,0.0204,0
15.5,0.0,40.0,7.0,0.0204,0
15.5,0.0,40.0,7.0,0.0204,0
15.5,0.0,40.0,7.0,0.0204,0
15.3,0.0,40.0,7.0,0.0204,0
15.5,0.0,40.0,7.0,0.0204,0
21.1,0.0,78.7,7.0,0.1964,0
19.0,0.0,58.1,7.0,0.6293,1
21.1,0.0,78.7,7.0,0.1964,0
21.1,0.0,78.7,7.0,0.1964,0
13.8,0.0,100.0,7.0,0.2636,0
21.1,0.0,78.7,7.0,0.1964,0
21.1,0.0,78.7,7.0,0.1964,0
21.1,0.0,78.7,7.0,0.1964,0
21.1,0.0,78.7,7.0,0.1964,0
21.1,0.0,78.7,7.0,0.1964,0
21.1,0.0,78.7,7.0,0.1964,0
21.1,0.0,78.7,7.0,0.1964,0
21.1,0.0,78.7,7.0,0.1964,0
21.1,0.0,78.7,7.0,0.1964,0
21.1,0.0,78.7,7.0,0.1964,0
21.1,0.0,78.7,7.0,0.1964,0
21.1,0.0,78.7,7.0,0.1964,0
21.1,0.0,78.7,7.0,0.1964,0
21.1,0.0,78.7,7.0,0.1964,0
21.1,0.0,78.7,7.0,0.1964,0
21.1,0.0,78.7,7.0,0.1964,0
21.1,0.0,78.7,7.0,0.1964,0
21.1,0.0,78.7,7.0,0.1964,0
14.6,0.0,69.0,7.0,0.2195,0
21.1,0.0,78.7,7.0,0.1964,0
21.1,0.0,78.7,7.0,0.1964,0
21.1,0.0,78.7,7.0,0.1964,0
21.1,0.0,78.7,7.0,0.1964,0
21.1,0.0,78.7,7.0,0.1964,0
13.8,0.0,100.0,7.0,0.2636,1
21.1,0.0,78.7,7.0,0.1964,0
21.1,0.0,78.7,7.0,0.1964,0
15.8,0.0,5.0,7.0,0.0707,0
15.8,0.0,5.0,7.0,0.0707,0
15.8,0.0,5.0,7.0,0.0707,0
15.8,0.0,5.0,7.0,0.0707,0
15.8,0.0,5.0,7.0,0.0707,0
15.8,0.0,5.0,7.0,0.0707,0
15.8,0.0,5.0,7.0,0.0707,0
15.8,0.0,5.0,7.0,0.0707,0
15.8,0.0,5.0,7.0,0.0707,0
15.8,0.0,5.0,7.0,0.0707,0
15.8,0.0,5.0,7.0,0.0707,0
15.8,0.0,5.0,7.0,0.0707,0
15.8,0.0,5.0,7.0,0.0707,0
15.8,0.0,5.0,7.0,0.0707,0
15.8,0.0,5.0,7.0,0.0707,0
15.8,0.0,5.0,7.0,0.0707,0
15.8,0.0,5.0,7.0,0.0707,0
15.8,0.0,5.0,7.0,0.0707,0
15.8,0.0,5.0,7.0,0.0707,0
15.8,0.0,5.0,7.0,0.0707,0
15.8,0.0,5.0,7.0,0.0707,0
15.8,0.0,5.0,7.0,0.0707,0
15.8,0.0,5.0,7.0,0.0707,0
16.0,0.0,5.0,7.0,0.0707,0
16.0,0.0,5.0,7.0,0.0707,0
16.0,0.0,5.0,7.0,0.0707,0
16.0,0.0,5.0,7.0,0.0707,0
16.0,0.0,5.0,7.0,0.0707,0
16.0,0.0,5.0,7.0,0.0707,0
16.0,0.0,5.0,7.0,0.0707,0
16.0,0.0,5.0,7.0,0.0707,0
16.0,0.0,5.0,7.0,0.0707,0
16.0,0.0,5.0,7.0,0.0707,0
16.0,0.0,5.0,7.0,0.0707,0
16.0,0.0,5.0,7.0,0.0707,0
16.0,0.0,5.0,7.0,0.0707,0
16.0,0.0,5.0,7.0,0.0707,0
16.0,0.0,5.0,7.0,0.0707,0
14.6,0.0,69.0,7.0,0.1951,1
16.0,0.0,69.0,7.0,0.2195,0
21.1,0.0,78.7,7.0,0.1964,0
21.1,0.0,78.7,7.0,0.1964,0
21.1,0.0,78.7,7.0,0.1964,0
21.1,0.0,78.7,7.0,0.1964,0
19.7,0.0,97.5,7.0,0.019,0
19.7,0.0,97.5,7.0,0.019,0
19.7,0.0,97.5,7.0,0.019,0
19.7,0.0,97.5,7.0,0.019,0
19.7,0.0,97.5,7.0,0.019,0
20.9,0.0,93.2,7.0,0.0603,0
20.9,0.0,93.2,7.0,0.0603,0
20.9,0.0,93.2,7.0,0.0603,0
16.8,0.0,69.0,7.0,0.2195,0
15.4,0.0,58.7,7.0,0.3756,0
15.4,0.0,58.7,7.0,0.3756,0
15.4,0.0,58.7,7.0,0.3756,0
16.6,0.0,58.7,7.0,0.3756,0
18.3,0.0,49.3,7.0,0.1029,1
20.0,0.0,49.3,7.0,0.1176,0
18.2,0.0,58.7,7.0,0.3756,0
15.4,0.0,58.7,7.0,0.3707,1
15.4,0.0,58.7,7.0,0.3707,1
21.0,0.0,68.6,7.0,0.1594,1
21.0,0.0,68.6,7.0,0.1739,0
21.0,0.0,68.6,7.0,0.1739,0
22.3,0.0,82.0,7.0,0.1448,0
22.3,0.0,82.0,7.0,0.1448,0
22.3,0.0,82.0,7.0,0.1448,0
15.4,0.0,58.7,7.0,0.3756,0
17.8,0.0,97.8,7.0,0.0227,0
17.8,0.0,97.8,7.0,0.0227,0
17.8,0.0,97.8,7.0,0.0227,0
17.8,0.0,97.8,7.0,0.0227,0
17.8,0.0,97.8,7.0,0.0227,0
20.8,0.0,25.0,7.0,0.2636,1
20.7,0.0,100.0,7.0,0.2636,0
20.6,0.0,90.8,7.0,0.1237,0
14.9,0.0,100.0,7.0,0.2636,0
19.0,0.0,58.1,7.0,0.6293,1
19.0,0.0,58.1,7.0,0.6293,1
13.3,0.0,96.8,7.0,0.0,0
13.3,0.0,96.8,7.0,0.0,0
13.3,0.0,96.8,7.0,0.0,0
18.3,0.0,65.7,7.0,0.7647,0
13.3,0.0,96.8,7.0,0.0,0
18.3,0.0,65.7,7.0,0.7647,0
13.3,0.0,96.8,7.0,0.0,0
18.3,0.0,65.7,7.0,0.7647,0
13.3,0.0,96.8,7.0,0.0,0
17.9,0.0,100.0,7.0,0.2636,0
13.3,0.0,96.8,7.0,0.0,0
21.1,2.0,46.7,7.0,0.4519,1
13.3,0.0,96.8,7.0,0.0,0
13.3,0.0,96.8,7.0,0.0,0
13.3,0.0,96.8,7.0,0.0,0
21.3,0.0,62.7,7.0,0.3103,1
21.3,0.0,62.7,7.0,0.3103,1
21.3,1.0,62.7,7.0,0.3103,1
21.3,0.0,62.7,7.0,0.3103,1
12.9,0.0,69.0,7.0,0.2195,0
14.6,0.0,69.0,7.0,0.2195,0
15.4,0.0,91.3,7.0,0.2636,0
19.7,0.0,73.5,7.0,0.0179,0
13.4,0.0,73.5,7.0,0.0179,0
13.4,0.0,73.5,7.0,0.0179,0
19.7,0.0,73.5,7.0,0.0179,0
19.7,0.0,73.5,7.0,0.0179,0
19.7,0.0,73.5,7.0,0.0179,0
21.1,0.0,89.5,7.0,0.2636,0
21.1,0.0,89.5,7.0,0.2636,0
21.1,0.0,89.5,7.0,0.2636,0
20.4,0.0,89.5,7.0,0.2636,0
20.8,0.0,73.5,7.0,0.0366,0
18.8,0.0,58.1,7.0,0.6293,1
18.4,0.0,58.1,7.0,0.6293,1
19.5,0.0,73.5,7.0,0.0179,0
19.5,0.0,73.5,7.0,0.0179,0
19.5,0.0,73.5,7.0,0.0179,0
19.5,0.0,73.5,7.0,0.0179,0
19.5,0.0,73.5,7.0,0.0179,0
19.5,0.0,73.5,7.0,0.0179,0
19.5,0.0,73.5,7.0,0.0179,0
19.5,0.0,73.5,7.0,0.0179,0
19.5,0.0,73.5,7.0,0.0179,0
19.5,0.0,73.5,7.0,0.0179,0
19.5,0.0,73.5,7.0,0.0179,0
19.5,0.0,73.5,7.0,0.0179,0
19.5,0.0,73.5,7.0,0.0179,0
19.5,0.0,73.5,7.0,0.0179,0
19.5,0.0,73.5,7.0,0.0179,0
19.5,0.0,73.5,7.0,0.0179,0
19.5,0.0,73.5,7.0,0.0179,0
19.5,0.0,73.5,7.0,0.0179,0
19.5,0.0,73.5,7.0,0.0179,0
19.5,0.0,73.5,7.0,0.0179,0
19.5,0.0,73.5,7.0,0.0179,0
19.5,0.0,73.5,7.0,0.0179,0
19.5,0.0,73.5,7.0,0.0179,0
19.5,0.0,73.5,7.0,0.0179,0
19.5,0.0,73.5,7.0,0.0179,0
19.5,0.0,73.5,7.0,0.0179,0
19.5,0.0,73.5,7.0,0.0179,0
19.5,0.0,73.5,7.0,0.0179,0
19.5,0.0,73.5,7.0,0.0179,0
19.5,0.0,73.5,7.0,0.0179,0
19.5,0.0,73.5,7.0,0.0179,0
19.5,0.0,73.5,7.0,0.0179,0
19.5,0.0,73.5,7.0,0.0179,0
19.5,0.0,73.5,7.0,0.0179,0
19.5,0.0,73.5,7.0,0.0179,0
19.5,0.0,73.5,7.0,0.0179,0
19.5,0.0,73.5,7.0,0.0179,0
19.5,0.0,73.5,7.0,0.0179,0
19.5,0.0,73.5,7.0,0.0179,0
19.5,0.0,73.5,7.0,0.0179,0
19.5,0.0,73.5,7.0,0.0179,0
19.5,0.0,73.5,7.0,0.0179,0
19.5,0.0,73.5,7.0,0.0179,0
19.5,0.0,73.5,7.0,0.0179,0
19.5,0.0,73.5,8.0,0.0179,0
19.5,0.0,73.5,7.0,0.0179,0
19.5,0.0,73.5,7.0,0.0179,0
19.5,0.0,73.5,7.0,0.0179,0
19.5,0.0,73.5,7.0,0.0179,0
19.5,0.0,73.5,7.0,0.0179,0
19.5,0.0,73.5,7.0,0.0179,0
19.5,0.0,73.5,7.0,0.0179,0
19.5,0.0,73.5,7.0,0.0179,0
19.5,0.0,73.5,7.0,0.0179,0
19.5,0.0,73.5,7.0,0.0179,0
19.5,0.0,73.5,7.0,0.0179,0
19.5,0.0,73.5,7.0,0.0179,0
19.5,0.0,73.5,7.0,0.0179,0
19.5,0.0,73.5,7.0,0.0179,0
19.5,0.0,73.5,7.0,0.0179,0
19.5,0.0,73.5,7.0,0.0179,0
19.5,0.0,73.5,7.0,0.0179,0
19.5,0.0,73.5,7.0,0.0179,0
19.5,0.0,73.5,7.0,0.0179,0
19.5,0.0,73.5,7.0,0.0179,0
19.5,0.0,73.5,7.0,0.0179,0
19.5,0.0,73.5,7.0,0.0179,0
19.5,0.0,73.5,7.0,0.0179,0
19.5,0.0,73.5,7.0,0.0179,0
19.5,0.0,73.5,7.0,0.0179,0
19.5,0.0,73.5,7.0,0.0179,0
19.5,0.0,73.5,7.0,0.0179,0
19.5,0.0,73.5,7.0,0.0179,0
19.5,0.0,73.5,7.0,0.0179,0
19.5,0.0,73.5,7.0,0.0179,0
19.5,0.0,73.5,7.0,0.0179,0
19.5,0.0,73.5,7.0,0.0179,0
19.5,0.0,73.5,7.0,0.0179,0
19.5,0.0,73.5,7.0,0.0179,0
19.5,0.0,73.5,7.0,0.0179,0
21.3,0.0,100.0,7.0,0.0421,0
21.3,0.0,100.0,7.0,0.0421,0
21.3,0.0,100.0,7.0,0.0421,0
21.3,0.0,100.0,7.0,0.0421,0
21.3,0.0,100.0,7.0,0.0421,0
21.3,0.0,100.0,7.0,0.0421,0
21.3,0.0,100.0,7.0,0.0421,0
21.3,0.0,100.0,7.0,0.0421,0
21.3,0.0,100.0,7.0,0.0421,0
21.3,0.0,100.0,7.0,0.0421,0
21.3,0.0,100.0,7.0,0.0421,0
21.3,0.0,100.0,7.0,0.0421,0
21.3,0.0,100.0,7.0,0.0421,0
21.3,0.0,100.0,7.0,0.0421,0
21.3,0.0,100.0,7.0,0.0421,0
21.3,0.0,100.0,7.0,0.0421,0
21.3,0.0,62.7,7.0,0.3103,1
21.3,0.0,62.7,7.0,0.3103,1
21.3,0.0,100.0,7.0,0.0421,0
21.3,0.0,62.7,7.0,0.3103,1
21.3,0.0,62.7,7.0,0.3103,1
21.3,0.0,62.7,7.0,0.3103,1
21.3,0.0,62.7,7.0,0.3103,1
21.3,0.0,62.7,7.0,0.3103,1
21.3,0.0,62.7,7.0,0.3103,1
21.3,0.0,62.7,7.0,0.3103,1
21.3,0.0,62.7,7.0,0.3103,1
21.3,0.0,62.7,7.0,0.3103,1
21.3,0.0,62.7,7.0,0.3103,1
21.3,0.0,62.7,7.0,0.3103,1
21.3,0.0,62.7,7.0,0.3103,1
21.3,0.0,62.7,7.0,0.3103,1
19.7,0.0,77.5,7.0,0.1538,1
20.8,0.0,86.2,7.0,0.3069,0
21.3,0.0,86.2,7.0,0.3069,0
21.3,0.0,86.2,7.0,0.3069,0
20.0,0.0,76.1,7.0,0.5443,0
20.0,0.0,76.1,7.0,0.5443,0
20.0,0.0,76.1,7.0,0.5443,0
20.0,0.0,76.1,7.0,0.5443,0
19.9,0.0,76.1,7.0,0.5443,0
19.9,0.0,76.1,7.0,0.5443,0
19.9,0.0,76.1,7.0,0.5443,0
19.9,0.0,76.1,7.0,0.5443,0
19.9,0.0,76.1,7.0,0.5443,0
19.9,0.0,76.1,7.0,0.5443,0
21.5,0.0,76.9,7.0,0.7156,1
21.5,0.0,76.9,7.0,0.7156,1
21.5,0.0,76.9,7.0,0.7156,1
21.5,0.0,76.9,7.0,0.7156,1
21.5,0.0,76.9,7.0,0.7156,1
21.5,0.0,76.9,7.0,0.7156,1
21.5,0.0,76.9,7.0,0.7156,1
21.5,0.0,76.9,7.0,0.7156,1
13.0,0.0,78.7,7.0,0.1905,1
13.0,0.0,78.7,7.0,0.1964,0
18.2,0.0,57.1,7.0,0.2636,1
16.9,0.0,78.7,7.0,0.1905,1
20.4,0.0,51.8,7.0,0.5091,1
12.7,0.0,51.8,7.0,0.5273,0
20.4,0.0,51.8,7.0,0.5273,0
21.0,0.0,57.1,7.0,0.4407,0
21.0,0.0,57.1,7.0,0.4407,0
21.0,0.0,57.1,7.0,0.4407,0
21.0,0.0,57.1,7.0,0.4322,1
21.0,0.0,57.1,7.0,0.4407,0
20.2,0.0,82.4,7.0,0.0778,0
21.7,0.0,82.4,7.0,0.0778,0
21.7,0.0,82.4,7.0,0.0778,0
21.7,0.0,82.4,7.0,0.0778,0
21.7,0.0,82.4,7.0,0.0778,0
21.0,0.0,82.4,7.0,0.0778,0
15.9,0.0,82.4,7.0,0.0778,0
21.5,0.0,76.9,7.0,0.7156,1
21.5,0.0,76.9,7.0,0.7156,1
21.5,0.0,76.9,7.0,0.7156,1
21.5,0.0,76.9,7.0,0.7156,1
21.5,0.0,76.9,7.0,0.7163,0
21.5,0.0,76.9,7.0,0.7156,1
21.5,0.0,76.9,7.0,0.7156,1
21.5,0.0,76.9,7.0,0.7156,1
21.5,0.0,76.9,7.0,0.7156,1
21.5,0.0,76.9,7.0,0.7156,1
18.2,0.0,95.7,7.0,0.0217,0
18.2,0.0,95.7,7.0,0.0217,0
17.8,0.0,95.7,7.0,0.0217,0
20.9,0.0,84.6,7.0,0.2299,0
21.4,0.0,84.6,7.0,0.2299,0
21.4,0.0,84.6,7.0,0.2299,0
13.3,0.0,96.8,7.0,0.0,0
13.3,0.0,96.8,7.0,0.0,0
16.4,0.0,51.8,7.0,0.5091,1
13.3,0.0,96.8,7.0,0.0,0
13.3,0.0,96.8,7.0,0.0,0
13.3,0.0,96.8,7.0,0.0,0
16.9,0.0,57.8,7.0,0.1,0
16.9,0.0,57.8,7.0,0.1,0
16.9,0.0,57.8,7.0,0.1,0
16.9,0.0,57.8,7.0,0.0952,1
16.9,0.0,57.8,7.0,0.1,0
16.9,0.0,57.8,7.0,0.1,0
16.9,0.0,57.8,7.0,0.1,0
16.9,0.0,57.8,7.0,0.0952,1
16.9,0.0,57.8,7.0,0.1,0
16.9,0.0,57.8,7.0,0.1,0
16.9,0.0,57.8,7.0,0.1,0
16.9,0.0,57.8,7.0,0.1,0
16.9,0.0,57.8,7.0,0.1,0
16.9,0.0,57.8,7.0,0.1,0
16.9,0.0,57.8,7.0,0.1,0
16.9,0.0,57.8,7.0,0.1,0
16.9,0.0,57.8,7.0,0.1,0
16.9,0.0,57.8,7.0,0.1,0
16.9,0.0,57.8,7.0,0.1,0
16.9,0.0,57.8,7.0,0.1,0
16.9,0.0,57.8,7.0,0.1,0
16.9,0.0,57.8,7.0,0.1,0
16.9,0.0,57.8,7.0,0.1,0
16.9,0.0,57.8,7.0,0.1,0
16.9,0.0,57.8,7.0,0.0952,1
16.9,0.0,57.8,7.0,0.1,0
16.9,0.0,57.8,7.0,0.1,0
16.9,0.0,57.8,7.0,0.1,0
16.9,0.0,57.8,7.0,0.1,0
16.9,0.0,57.8,7.0,0.1,0
16.9,0.0,57.8,7.0,0.1,0
16.9,0.0,57.8,7.0,0.1,0
16.9,0.0,57.8,7.0,0.1,0
16.9,0.0,57.8,7.0,0.1,0
16.9,0.0,57.8,7.0,0.1,0
16.9,0.0,57.8,7.0,0.1,0
16.9,0.0,57.8,7.0,0.1,0
16.9,0.0,57.8,7.0,0.1,0
16.9,0.0,57.8,7.0,0.1,0
16.9,0.0,57.8,7.0,0.1,0
16.9,0.0,57.8,7.0,0.1,0
16.9,0.0,57.8,7.0,0.1,0
16.9,0.0,57.8,7.0,0.1,0
16.9,0.0,57.8,7.0,0.1,0
16.9,0.0,57.8,7.0,0.1,0
16.9,0.0,57.8,7.0,0.1,0
16.9,0.0,57.8,7.0,0.1,0
16.9,0.0,57.8,7.0,0.1,0
16.9,0.0,57.8,7.0,0.1,0
16.9,0.0,57.8,7.0,0.1,0
16.9,0.0,57.8,7.0,0.1,0
16.9,0.0,57.8,7.0,0.1,0
16.9,0.0,57.8,7.0,0.1,0
16.9,0.0,57.8,7.0,0.1,0
16.9,0.0,57.8,7.0,0.1,0
16.9,0.0,57.8,7.0,0.1,0
16.9,0.0,57.8,7.0,0.1,0
16.9,0.0,57.8,7.0,0.1,0
21.5,0.0,76.9,7.0,0.7156,1
21.5,0.0,76.9,7.0,0.7156,1
21.5,0.0,76.9,7.0,0.7156,1
21.5,0.0,76.9,7.0,0.7156,1
21.5,0.0,76.9,7.0,0.7156,1
21.5,0.0,76.9,7.0,0.7156,1
21.5,0.0,76.9,7.0,0.7156,1
21.5,0.0,76.9,7.0,0.7156,1
21.5,0.0,76.9,7.0,0.7156,1
21.5,0.0,76.9,7.0,0.7156,1
21.5,0.0,76.9,7.0,0.7156,1
21.5,0.0,76.9,7.0,0.7156,1
21.5,0.0,76.9,7.0,0.7156,1
21.5,0.0,76.9,7.0,0.7156,1
16.9,0.0,57.8,7.0,0.1,0
16.9,0.0,57.8,7.0,0.1,0
16.9,0.0,57.8,7.0,0.1,0
16.9,0.0,57.8,7.0,0.1,0
16.9,0.0,57.8,7.0,0.1,0
16.9,0.0,57.8,7.0,0.1,0
16.9,0.0,57.8,7.0,0.1,0
16.9,0.0,57.8,7.0,0.1,0
16.9,0.0,57.8,7.0,0.1,0
16.9,0.0,57.8,7.0,0.1,0
16.9,0.0,57.8,7.0,0.1,0
16.9,0.0,57.8,7.0,0.1,0
16.9,0.0,57.8,7.0,0.1,0
16.9,0.0,57.8,7.0,0.1,0
16.9,0.0,57.8,7.0,0.1,0
16.9,0.0,57.8,7.0,0.1,0
16.9,0.0,57.8,7.0,0.1,0
16.9,0.0,57.8,7.0,0.1,0
16.9,0.0,57.8,7.0,0.1,0
16.9,0.0,57.8,7.0,0.1,0
16.9,0.0,57.8,7.0,0.1,0
16.9,0.0,57.8,7.0,0.1,0
16.9,0.0,57.8,7.0,0.1,0
16.9,0.0,57.8,7.0,0.1,0
16.9,0.0,57.8,7.0,0.1,0
16.9,0.0,57.8,7.0,0.1,0
16.9,0.0,57.8,7.0,0.1,0
16.9,0.0,57.8,7.0,0.1,0
16.9,0.0,57.8,7.0,0.1,0
16.9,0.0,57.8,7.0,0.1,0
16.9,0.0,57.8,7.0,0.1,0
16.9,0.0,57.8,7.0,0.0952,1
16.9,0.0,57.8,7.0,0.1,0
16.9,0.0,57.8,7.0,0.1,0
16.9,0.0,57.8,7.0,0.1,0
16.9,0.0,57.8,7.0,0.1,0
16.9,0.0,57.8,7.0,0.0952,1
16.9,0.0,57.8,7.0,0.1,0
16.9,0.0,57.8,7.0,0.1,0
16.9,0.0,57.8,7.0,0.1,0
16.9,0.0,57.8,7.0,0.1,0
16.9,0.0,57.8,7.0,0.1,0
16.9,0.0,57.8,7.0,0.1,0
16.9,0.0,57.8,7.0,0.1,0
16.9,0.0,57.8,7.0,0.1,0
16.9,0.0,57.8,7.0,0.1,0
16.9,0.0,57.8,7.0,0.1,0
16.9,0.0,57.8,7.0,0.1,0
16.9,0.0,57.8,7.0,0.0952,1
16.0,0.0,84.6,7.0,0.2299,0
16.0,0.0,84.6,7.0,0.2299,0
16.0,0.0,84.6,7.0,0.2299,0
16.0,0.0,84.6,7.0,0.2299,0
21.4,0.0,72.4,7.0,0.1733,0
17.2,0.0,72.4,7.0,0.1733,0
20.0,0.0,72.4,7.0,0.1733,0
21.5,0.0,76.9,7.0,0.7156,1
21.5,0.0,76.9,7.0,0.7156,1
21.5,0.0,76.9,7.0,0.7156,1
21.5,0.0,76.9,7.0,0.7156,1
21.5,0.0,76.9,7.0,0.7156,1
21.5,0.0,76.9,7.0,0.7156,1
21.5,0.0,76.9,7.0,0.7156,1
21.5,0.0,76.9,7.0,0.7156,1
21.5,0.0,76.9,7.0,0.7156,1
21.5,0.0,76.9,7.0,0.7156,1
21.5,0.0,76.9,7.0,0.7156,1
21.5,0.0,76.9,7.0,0.7156,1
20.9,0.0,61.6,7.0,0.1122,0
20.9,0.0,61.6,7.0,0.1122,0
20.9,0.0,61.6,7.0,0.1122,0
22.5,0.0,93.2,7.0,0.0855,0
18.4,0.0,57.1,7.0,0.2636,0
18.2,0.0,57.1,7.0,0.2636,0
16.9,0.0,78.7,7.0,0.1905,1
21.0,0.0,72.4,7.0,0.1733,0
19.0,0.0,30.0,9.0,0.2516,0
13.0,0.0,78.7,7.0,0.1964,0
21.1,0.0,76.1,7.0,0.5443,0
20.4,0.0,44.4,7.0,0.2636,0
21.1,0.0,76.1,7.0,0.5443,0
21.1,0.0,76.1,7.0,0.5443,0
21.1,0.0,76.1,7.0,0.5443,0
21.1,0.0,76.1,7.0,0.5443,0
21.1,0.0,76.1,7.0,0.5443,0
21.1,0.0,76.1,7.0,0.5443,0
20.2,0.0,50.0,9.0,0.3371,1
21.1,0.0,76.1,7.0,0.5443,0
21.1,0.0,76.1,7.0,0.5443,0
21.1,0.0,76.1,7.0,0.5443,0
21.1,0.0,76.1,7.0,0.5443,0
21.1,0.0,76.1,7.0,0.5443,0
14.0,0.0,76.1,7.0,0.538,1
20.4,0.0,51.8,7.0,0.5273,0
19.7,0.0,65.7,7.0,0.7647,0
20.2,0.0,65.7,7.0,0.7353,1
20.2,0.0,65.7,7.0,0.7353,1
17.0,0.0,65.7,7.0,0.7353,1
17.0,0.0,65.7,7.0,0.7647,0
16.5,0.0,29.1,7.0,0.1296,0
16.5,0.0,29.1,7.0,0.1296,0
16.2,0.0,29.1,7.0,0.1296,0
16.8,0.0,29.1,7.0,0.1296,0
17.7,0.0,29.1,7.0,0.1296,0
16.2,0.0,29.1,7.0,0.1296,0
20.8,0.0,90.0,7.0,0.1628,0
21.6,0.0,90.0,7.0,0.1628,0
19.6,0.0,90.0,7.0,0.1628,0
17.8,0.0,29.1,7.0,0.1296,0
16.5,0.0,29.1,7.0,0.1296,0
17.8,0.0,29.1,7.0,0.1296,0
17.8,0.0,29.1,7.0,0.1296,0
17.8,0.0,29.1,7.0,0.1296,0
15.8,0.0,29.1,7.0,0.1296,0
16.5,0.0,29.1,7.0,0.1296,0
17.8,0.0,29.1,7.0,0.1296,0
17.8,0.0,29.1,7.0,0.1296,0
17.8,0.0,29.1,7.0,0.1296,0
16.5,0.0,29.1,7.0,0.1296,0
17.8,0.0,29.1,7.0,0.1296,0
16.5,0.0,29.1,7.0,0.1296,0
16.5,0.0,29.1,7.0,0.1296,0
17.8,0.0,29.1,7.0,0.1296,0
16.8,0.0,29.1,7.0,0.1111,1
20.0,0.0,29.1,7.0,0.1111,1
16.5,0.0,29.1,7.0,0.1296,0
14.8,0.0,67.0,7.0,0.5,0
22.3,0.0,98.2,7.0,0.0228,0
21.8,0.0,98.2,7.0,0.0228,0
22.4,0.0,98.2,7.0,0.0228,0
18.7,0.0,92.2,7.0,0.0787,0
17.7,0.0,29.1,7.0,0.1296,0
13.8,0.0,29.1,7.0,0.1111,1
15.7,0.0,29.1,7.0,0.1111,1
13.8,0.0,29.1,7.0,0.1111,1
13.0,0.0,76.1,7.0,0.538,1
18.7,0.0,90.0,7.0,0.1628,0
18.7,0.0,90.0,7.0,0.1628,0
20.2,0.0,90.0,7.0,0.1628,0
19.3,0.0,90.0,7.0,0.1628,0
20.4,0.0,90.0,7.0,0.1628,0
21.5,0.0,90.0,7.0,0.155,1
19.4,0.0,90.0,7.0,0.1628,0
21.5,0.0,76.9,7.0,0.7156,1
21.5,0.0,76.9,7.0,0.7156,1
21.5,0.0,76.9,7.0,0.7156,1
21.5,0.0,76.9,7.0,0.7156,1
21.5,0.0,76.9,7.0,0.7156,1
21.5,0.0,76.9,7.0,0.7156,1
20.9,0.0,86.1,7.0,0.2,1
20.9,0.0,86.1,7.0,0.2,1
21.1,0.0,86.1,7.0,0.2286,0
21.5,0.0,76.9,7.0,0.7156,1
21.1,0.0,86.1,7.0,0.2286,0
21.1,0.0,86.1,7.0,0.2286,0
21.1,0.0,86.1,7.0,0.2286,0
21.1,0.0,86.1,7.0,0.2286,0
21.1,0.0,86.1,7.0,0.2286,0
16.9,0.0,57.8,7.0,0.1,0
16.9,0.0,57.8,7.0,0.1,0
16.9,0.0,57.8,7.0,0.1,0
16.9,0.0,57.8,7.0,0.1,0
16.9,0.0,57.8,7.0,0.1,0
16.9,0.0,57.8,7.0,0.1,0
16.9,0.0,57.8,7.0,0.1,0
16.9,0.0,57.8,7.0,0.1,0
16.9,0.0,57.8,7.0,0.1,0
16.9,0.0,57.8,7.0,0.1,0
16.9,0.0,57.8,7.0,0.0952,1
16.9,0.0,57.8,7.0,0.1,0
16.9,0.0,57.8,7.0,0.1,0
16.9,0.0,57.8,7.0,0.1,0
16.9,0.0,57.8,7.0,0.1,0
16.9,0.0,57.8,7.0,0.1,0
16.9,0.0,57.8,7.0,0.1,0
16.9,0.0,57.8,7.0,0.1,0
19.6,0.0,80.3,7.0,0.3231,1
19.6,0.0,80.3,7.0,0.3385,0
19.6,0.0,80.3,7.0,0.3385,0
19.6,0.0,80.3,7.0,0.3385,0
19.6,0.0,80.3,7.0,0.3385,0
19.6,0.0,80.3,7.0,0.3231,1
19.6,0.0,80.3,7.0,0.3385,0
14.8,0.0,45.5,7.0,0.2636,1
21.1,0.0,45.5,7.0,0.2636,0
19.6,0.0,80.3,7.0,0.3385,0
12.6,0.0,94.0,9.0,0.1446,1
21.3,0.0,94.0,7.0,0.1566,0
21.3,0.0,94.0,7.0,0.1566,0
20.6,0.0,94.0,7.0,0.1446,1
19.2,0.0,82.0,7.0,0.2245,0
19.2,0.0,82.0,7.0,0.2041,1
17.0,0.0,82.0,7.0,0.2245,0
17.0,0.0,82.0,7.0,0.2245,0
14.9,0.0,66.1,7.0,0.2273,1
17.8,0.0,66.1,7.0,0.2273,1
17.8,0.0,66.1,7.0,0.2273,1
19.0,0.0,66.1,7.0,0.2318,0
14.1,0.0,66.1,7.0,0.2318,0
17.8,0.0,66.1,7.0,0.2273,1
13.9,0.0,66.1,7.0,0.2318,0
17.8,0.0,66.1,7.0,0.2273,1
19.0,0.0,66.1,7.0,0.2273,1
18.0,0.0,66.1,7.0,0.2318,0
18.0,0.0,66.1,7.0,0.2273,1
20.9,0.0,63.5,7.0,0.6667,0
19.3,0.0,58.1,8.0,0.6293,1
19.3,0.0,58.1,7.0,0.6293,1
18.4,0.0,58.1,7.0,0.6293,1
19.3,0.0,58.1,7.0,0.6293,1
19.3,0.0,58.1,7.0,0.6293,1
19.3,0.0,58.1,7.0,0.6293,1
19.3,0.0,58.1,7.0,0.6293,1
19.3,0.0,58.1,7.0,0.6293,1
18.1,0.0,58.1,7.0,0.6293,1
18.1,0.0,58.1,7.0,0.6293,1
18.1,0.0,58.1,7.0,0.6293,1
19.3,0.0,58.1,8.0,0.6293,1
19.3,0.0,58.1,7.0,0.6293,1
18.1,0.0,58.1,7.0,0.6293,1
18.1,0.0,58.1,7.0,0.6293,1
18.1,0.0,58.1,7.0,0.6293,1
21.1,0.0,86.1,7.0,0.2286,0
21.1,0.0,86.1,7.0,0.2,1
21.1,0.0,86.1,7.0,0.2,1
21.1,0.0,86.1,7.0,0.2,1
21.1,0.0,86.1,7.0,0.2,1
21.1,0.0,86.1,7.0,0.2286,0
20.8,0.0,86.2,7.0,0.3069,0
20.8,0.0,86.2,7.0,0.3069,0
20.8,0.0,86.2,7.0,0.3069,0
20.6,0.0,86.2,7.0,0.3069,0
21.3,0.0,86.2,7.0,0.3069,0
21.3,0.0,86.2,7.0,0.3069,0
21.3,0.0,86.2,7.0,0.3069,0
21.3,0.0,86.2,7.0,0.3069,0
16.0,0.0,86.2,7.0,0.302,1
20.8,0.0,86.2,7.0,0.3069,0
19.2,0.0,49.0,7.0,0.3289,0
21.3,0.0,100.0,7.0,0.0,0
21.3,0.0,100.0,7.0,0.0,0
21.3,0.0,100.0,7.0,0.0,0
21.3,0.0,100.0,7.0,0.0,0
21.3,0.0,100.0,7.0,0.0,0
21.3,0.0,100.0,7.0,0.0,0
21.3,0.0,100.0,7.0,0.0,0
21.3,0.0,100.0,7.0,0.0,0
21.3,0.0,100.0,7.0,0.0,0
21.3,0.0,100.0,7.0,0.0,0
21.3,0.0,100.0,7.0,0.0,0
21.3,0.0,100.0,7.0,0.0,0
21.3,0.0,100.0,7.0,0.0,0
21.3,0.0,100.0,7.0,0.0,0
21.3,0.0,100.0,7.0,0.0,0
21.3,0.0,100.0,7.0,0.0,0
21.3,0.0,100.0,7.0,0.0,0
21.3,0.0,100.0,7.0,0.0,0
21.3,0.0,100.0,7.0,0.0,0
21.3,0.0,100.0,7.0,0.0,0
21.3,0.0,100.0,7.0,0.0,0
21.6,0.0,91.4,7.0,0.2941,1
21.6,0.0,91.4,7.0,0.2941,1
21.6,0.0,91.4,7.0,0.2941,1
21.6,0.0,91.4,7.0,0.2941,1
22.4,0.0,98.2,7.0,0.0228,0
22.4,0.0,98.2,7.0,0.0228,0
19.5,0.0,100.0,7.0,0.0,0
19.5,0.0,100.0,7.0,0.0,0
19.5,0.0,100.0,7.0,0.0,0
19.5,0.0,100.0,7.0,0.0,0
19.5,0.0,100.0,7.0,0.0,0
19.5,0.0,100.0,7.0,0.0,0
19.5,0.0,100.0,7.0,0.0,0
19.5,0.0,100.0,7.0,0.0,0
19.5,0.0,100.0,7.0,0.0,0
19.5,0.0,100.0,7.0,0.0,0
19.5,0.0,100.0,7.0,0.0,0
19.5,0.0,100.0,7.0,0.0,0
19.5,0.0,100.0,7.0,0.0,0
19.5,0.0,100.0,7.0,0.0,0
19.5,0.0,100.0,7.0,0.0,0
19.5,0.0,100.0,7.0,0.0,0
19.5,0.0,100.0,7.0,0.0,0
19.5,0.0,100.0,7.0,0.0,0
19.5,0.0,100.0,7.0,0.0,0
19.5,0.0,100.0,7.0,0.0,0
19.5,0.0,100.0,7.0,0.0,0
19.5,0.0,100.0,7.0,0.0,0
19.5,0.0,100.0,7.0,0.0,0
19.5,0.0,100.0,7.0,0.0,0
19.5,0.0,100.0,7.0,0.0,0
19.5,0.0,100.0,7.0,0.0,0
19.5,0.0,100.0,7.0,0.0,0
19.5,0.0,100.0,7.0,0.0,0
20.1,0.0,91.4,7.0,0.2941,1
18.8,0.0,100.0,7.0,0.2636,0
18.8,0.0,100.0,7.0,0.2636,0
18.8,0.0,100.0,7.0,0.2636,0
18.8,0.0,100.0,7.0,0.2636,0
17.9,1.0,86.7,7.0,0.2636,0
20.9,0.0,86.7,7.0,0.2636,0
21.2,0.0,68.6,7.0,0.1739,0
21.6,0.0,91.4,7.0,0.2941,1
18.5,0.0,91.4,7.0,0.3235,0
17.3,0.0,91.4,7.0,0.3235,0
17.3,0.0,91.4,7.0,0.3235,0
16.7,0.0,94.0,9.0,0.1566,0
18.1,0.0,64.8,7.0,0.4488,0
18.1,0.0,64.8,7.0,0.4488,0
18.1,0.0,64.8,7.0,0.4488,0
13.5,0.0,64.8,7.0,0.4488,0
12.1,0.0,64.8,7.0,0.4488,0
14.7,0.0,64.8,7.0,0.4488,0
19.5,0.0,100.0,7.0,0.0,0
19.5,0.0,100.0,7.0,0.0,0
19.5,0.0,100.0,7.0,0.0,0
19.5,0.0,100.0,7.0,0.0,0
19.5,0.0,100.0,7.0,0.0,0
19.5,0.0,100.0,7.0,0.0,0
19.5,0.0,100.0,7.0,0.0,0
19.5,0.0,100.0,7.0,0.0,0
19.5,0.0,100.0,7.0,0.0,0
19.5,0.0,100.0,7.0,0.0,0
19.5,0.0,100.0,7.0,0.0,0
19.5,0.0,100.0,7.0,0.0,0
19.5,0.0,100.0,7.0,0.0,0
19.5,0.0,100.0,7.0,0.0,0
19.5,0.0,100.0,7.0,0.0,0
19.5,0.0,100.0,7.0,0.0,0
19.5,0.0,100.0,7.0,0.0,0
19.5,0.0,100.0,7.0,0.0,0
19.5,0.0,100.0,7.0,0.0,0
19.5,0.0,100.0,7.0,0.0,0
19.5,0.0,100.0,7.0,0.0,0
19.5,0.0,100.0,7.0,0.0,0
19.5,0.0,100.0,7.0,0.0,0
19.5,0.0,100.0,7.0,0.0,0
19.5,0.0,100.0,7.0,0.0,0
19.5,0.0,100.0,7.0,0.0,0
16.9,0.0,57.8,7.0,0.1,0
21.2,0.0,68.6,7.0,0.1739,0
16.9,0.0,57.8,7.0,0.1,0
16.9,0.0,57.8,7.0,0.1,0
21.2,0.0,68.6,7.0,0.1739,0
16.9,0.0,57.8,7.0,0.1,0
21.2,0.0,68.6,7.0,0.1739,0
21.2,0.0,68.6,7.0,0.1739,0
21.2,0.0,68.6,7.0,0.1739,0
12.6,0.0,81.1,7.0,0.2066,1
16.9,0.0,57.8,7.0,0.0952,1
12.6,0.0,81.1,7.0,0.2149,0
16.9,0.0,57.8,7.0,0.1,0
12.6,0.0,81.1,7.0,0.2149,0
12.6,0.0,81.1,7.0,0.2066,1
17.8,0.0,0.0,7.0,0.1714,0
17.8,0.0,81.1,7.0,0.2149,0
20.1,0.0,0.0,7.0,0.1714,0
17.8,0.0,81.1,7.0,0.2149,0
17.8,0.0,81.1,7.0,0.2149,0
17.8,0.0,81.1,7.0,0.2149,0
19.5,0.0,83.3,7.0,0.2636,0
17.8,0.0,81.1,7.0,0.2149,0
20.1,0.0,0.0,7.0,0.1714,0
21.7,0.0,68.6,7.0,0.1739,0
14.0,0.0,43.8,7.0,0.4659,0
20.1,0.0,0.0,7.0,0.1714,0
21.7,0.0,68.6,7.0,0.1739,0
21.3,0.0,68.6,7.0,0.1594,1
20.1,0.0,0.0,7.0,0.1714,0
21.2,0.0,68.6,7.0,0.1739,0
20.8,0.0,65.2,7.0,0.2636,0
22.4,0.0,95.0,7.0,0.1919,0
20.1,0.0,0.0,7.0,0.1714,0
19.9,0.0,7.7,7.0,0.2636,0
19.9,0.0,7.7,7.0,0.2636,0
19.9,0.0,7.7,7.0,0.2636,0
19.5,0.0,100.0,7.0,0.0,0
19.5,0.0,100.0,7.0,0.0,0
19.5,0.0,100.0,7.0,0.0,0
19.5,0.0,100.0,7.0,0.0,0
19.5,0.0,100.0,7.0,0.0,0
19.5,0.0,100.0,7.0,0.0,0
19.5,0.0,100.0,7.0,0.0,0
19.5,0.0,100.0,7.0,0.0,0
19.5,0.0,100.0,7.0,0.0,0
19.5,0.0,100.0,7.0,0.0,0
19.5,0.0,100.0,7.0,0.0,0
19.5,0.0,100.0,7.0,0.0,0
19.5,0.0,100.0,7.0,0.0,0
19.5,0.0,100.0,7.0,0.0,0
19.5,0.0,100.0,7.0,0.0,0
19.5,0.0,100.0,7.0,0.0,0
19.5,0.0,100.0,7.0,0.0,0
19.5,0.0,100.0,7.0,0.0,0
19.5,0.0,100.0,7.0,0.0,0
19.5,0.0,100.0,7.0,0.0,0
19.5,0.0,100.0,7.0,0.0,0
19.5,0.0,100.0,7.0,0.0,0
19.5,0.0,100.0,7.0,0.0,0
19.5,0.0,100.0,7.0,0.0,0
19.5,0.0,100.0,7.0,0.0,0
17.6,0.0,67.0,7.0,0.5,0
17.6,0.0,67.0,7.0,0.5,0
22.3,0.0,100.0,7.0,0.2636,0
20.6,0.0,100.0,7.0,0.2636,0
16.3,0.0,70.2,7.0,0.2611,0
16.3,0.0,70.2,7.0,0.2611,0
19.5,0.0,100.0,7.0,0.0,0
19.5,0.0,100.0,7.0,0.0,0
19.5,0.0,100.0,7.0,0.0,0
19.5,0.0,100.0,7.0,0.0,0
19.5,0.0,100.0,7.0,0.0,0
19.5,0.0,100.0,7.0,0.0,0
19.5,0.0,100.0,7.0,0.0,0
19.5,0.0,100.0,7.0,0.0,0
19.5,0.0,100.0,7.0,0.0,0
19.5,0.0,100.0,7.0,0.0,0
19.5,0.0,100.0,7.0,0.0,0
19.5,0.0,100.0,7.0,0.0,0
19.5,0.0,100.0,7.0,0.0,0
19.5,0.0,100.0,7.0,0.0,0
19.5,0.0,100.0,7.0,0.0,0
19.5,0.0,100.0,7.0,0.0,0
19.5,0.0,100.0,7.0,0.0,0
19.5,0.0,100.0,7.0,0.0,0
19.5,0.0,100.0,7.0,0.0,0
19.5,0.0,100.0,7.0,0.0,0
19.5,0.0,100.0,7.0,0.0,0
19.5,0.0,100.0,7.0,0.0,0
19.5,0.0,100.0,7.0,0.0,0
19.5,0.0,100.0,7.0,0.0,0
19.5,0.0,100.0,7.0,0.0,0
19.5,0.0,100.0,7.0,0.0,0
19.5,0.0,100.0,7.0,0.0,0
19.5,0.0,100.0,7.0,0.0,0
19.5,0.0,100.0,7.0,0.0,0
19.5,0.0,100.0,7.0,0.0,0
19.5,0.0,100.0,7.0,0.0,0
19.5,0.0,100.0,7.0,0.0,0
20.0,0.0,100.0,7.0,0.0,0
19.5,0.0,100.0,7.0,0.0,0
19.5,0.0,100.0,7.0,0.0,0
19.5,0.0,100.0,7.0,0.0,0
19.5,0.0,100.0,7.0,0.0,0
19.1,0.0,81.1,7.0,0.2066,1
19.1,0.0,95.0,7.0,0.1919,0
19.1,0.0,95.0,7.0,0.1919,0
19.1,0.0,95.0,7.0,0.1919,0
19.1,0.0,95.0,7.0,0.1919,0
19.1,0.0,95.0,7.0,0.1919,0
21.3,0.0,95.0,7.0,0.1919,0
21.7,0.0,95.0,7.0,0.1919,0
19.1,0.0,95.0,7.0,0.1919,0
19.0,0.0,95.0,7.0,0.1919,0
12.4,0.0,100.0,7.0,0.2636,0
19.1,0.0,95.0,7.0,0.1919,0
21.4,0.0,95.0,7.0,0.1919,0
21.4,0.0,95.0,7.0,0.1919,0
21.5,0.0,95.0,7.0,0.1919,0
12.4,0.0,100.0,7.0,0.2636,0
12.4,0.0,100.0,7.0,0.2636,0
21.5,0.0,95.0,7.0,0.1919,0
12.4,0.0,100.0,7.0,0.2636,0
12.4,0.0,100.0,7.0,0.2636,0
12.4,0.0,100.0,7.0,0.2636,0
22.1,0.0,95.0,7.0,0.1919,0
21.8,0.0,95.0,7.0,0.1919,0
19.1,0.0,95.0,7.0,0.1919,0
22.1,0.0,95.0,7.0,0.1919,0
22.1,0.0,95.0,7.0,0.1919,0
21.2,0.0,95.0,7.0,0.1919,0
21.2,0.0,95.0,7.0,0.1919,0
20.0,0.0,0.0,7.0,0.1714,0
20.0,0.0,0.0,7.0,0.1714,0
20.0,0.0,0.0,7.0,0.1714,0
20.0,0.0,0.0,7.0,0.1714,0
19.9,0.0,7.7,7.0,0.2636,0
19.9,0.0,7.7,7.0,0.2636,0
19.9,0.0,7.7,7.0,0.2636,0
20.5,0.0,59.7,7.0,0.4789,0
20.5,0.0,59.7,7.0,0.4648,1
20.5,0.0,59.7,7.0,0.4648,1
20.2,0.0,59.7,7.0,0.4648,1
20.0,0.0,0.0,7.0,0.1714,0
20.0,0.0,0.0,7.0,0.1714,0
20.0,0.0,0.0,7.0,0.1714,0
20.0,0.0,0.0,7.0,0.1714,0
20.0,0.0,0.0,7.0,0.1714,0
19.9,0.0,7.7,7.0,0.2636,0
20.0,0.0,0.0,7.0,0.1714,0
12.3,0.0,49.0,7.0,0.3289,0
12.3,0.0,49.0,7.0,0.3289,0
12.3,0.0,49.0,7.0,0.3289,0
12.3,0.0,49.0,7.0,0.3289,0
12.3,0.0,49.0,7.0,0.3289,0
12.3,0.0,49.0,7.0,0.3289,0
12.3,0.0,49.0,7.0,0.3289,0
12.3,0.0,49.0,7.0,0.3289,0
12.3,0.0,49.0,7.0,0.3289,0
12.3,0.0,49.0,7.0,0.3289,0
12.3,0.0,49.0,7.0,0.3289,0
12.3,0.0,49.0,7.0,0.3289,0
12.3,0.0,49.0,7.0,0.3289,0
12.3,0.0,49.0,7.0,0.3289,0
12.3,0.0,49.0,7.0,0.3224,1
12.3,0.0,49.0,7.0,0.3289,0
12.3,0.0,49.0,7.0,0.3289,0
12.3,0.0,49.0,7.0,0.3289,0
12.3,0.0,49.0,7.0,0.3289,0
18.1,0.0,58.1,7.0,0.6379,0
17.0,1.0,58.1,7.0,0.6293,1
18.8,0.0,58.1,7.0,0.6379,0
18.8,0.0,49.0,7.0,0.3289,0
18.8,0.0,49.0,7.0,0.3289,0
18.8,0.0,49.0,7.0,0.3289,0
18.8,0.0,49.0,7.0,0.3289,0
18.8,0.0,49.0,7.0,0.3289,0
18.8,0.0,49.0,7.0,0.3289,0
18.8,0.0,49.0,7.0,0.3289,0
18.8,0.0,49.0,7.0,0.3289,0
18.8,0.0,49.0,7.0,0.3289,0
18.8,0.0,49.0,7.0,0.3289,0
18.8,0.0,49.0,7.0,0.3289,0
18.8,0.0,49.0,7.0,0.3289,0
18.8,0.0,49.0,7.0,0.3289,0
18.8,0.0,49.0,7.0,0.3289,0
18.8,0.0,49.0,7.0,0.3289,0
18.8,0.0,49.0,7.0,0.3289,0
18.8,0.0,49.0,7.0,0.3289,0
18.8,0.0,49.0,7.0,0.3289,0
18.8,0.0,49.0,7.0,0.3289,0
18.8,0.0,49.0,7.0,0.3289,0
13.0,1.0,78.8,7.0,0.3125,0
15.4,0.0,58.7,7.0,0.3756,0
22.4,0.0,98.2,7.0,0.0228,0
21.4,0.0,94.0,7.0,0.0,0
21.9,0.0,100.0,7.0,0.0,0
20.1,0.0,66.7,9.0,0.2636,0
20.1,0.0,81.1,7.0,0.2149,0
18.1,0.0,81.1,7.0,0.2149,0
20.1,0.0,81.1,7.0,0.2149,0
20.1,0.0,81.1,7.0,0.2149,0
20.1,0.0,81.1,7.0,0.2066,1
22.3,0.0,98.2,7.0,0.0228,0
18.4,0.0,98.2,7.0,0.0228,0
13.0,0.0,81.1,7.0,0.2066,1
22.2,0.0,98.2,7.0,0.0228,0
14.1,0.0,81.1,7.0,0.2149,0
16.1,0.0,81.1,7.0,0.2066,1
16.3,0.0,81.1,7.0,0.2066,1
16.3,0.0,81.1,7.0,0.2149,0
16.3,0.0,81.1,7.0,0.2149,0
21.1,0.0,80.8,7.0,0.1569,0
20.1,0.0,81.1,7.0,0.2149,0
19.1,0.0,81.1,7.0,0.2149,0
20.5,0.0,73.7,7.0,0.2636,1
20.7,0.0,73.7,7.0,0.2636,0
20.7,0.0,73.7,7.0,0.2636,0
20.7,0.0,73.7,7.0,0.2636,1
20.7,0.0,73.7,7.0,0.2636,0
17.4,0.0,80.8,7.0,0.1569,0
19.0,0.0,58.1,7.0,0.6293,1
18.1,0.0,58.1,7.0,0.6293,1
19.3,0.0,58.1,7.0,0.6293,1
15.3,0.0,92.2,7.0,0.1951,0
15.3,0.0,92.2,7.0,0.1951,0
16.9,0.0,92.2,7.0,0.1951,0
16.3,0.0,92.2,7.0,0.1951,0
17.9,0.0,92.2,7.0,0.1951,0
17.3,0.0,90.8,7.0,0.0667,0
17.8,0.0,90.8,7.0,0.0667,0
17.8,0.0,90.8,7.0,0.0667,0
17.8,0.0,90.8,7.0,0.0667,0
17.9,0.0,96.3,7.0,0.0377,0
17.9,0.0,96.3,7.0,0.0377,0
17.9,0.0,96.3,7.0,0.0377,0
17.9,0.0,96.3,7.0,0.0377,0
17.9,0.0,96.3,7.0,0.0377,0
17.9,0.0,96.3,7.0,0.0377,0
17.9,0.0,96.3,7.0,0.0377,0
20.0,1.0,46.7,7.0,0.4519,1
15.6,0.0,26.0,7.0,0.0909,0
14.0,0.0,26.0,7.0,0.0909,0
15.2,0.0,93.1,7.0,0.2636,0
15.2,0.0,93.1,7.0,0.2636,0
20.9,0.0,37.2,7.0,0.0952,1
21.3,0.0,26.0,7.0,0.0808,1
21.3,0.0,26.0,7.0,0.0808,1
20.0,0.0,26.0,7.0,0.0909,0
14.2,0.0,26.0,7.0,0.0909,0
18.1,0.0,57.1,7.0,0.2636,0
21.8,0.0,82.0,7.0,0.1448,0
21.8,0.0,82.0,7.0,0.1448,0
21.8,0.0,82.0,7.0,0.1448,0
21.0,0.0,57.1,7.0,0.4322,1
21.0,0.0,57.1,7.0,0.4322,1
21.8,0.0,82.0,7.0,0.1448,0
19.0,0.0,57.1,7.0,0.4322,1
19.0,0.0,57.1,7.0,0.4322,1
19.0,0.0,57.1,7.0,0.4322,1
21.5,0.0,76.9,7.0,0.7156,1
21.5,0.0,76.9,7.0,0.7156,1
21.5,0.0,76.9,7.0,0.7156,1
21.5,0.0,76.9,7.0,0.7156,1
21.5,0.0,76.9,7.0,0.7156,1
21.5,0.0,76.9,7.0,0.7156,1
21.5,0.0,76.9,7.0,0.7163,0
21.5,0.0,76.9,7.0,0.7156,1
21.5,0.0,76.9,7.0,0.7156,1
21.5,0.0,76.9,7.0,0.7156,1
21.5,0.0,76.9,7.0,0.7156,1
21.5,0.0,76.9,7.0,0.7156,1
21.5,0.0,76.9,7.0,0.7156,1
21.5,0.0,76.9,7.0,0.7156,1
21.5,0.0,76.9,7.0,0.7156,1
21.5,0.0,76.9,7.0,0.7156,1
21.5,0.0,76.9,7.0,0.7156,1
21.5,0.0,76.9,7.0,0.7156,1
21.5,0.0,76.9,7.0,0.7156,1
18.2,0.0,95.7,7.0,0.0217,0
18.2,0.0,95.7,7.0,0.0217,0
18.2,0.0,95.7,7.0,0.0217,0
17.8,0.0,95.7,7.0,0.0217,0
21.5,0.0,76.9,7.0,0.7156,1
16.1,0.0,96.3,7.0,0.0377,0
16.1,0.0,96.3,7.0,0.0377,0
16.1,0.0,96.3,7.0,0.0377,0
16.1,0.0,96.3,7.0,0.0377,0
16.1,0.0,96.3,7.0,0.0377,0
16.1,0.0,96.3,7.0,0.0377,0
16.1,0.0,96.3,7.0,0.0377,0
16.1,0.0,96.3,7.0,0.0377,0
16.1,0.0,96.3,7.0,0.0377,0
16.1,0.0,96.3,7.0,0.0377,0
16.1,0.0,96.3,7.0,0.0377,0
16.1,0.0,96.3,7.0,0.0377,0
16.1,0.0,96.3,7.0,0.0377,0
16.1,0.0,96.3,7.0,0.0377,0
16.1,0.0,96.3,7.0,0.0377,0
16.1,0.0,96.3,7.0,0.0377,0
16.1,0.0,96.3,7.0,0.0377,0
16.1,0.0,96.3,7.0,0.0377,0
16.1,0.0,96.3,7.0,0.0377,0
19.9,0.0,100.0,8.0,0.2636,0
19.9,0.0,100.0,7.0,0.2636,0
20.7,0.0,42.5,7.0,0.1608,0
21.3,0.0,42.5,7.0,0.1558,1
21.3,0.0,42.5,7.0,0.1558,1
19.6,0.0,21.1,7.0,0.2636,0
21.3,0.0,100.0,7.0,0.0421,0
21.3,0.0,100.0,7.0,0.0421,0
21.3,0.0,100.0,7.0,0.0421,0
21.1,0.0,41.2,7.0,0.2121,0
21.6,0.0,73.5,7.0,0.0366,0
20.3,0.0,73.5,7.0,0.0366,0
21.8,0.0,53.0,7.0,0.2105,0
21.8,0.0,53.0,7.0,0.2105,0
21.8,0.0,53.0,7.0,0.2105,0
21.5,0.0,53.0,7.0,0.203,1
22.0,0.0,53.0,7.0,0.2105,0
21.6,0.0,53.0,7.0,0.2105,0
21.3,0.0,53.0,7.0,0.2105,0
21.5,0.0,53.0,7.0,0.2105,0
21.8,0.0,53.0,7.0,0.203,1
21.8,0.0,53.0,7.0,0.2105,0
21.3,0.0,53.0,7.0,0.2105,0
21.8,0.0,53.0,7.0,0.2105,0
21.8,0.0,53.0,7.0,0.2105,0
21.7,0.0,53.0,7.0,0.203,1
16.1,0.0,96.3,7.0,0.0377,0
16.1,0.0,96.3,7.0,0.0377,0
20.8,0.0,98.1,7.0,0.3452,0
20.8,0.0,98.1,7.0,0.3452,0
20.8,0.0,98.1,7.0,0.3452,0
20.8,0.0,98.1,7.0,0.3452,0
20.8,0.0,98.1,7.0,0.3452,0
20.8,0.0,98.1,7.0,0.3452,0
20.8,0.0,98.1,7.0,0.3452,0
20.8,0.0,98.1,7.0,0.3452,0
20.8,0.0,98.1,7.0,0.3452,0
20.8,0.0,98.1,7.0,0.3452,0
20.8,0.0,98.1,7.0,0.3452,0
20.8,0.0,98.1,7.0,0.3419,1
20.8,0.0,98.1,7.0,0.3452,0
20.8,0.0,98.1,7.0,0.3452,0
20.8,0.0,98.1,7.0,0.3452,0
20.8,0.0,98.1,7.0,0.3452,0
15.2,0.0,93.1,7.0,0.2636,0
20.8,0.0,98.1,7.0,0.3452,0
20.8,0.0,98.1,7.0,0.3452,0
20.8,0.0,98.1,7.0,0.3419,1
20.8,0.0,98.1,7.0,0.3452,0
20.8,0.0,98.1,7.0,0.3452,0
20.8,0.0,98.1,7.0,0.3452,0
20.8,0.0,98.1,7.0,0.3452,0
20.8,0.0,98.1,7.0,0.3452,0
20.8,0.0,98.1,7.0,0.3452,0
20.8,0.0,98.1,7.0,0.3452,0
20.8,0.0,98.1,7.0,0.3452,0
20.8,0.0,98.1,7.0,0.3452,0
20.8,0.0,98.1,7.0,0.3452,0
20.8,0.0,98.1,7.0,0.3452,0
20.8,0.0,98.1,7.0,0.3452,0
20.8,0.0,98.1,7.0,0.3452,0
20.8,0.0,98.1,7.0,0.3452,0
20.8,0.0,98.1,7.0,0.3419,1
20.8,0.0,98.1,7.0,0.3452,0
20.8,0.0,98.1,7.0,0.3452,0
20.8,0.0,98.1,7.0,0.3452,0
20.8,0.0,98.1,7.0,0.3419,1
20.8,0.0,98.1,7.0,0.3452,0
20.8,0.0,98.1,7.0,0.3419,1
18.0,0.0,57.1,7.0,0.2636,1
16.9,0.0,78.7,7.0,0.1905,1
21.6,0.0,93.2,7.0,0.0855,0
18.0,0.0,57.1,7.0,0.2636,0
21.6,0.0,93.2,7.0,0.0855,0
20.8,0.0,98.1,7.0,0.3452,0
20.8,0.0,98.1,7.0,0.3419,1
20.8,0.0,98.1,7.0,0.3452,0
20.8,0.0,98.1,7.0,0.3452,0
20.8,0.0,98.1,7.0,0.3452,0
20.8,0.0,98.1,7.0,0.3452,0
20.8,0.0,98.1,7.0,0.3419,1
20.8,0.0,98.1,7.0,0.3419,1
20.8,0.0,98.1,7.0,0.3452,0
20.8,0.0,98.1,7.0,0.3452,0
20.8,0.0,98.1,7.0,0.3452,0
20.8,0.0,98.1,7.0,0.3452,0
20.8,0.0,98.1,7.0,0.3452,0
20.8,0.0,98.1,7.0,0.3452,0
20.8,0.0,98.1,7.0,0.3419,1
20.8,0.0,98.1,7.0,0.3452,0
20.8,0.0,98.1,7.0,0.3419,1
20.8,0.0,98.1,7.0,0.3419,1
20.8,0.0,98.1,7.0,0.3452,0
20.8,0.0,98.1,7.0,0.3452,0
20.8,0.0,98.1,7.0,0.3452,0
20.8,0.0,98.1,7.0,0.3419,1
20.8,0.0,98.1,7.0,0.3452,0
20.8,0.0,98.1,7.0,0.3452,0
20.8,0.0,98.1,7.0,0.3452,0
20.8,0.0,98.1,7.0,0.3452,0
20.8,0.0,98.1,7.0,0.3452,0
20.8,0.0,98.1,7.0,0.3452,0
20.8,0.0,98.1,7.0,0.3452,0
20.8,0.0,98.1,7.0,0.3452,0
16.7,0.0,82.4,7.0,0.0778,0
21.0,0.0,82.4,7.0,0.0778,0
18.6,0.0,81.1,7.0,0.2149,0
18.6,0.0,81.1,7.0,0.2149,0
21.0,0.0,82.4,7.0,0.0778,0
18.6,0.0,81.1,7.0,0.2149,0
18.6,0.0,81.1,7.0,0.2149,0
14.2,0.0,91.7,7.0,0.0169,0
18.6,0.0,81.1,7.0,0.2066,1
14.2,0.0,91.7,7.0,0.0169,0
18.6,0.0,81.1,7.0,0.2149,0
14.2,0.0,91.7,7.0,0.0169,0
18.6,0.0,81.1,7.0,0.2149,0
14.2,0.0,91.7,7.0,0.0169,0
18.6,0.0,81.1,7.0,0.2149,0
18.1,0.0,81.1,7.0,0.2149,0
21.0,0.0,82.4,7.0,0.0778,0
19.1,0.0,81.1,7.0,0.2149,0
20.8,0.0,98.1,7.0,0.3419,1
20.8,0.0,98.1,7.0,0.3419,1
20.8,0.0,98.1,7.0,0.3419,1
20.8,0.0,98.1,7.0,0.3419,1
20.8,0.0,98.1,7.0,0.3419,1
20.8,0.0,98.1,7.0,0.3419,1
20.8,0.0,98.1,7.0,0.3419,1
20.8,0.0,98.1,7.0,0.3419,1
20.8,0.0,98.1,7.0,0.3419,1
20.8,0.0,98.1,7.0,0.3419,1
20.8,0.0,98.1,7.0,0.3419,1
20.8,0.0,98.1,7.0,0.3419,1
20.8,0.0,98.1,7.0,0.3419,1
20.8,0.0,98.1,7.0,0.3419,1
20.8,0.0,98.1,7.0,0.3419,1
20.8,0.0,98.1,7.0,0.3419,1
20.8,0.0,98.1,7.0,0.3419,1
20.8,0.0,98.1,7.0,0.3419,1
20.8,0.0,98.1,7.0,0.3419,1
20.8,0.0,98.1,7.0,0.3419,1
20.8,0.0,98.1,7.0,0.3419,1
20.8,0.0,98.1,7.0,0.3419,1
20.8,0.0,98.1,7.0,0.3419,1
20.8,0.0,98.1,7.0,0.3419,1
20.8,0.0,98.1,7.0,0.3419,1
20.8,0.0,98.1,7.0,0.3419,1
20.8,0.0,98.1,7.0,0.3419,1
20.8,0.0,98.1,7.0,0.3419,1
20.8,0.0,98.1,7.0,0.3419,1
20.8,0.0,98.1,7.0,0.3419,1
20.8,0.0,98.1,7.0,0.3419,1
20.8,0.0,98.1,7.0,0.3419,1
20.8,0.0,98.1,7.0,0.3419,1
20.8,0.0,98.1,7.0,0.3419,1
20.8,0.0,98.1,7.0,0.3419,1
20.8,0.0,98.1,7.0,0.3419,1
20.8,0.0,98.1,7.0,0.3419,1
20.8,0.0,98.1,7.0,0.3419,1
20.8,0.0,98.1,7.0,0.3419,1
20.8,0.0,98.1,7.0,0.3419,1
20.8,0.0,98.1,7.0,0.3419,1
20.8,0.0,98.1,7.0,0.3419,1
20.8,0.0,98.1,7.0,0.3419,1
20.8,0.0,98.1,7.0,0.3419,1
20.8,0.0,98.1,7.0,0.3419,1
20.8,0.0,98.1,7.0,0.3419,1
20.8,0.0,98.1,7.0,0.3419,1
20.8,0.0,98.1,7.0,0.3419,1
20.8,0.0,98.1,7.0,0.3419,1
20.8,0.0,98.1,7.0,0.3419,1
16.5,0.0,97.5,7.0,0.019,0
17.0,0.0,91.7,7.0,0.0169,0
18.6,0.0,81.1,7.0,0.2066,1
17.0,0.0,91.7,7.0,0.0169,0
16.5,0.0,97.5,7.0,0.019,0
16.5,0.0,97.5,7.0,0.019,0
21.7,0.0,82.4,7.0,0.0778,0
20.6,0.0,82.4,7.0,0.0778,0
16.5,0.0,97.5,7.0,0.019,0
20.8,0.0,98.1,7.0,0.3419,1
20.8,0.0,98.1,7.0,0.3419,1
20.8,0.0,98.1,7.0,0.3419,1
20.8,0.0,98.1,7.0,0.3419,1
20.8,0.0,98.1,7.0,0.3419,1
20.8,0.0,98.1,7.0,0.3419,1
20.8,0.0,98.1,7.0,0.3419,1
20.8,0.0,98.1,7.0,0.3419,1
20.8,0.0,98.1,7.0,0.3419,1
20.8,0.0,98.1,7.0,0.3419,1
20.8,0.0,98.1,7.0,0.3419,1
20.8,0.0,98.1,7.0,0.3419,1
20.8,0.0,98.1,7.0,0.3419,1
20.8,0.0,98.1,7.0,0.3419,1
20.8,0.0,98.1,7.0,0.3419,1
22.1,0.0,98.2,7.0,0.0228,0
22.1,0.0,98.2,7.0,0.0228,0
16.5,0.0,97.5,7.0,0.019,0
22.1,0.0,98.2,7.0,0.0228,0
16.5,0.0,97.5,7.0,0.019,0
16.5,0.0,97.5,7.0,0.019,0
14.6,0.0,69.0,7.0,0.2195,0
14.6,0.0,69.0,7.0,0.2195,0
16.5,0.0,97.5,7.0,0.019,0
16.5,0.0,97.5,7.0,0.019,0
16.5,0.0,97.5,7.0,0.019,0
20.0,0.0,56.0,7.0,0.2636,0
16.5,0.0,97.5,7.0,0.019,0
16.5,0.0,97.5,7.0,0.019,0
17.0,0.0,91.7,7.0,0.0169,0
15.3,0.0,97.5,7.0,0.019,0
14.9,0.0,91.7,7.0,0.0169,0
15.3,0.0,97.5,7.0,0.019,0
14.9,0.0,91.7,7.0,0.0169,0
15.3,0.0,97.5,7.0,0.019,0
15.3,0.0,97.5,7.0,0.019,0
14.9,0.0,91.7,7.0,0.0169,0
20.6,0.0,88.5,7.0,0.1053,1
15.3,0.0,97.5,7.0,0.019,0
17.0,0.0,91.7,7.0,0.0169,0
14.7,0.0,88.5,7.0,0.1158,0
15.3,0.0,97.5,7.0,0.019,0
17.0,0.0,91.7,7.0,0.0169,0
15.3,0.0,97.5,7.0,0.019,0
14.9,0.0,91.7,7.0,0.0169,0
14.9,0.0,91.7,7.0,0.0169,0
15.3,0.0,97.5,7.0,0.019,0
15.3,0.0,97.5,7.0,0.019,0
14.9,0.0,91.7,7.0,0.0169,0
15.3,0.0,97.5,7.0,0.019,0
15.3,0.0,97.5,7.0,0.019,0
15.3,0.0,97.5,7.0,0.019,0
16.5,0.0,97.5,7.0,0.019,0
17.3,0.0,97.5,7.0,0.019,0
17.3,0.0,97.5,7.0,0.019,0
17.3,0.0,97.5,7.0,0.019,0
17.3,0.0,97.5,7.0,0.019,0
17.3,0.0,97.5,7.0,0.019,0
20.4,0.0,88.5,7.0,0.1158,0
20.4,0.0,88.5,7.0,0.1158,0
18.4,0.0,97.8,7.0,0.0227,0
18.4,0.0,97.8,7.0,0.0227,0
16.0,0.0,97.8,7.0,0.0227,0
16.0,0.0,97.8,7.0,0.0227,0
18.5,0.0,97.8,7.0,0.0227,0
16.0,0.0,97.8,7.0,0.0227,0
17.3,0.0,97.5,7.0,0.019,0
17.8,0.0,97.8,7.0,0.0227,0
17.8,0.0,97.8,7.0,0.0227,0
17.8,0.0,97.8,7.0,0.0227,0
17.8,0.0,97.8,7.0,0.0227,0
17.8,0.0,97.8,7.0,0.0227,0
21.6,0.0,55.9,7.0,0.4706,0
21.6,0.0,55.9,7.0,0.4652,1
13.0,0.0,90.8,7.0,0.1237,0
13.0,0.0,90.8,7.0,0.1237,0
13.0,0.0,90.8,7.0,0.1237,0
13.0,0.0,90.8,7.0,0.1237,0
13.0,0.0,90.8,7.0,0.1237,0
13.0,0.0,90.8,7.0,0.1237,0
13.0,0.0,90.8,7.0,0.1237,0
13.0,0.0,90.8,7.0,0.1237,0
13.0,0.0,90.8,7.0,0.1237,0
13.0,0.0,90.8,7.0,0.1237,0
13.0,0.0,90.8,7.0,0.1237,0
13.0,0.0,90.8,7.0,0.1237,0
20.0,0.0,56.0,7.0,0.2636,0
20.9,0.0,90.6,7.0,0.0296,0
20.9,0.0,90.6,7.0,0.0296,0
20.5,0.0,88.3,7.0,0.2235,0
20.9,0.0,90.6,7.0,0.0296,0
20.9,0.0,90.6,7.0,0.0296,0
20.9,0.0,90.6,7.0,0.0296,0
20.5,0.0,88.3,7.0,0.2176,1
20.9,0.0,90.6,7.0,0.0296,0
20.9,0.0,90.6,7.0,0.0296,0
20.5,0.0,88.3,7.0,0.2235,0
20.9,0.0,90.6,7.0,0.0296,0
20.9,0.0,90.6,7.0,0.0296,0
20.9,0.0,90.6,7.0,0.0296,0
20.2,0.0,88.3,7.0,0.2235,0
20.9,0.0,90.6,7.0,0.0296,0
20.9,0.0,90.6,7.0,0.0296,0
20.5,0.0,88.3,7.0,0.2235,0
20.9,0.0,90.6,7.0,0.0296,0
20.9,0.0,90.6,7.0,0.0296,0
20.5,0.0,88.3,8.0,0.2235,0
21.5,0.0,76.9,7.0,0.7156,1
21.5,0.0,76.9,7.0,0.7156,1
21.5,0.0,76.9,7.0,0.7156,1
21.5,0.0,76.9,7.0,0.7156,1
21.5,0.0,76.9,7.0,0.7156,1
21.5,0.0,76.9,7.0,0.7156,1
21.5,0.0,76.9,7.0,0.7156,1
21.5,0.0,76.9,7.0,0.7156,1
21.5,0.0,76.9,7.0,0.7156,1
21.5,0.0,76.9,7.0,0.7156,1
21.5,0.0,76.9,7.0,0.7156,1
21.5,0.0,76.9,7.0,0.7156,1
21.5,0.0,76.9,7.0,0.7156,1
21.5,0.0,76.9,7.0,0.7156,1
20.0,0.0,56.0,7.0,0.2636,0
20.0,0.0,56.0,7.0,0.2636,0
20.0,0.0,56.0,7.0,0.2636,0
20.0,0.0,56.0,7.0,0.2636,0
20.0,0.0,56.0,7.0,0.2636,0
20.0,0.0,56.0,7.0,0.2636,0
14.6,0.0,69.0,7.0,0.1951,1
12.9,0.0,69.0,7.0,0.2195,0
21.1,0.0,66.7,7.0,0.2636,1
21.1,0.0,96.7,7.0,0.1685,0
16.3,0.0,0.0,7.0,0.2636,1
20.7,0.0,36.7,7.0,0.3559,1
20.7,0.0,36.7,7.0,0.3729,0
20.7,0.0,36.7,7.0,0.3559,1
17.4,0.0,36.7,7.0,0.3559,1
17.4,0.0,36.7,7.0,0.3559,1
20.7,0.0,36.7,7.0,0.3729,0
21.3,0.0,36.7,7.0,0.3729,0
21.3,0.0,36.7,7.0,0.3729,0
16.5,0.0,36.7,7.0,0.3729,0
20.8,0.0,36.7,7.0,0.3729,0
21.3,0.0,36.7,7.0,0.3729,0
16.5,0.0,36.7,7.0,0.3729,0
15.9,0.0,36.7,7.0,0.3559,1
15.7,0.0,36.7,7.0,0.3559,1
17.4,0.0,36.7,7.0,0.3559,1
16.5,0.0,36.7,7.0,0.3729,0
20.8,0.0,36.7,7.0,0.3559,1
17.6,0.0,79.5,7.0,0.0,0
12.8,0.0,47.2,7.0,0.0795,1
17.0,0.0,47.2,7.0,0.0909,0
17.0,0.0,47.2,7.0,0.0909,0
17.0,0.0,47.2,7.0,0.0909,0
17.0,0.0,47.2,7.0,0.0909,0
17.0,0.0,47.2,7.0,0.0909,0
19.5,0.0,39.1,7.0,0.2326,0
21.6,0.0,57.1,7.0,0.2636,0
21.5,0.0,57.1,7.0,0.2636,0
21.6,0.0,57.1,7.0,0.2636,0
20.8,0.0,57.1,7.0,0.2636,0
20.8,0.0,57.1,7.0,0.2636,0
21.6,0.0,57.1,7.0,0.2636,1
22.0,0.0,57.1,7.0,0.2636,0
22.0,0.0,57.1,7.0,0.2636,0
22.0,0.0,57.1,7.0,0.2636,0
21.5,0.0,57.1,7.0,0.2636,0
21.3,0.0,57.1,7.0,0.2636,1
21.5,0.0,88.3,7.0,0.2235,0
21.5,0.0,88.3,7.0,0.2235,0
21.5,0.0,88.3,7.0,0.2235,0
21.5,0.0,88.3,7.0,0.2235,0
21.5,0.0,88.3,7.0,0.2235,0
21.5,0.0,88.3,7.0,0.2235,0
16.4,0.0,51.8,7.0,0.5091,1
16.4,0.0,51.8,7.0,0.5091,1
16.4,0.0,51.8,7.0,0.5091,1
20.4,0.0,51.8,7.0,0.5091,1
20.2,2.0,91.7,7.0,0.2636,1
20.8,0.0,25.0,7.0,0.2636,1
21.3,0.0,100.0,7.0,0.0421,0
21.3,0.0,100.0,7.0,0.0421,0
21.3,0.0,100.0,7.0,0.0421,0
21.3,0.0,100.0,7.0,0.0421,0
21.3,0.0,100.0,7.0,0.0421,0
21.3,0.0,100.0,7.0,0.0421,0
21.3,0.0,100.0,7.0,0.0421,0
21.3,0.0,100.0,7.0,0.0421,0
21.3,0.0,100.0,7.0,0.0421,0
21.3,0.0,100.0,7.0,0.0421,0
21.3,0.0,100.0,7.0,0.0421,0
21.3,0.0,100.0,7.0,0.0421,0
21.9,0.0,100.0,7.0,0.0797,0
21.9,0.0,100.0,7.0,0.0797,0
21.9,0.0,100.0,7.0,0.0797,0
21.9,0.0,100.0,7.0,0.0797,0
21.9,0.0,100.0,7.0,0.0797,0
21.9,0.0,100.0,7.0,0.0797,0
21.9,0.0,100.0,7.0,0.0797,0
21.9,0.0,100.0,7.0,0.0797,0
21.3,0.0,100.0,7.0,0.0421,0
21.9,0.0,100.0,7.0,0.0797,0
21.9,0.0,100.0,7.0,0.0797,0
21.9,0.0,100.0,7.0,0.0797,0
21.9,0.0,100.0,7.0,0.0797,0
21.9,0.0,100.0,7.0,0.0797,0
21.9,0.0,100.0,7.0,0.0797,0
21.9,0.0,100.0,7.0,0.0797,0
21.9,0.0,100.0,7.0,0.0797,0
21.9,0.0,100.0,7.0,0.0797,0
21.9,0.0,100.0,7.0,0.0797,0
21.9,0.0,100.0,7.0,0.0797,0
21.9,0.0,100.0,7.0,0.0797,0
21.9,0.0,100.0,7.0,0.0797,0
21.9,0.0,100.0,7.0,0.0797,0
21.9,0.0,100.0,7.0,0.0797,0
21.9,0.0,100.0,7.0,0.0797,0
21.9,0.0,100.0,7.0,0.0797,0
16.4,0.0,100.0,7.0,0.0,0
21.3,0.0,42.5,7.0,0.1608,0
15.0,0.0,63.0,7.0,0.1509,0
17.0,0.0,47.2,7.0,0.0909,0
17.0,0.0,47.2,7.0,0.0909,0
17.0,0.0,47.2,7.0,0.0909,0
17.0,0.0,47.2,7.0,0.0909,0
17.0,0.0,47.2,7.0,0.0909,0
17.0,0.0,47.2,7.0,0.0909,0
13.0,0.0,6.0,7.0,0.2576,0
12.0,0.0,47.2,7.0,0.0909,0
18.0,0.0,72.0,7.0,0.2636,0
19.9,0.0,72.0,7.0,0.2636,1
20.6,0.0,72.0,7.0,0.2636,1
17.7,0.0,6.2,7.0,0.2636,1
20.7,0.0,97.5,7.0,0.019,0
20.7,0.0,97.5,7.0,0.019,0
20.7,0.0,97.5,7.0,0.019,0
20.7,0.0,97.5,7.0,0.019,0
20.7,0.0,97.5,7.0,0.019,0
20.7,0.0,97.5,7.0,0.019,0
20.7,0.0,97.5,7.0,0.019,0
20.7,0.0,97.5,7.0,0.019,0
20.7,0.0,97.5,7.0,0.019,0
20.7,0.0,97.5,7.0,0.019,0
21.3,0.0,100.0,7.0,0.0421,0
20.7,0.0,97.5,7.0,0.019,0
21.3,0.0,100.0,7.0,0.0421,0
17.7,0.0,6.2,7.0,0.2636,1
17.7,0.0,6.2,7.0,0.2636,1
22.2,0.0,89.2,7.0,0.0978,0
20.7,0.0,97.5,7.0,0.019,0
21.3,0.0,100.0,7.0,0.0421,0
20.7,0.0,97.5,7.0,0.019,0
21.3,0.0,100.0,7.0,0.0421,0
14.1,0.0,6.2,7.0,0.2636,0
20.7,0.0,97.5,7.0,0.019,0
20.7,0.0,97.5,7.0,0.019,0
20.7,0.0,97.5,7.0,0.019,0
20.7,0.0,97.5,7.0,0.019,0
20.7,0.0,97.5,7.0,0.019,0
20.7,0.0,97.5,7.0,0.019,0
20.7,0.0,97.5,7.0,0.019,0
20.1,0.0,97.5,7.0,0.019,0
20.1,0.0,97.5,7.0,0.019,0
20.1,0.0,97.5,7.0,0.019,0
20.0,0.0,97.5,7.0,0.019,0
20.0,0.0,97.5,7.0,0.019,0
20.0,0.0,97.5,7.0,0.019,0
20.0,0.0,97.5,7.0,0.019,0
19.0,0.0,65.7,7.0,0.7353,1
20.9,0.0,65.7,7.0,0.7353,1
20.0,0.0,97.5,7.0,0.019,0
20.0,0.0,97.5,8.0,0.019,0
20.1,0.0,97.5,7.0,0.019,0
20.1,0.0,97.5,7.0,0.019,0
20.1,0.0,97.5,7.0,0.019,0
20.1,0.0,97.5,7.0,0.019,0
20.1,0.0,97.5,7.0,0.019,0
20.1,0.0,97.5,7.0,0.019,0
20.1,0.0,97.5,7.0,0.019,0
17.8,0.0,6.2,7.0,0.2636,1
20.1,0.0,97.5,7.0,0.019,0
20.1,0.0,97.5,7.0,0.019,0
20.1,0.0,97.5,7.0,0.019,0
20.0,0.0,97.5,7.0,0.019,0
20.0,0.0,97.5,7.0,0.019,0
20.0,0.0,97.5,7.0,0.019,0
20.0,0.0,97.5,7.0,0.019,0
20.1,0.0,97.5,7.0,0.019,0
20.1,0.0,97.5,7.0,0.019,0
20.1,0.0,97.5,7.0,0.019,0
20.1,0.0,97.5,7.0,0.019,0
20.1,0.0,97.5,7.0,0.019,0
17.7,0.0,6.2,7.0,0.2636,1
19.3,0.0,97.6,7.0,0.05,0
19.3,0.0,97.6,7.0,0.05,0
19.3,0.0,97.6,7.0,0.05,0
19.3,0.0,97.6,7.0,0.05,0
19.3,0.0,97.6,7.0,0.05,0
19.3,0.0,97.6,7.0,0.05,0
19.3,0.0,97.6,7.0,0.05,0
19.3,0.0,97.6,7.0,0.05,0
17.7,0.0,6.2,7.0,0.2636,1
17.7,0.0,6.2,7.0,0.2636,1
14.4,0.0,6.2,7.0,0.2636,0
17.7,0.0,6.2,7.0,0.2636,1
17.7,0.0,6.2,7.0,0.2636,0
17.7,0.0,6.2,7.0,0.2636,0
17.7,0.0,6.2,7.0,0.2636,0
17.9,0.0,92.2,7.0,0.1902,1
16.2,0.0,92.2,7.0,0.1951,0
17.9,0.0,92.2,7.0,0.1951,0
17.8,0.0,0.0,7.0,0.2636,1
17.8,0.0,0.0,7.0,0.2636,1
17.8,0.0,0.0,7.0,0.2636,1
17.8,0.0,0.0,7.0,0.2636,1
17.8,0.0,0.0,7.0,0.2636,1
17.8,0.0,0.0,7.0,0.2636,1
19.7,0.0,97.5,7.0,0.019,0
19.7,0.0,97.5,7.0,0.019,0
17.8,0.0,0.0,7.0,0.2636,1
19.7,0.0,97.5,7.0,0.019,0
17.7,0.0,6.2,7.0,0.2636,1
17.8,0.0,0.0,7.0,0.2636,1
19.7,0.0,97.5,7.0,0.019,0
19.7,0.0,97.5,7.0,0.019,0
19.7,0.0,97.5,7.0,0.019,0
19.7,0.0,97.5,7.0,0.019,0
19.7,0.0,97.5,7.0,0.019,0
19.7,0.0,97.5,7.0,0.019,0
19.7,0.0,97.5,7.0,0.019,0
19.7,0.0,97.5,7.0,0.019,0
19.7,0.0,97.5,7.0,0.019,0
19.7,0.0,97.5,7.0,0.019,0
19.7,0.0,97.5,7.0,0.019,0
19.7,0.0,97.5,7.0,0.019,0
19.7,0.0,97.5,7.0,0.019,0
19.7,0.0,97.5,7.0,0.019,0
19.7,0.0,97.5,7.0,0.019,0
19.7,0.0,97.5,7.0,0.019,0
19.7,0.0,97.5,7.0,0.019,0
19.7,0.0,97.5,7.0,0.019,0
19.7,0.0,97.5,7.0,0.019,0
13.8,0.0,91.2,7.0,0.0606,0
19.7,0.0,97.5,7.0,0.019,0
19.7,0.0,97.5,7.0,0.019,0
19.7,0.0,97.5,7.0,0.019,0
19.7,0.0,97.5,7.0,0.019,0
19.7,0.0,97.5,7.0,0.019,0
19.7,0.0,97.5,7.0,0.019,0
12.7,0.0,97.5,7.0,0.019,0
20.5,0.0,90.9,7.0,0.2368,0
17.8,0.0,0.0,7.0,0.2636,1
17.8,0.0,0.0,7.0,0.2636,1
18.0,0.0,69.2,7.0,0.451,1
20.4,0.0,93.3,7.0,0.2636,0
19.4,0.0,51.9,7.0,0.2636,0
19.9,0.0,51.9,7.0,0.2636,1
19.9,0.0,51.9,7.0,0.2636,0
19.0,0.0,51.9,7.0,0.2636,0
12.1,0.0,51.9,7.0,0.2636,0
20.1,0.0,97.5,7.0,0.019,0
20.1,0.0,51.9,7.0,0.2636,0
20.1,0.0,61.9,7.0,0.3855,0
20.1,0.0,61.9,7.0,0.3855,0
16.9,0.0,61.9,7.0,0.3735,1
16.9,0.0,61.9,7.0,0.3855,0
20.9,0.0,61.9,7.0,0.3855,0
16.9,0.0,61.9,7.0,0.3855,0
20.5,0.0,61.9,7.0,0.3855,0
16.9,0.0,61.9,9.0,0.3855,0
18.1,0.0,61.9,9.0,0.3735,1
18.6,0.0,61.9,9.0,0.3735,1
20.1,0.0,61.9,7.0,0.3735,1
20.5,0.0,61.9,7.0,0.3855,0
20.1,0.0,61.9,7.0,0.3855,0
19.9,0.0,61.9,7.0,0.3855,0
20.1,0.0,97.5,7.0,0.019,0
20.1,0.0,97.5,7.0,0.019,0
20.1,0.0,97.5,7.0,0.019,0
20.1,0.0,97.5,7.0,0.019,0
14.9,0.0,51.9,7.0,0.2636,0
19.6,0.0,97.5,7.0,0.0127,1
19.7,0.0,97.5,7.0,0.019,0
19.7,0.0,97.5,7.0,0.019,0
20.1,0.0,97.5,7.0,0.019,0
20.0,0.0,61.3,7.0,0.3919,0
20.0,0.0,61.3,7.0,0.3919,0
19.4,0.0,61.3,7.0,0.3919,0
20.7,0.0,61.3,7.0,0.3784,1
20.7,0.0,61.3,7.0,0.3919,0
16.9,0.0,61.3,7.0,0.3784,1
19.5,0.0,61.3,7.0,0.3784,1
19.5,0.0,35.3,7.0,0.2636,0
21.4,0.0,100.0,7.0,0.2636,0
20.5,0.0,100.0,7.0,0.2636,0
19.5,0.0,51.9,7.0,0.2636,1
19.7,0.0,100.0,7.0,0.2636,0
20.1,0.0,51.9,7.0,0.2636,0
19.7,0.0,100.0,7.0,0.2636,0
19.1,0.0,51.9,7.0,0.2636,0
19.5,0.0,51.9,7.0,0.2636,1
14.0,0.0,51.9,7.0,0.2636,0
20.7,0.0,57.1,7.0,0.4322,1
17.8,0.0,51.9,7.0,0.2636,0
21.0,0.0,57.1,7.0,0.4322,1
17.0,0.0,51.9,7.0,0.2636,0
21.8,0.0,82.0,7.0,0.1448,0
15.2,0.0,51.9,7.0,0.2636,0
16.9,0.0,51.9,7.0,0.2636,0
21.0,0.0,57.1,7.0,0.4407,0
21.0,0.0,57.1,7.0,0.4407,0
17.0,0.0,51.9,7.0,0.2636,0
21.0,0.0,57.1,7.0,0.4407,0
14.9,0.0,51.9,7.0,0.2636,0
16.9,0.0,51.9,7.0,0.2636,0
20.7,0.0,57.1,7.0,0.4322,1
21.0,0.0,57.1,7.0,0.4407,0
20.7,0.0,57.1,7.0,0.4322,1
20.7,0.0,57.1,7.0,0.4322,1
19.0,0.0,57.1,7.0,0.4322,1
17.0,0.0,47.2,7.0,0.0909,0
19.5,0.0,0.0,7.0,0.1143,1
17.0,0.0,47.2,7.0,0.0909,0
20.0,0.0,47.2,7.0,0.0909,0
19.3,0.0,58.1,7.0,0.6293,1
18.4,0.0,58.1,7.0,0.6293,1
19.0,0.0,58.1,7.0,0.6293,1
19.3,0.0,58.1,7.0,0.6379,0
19.3,0.0,58.1,7.0,0.6379,0
18.2,0.0,56.5,7.0,0.6176,0
22.0,0.0,71.4,7.0,0.4182,0
17.8,0.0,90.8,7.0,0.0667,0
16.2,0.0,90.8,7.0,0.0667,0
16.2,0.0,90.8,7.0,0.0667,0
16.2,0.0,90.8,7.0,0.0667,0
13.1,0.0,91.7,7.0,0.0169,0
16.6,0.0,100.0,7.0,0.0,0
18.5,0.0,100.0,7.0,0.0,0
18.5,0.0,100.0,7.0,0.0,0
18.5,0.0,100.0,7.0,0.0,0
18.5,0.0,100.0,7.0,0.0,0
18.5,0.0,100.0,7.0,0.0,0
18.5,0.0,100.0,7.0,0.0,0
14.6,0.0,61.3,7.0,0.3,1
21.5,0.0,76.9,7.0,0.7156,1
17.6,0.0,100.0,7.0,0.0,0
14.6,0.0,61.3,7.0,0.3,1
21.5,0.0,76.9,7.0,0.7156,1
14.6,0.0,61.3,7.0,0.3,1
15.1,0.0,89.2,7.0,0.0435,0
15.3,0.0,89.2,7.0,0.0435,0
15.3,0.0,89.2,7.0,0.0435,0
15.3,0.0,89.2,7.0,0.0435,0
15.1,0.0,89.2,7.0,0.0435,0
15.3,0.0,89.2,7.0,0.0435,0
15.3,0.0,89.2,7.0,0.0435,0
15.3,0.0,89.2,7.0,0.0435,0
15.3,0.0,89.2,7.0,0.0435,0
15.3,0.0,89.2,7.0,0.0435,0
15.3,0.0,89.2,7.0,0.0435,0
15.3,0.0,89.2,7.0,0.0435,0
15.1,0.0,89.2,7.0,0.0435,0
15.1,0.0,89.2,7.0,0.0435,0
15.3,0.0,89.2,7.0,0.0435,0
21.5,0.0,76.9,7.0,0.7156,1
21.5,0.0,76.9,7.0,0.7156,1
14.6,0.0,61.3,7.0,0.3,1
14.6,0.0,61.3,7.0,0.3,1
21.5,0.0,76.9,7.0,0.7156,1
21.5,0.0,76.9,7.0,0.7156,1
14.6,0.0,61.3,7.0,0.3,1
14.6,0.0,61.3,7.0,0.3,1
21.5,0.0,76.9,7.0,0.7156,1
14.6,0.0,61.3,7.0,0.3,1
21.5,0.0,76.9,7.0,0.7156,1
14.6,0.0,61.3,7.0,0.3,1
14.6,0.0,61.3,7.0,0.3,1
21.5,0.0,76.9,7.0,0.7156,1
21.5,0.0,76.9,7.0,0.7156,1
21.5,0.0,76.9,7.0,0.7156,1
21.5,0.0,76.9,7.0,0.7156,1
21.5,0.0,76.9,7.0,0.7156,1
21.5,0.0,76.9,7.0,0.7156,1
14.4,0.0,56.0,7.0,0.2256,0
14.4,0.0,56.0,7.0,0.2256,0
14.4,0.0,56.0,7.0,0.2256,0
14.4,0.0,56.0,7.0,0.2256,0
14.4,0.0,56.0,7.0,0.2256,0
14.4,0.0,56.0,7.0,0.2256,0
14.4,0.0,56.0,7.0,0.2256,0
14.4,0.0,56.0,7.0,0.2256,0
14.4,0.0,56.0,7.0,0.2256,0
14.4,0.0,56.0,7.0,0.2256,0
14.4,0.0,56.0,7.0,0.2256,0
14.4,0.0,56.0,7.0,0.2256,0
14.4,0.0,56.0,7.0,0.2256,0
14.4,0.0,56.0,7.0,0.2256,0
14.4,0.0,56.0,7.0,0.2256,0
14.4,0.0,56.0,7.0,0.2256,0
14.4,0.0,56.0,7.0,0.2256,0
21.5,0.0,76.9,7.0,0.7156,1
21.5,0.0,76.9,7.0,0.7156,1
21.5,0.0,76.9,7.0,0.7156,1
21.5,0.0,76.9,7.0,0.7156,1
21.5,0.0,76.9,7.0,0.7156,1
21.5,0.0,76.9,7.0,0.7156,1
21.5,0.0,76.9,7.0,0.7156,1
21.5,0.0,76.9,7.0,0.7156,1
21.5,0.0,76.9,7.0,0.7156,1
21.5,0.0,76.9,7.0,0.7156,1
21.5,0.0,76.9,7.0,0.7156,1
21.5,0.0,76.9,7.0,0.7156,1
21.5,0.0,76.9,7.0,0.7156,1
21.5,0.0,76.9,7.0,0.7156,1
21.5,0.0,76.9,7.0,0.7156,1
17.8,0.0,89.2,7.0,0.0435,0
15.3,0.0,89.2,7.0,0.0435,0
17.8,0.0,89.2,7.0,0.0435,0
15.3,0.0,89.2,7.0,0.0435,0
17.8,0.0,89.2,7.0,0.0435,0
17.8,0.0,89.2,7.0,0.0435,0
17.8,0.0,89.2,7.0,0.0435,0
15.1,0.0,89.2,7.0,0.0435,0
17.8,0.0,89.2,7.0,0.0435,0
17.8,0.0,89.2,7.0,0.0435,0
17.8,0.0,89.2,7.0,0.0435,0
17.8,0.0,89.2,7.0,0.0435,0
17.8,0.0,89.2,7.0,0.0435,0
15.1,0.0,89.2,7.0,0.0435,0
17.8,0.0,89.2,7.0,0.0435,0
21.5,0.0,76.9,7.0,0.7156,1
21.5,0.0,76.9,7.0,0.7156,1
21.5,0.0,76.9,7.0,0.7156,1
21.5,0.0,76.9,7.0,0.7156,1
21.5,0.0,76.9,7.0,0.7156,1
21.5,0.0,76.9,7.0,0.7156,1
21.5,0.0,76.9,7.0,0.7156,1
21.5,0.0,76.9,7.0,0.7156,1
21.5,0.0,76.9,7.0,0.7156,1
21.5,0.0,76.9,7.0,0.7156,1
21.5,0.0,76.9,7.0,0.7156,1
21.5,0.0,76.9,7.0,0.7156,1
17.8,0.0,89.2,7.0,0.0435,0
17.8,0.0,89.2,7.0,0.0435,0
15.1,0.0,89.2,7.0,0.0435,0
17.8,0.0,89.2,7.0,0.0435,0
17.8,0.0,89.2,7.0,0.0435,0
17.8,0.0,89.2,7.0,0.0435,0
15.3,0.0,89.2,7.0,0.0435,0
15.3,0.0,89.2,7.0,0.0435,0
17.8,0.0,89.2,7.0,0.0435,0
17.8,0.0,89.2,7.0,0.0435,0
17.8,0.0,89.2,7.0,0.0435,0
18.7,0.0,100.0,7.0,0.1,0
15.1,0.0,89.2,7.0,0.0435,0
15.1,0.0,89.2,7.0,0.0435,0
15.1,0.0,89.2,7.0,0.0435,0
15.3,0.0,89.2,7.0,0.0435,0
15.1,0.0,89.2,7.0,0.0435,0
15.1,0.0,89.2,7.0,0.0435,0
15.1,0.0,89.2,7.0,0.0435,0
15.1,0.0,89.2,7.0,0.0435,0
15.1,0.0,89.2,7.0,0.0435,0
19.3,0.0,58.1,7.0,0.6293,1
14.0,0.0,91.2,7.0,0.0606,0
14.0,0.0,91.2,7.0,0.0606,0
14.0,0.0,91.2,7.0,0.0606,0
19.3,1.0,90.0,7.0,0.155,1
20.8,0.0,86.2,7.0,0.3069,0
20.8,0.0,86.2,7.0,0.3069,0
20.8,0.0,86.2,7.0,0.3069,0
20.8,0.0,86.2,7.0,0.3069,0
20.8,0.0,86.2,7.0,0.3069,0
21.2,0.0,97.7,7.0,0.0,0
20.2,0.0,12.5,7.0,0.2636,1
21.3,0.0,12.5,7.0,0.2636,0
20.0,0.0,100.0,7.0,0.2636,0
20.0,0.0,100.0,7.0,0.2636,0
18.1,0.0,80.3,7.0,0.3385,0
16.7,0.0,80.3,7.0,0.3385,0
13.3,0.0,80.3,7.0,0.3231,1
21.0,0.0,80.3,7.0,0.3231,1
20.0,0.0,100.0,7.0,0.2636,0
20.0,0.0,100.0,7.0,0.2636,0
19.3,0.0,95.2,7.0,0.2636,0
17.8,1.0,90.8,7.0,0.0667,0
17.8,1.0,90.8,7.0,0.0667,0
14.0,0.0,91.2,7.0,0.0606,0
14.0,0.0,91.2,7.0,0.0606,0
12.1,0.0,64.4,7.0,0.3483,0
13.8,0.0,91.2,7.0,0.0303,1
21.5,0.0,76.9,7.0,0.7156,1
21.5,0.0,76.9,7.0,0.7156,1
13.8,0.0,91.2,7.0,0.0606,0
14.0,0.0,91.2,7.0,0.0606,0
21.5,0.0,76.9,7.0,0.7156,1
21.5,0.0,76.9,7.0,0.7156,1
14.0,0.0,91.2,7.0,0.0303,1
21.5,0.0,76.9,7.0,0.7156,1
21.5,0.0,76.9,7.0,0.7156,1
21.5,0.0,76.9,7.0,0.7156,1
21.5,0.0,76.9,7.0,0.7156,1
21.5,0.0,76.9,7.0,0.7156,1
21.5,0.0,76.9,7.0,0.7156,1
21.5,0.0,76.9,7.0,0.7156,1
21.5,0.0,76.9,7.0,0.7156,1
21.5,0.0,76.9,7.0,0.7156,1
21.5,0.0,76.9,7.0,0.7156,1
21.5,0.0,76.9,7.0,0.7156,1
17.9,0.0,97.4,7.0,0.0325,0
17.9,0.0,97.4,7.0,0.0325,0
17.9,0.0,97.4,7.0,0.0325,0
17.9,0.0,97.4,7.0,0.0325,0
17.9,0.0,97.4,7.0,0.0325,0
17.9,0.0,97.4,7.0,0.0325,0
17.9,0.0,97.4,7.0,0.0325,0
17.9,0.0,97.4,7.0,0.0325,0
17.9,0.0,97.4,7.0,0.0325,0
17.9,0.0,97.4,7.0,0.0325,0
17.9,0.0,97.4,7.0,0.0325,0
17.9,0.0,97.4,7.0,0.0325,0
17.9,0.0,97.4,7.0,0.0325,0
17.9,0.0,97.4,7.0,0.0325,0
17.9,0.0,97.4,7.0,0.0325,0
17.9,0.0,97.4,7.0,0.0325,0
17.9,0.0,97.4,7.0,0.0325,0
17.9,0.0,97.4,7.0,0.0325,0
17.9,0.0,97.4,7.0,0.0325,0
17.9,0.0,97.4,7.0,0.0325,0
17.9,0.0,97.4,7.0,0.0325,0
17.9,0.0,97.4,7.0,0.0325,0
17.9,0.0,97.4,7.0,0.0325,0
17.9,0.0,97.4,7.0,0.0325,0
17.9,0.0,97.4,7.0,0.0325,0
17.9,0.0,97.4,7.0,0.0325,0
17.9,0.0,97.4,7.0,0.0325,0
17.9,0.0,97.4,7.0,0.0325,0
17.9,0.0,97.4,7.0,0.0325,0
17.9,0.0,97.4,7.0,0.0325,0
21.5,0.0,76.9,7.0,0.7156,1
21.5,0.0,76.9,7.0,0.7156,1
21.5,0.0,76.9,7.0,0.7156,1
16.2,0.0,68.6,7.0,0.1739,0
16.2,0.0,68.6,7.0,0.1739,0
16.2,0.0,68.6,7.0,0.1739,0
16.2,0.0,68.6,7.0,0.1739,0
16.2,0.0,68.6,7.0,0.1739,0
17.9,0.0,97.4,7.0,0.0325,0
17.9,0.0,97.4,7.0,0.0325,0
17.9,0.0,97.4,7.0,0.0325,0
17.9,0.0,97.4,7.0,0.0325,0
17.9,0.0,97.4,7.0,0.0325,0
17.9,0.0,97.4,7.0,0.0325,0
17.9,0.0,97.4,7.0,0.0325,0
17.9,0.0,97.4,7.0,0.0325,0
17.9,0.0,97.4,7.0,0.0325,0
17.9,0.0,97.4,7.0,0.0325,0
14.1,0.0,66.1,7.0,0.2318,0
20.0,0.0,100.0,7.0,0.2636,0
20.0,0.0,100.0,7.0,0.2636,0
20.0,0.0,100.0,7.0,0.2636,0
20.0,0.0,100.0,7.0,0.2636,0
20.0,0.0,100.0,7.0,0.2636,0
20.0,0.0,100.0,7.0,0.2636,0
20.0,0.0,100.0,7.0,0.2636,0
17.8,0.0,29.1,7.0,0.1296,0
21.3,0.0,91.4,7.0,0.2941,1
21.2,0.0,91.4,7.0,0.2941,1
21.1,0.0,91.4,7.0,0.3235,0
21.1,0.0,91.4,7.0,0.3235,0
21.3,0.0,91.4,7.0,0.2941,1
21.3,0.0,91.4,7.0,0.2941,1
20.9,0.0,91.4,7.0,0.3235,0
21.3,0.0,91.4,7.0,0.2941,1
21.5,0.0,76.9,7.0,0.7156,1
20.9,0.0,86.1,7.0,0.2286,0
21.1,0.0,86.1,7.0,0.2286,0
21.5,0.0,76.9,7.0,0.7156,1
21.1,0.0,86.1,7.0,0.2286,0
21.5,0.0,76.9,7.0,0.7156,1
21.1,0.0,86.1,7.0,0.2286,0
21.1,0.0,86.1,7.0,0.2286,0
21.5,0.0,76.9,7.0,0.7156,1
21.5,0.0,76.9,7.0,0.7156,1
21.5,0.0,76.9,7.0,0.7156,1
21.5,0.0,76.9,7.0,0.7156,1
21.5,0.0,76.9,7.0,0.7156,1
21.5,0.0,76.9,7.0,0.7156,1
21.5,0.0,76.9,7.0,0.7156,1
21.5,0.0,76.9,7.0,0.7156,1
21.5,0.0,76.9,7.0,0.7156,1
21.5,0.0,76.9,7.0,0.7156,1
21.1,0.0,86.1,7.0,0.2286,0
21.1,0.0,86.1,7.0,0.2,1
21.1,0.0,86.1,7.0,0.2286,0
17.8,0.0,29.1,7.0,0.1296,0
17.8,0.0,29.1,7.0,0.1296,0
19.0,0.0,65.7,7.0,0.7353,1
19.0,0.0,65.7,7.0,0.7353,1
19.0,0.0,65.7,8.0,0.7353,1
13.0,0.0,76.1,8.0,0.5443,0
17.6,1.0,76.1,7.0,0.538,1
21.5,0.0,76.9,7.0,0.7156,1
21.5,0.0,76.9,7.0,0.7156,1
21.5,0.0,76.9,7.0,0.7156,1
21.5,0.0,76.9,7.0,0.7163,0
21.5,0.0,76.9,7.0,0.7156,1
21.5,0.0,76.9,7.0,0.7156,1
21.5,0.0,76.9,7.0,0.7156,1
16.4,0.0,51.8,7.0,0.5091,1
15.3,0.0,91.2,7.0,0.0606,0
14.0,0.0,91.2,7.0,0.0606,0
13.3,0.0,91.2,7.0,0.0606,0
17.2,0.0,82.7,7.0,0.1992,0
17.2,0.0,82.7,7.0,0.1992,0
17.2,0.0,82.7,7.0,0.1992,0
17.2,0.0,82.7,7.0,0.1992,0
20.4,0.0,93.2,7.0,0.0603,0
20.4,0.0,93.2,7.0,0.0603,0
20.4,0.0,93.2,7.0,0.0603,0
17.0,0.0,91.2,7.0,0.0606,0
20.4,0.0,93.2,7.0,0.0603,0
21.7,0.0,80.6,7.0,0.0761,0
20.4,0.0,93.2,7.0,0.0603,0
20.6,0.0,93.2,7.0,0.0603,0
20.6,0.0,93.2,7.0,0.0603,0
20.6,0.0,93.2,7.0,0.0603,0
13.8,0.0,91.2,7.0,0.0606,0
21.7,0.0,80.6,7.0,0.0761,0
20.6,0.0,93.2,7.0,0.0603,0
20.9,0.0,93.2,7.0,0.0603,0
20.9,0.0,93.2,7.0,0.0603,0
20.9,0.0,93.2,7.0,0.0603,0
20.9,0.0,93.2,7.0,0.0603,0
20.9,0.0,93.2,7.0,0.0603,0
20.9,0.0,93.2,7.0,0.0603,0
21.7,0.0,80.6,7.0,0.0761,0
20.9,0.0,93.2,7.0,0.0603,0
20.9,0.0,93.2,7.0,0.0603,0
20.9,0.0,93.2,7.0,0.0603,0
15.0,0.0,39.1,7.0,0.2326,0
20.9,0.0,93.2,7.0,0.0603,0
20.9,0.0,93.2,7.0,0.0603,0
20.9,0.0,93.2,7.0,0.0603,0
20.9,0.0,93.2,7.0,0.0603,0
21.7,0.0,80.6,7.0,0.0761,0
20.6,0.0,93.2,7.0,0.0603,0
20.9,0.0,93.2,7.0,0.0603,0
21.7,0.0,80.6,7.0,0.0761,0
21.7,0.0,80.6,7.0,0.0761,0
20.6,0.0,80.6,7.0,0.0761,0
19.0,0.0,93.2,7.0,0.0603,0
20.9,0.0,0.0,7.0,0.2636,0
20.6,0.0,0.0,7.0,0.2636,1
20.4,0.0,0.0,7.0,0.2636,1
17.6,0.0,25.0,7.0,0.2636,1
16.8,0.0,81.1,7.0,0.2149,0
18.6,0.0,81.1,7.0,0.2149,0
21.9,0.0,100.0,7.0,0.0797,0
21.9,0.0,100.0,7.0,0.0797,0
21.9,0.0,100.0,7.0,0.0797,0
21.9,0.0,100.0,7.0,0.0725,1
21.9,0.0,100.0,7.0,0.0725,1
17.0,0.0,86.2,7.0,0.3069,0
21.7,0.0,95.0,7.0,0.1919,0
21.7,0.0,95.0,7.0,0.1919,0
21.7,0.0,95.0,7.0,0.1818,1
14.2,0.0,56.0,7.0,0.2256,0
14.2,0.0,56.0,7.0,0.2256,0
14.2,0.0,56.0,7.0,0.2256,0
21.2,0.0,57.9,7.0,0.4286,0
21.2,0.0,57.9,7.0,0.4107,1
16.1,0.0,58.1,7.0,0.6293,1
21.6,0.0,65.3,7.0,0.3542,0
17.2,0.0,82.7,7.0,0.1992,0
17.2,0.0,82.7,7.0,0.1992,0
17.2,0.0,82.7,7.0,0.1992,0
17.2,0.0,82.7,7.0,0.1992,0
17.2,0.0,82.7,7.0,0.1992,0
17.2,0.0,82.7,7.0,0.1992,0
17.2,0.0,82.7,7.0,0.1992,0
17.2,0.0,82.7,7.0,0.1992,0
17.2,0.0,82.7,7.0,0.1992,0
17.2,0.0,82.7,7.0,0.1992,0
17.5,0.0,9.7,9.0,0.1667,0
21.3,0.0,78.8,7.0,0.2812,1
17.9,0.0,76.1,7.0,0.5443,0
17.9,0.0,76.1,7.0,0.5443,0
17.9,0.0,76.1,7.0,0.5443,0
14.7,0.0,89.1,7.0,0.1778,1
19.2,0.0,90.9,7.0,0.2368,0
17.2,0.0,89.1,7.0,0.2,0
21.0,0.0,100.0,7.0,0.1,0
17.2,0.0,89.1,7.0,0.2,0
17.2,0.0,89.1,7.0,0.2,0
17.2,0.0,89.1,7.0,0.2,0
21.0,0.0,100.0,7.0,0.1,0
15.6,0.0,89.1,7.0,0.2,0
17.2,0.0,89.1,7.0,0.2,0
17.3,0.0,89.1,7.0,0.2,0
17.3,0.0,89.1,7.0,0.2,0
17.2,0.0,82.7,7.0,0.1992,0
17.2,0.0,82.7,7.0,0.1992,0
17.2,0.0,82.7,7.0,0.1992,0
17.2,0.0,82.7,7.0,0.1992,0
17.2,0.0,82.7,7.0,0.1992,0
17.2,0.0,82.7,7.0,0.1992,0
17.2,0.0,82.7,7.0,0.1992,0
17.2,0.0,82.7,7.0,0.1992,0
17.2,0.0,82.7,7.0,0.1992,0
17.2,0.0,82.7,7.0,0.1992,0
21.0,0.0,100.0,7.0,0.1,0
17.2,0.0,89.1,7.0,0.2,0
21.0,0.0,100.0,7.0,0.1,0
18.2,0.0,89.1,7.0,0.2,0
21.0,0.0,100.0,7.0,0.1,0
19.0,0.0,89.1,7.0,0.2,0
21.0,0.0,100.0,7.0,0.1,0
17.2,0.0,82.7,7.0,0.1992,0
17.2,0.0,82.7,7.0,0.1992,0
17.2,0.0,82.7,7.0,0.1992,0
21.0,0.0,100.0,7.0,0.1,0
21.0,0.0,100.0,7.0,0.1,0
21.0,0.0,100.0,7.0,0.1,0
21.0,0.0,100.0,7.0,0.1,0
17.2,0.0,82.7,7.0,0.1992,0
17.2,0.0,82.7,7.0,0.1992,0
17.2,0.0,82.7,7.0,0.1992,0
17.2,0.0,82.7,7.0,0.1992,0
17.2,0.0,82.7,7.0,0.1992,0
17.2,0.0,82.7,7.0,0.1992,0
17.2,0.0,82.7,7.0,0.1992,0
17.2,0.0,82.7,7.0,0.1992,0
17.2,0.0,82.7,7.0,0.1992,0
17.2,0.0,82.7,7.0,0.1992,0
17.2,0.0,82.7,7.0,0.1992,0
17.2,0.0,82.7,7.0,0.1992,0
21.8,0.0,98.2,7.0,0.0228,0
14.7,0.0,6.0,7.0,0.2576,0
17.0,0.0,47.2,7.0,0.0909,0
17.0,0.0,47.2,7.0,0.0909,0
19.5,0.0,47.2,7.0,0.0795,1
19.5,0.0,47.2,7.0,0.0909,0
17.0,0.0,47.2,7.0,0.0909,0
18.4,0.0,14.3,7.0,0.439,0
17.6,0.0,14.3,7.0,0.4146,1
17.9,0.0,14.3,7.0,0.439,0
17.9,0.0,14.3,7.0,0.439,0
15.0,0.0,14.3,7.0,0.439,0
13.9,0.0,14.3,7.0,0.439,0
17.7,0.0,14.3,7.0,0.439,0
17.9,0.0,14.3,7.0,0.439,0
17.6,0.0,14.3,7.0,0.4146,1
20.8,0.0,86.2,7.0,0.3069,0
21.3,0.0,50.0,7.0,0.3371,1
21.3,0.0,50.0,7.0,0.3371,1
21.3,0.0,50.0,7.0,0.3371,1
21.3,0.0,50.0,7.0,0.3371,1
21.3,0.0,50.0,7.0,0.3371,1
21.3,0.0,50.0,7.0,0.3371,1
21.3,0.0,50.0,7.0,0.3371,1
21.3,0.0,50.0,7.0,0.3371,1
21.3,0.0,50.0,7.0,0.3371,1
21.3,0.0,50.0,7.0,0.3371,1
19.7,0.0,30.0,7.0,0.2453,1
21.3,0.0,50.0,7.0,0.3371,1
21.3,0.0,50.0,7.0,0.3371,1
21.3,0.0,50.0,7.0,0.3371,1
21.3,0.0,50.0,7.0,0.3371,1
21.3,0.0,50.0,7.0,0.3371,1
21.3,0.0,50.0,7.0,0.3371,1
21.3,0.0,50.0,7.0,0.3371,1
21.3,0.0,50.0,7.0,0.3371,1
21.3,0.0,50.0,7.0,0.3371,1
21.3,0.0,50.0,7.0,0.3371,1
21.3,0.0,78.8,7.0,0.2812,1
17.9,0.0,97.4,7.0,0.0325,0
17.9,0.0,97.4,7.0,0.0325,0
17.9,0.0,97.4,7.0,0.0325,0
17.9,0.0,97.4,7.0,0.0325,0
17.9,0.0,97.4,7.0,0.0325,0
17.9,0.0,97.4,7.0,0.0325,0
21.0,0.0,82.4,7.0,0.0667,1
19.3,0.0,58.1,7.0,0.6293,1
21.4,0.0,100.0,7.0,0.0421,0
20.9,0.0,73.5,7.0,0.0179,0
19.0,0.0,58.1,7.0,0.6379,0
19.0,0.0,58.1,7.0,0.6379,0
19.3,0.0,58.1,7.0,0.6293,1
17.8,0.0,45.2,7.0,0.5854,0
17.7,0.0,45.2,7.0,0.5854,0
18.7,0.0,58.1,7.0,0.6293,1
17.7,0.0,6.2,7.0,0.2636,0
20.9,0.0,90.6,7.0,0.0296,0
21.0,0.0,100.0,7.0,0.1,0
20.9,0.0,90.6,7.0,0.0296,0
21.0,0.0,100.0,7.0,0.1,0
21.0,0.0,100.0,7.0,0.1,0
20.9,0.0,90.6,7.0,0.0296,0
20.9,0.0,90.6,7.0,0.0296,0
20.9,0.0,90.6,7.0,0.0296,0
20.9,0.0,90.6,7.0,0.0296,0
20.9,0.0,90.6,7.0,0.0296,0
20.9,0.0,90.6,7.0,0.0296,0
18.7,0.0,100.0,7.0,0.1,0
20.9,0.0,90.6,7.0,0.0296,0
20.9,0.0,90.6,7.0,0.0296,0
20.9,0.0,90.6,7.0,0.0296,0
20.9,0.0,90.6,7.0,0.0296,0
20.9,0.0,90.6,7.0,0.0296,0
20.9,0.0,90.6,7.0,0.0296,0
20.9,0.0,90.6,7.0,0.0296,0
20.9,0.0,90.6,7.0,0.0296,0
20.9,0.0,90.6,7.0,0.0296,0
20.9,0.0,90.6,7.0,0.0296,0
20.9,0.0,90.6,7.0,0.0296,0
20.9,0.0,90.6,7.0,0.0296,0
15.1,0.0,100.0,7.0,0.2636,1
16.5,0.0,100.0,7.0,0.2636,1
21.6,0.0,71.2,7.0,0.2157,0
21.6,0.0,71.2,7.0,0.1961,1
15.3,0.0,89.2,7.0,0.0435,0
15.1,0.0,89.2,7.0,0.0435,0
15.1,0.0,89.2,7.0,0.0435,0
17.8,0.0,89.2,7.0,0.0435,0
17.8,0.0,89.2,7.0,0.0435,0
15.3,0.0,89.2,7.0,0.0435,0
15.1,0.0,89.2,7.0,0.0435,0
15.3,0.0,89.2,7.0,0.0435,0
20.8,0.0,46.7,7.0,0.4519,1
20.8,0.0,46.7,7.0,0.4519,1
20.4,0.0,88.4,7.0,0.009,0
20.4,0.0,88.4,7.0,0.009,0
20.4,0.0,88.4,7.0,0.009,0
20.4,0.0,88.4,7.0,0.009,0
20.4,0.0,88.4,7.0,0.009,0
20.4,0.0,88.4,7.0,0.009,0
20.4,0.0,88.4,7.0,0.009,0
20.4,0.0,88.4,7.0,0.009,0
20.4,0.0,88.4,7.0,0.009,0
20.4,0.0,88.4,7.0,0.009,0
20.4,0.0,88.4,7.0,0.009,0
20.4,0.0,88.4,7.0,0.009,0
20.4,0.0,88.4,7.0,0.009,0
20.4,0.0,88.4,7.0,0.009,0
20.4,0.0,88.4,7.0,0.009,0
20.4,0.0,88.4,7.0,0.009,0
20.4,0.0,88.4,7.0,0.009,0
20.4,0.0,88.4,7.0,0.009,0
20.4,0.0,88.4,7.0,0.009,0
20.4,0.0,88.4,7.0,0.009,0
20.4,0.0,88.4,7.0,0.009,0
20.4,0.0,88.4,7.0,0.009,0
20.4,0.0,88.4,7.0,0.009,0
20.4,0.0,88.4,7.0,0.009,0
20.4,0.0,88.4,7.0,0.009,0
20.4,0.0,88.4,7.0,0.009,0
20.4,0.0,88.4,7.0,0.009,0
20.4,0.0,88.4,7.0,0.009,0
20.4,0.0,88.4,7.0,0.009,0
20.4,0.0,88.4,7.0,0.009,0
20.4,0.0,88.4,7.0,0.009,0
20.4,0.0,88.4,7.0,0.009,0
20.4,0.0,88.4,7.0,0.009,0
20.4,0.0,88.4,7.0,0.009,0
20.4,0.0,88.4,7.0,0.009,0
20.4,0.0,88.4,7.0,0.009,0
20.4,0.0,88.4,7.0,0.009,0
20.4,0.0,88.4,7.0,0.009,0
20.4,0.0,88.4,7.0,0.009,0
20.4,0.0,88.4,7.0,0.009,0
20.4,0.0,88.4,7.0,0.009,0
20.4,0.0,88.4,7.0,0.009,0
20.4,0.0,88.4,7.0,0.009,0
20.4,0.0,88.4,7.0,0.009,0
20.4,0.0,88.4,7.0,0.009,0
20.4,0.0,88.4,7.0,0.009,0
20.4,0.0,88.4,7.0,0.009,0
20.4,0.0,88.4,7.0,0.009,0
20.4,0.0,88.4,7.0,0.009,0
20.4,0.0,88.4,7.0,0.009,0
20.4,0.0,88.4,7.0,0.009,0
20.4,0.0,88.4,7.0,0.009,0
20.4,0.0,88.4,7.0,0.009,0
20.4,0.0,88.4,7.0,0.009,0
20.4,0.0,88.4,7.0,0.009,0
17.9,0.0,76.1,7.0,0.5443,0
17.9,0.0,76.1,7.0,0.5443,0
17.9,0.0,76.1,7.0,0.5443,0
17.9,0.0,76.1,7.0,0.5443,0
17.9,0.0,76.1,7.0,0.5443,0
21.0,0.0,67.6,7.0,0.0556,0
21.0,0.0,67.6,7.0,0.0556,0
21.0,0.0,67.6,7.0,0.0556,0
21.0,0.0,67.6,7.0,0.0556,0
21.0,0.0,67.6,7.0,0.0556,0
21.0,0.0,67.6,7.0,0.0556,0
21.0,0.0,67.6,7.0,0.0556,0
17.9,0.0,76.1,7.0,0.5443,0
13.0,0.0,76.1,7.0,0.5443,0
17.9,0.0,76.1,7.0,0.538,1
18.4,0.0,61.5,7.0,0.2636,1
17.9,0.0,97.4,7.0,0.0325,0
17.9,0.0,97.4,7.0,0.0325,0
17.9,0.0,97.4,7.0,0.0325,0
17.9,0.0,97.4,7.0,0.0325,0
17.9,0.0,97.4,7.0,0.0325,0
17.9,0.0,97.4,7.0,0.0325,0
17.9,0.0,97.4,7.0,0.0325,0
17.9,0.0,97.4,7.0,0.0325,0
17.9,0.0,97.4,7.0,0.0325,0
17.9,0.0,97.4,7.0,0.0325,0
17.9,0.0,97.4,7.0,0.0325,0
17.9,0.0,97.4,7.0,0.0325,0
17.9,0.0,97.4,7.0,0.0325,0
17.9,0.0,97.4,7.0,0.0325,0
17.9,0.0,97.4,7.0,0.0325,0
17.9,0.0,97.4,7.0,0.0325,0
17.9,0.0,97.4,7.0,0.0325,0
17.9,0.0,97.4,7.0,0.0325,0
17.9,0.0,97.4,7.0,0.0325,0
17.9,0.0,97.4,7.0,0.0325,0
17.9,0.0,97.4,7.0,0.0325,0
17.9,0.0,97.4,7.0,0.0325,0
17.9,0.0,97.4,7.0,0.0325,0
17.9,0.0,97.4,7.0,0.0325,0
17.9,0.0,97.4,7.0,0.0325,0
19.3,0.0,56.7,7.0,0.322,0
19.3,0.0,56.7,7.0,0.322,0
19.3,0.0,56.7,7.0,0.322,0
19.3,0.0,56.7,7.0,0.322,0
19.3,0.0,56.7,7.0,0.3051,1
18.0,0.0,89.2,7.0,0.0435,0
21.1,0.0,0.0,7.0,0.2636,0
19.3,0.0,56.7,7.0,0.3051,1
13.1,3.0,90.8,7.0,0.1237,0
13.1,3.0,90.8,7.0,0.1237,0
19.3,0.0,56.7,7.0,0.322,0
19.3,0.0,56.7,7.0,0.322,0
16.5,0.0,100.0,7.0,0.2636,0
19.3,0.0,56.7,7.0,0.322,0
16.5,0.0,100.0,7.0,0.2636,0
16.5,0.0,100.0,7.0,0.2636,0
20.1,0.0,56.7,7.0,0.3051,1
20.2,0.0,56.7,7.0,0.3051,1
20.9,0.0,80.0,7.0,0.2636,0
20.9,0.0,80.0,7.0,0.2636,0
20.9,0.0,80.0,7.0,0.2636,0
17.6,0.0,14.3,7.0,0.439,0
13.8,0.0,14.3,7.0,0.4146,1
12.5,0.0,14.3,7.0,0.439,0
19.5,0.0,89.2,7.0,0.0435,0
19.5,0.0,89.2,7.0,0.0435,0
19.5,0.0,89.2,7.0,0.0435,0
19.5,0.0,89.2,7.0,0.0435,0
19.5,0.0,89.2,7.0,0.0435,0
19.5,0.0,89.2,7.0,0.0435,0
19.5,0.0,89.2,7.0,0.0435,0
19.5,0.0,89.2,7.0,0.0435,0
20.3,0.0,100.0,7.0,0.2636,0
20.3,0.0,100.0,7.0,0.2636,0
20.3,0.0,100.0,7.0,0.2636,0
20.3,0.0,100.0,7.0,0.2636,0
20.3,0.0,100.0,7.0,0.2636,0
20.3,0.0,100.0,7.0,0.2636,0
20.3,0.0,100.0,7.0,0.2636,0
20.3,0.0,100.0,7.0,0.2636,0
20.3,0.0,100.0,7.0,0.2636,0
20.3,0.0,100.0,7.0,0.2636,0
20.3,0.0,100.0,7.0,0.2636,0
20.3,0.0,100.0,7.0,0.2636,0
20.3,0.0,100.0,7.0,0.2636,0
20.2,0.0,51.9,7.0,0.3774,0
19.4,0.0,89.2,7.0,0.0326,1
20.1,0.0,81.1,7.0,0.2066,1
20.1,0.0,51.9,7.0,0.3585,1
18.1,0.0,81.1,7.0,0.2066,1
20.1,0.0,51.9,7.0,0.3585,1
20.1,0.0,51.9,8.0,0.3774,0
20.1,0.0,51.9,7.0,0.3774,0
19.7,0.0,51.9,7.0,0.3774,0
20.1,0.0,51.9,7.0,0.3774,0
18.6,0.0,81.1,7.0,0.2149,0
15.4,0.0,14.3,7.0,0.1458,0
12.2,0.0,14.3,7.0,0.1458,0
18.6,0.0,81.1,7.0,0.2149,0
18.6,0.0,81.1,7.0,0.2149,0
16.1,0.0,81.1,7.0,0.2066,1
18.2,0.0,81.1,7.0,0.2066,1
19.7,0.0,30.0,7.0,0.2516,0
21.9,0.0,95.0,7.0,0.1919,0
19.7,0.0,30.0,7.0,0.2516,0
19.7,0.0,30.0,7.0,0.2516,0
21.1,0.0,68.6,7.0,0.1739,0
19.7,0.0,30.0,7.0,0.2516,0
21.1,0.0,68.6,7.0,0.1739,0
21.1,0.0,68.6,7.0,0.1594,1
20.6,0.0,84.6,7.0,0.2299,0
20.6,0.0,84.6,7.0,0.2299,0
17.0,0.0,84.6,8.0,0.2285,1
18.8,0.0,58.1,7.0,0.6293,1
20.5,0.0,64.0,7.0,0.6371,1
20.5,0.0,64.0,7.0,0.6371,1
20.5,0.0,64.0,7.0,0.6371,1
20.5,0.0,64.0,7.0,0.6371,1
19.7,0.0,30.0,7.0,0.2516,0
15.9,0.0,30.0,7.0,0.2516,0
19.7,0.0,30.0,8.0,0.2516,0
19.7,0.0,30.0,7.0,0.2453,1
19.7,0.0,30.0,7.0,0.2516,0
21.2,0.0,63.5,7.0,0.6548,1
21.2,0.0,63.5,7.0,0.6548,1
21.2,0.0,63.5,7.0,0.6548,1
21.2,0.0,63.5,7.0,0.6548,1
21.2,0.0,63.5,7.0,0.6548,1
21.2,0.0,63.5,7.0,0.6548,1
21.2,0.0,63.5,7.0,0.6548,1
21.2,0.0,63.5,7.0,0.6548,1
21.2,0.0,63.5,7.0,0.6548,1
21.2,0.0,63.5,7.0,0.6548,1
21.2,0.0,63.5,7.0,0.6548,1
21.2,0.0,63.5,7.0,0.6548,1
21.2,0.0,63.5,7.0,0.6548,1
21.2,0.0,63.5,7.0,0.6548,1
21.2,0.0,63.5,7.0,0.6548,1
21.2,0.0,63.5,7.0,0.6548,1
21.2,0.0,63.5,7.0,0.6548,1
19.1,0.0,63.5,7.0,0.6667,0
20.1,0.0,51.9,7.0,0.3585,1
19.7,0.0,51.9,7.0,0.3774,0
21.8,0.0,98.2,7.0,0.0228,0
20.0,0.0,100.0,7.0,0.2636,0
20.0,0.0,100.0,7.0,0.2636,0
18.6,0.0,0.0,7.0,0.2636,0
18.6,0.0,0.0,7.0,0.2636,0
18.6,0.0,0.0,7.0,0.2636,0
18.6,0.0,0.0,7.0,0.2636,0
17.8,0.0,0.0,7.0,0.2636,0
20.0,0.0,100.0,7.0,0.2636,0
20.0,0.0,100.0,7.0,0.2636,0
20.0,0.0,100.0,7.0,0.2636,0
20.0,0.0,100.0,7.0,0.2636,0
20.0,0.0,100.0,7.0,0.2636,0
20.0,0.0,100.0,7.0,0.2636,0
20.0,0.0,100.0,7.0,0.2636,0
20.0,0.0,100.0,7.0,0.2636,0
20.0,0.0,100.0,7.0,0.2636,0
16.0,0.0,93.2,7.0,0.0855,0
17.8,0.0,0.0,7.0,0.2636,0
19.6,0.0,100.0,7.0,0.0,0
19.6,0.0,100.0,7.0,0.0,0
17.4,0.0,100.0,7.0,0.2636,0
13.6,0.0,93.2,7.0,0.0855,0
19.6,0.0,100.0,7.0,0.0,0
19.6,0.0,100.0,7.0,0.0,0
19.6,0.0,100.0,7.0,0.0,0
19.6,0.0,100.0,7.0,0.0,0
19.6,0.0,100.0,7.0,0.0,0
19.6,0.0,100.0,7.0,0.0,0
16.7,0.0,93.2,7.0,0.0855,0
18.6,0.0,46.1,7.0,0.4267,1
20.9,0.0,70.2,7.0,0.2611,0
20.9,0.0,70.2,7.0,0.2611,0
20.9,0.0,70.2,7.0,0.2611,0
18.2,0.0,93.2,7.0,0.0855,0
18.6,0.0,46.1,7.0,0.44,0
18.6,0.0,46.1,7.0,0.4267,1
12.7,0.0,93.2,7.0,0.0855,0
12.7,0.0,93.2,7.0,0.0855,0
18.6,0.0,46.1,7.0,0.4267,1
18.6,0.0,46.1,7.0,0.4267,1
18.6,0.0,46.1,7.0,0.4267,1
18.6,0.0,46.1,7.0,0.44,0
14.1,0.0,93.2,7.0,0.0855,0
18.6,0.0,46.1,7.0,0.44,0
18.1,0.0,84.6,7.0,0.2285,1
14.9,0.0,46.1,7.0,0.4267,1
18.1,0.0,84.6,7.0,0.2285,1
14.9,0.0,46.1,7.0,0.4267,1
15.5,0.0,28.6,7.0,0.1458,1
15.5,0.0,28.6,7.0,0.1458,1
15.5,0.0,28.6,7.0,0.1667,0
15.5,0.0,28.6,7.0,0.1667,0
15.5,0.0,28.6,7.0,0.1667,0
18.1,0.0,84.6,7.0,0.2285,1
18.1,0.0,84.6,7.0,0.2285,1
15.9,0.0,84.6,7.0,0.2285,1
18.1,0.0,84.6,7.0,0.2285,1
18.6,0.0,46.1,7.0,0.4267,1
18.6,0.0,46.1,7.0,0.4267,1
18.6,0.0,46.1,7.0,0.44,0
12.5,0.0,17.6,7.0,0.2636,1
12.5,0.0,17.6,7.0,0.2636,1
19.5,0.0,57.8,7.0,0.1,0
20.4,0.0,30.0,7.0,0.2516,0
19.7,0.0,30.0,7.0,0.2516,0
19.7,0.0,30.0,7.0,0.2516,0
16.9,0.0,30.0,7.0,0.2516,0
19.7,0.0,30.0,7.0,0.2516,0
19.7,0.0,30.0,7.0,0.2453,1
20.4,0.0,30.0,7.0,0.2453,1
14.7,0.0,70.4,7.0,0.2636,1
19.2,0.0,70.4,7.0,0.2636,1
19.2,0.0,70.4,7.0,0.2636,0
19.7,0.0,30.0,7.0,0.2453,1
19.7,0.0,30.0,7.0,0.2516,0
13.9,0.0,30.0,7.0,0.2516,0
19.7,0.0,30.0,7.0,0.2453,1
19.7,0.0,30.0,7.0,0.2516,0
19.7,0.0,30.0,7.0,0.2453,1
19.7,0.0,30.0,7.0,0.2453,1
19.7,0.0,30.0,7.0,0.2453,1
15.9,0.0,30.0,7.0,0.2516,0
19.7,0.0,30.0,8.0,0.2516,0
20.1,0.0,30.0,7.0,0.2516,0
19.7,0.0,30.0,8.0,0.2453,1
19.7,0.0,30.0,8.0,0.2516,0
19.7,0.0,30.0,7.0,0.2516,0
19.6,0.0,30.0,8.0,0.2453,1
17.4,0.0,30.0,7.0,0.2516,0
19.6,0.0,30.0,7.0,0.2516,0
19.7,0.0,30.0,7.0,0.2516,0
19.6,0.0,30.0,7.0,0.2516,0
17.8,0.0,54.5,7.0,0.2812,0
17.8,0.0,54.5,7.0,0.2812,0
19.5,0.0,30.0,7.0,0.2453,1
15.9,0.0,30.0,7.0,0.2453,1
19.5,0.0,30.0,7.0,0.2516,0
19.6,0.0,30.0,7.0,0.2453,1
20.0,0.0,70.4,7.0,0.2636,0
19.6,0.0,88.5,7.0,0.1158,0
19.5,0.0,57.8,7.0,0.1,0
19.5,0.0,57.8,7.0,0.1,0
19.5,0.0,57.8,7.0,0.1,0
19.5,0.0,57.8,7.0,0.1,0
19.5,0.0,57.8,7.0,0.0952,1
19.5,0.0,57.8,7.0,0.1,0
19.5,0.0,57.8,7.0,0.1,0
19.5,0.0,57.8,7.0,0.1,0
19.6,0.0,88.5,7.0,0.1158,0
19.6,0.0,88.5,7.0,0.1158,0
19.6,0.0,88.5,7.0,0.1158,0
19.6,0.0,88.5,7.0,0.1158,0
20.2,0.0,55.7,7.0,0.9615,0
19.5,0.0,57.8,7.0,0.0952,1
19.5,0.0,57.8,7.0,0.1,0
19.5,0.0,57.8,7.0,0.1,0
19.5,0.0,57.8,7.0,0.1,0
19.5,0.0,57.8,7.0,0.0952,1
19.5,0.0,57.8,7.0,0.1,0
19.5,0.0,57.8,7.0,0.1,0
19.5,0.0,57.8,7.0,0.1,0
19.5,0.0,57.8,7.0,0.1,0
19.5,0.0,57.8,7.0,0.0952,1
19.5,0.0,57.8,7.0,0.1,0
19.5,0.0,57.8,7.0,0.1,0
19.5,0.0,57.8,7.0,0.1,0
19.9,0.0,55.7,7.0,0.9487,1
19.5,0.0,57.8,7.0,0.1,0
19.5,0.0,57.8,7.0,0.0952,1
19.5,0.0,57.8,7.0,0.1,0
19.5,0.0,57.8,7.0,0.0952,1
19.5,0.0,57.8,7.0,0.1,0
19.5,0.0,57.8,7.0,0.1,0
19.5,0.0,57.8,7.0,0.0952,1
19.9,0.0,55.7,7.0,0.9487,1
19.9,0.0,55.7,7.0,0.9487,1
19.5,0.0,57.8,7.0,0.1,0
19.5,0.0,57.8,7.0,0.1,0
19.5,0.0,57.8,7.0,0.1,0
19.5,0.0,57.8,7.0,0.1,0
19.5,0.0,57.8,7.0,0.1,0
19.5,0.0,57.8,7.0,0.1,0
19.5,0.0,57.8,7.0,0.1,0
19.5,0.0,57.8,7.0,0.1,0
19.5,0.0,57.8,7.0,0.1,0
19.5,0.0,57.8,7.0,0.1,0
19.5,0.0,57.8,7.0,0.0952,1
19.0,0.0,57.8,7.0,0.1,0
19.5,0.0,57.8,7.0,0.1,0
19.5,0.0,57.8,7.0,0.0952,1
19.5,0.0,57.8,7.0,0.1,0
19.5,0.0,57.8,7.0,0.0952,1
19.5,0.0,57.8,7.0,0.1,0
19.5,0.0,57.8,7.0,0.1,0
18.6,0.0,46.1,7.0,0.44,0
18.6,0.0,46.1,7.0,0.4267,1
18.6,0.0,46.1,7.0,0.4267,1
19.0,0.0,58.1,7.0,0.6293,1
18.6,0.0,46.1,7.0,0.44,0
18.6,0.0,46.1,7.0,0.4267,1
18.1,0.0,58.1,7.0,0.6293,1
19.0,0.0,58.1,7.0,0.6293,1
19.4,0.0,58.1,7.0,0.6293,1
18.1,0.0,58.1,7.0,0.6293,1
20.1,0.0,58.1,7.0,0.6293,1
19.4,0.0,58.1,7.0,0.6293,1
19.4,0.0,58.1,7.0,0.6293,1
19.4,0.0,58.1,7.0,0.6293,1
12.2,0.0,58.1,7.0,0.6379,0
19.4,0.0,58.1,7.0,0.6293,1
19.4,0.0,58.1,7.0,0.6293,1
14.8,0.0,45.5,7.0,0.2636,0
19.4,0.0,58.1,7.0,0.6293,1
16.7,0.0,58.1,7.0,0.6293,1
19.0,0.0,58.1,7.0,0.6379,0
19.0,0.0,58.1,7.0,0.6379,0
14.0,0.0,18.4,7.0,0.3243,0
21.1,0.0,17.6,7.0,0.2636,0
21.1,0.0,17.6,7.0,0.2636,0
21.5,0.0,46.7,7.0,0.4615,0
13.5,0.0,4.8,7.0,0.2636,0
16.9,0.0,4.8,7.0,0.2636,0
17.9,0.0,76.1,7.0,0.5443,0
17.8,0.0,64.4,7.0,0.25,1
17.6,0.0,64.4,7.0,0.25,1
17.6,0.0,64.4,7.0,0.2727,0
16.1,0.0,64.4,7.0,0.25,1
17.8,0.0,64.4,7.0,0.25,1
16.1,0.0,64.4,7.0,0.25,1
17.9,0.0,97.4,7.0,0.0325,0
17.9,0.0,97.4,7.0,0.0325,0
17.0,0.0,47.2,7.0,0.0909,0
17.0,0.0,47.2,7.0,0.0909,0
17.0,0.0,47.2,7.0,0.0909,0
17.0,0.0,47.2,7.0,0.0909,0
16.1,0.0,64.4,7.0,0.25,1
16.1,0.0,64.4,7.0,0.2727,0
16.1,0.0,64.4,7.0,0.2727,0
17.8,0.0,64.4,7.0,0.25,1
17.0,0.0,47.2,7.0,0.0909,0
17.0,0.0,47.2,7.0,0.0909,0
17.8,0.0,64.4,7.0,0.2727,0
16.1,0.0,64.4,7.0,0.25,1
19.3,0.0,64.4,7.0,0.25,1
17.8,0.0,64.4,7.0,0.2727,0
21.6,1.0,71.4,7.0,0.4,1
16.5,0.0,6.0,7.0,0.2424,1
17.0,0.0,47.2,7.0,0.0909,0
17.0,0.0,47.2,7.0,0.0909,0
18.4,0.0,6.0,7.0,0.2576,0
20.4,0.0,71.2,7.0,0.2157,0
21.0,0.0,71.2,7.0,0.2157,0
17.9,0.0,97.4,7.0,0.0325,0
17.9,0.0,97.4,7.0,0.0325,0
17.9,0.0,97.4,7.0,0.0325,0
17.9,0.0,97.4,7.0,0.0325,0
17.9,0.0,97.4,7.0,0.0325,0
17.9,0.0,97.4,7.0,0.0325,0
17.9,0.0,97.4,7.0,0.0325,0
17.9,0.0,97.4,7.0,0.0325,0
17.9,0.0,97.4,7.0,0.0325,0
17.9,0.0,97.4,7.0,0.0325,0
17.9,0.0,97.4,7.0,0.0325,0
17.9,0.0,97.4,7.0,0.0325,0
17.9,0.0,97.4,7.0,0.0325,0
17.9,0.0,97.4,7.0,0.0325,0
17.9,0.0,97.4,7.0,0.0325,0
18.0,0.0,97.4,7.0,0.0325,0
18.0,0.0,97.4,7.0,0.0325,0
18.0,0.0,97.4,7.0,0.0325,0
17.9,0.0,97.4,7.0,0.0325,0
17.9,0.0,97.4,7.0,0.0325,0
17.9,0.0,97.4,7.0,0.0325,0
18.0,0.0,97.4,7.0,0.0325,0
18.0,0.0,97.4,7.0,0.0325,0
18.0,0.0,97.4,7.0,0.0325,0
18.0,0.0,97.4,7.0,0.0325,0
18.0,0.0,97.4,7.0,0.0325,0
18.0,0.0,97.4,7.0,0.0325,0
18.0,0.0,97.4,7.0,0.0325,0
18.0,0.0,97.4,7.0,0.0325,0
18.0,0.0,97.4,7.0,0.0325,0
18.0,0.0,97.4,7.0,0.0325,0
18.0,0.0,97.4,7.0,0.0325,0
18.2,0.0,97.4,7.0,0.0325,0
18.2,0.0,97.4,7.0,0.0325,0
18.2,0.0,97.4,7.0,0.0325,0
18.2,0.0,97.4,7.0,0.0325,0
18.2,0.0,97.4,7.0,0.0325,0
18.0,0.0,97.4,7.0,0.0325,0
18.2,0.0,97.4,7.0,0.0325,0
18.2,0.0,97.4,7.0,0.0325,0
18.2,0.0,97.4,7.0,0.0325,0
18.2,0.0,97.4,7.0,0.0325,0
18.2,0.0,97.4,7.0,0.0325,0
18.2,0.0,97.4,7.0,0.0325,0
17.4,0.0,40.0,7.0,0.2636,1
17.4,0.0,40.0,7.0,0.2636,0
15.6,0.0,40.0,7.0,0.2636,0
17.4,0.0,40.0,7.0,0.2636,0
19.3,0.0,71.2,7.0,0.2157,0
15.6,0.0,40.0,7.0,0.2636,0
19.9,0.0,55.7,7.0,0.9487,1
19.9,0.0,55.7,7.0,0.9487,1
19.9,0.0,55.7,7.0,0.9487,1
19.9,0.0,55.7,7.0,0.9487,1
19.9,0.0,55.7,7.0,0.9487,1
19.9,0.0,55.7,7.0,0.9487,1
21.4,3.0,83.8,7.0,0.0058,0
21.3,0.0,82.0,7.0,0.1448,0
15.0,0.0,61.3,7.0,0.1311,0
15.0,0.0,61.3,7.0,0.1311,0
15.0,0.0,61.3,7.0,0.1148,1
15.0,0.0,61.3,7.0,0.1311,0
15.0,0.0,61.3,7.0,0.1148,1
15.0,0.0,61.3,7.0,0.1311,0
15.0,0.0,61.3,7.0,0.1148,1
15.0,0.0,61.3,7.0,0.1311,0
14.2,0.0,61.3,7.0,0.1311,0
15.0,0.0,61.3,7.0,0.1311,0
15.0,0.0,61.3,7.0,0.1148,1
15.0,0.0,61.3,7.0,0.1311,0
15.0,0.0,61.3,7.0,0.1148,1
15.0,0.0,61.3,7.0,0.1311,0
15.0,0.0,61.3,7.0,0.1148,1
15.0,0.0,61.3,7.0,0.1311,0
15.0,0.0,61.3,7.0,0.1148,1
15.0,0.0,61.3,7.0,0.1311,0
15.0,0.0,61.3,7.0,0.1311,0
15.0,0.0,61.3,7.0,0.1311,0
19.3,0.0,97.6,7.0,0.05,0
19.3,0.0,97.6,7.0,0.05,0
19.3,0.0,97.6,7.0,0.05,0
19.3,0.0,97.6,7.0,0.05,0
19.3,0.0,97.6,7.0,0.05,0
17.8,0.0,61.3,7.0,0.1311,0
17.8,0.0,61.3,7.0,0.1311,0
17.8,0.0,61.3,7.0,0.1311,0
17.8,0.0,61.3,7.0,0.1311,0
17.8,0.0,61.3,7.0,0.1311,0
15.6,0.0,61.3,7.0,0.1311,0
15.6,0.0,61.3,7.0,0.1311,0
15.6,0.0,61.3,7.0,0.1311,0
17.8,0.0,61.3,7.0,0.1311,0
17.8,0.0,61.3,7.0,0.1311,0
17.8,0.0,61.3,7.0,0.1311,0
17.8,0.0,61.3,7.0,0.1311,0
17.8,0.0,61.3,7.0,0.1311,0
17.8,0.0,61.3,7.0,0.1311,0
17.8,0.0,61.3,7.0,0.1311,0
14.2,0.0,43.8,7.0,0.4659,0
17.8,0.0,61.3,7.0,0.1311,0
17.8,0.0,61.3,7.0,0.1311,0
17.8,0.0,61.3,7.0,0.1311,0
17.8,0.0,61.3,7.0,0.1311,0
17.8,0.0,61.3,7.0,0.1148,1
17.8,0.0,61.3,7.0,0.1311,0
14.2,0.0,43.8,7.0,0.4659,0
17.8,0.0,61.3,7.0,0.1311,0
17.8,0.0,61.3,7.0,0.1311,0
17.8,0.0,61.3,7.0,0.1311,0
19.9,0.0,97.0,7.0,0.1018,0
20.4,0.0,97.0,7.0,0.1018,0
20.4,0.0,97.0,7.0,0.1018,0
20.4,0.0,97.0,7.0,0.1018,0
19.9,0.0,97.0,7.0,0.1018,0
19.9,0.0,97.0,7.0,0.1018,0
20.4,0.0,97.0,7.0,0.1018,0
20.4,0.0,97.0,7.0,0.1018,0
19.9,0.0,97.0,7.0,0.1018,0
19.9,0.0,97.0,7.0,0.1018,0
17.8,0.0,61.3,7.0,0.1311,0
17.8,0.0,61.3,7.0,0.1311,0
17.8,0.0,61.3,7.0,0.1311,0
17.8,0.0,61.3,7.0,0.1311,0
17.8,0.0,61.3,7.0,0.1311,0
17.8,0.0,61.3,7.0,0.1311,0
17.8,0.0,61.3,7.0,0.1311,0
17.8,0.0,61.3,7.0,0.1311,0
17.8,0.0,61.3,7.0,0.1311,0
17.8,0.0,61.3,7.0,0.1311,0
17.8,0.0,61.3,7.0,0.1311,0
17.8,0.0,61.3,7.0,0.1311,0
17.8,0.0,61.3,7.0,0.1311,0
17.8,0.0,61.3,7.0,0.1311,0
19.3,0.0,97.6,7.0,0.05,0
19.3,0.0,97.6,7.0,0.05,0
19.3,0.0,97.6,7.0,0.05,0
19.3,0.0,97.6,7.0,0.05,0
19.3,0.0,97.6,7.0,0.05,0
19.3,0.0,97.6,7.0,0.05,0
17.9,0.0,76.1,7.0,0.5443,0
21.2,0.0,68.6,7.0,0.1739,0
17.9,0.0,76.1,7.0,0.538,1
21.2,0.0,68.6,7.0,0.1739,0
17.8,0.0,64.4,7.0,0.2727,0
17.8,0.0,64.4,7.0,0.2727,0
17.9,0.0,76.1,7.0,0.538,1
17.9,0.0,76.1,7.0,0.538,1
16.1,0.0,76.1,7.0,0.5443,0
17.9,0.0,76.1,7.0,0.5443,0
17.9,0.0,76.1,7.0,0.5443,0
17.9,0.0,76.1,7.0,0.5443,0
17.9,0.0,76.1,7.0,0.5443,0
16.1,0.0,76.1,7.0,0.5443,0
21.2,0.0,88.3,7.0,0.2235,0
16.1,0.0,76.1,7.0,0.5443,0
21.2,0.0,88.3,7.0,0.2235,0
21.2,0.0,88.3,7.0,0.2235,0
14.2,0.0,43.8,7.0,0.4659,0
18.2,0.0,97.4,7.0,0.0325,0
18.2,0.0,97.4,7.0,0.0325,0
18.2,0.0,97.4,7.0,0.0325,0
18.2,0.0,97.4,7.0,0.0325,0
18.2,0.0,97.4,7.0,0.0325,0
18.2,0.0,97.4,7.0,0.0325,0
18.2,0.0,97.4,7.0,0.0325,0
18.2,0.0,97.4,7.0,0.0325,0
18.2,0.0,97.4,7.0,0.0325,0
18.2,0.0,97.4,7.0,0.0325,0
18.2,0.0,97.4,7.0,0.0325,0
18.2,0.0,97.4,7.0,0.0325,0
18.2,0.0,97.4,7.0,0.0325,0
18.2,0.0,97.4,7.0,0.0325,0
18.2,0.0,97.4,7.0,0.0325,0
18.2,0.0,97.4,7.0,0.0325,0
18.2,0.0,97.4,7.0,0.026,1
20.0,0.0,44.4,7.0,0.2636,0
18.2,0.0,97.4,8.0,0.026,1
18.2,0.0,97.4,8.0,0.0325,0
18.2,0.0,97.4,7.0,0.0325,0
18.2,0.0,97.4,7.0,0.0325,0
18.2,0.0,97.4,7.0,0.0325,0
18.2,0.0,97.4,7.0,0.0325,0
18.2,0.0,97.4,7.0,0.0325,0
18.2,0.0,97.4,7.0,0.0325,0
19.8,0.0,59.5,7.0,0.3659,1
20.0,0.0,43.9,7.0,0.1546,0
19.8,0.0,43.9,7.0,0.1546,0
20.0,0.0,43.9,7.0,0.1546,0
20.0,0.0,43.9,7.0,0.1546,0
21.0,0.0,89.2,7.0,0.0938,1
19.3,0.0,78.7,7.0,0.1964,0
19.3,0.0,78.7,7.0,0.1905,1
19.8,0.0,43.9,7.0,0.1546,0
19.8,0.0,43.9,7.0,0.1546,0
19.8,0.0,43.9,7.0,0.1546,0
19.8,0.0,43.9,7.0,0.1546,0
18.7,0.0,78.7,7.0,0.1905,1
19.8,0.0,43.9,7.0,0.1546,0
19.8,0.0,43.9,7.0,0.1546,0
19.3,0.0,78.7,7.0,0.1964,0
19.8,0.0,43.9,7.0,0.1546,0
19.3,0.0,78.7,7.0,0.1964,0
19.8,0.0,43.9,7.0,0.1546,0
17.9,0.0,5.3,7.0,0.1892,0
12.6,0.0,5.3,7.0,0.1892,0
12.6,0.0,5.3,7.0,0.1892,0
20.0,0.0,43.9,7.0,0.1546,0
19.3,0.0,78.7,7.0,0.1964,0
20.0,0.0,43.9,7.0,0.1546,0
19.7,0.0,97.5,7.0,0.019,0
19.8,0.0,43.9,7.0,0.1546,0
20.0,0.0,43.9,7.0,0.1546,0
20.0,0.0,43.9,7.0,0.1546,0
20.0,0.0,43.9,7.0,0.1546,0
20.0,0.0,43.9,7.0,0.1546,0
19.3,0.0,78.7,7.0,0.1964,0
20.0,0.0,43.9,7.0,0.1546,0
21.5,0.0,95.7,7.0,0.2636,0
20.0,0.0,43.9,7.0,0.1546,0
19.3,0.0,78.7,7.0,0.1964,0
20.0,0.0,43.9,7.0,0.1546,0
17.6,0.0,63.8,7.0,0.3869,0
20.0,0.0,43.9,7.0,0.1546,0
16.9,0.0,78.7,7.0,0.1905,1
21.1,0.0,92.1,7.0,0.0533,1
15.3,0.0,58.7,7.0,0.3707,1
21.3,0.0,95.7,7.0,0.2636,0
21.3,0.0,95.7,7.0,0.2636,0
21.3,0.0,95.7,7.0,0.2636,1
21.3,0.0,95.7,7.0,0.2636,0
21.3,0.0,95.7,7.0,0.2636,1
21.3,0.0,95.7,7.0,0.2636,1
21.3,0.0,95.7,7.0,0.2636,1
21.3,0.0,95.7,7.0,0.2636,1
21.3,0.0,95.7,7.0,0.2636,1
21.3,0.0,95.7,7.0,0.2636,0
21.3,0.0,95.7,7.0,0.2636,1
21.3,0.0,95.7,7.0,0.2636,1
21.3,0.0,95.7,7.0,0.2636,1
21.3,0.0,95.7,7.0,0.2636,1
21.3,0.0,95.7,7.0,0.2636,1
21.3,0.0,95.7,7.0,0.2636,1
21.3,0.0,95.7,7.0,0.2636,1
21.3,0.0,95.7,7.0,0.2636,1
21.3,0.0,95.7,7.0,0.2636,1
21.3,0.0,95.7,7.0,0.2636,1
18.5,0.0,82.4,7.0,0.0778,0
18.5,0.0,82.4,7.0,0.0778,0
18.5,0.0,82.4,7.0,0.0778,0
15.4,0.0,58.7,7.0,0.3756,0
15.4,0.0,58.7,7.0,0.3756,0
18.5,0.0,82.4,7.0,0.0778,0
16.5,0.0,58.7,7.0,0.3756,0
18.5,0.0,82.4,7.0,0.0778,0
16.5,0.0,58.7,7.0,0.3756,0
20.0,0.0,0.0,7.0,0.1714,0
16.2,0.0,58.7,7.0,0.3756,0
18.5,0.0,82.4,7.0,0.0778,0
15.4,0.0,58.7,7.0,0.3707,1
20.1,0.0,0.0,7.0,0.1429,1
18.5,0.0,82.4,7.0,0.0778,0
15.3,0.0,58.7,7.0,0.3707,1
20.1,0.0,0.0,7.0,0.1429,1
17.8,0.0,0.0,7.0,0.1429,1
15.4,0.0,58.7,7.0,0.3707,1
15.4,0.0,58.7,7.0,0.3707,1
20.1,0.0,0.0,7.0,0.1429,1
20.1,0.0,0.0,7.0,0.1429,1
15.4,0.0,58.7,7.0,0.3707,1
14.2,0.0,17.6,7.0,0.2636,0
14.2,0.0,17.6,7.0,0.2636,0
14.2,0.0,17.6,7.0,0.2636,0
14.2,0.0,17.6,7.0,0.2636,0
14.2,0.0,17.6,7.0,0.2636,0
14.2,0.0,17.6,7.0,0.2636,0
14.2,0.0,17.6,7.0,0.2636,0
14.8,0.0,28.6,7.0,0.2636,0
14.9,0.0,91.7,7.0,0.0169,0
14.9,0.0,91.7,7.0,0.0169,0
17.0,0.0,91.7,7.0,0.0169,0
14.8,0.0,91.7,7.0,0.0169,0
14.9,0.0,91.7,7.0,0.0169,0
13.5,0.0,91.7,7.0,0.0169,0
14.9,0.0,91.7,7.0,0.0169,0
16.4,0.0,51.8,7.0,0.5273,0
14.9,0.0,91.7,7.0,0.0169,0
16.4,0.0,51.8,7.0,0.5091,1
18.9,0.0,91.7,7.0,0.0169,0
14.9,0.0,91.7,7.0,0.0169,0
18.1,0.0,91.7,7.0,0.0169,0
17.8,0.0,91.7,7.0,0.0169,0
17.6,0.0,91.7,7.0,0.0169,0
14.2,0.0,91.7,7.0,0.0169,0
14.9,0.0,91.7,7.0,0.0169,0
18.0,0.0,82.4,7.0,0.0778,0
19.3,0.0,52.1,7.0,0.1489,1
19.3,0.0,52.1,7.0,0.1702,0
19.3,0.0,52.1,7.0,0.1702,0
20.6,0.0,82.4,7.0,0.0778,0
20.6,0.0,82.4,7.0,0.0778,0
19.4,0.0,52.1,7.0,0.1702,0
18.4,0.0,52.1,7.0,0.1702,0
19.9,0.0,55.7,7.0,0.9487,1
19.9,0.0,55.7,7.0,0.9487,1
19.9,0.0,55.7,7.0,0.9487,1
19.9,0.0,55.7,7.0,0.9615,0
21.3,0.0,90.8,7.0,0.1406,0
21.3,0.0,90.8,7.0,0.1406,0
21.3,0.0,90.8,7.0,0.1406,0
19.0,0.0,90.8,7.0,0.1406,0
16.4,0.0,75.0,7.0,0.2636,1
16.4,0.0,75.0,7.0,0.2636,1
14.2,0.0,56.0,7.0,0.218,1
20.1,0.0,75.0,7.0,0.2636,0
20.1,0.0,75.0,7.0,0.2636,0
20.1,0.0,75.0,7.0,0.2636,0
20.0,0.0,43.9,7.0,0.1546,0
20.0,0.0,43.9,7.0,0.1546,0
20.0,0.0,43.9,7.0,0.1546,0
20.0,0.0,43.9,7.0,0.1546,0
20.0,0.0,43.9,7.0,0.1546,0
20.0,0.0,43.9,7.0,0.1546,0
20.0,0.0,43.9,7.0,0.1546,0
19.9,0.0,99.7,7.0,0.0094,0
19.9,0.0,99.7,7.0,0.0094,0
20.9,0.0,0.0,7.0,0.3191,1
20.9,0.0,0.0,7.0,0.3404,0
20.9,0.0,0.0,7.0,0.3404,0
20.9,0.0,0.0,7.0,0.3191,1
20.9,0.0,0.0,7.0,0.3404,0
20.9,0.0,0.0,7.0,0.3191,1
20.9,0.0,0.0,7.0,0.3404,0
19.9,0.0,99.7,7.0,0.0094,0
19.9,0.0,99.7,7.0,0.0094,0
19.9,0.0,99.7,7.0,0.0094,0
19.9,0.0,99.7,7.0,0.0094,0
19.9,0.0,99.7,7.0,0.0094,0
19.9,0.0,99.7,7.0,0.0094,0
19.9,0.0,99.7,7.0,0.0094,0
19.9,0.0,99.7,7.0,0.0094,0
19.9,0.0,99.7,7.0,0.0094,0
19.9,0.0,99.7,7.0,0.0094,0
19.9,0.0,99.7,7.0,0.0094,0
19.9,0.0,99.7,7.0,0.0094,0
19.9,0.0,99.7,7.0,0.0094,0
19.9,0.0,99.7,7.0,0.0094,0
19.9,0.0,99.7,7.0,0.0094,0
17.0,0.0,91.7,7.0,0.0169,0
19.9,0.0,99.7,7.0,0.0094,0
20.9,0.0,0.0,7.0,0.3404,0
20.9,0.0,0.0,7.0,0.3404,0
20.9,0.0,0.0,7.0,0.3404,0
20.9,0.0,0.0,7.0,0.3191,1
20.9,0.0,0.0,7.0,0.3404,0
20.9,0.0,0.0,7.0,0.3191,1
20.0,0.0,0.0,7.0,0.3404,0
20.9,0.0,0.0,7.0,0.3191,1
20.9,0.0,0.0,7.0,0.3404,0
19.9,0.0,99.7,7.0,0.0094,0
19.9,0.0,99.7,7.0,0.0094,0
19.9,0.0,99.7,7.0,0.0094,0
19.9,0.0,99.7,7.0,0.0094,0
19.9,0.0,99.7,7.0,0.0094,0
19.9,0.0,99.7,7.0,0.0094,0
14.9,0.0,91.7,7.0,0.0169,0
19.9,0.0,99.7,7.0,0.0094,0
19.9,0.0,99.7,7.0,0.0094,0
21.8,0.0,100.0,7.0,0.2636,0
21.8,0.0,100.0,8.0,0.2636,0
20.8,0.0,66.1,7.0,0.2318,0
20.6,0.0,94.0,7.0,0.1446,1
20.6,0.0,94.0,7.0,0.1566,0
20.6,0.0,94.0,7.0,0.1566,0
21.3,0.0,94.0,7.0,0.1566,0
20.6,0.0,94.0,7.0,0.1566,0
20.6,0.0,94.0,7.0,0.1566,0
20.6,0.0,94.0,7.0,0.1566,0
20.6,0.0,94.0,7.0,0.1446,1
20.6,0.0,94.0,7.0,0.1566,0
21.3,0.0,94.0,7.0,0.1566,0
20.6,0.0,94.0,7.0,0.1566,0
20.1,0.0,94.0,7.0,0.1566,0
20.6,0.0,94.0,7.0,0.1566,0
20.1,0.0,94.0,7.0,0.1566,0
20.6,0.0,94.0,7.0,0.1566,0
20.6,0.0,94.0,7.0,0.1566,0
20.6,0.0,94.0,7.0,0.1446,1
20.6,0.0,94.0,7.0,0.1566,0
20.6,0.0,94.0,7.0,0.1566,0
20.6,0.0,94.0,8.0,0.1446,1
20.6,0.0,94.0,7.0,0.1566,0
16.0,0.0,95.1,7.0,0.075,0
16.4,0.0,95.1,7.0,0.075,0
16.4,0.0,95.1,7.0,0.075,0
16.4,0.0,95.1,7.0,0.075,0
16.4,0.0,95.1,7.0,0.075,0
15.6,0.0,95.1,7.0,0.075,0
20.8,0.0,66.1,7.0,0.2318,0
20.8,0.0,66.1,7.0,0.2318,0
16.5,0.0,95.1,7.0,0.075,0
15.3,0.0,95.1,7.0,0.075,0
14.8,0.0,95.1,7.0,0.075,0
16.5,0.0,95.1,7.0,0.075,0
16.5,0.0,95.1,7.0,0.075,0
16.5,0.0,95.1,7.0,0.075,0
15.3,0.0,95.1,7.0,0.05,1
16.0,0.0,95.1,7.0,0.05,1
16.5,0.0,95.1,7.0,0.075,0
16.5,0.0,95.1,7.0,0.075,0
16.0,0.0,95.1,7.0,0.075,0
16.4,0.0,95.1,7.0,0.075,0
16.0,0.0,95.1,7.0,0.075,0
15.6,0.0,95.1,7.0,0.075,0
14.6,0.0,95.1,7.0,0.075,0
16.4,0.0,95.1,7.0,0.075,0
16.4,0.0,95.1,7.0,0.075,0
17.0,0.0,91.7,7.0,0.0169,0
21.3,1.0,95.2,7.0,0.0097,0
16.4,0.0,95.1,7.0,0.075,0
16.4,0.0,95.1,7.0,0.075,0
16.0,0.0,95.1,7.0,0.075,0
15.6,0.0,95.1,7.0,0.075,0
15.6,0.0,95.1,7.0,0.075,0
16.4,0.0,95.1,7.0,0.075,0
16.4,0.0,95.1,7.0,0.075,0
18.6,0.0,81.1,7.0,0.2066,1
21.3,0.0,94.0,7.0,0.1566,0
20.6,0.0,94.0,7.0,0.1566,0
20.6,0.0,94.0,7.0,0.1566,0
20.6,0.0,94.0,7.0,0.1566,0
20.6,0.0,94.0,7.0,0.1566,0
20.6,0.0,94.0,7.0,0.1566,0
20.6,0.0,94.0,7.0,0.1566,0
20.6,0.0,94.0,7.0,0.1566,0
20.6,0.0,94.0,7.0,0.1566,0
20.6,0.0,94.0,7.0,0.1566,0
20.6,0.0,94.0,7.0,0.1566,0
20.6,0.0,94.0,7.0,0.1566,0
20.6,0.0,94.0,7.0,0.1566,0
17.2,0.0,94.0,7.0,0.1566,0
20.6,0.0,94.0,7.0,0.1566,0
20.6,0.0,94.0,7.0,0.1566,0
17.6,0.0,0.0,7.0,0.2636,0
18.6,0.0,81.1,7.0,0.2149,0
18.6,0.0,81.1,7.0,0.2149,0
13.0,0.0,81.1,7.0,0.2066,1
16.2,0.0,91.8,7.0,0.0417,0
19.1,0.0,81.1,7.0,0.2149,0
20.1,0.0,81.1,7.0,0.2149,0
19.1,0.0,81.1,7.0,0.2149,0
20.1,0.0,81.1,7.0,0.2149,0
14.1,0.0,81.1,7.0,0.2066,1
14.1,0.0,81.1,7.0,0.2066,1
14.1,0.0,81.1,7.0,0.2066,1
14.2,0.0,91.8,7.0,0.0417,0
14.0,0.0,91.8,7.0,0.0417,0
14.0,0.0,91.8,7.0,0.0417,0
19.0,0.0,63.5,7.0,0.6667,0
19.6,0.0,70.4,7.0,0.2642,0
15.4,0.0,58.7,7.0,0.3707,1
15.9,0.0,58.7,7.0,0.3756,0
18.4,0.0,58.7,7.0,0.3756,0
15.4,0.0,58.7,7.0,0.3756,0
15.4,0.0,58.7,7.0,0.3756,0
18.4,2.0,78.2,7.0,0.3889,1
21.4,0.0,64.8,7.0,0.4409,1
21.4,0.0,64.8,7.0,0.4488,0
18.2,2.0,78.2,7.0,0.3889,1
20.3,0.0,78.2,7.0,0.4074,0
20.0,0.0,89.1,7.0,0.1778,1
16.5,0.0,100.0,7.0,0.0,0
16.5,0.0,100.0,7.0,0.0,0
16.5,0.0,100.0,7.0,0.0,0
16.5,0.0,100.0,7.0,0.0,0
16.5,0.0,100.0,7.0,0.0,0
16.5,0.0,100.0,7.0,0.0,0
16.5,0.0,100.0,7.0,0.0,0
16.5,0.0,100.0,7.0,0.0,0
15.8,0.0,92.2,7.0,0.0709,1
15.8,0.0,92.2,7.0,0.0709,1
15.8,0.0,92.2,7.0,0.0787,0
15.8,0.0,92.2,7.0,0.0787,0
15.8,0.0,92.2,7.0,0.0787,0
15.8,0.0,92.2,7.0,0.0787,0
15.8,0.0,92.2,7.0,0.0787,0
18.8,0.0,76.1,7.0,0.538,1
18.8,0.0,76.1,7.0,0.538,1
18.8,0.0,76.1,7.0,0.538,1
18.8,0.0,76.1,7.0,0.538,1
18.8,0.0,76.1,7.0,0.538,1
15.8,0.0,92.2,7.0,0.0709,1
15.8,0.0,92.2,7.0,0.0787,0
15.8,0.0,92.2,7.0,0.0709,1
15.8,0.0,92.2,7.0,0.0787,0
20.4,0.0,96.4,7.0,0.0734,0
21.6,0.0,93.2,7.0,0.0855,0
21.1,0.0,93.2,7.0,0.0855,0
18.8,0.0,76.1,7.0,0.538,1
18.8,0.0,76.1,7.0,0.538,1
18.8,0.0,76.1,7.0,0.538,1
18.8,0.0,76.1,7.0,0.538,1
18.8,0.0,76.1,7.0,0.538,1
18.8,0.0,76.1,7.0,0.538,1
18.8,0.0,76.1,7.0,0.538,1
18.8,0.0,76.1,7.0,0.538,1
18.8,0.0,76.1,7.0,0.538,1
18.8,0.0,76.1,7.0,0.538,1
18.8,0.0,76.1,7.0,0.538,1
18.8,0.0,76.1,7.0,0.538,1
21.5,0.0,93.2,7.0,0.0855,0
15.6,0.0,26.0,7.0,0.0909,0
20.0,0.0,26.0,7.0,0.0909,0
19.2,0.0,26.0,7.0,0.0909,0
18.1,0.0,100.0,7.0,0.0,0
18.1,0.0,100.0,7.0,0.0,0
18.1,0.0,100.0,7.0,0.0,0
18.1,0.0,100.0,7.0,0.0,0
17.4,0.0,84.6,7.0,0.2285,1
18.1,0.0,100.0,7.0,0.0,0
18.1,0.0,100.0,7.0,0.0,0
18.1,0.0,100.0,7.0,0.0,0
18.1,0.0,100.0,7.0,0.0,0
18.1,0.0,100.0,7.0,0.0,0
18.1,0.0,100.0,7.0,0.0,0
18.1,0.0,100.0,7.0,0.0,0
18.1,0.0,100.0,7.0,0.0,0
19.4,0.0,46.7,7.0,0.4519,1
20.5,0.0,46.7,7.0,0.4519,1
20.5,0.0,46.7,7.0,0.4519,1
19.9,0.0,97.0,7.0,0.0958,1
20.5,0.0,46.7,7.0,0.4519,1
17.5,0.0,7.7,7.0,0.2636,0
17.5,0.0,7.7,7.0,0.2636,0
17.5,0.0,7.7,7.0,0.2636,0
17.5,0.0,7.7,7.0,0.2636,0
17.5,0.0,7.7,7.0,0.2636,0
17.5,0.0,7.7,7.0,0.2636,0
17.5,0.0,7.7,7.0,0.2636,0
17.5,0.0,7.7,7.0,0.2636,0
17.5,0.0,7.7,7.0,0.2636,0
17.5,0.0,7.7,7.0,0.2636,0
19.3,0.0,46.7,7.0,0.4519,1
17.8,0.0,84.4,7.0,0.1929,1
17.8,0.0,84.4,7.0,0.1929,1
17.8,0.0,84.4,7.0,0.2,0
17.8,0.0,84.4,7.0,0.2,0
17.8,0.0,84.4,7.0,0.2,0
17.8,0.0,84.4,7.0,0.2,0
17.8,0.0,84.4,7.0,0.2,0
17.8,0.0,84.4,7.0,0.2,0
18.1,0.0,100.0,7.0,0.0,0
18.1,0.0,100.0,7.0,0.0,0
18.1,0.0,100.0,7.0,0.0,0
18.1,0.0,100.0,7.0,0.0,0
18.1,0.0,100.0,7.0,0.0,0
18.1,0.0,100.0,7.0,0.0,0
18.1,0.0,100.0,7.0,0.0,0
18.1,0.0,100.0,7.0,0.0,0
18.8,0.0,96.9,7.0,0.0645,1
18.1,0.0,100.0,7.0,0.0,0
18.1,0.0,100.0,7.0,0.0,0
20.2,0.0,91.6,7.0,0.0588,0
20.2,0.0,91.6,7.0,0.0588,0
20.2,0.0,91.6,7.0,0.0588,0
20.2,0.0,91.6,7.0,0.0588,0
20.2,0.0,91.6,7.0,0.056,1
20.2,0.0,91.6,7.0,0.0588,0
18.1,0.0,100.0,7.0,0.0,0
18.1,0.0,100.0,7.0,0.0,0
18.1,0.0,100.0,7.0,0.0,0
18.1,0.0,100.0,7.0,0.0,0
18.1,0.0,100.0,7.0,0.0,0
15.8,0.0,92.2,7.0,0.0787,0
15.8,0.0,92.2,7.0,0.0787,0
15.8,0.0,92.2,7.0,0.0787,0
15.8,0.0,92.2,7.0,0.0787,0
15.8,0.0,92.2,7.0,0.0787,0
15.8,0.0,92.2,7.0,0.0787,0
18.1,0.0,100.0,7.0,0.0,0
19.3,0.0,84.6,7.0,0.2299,0
15.8,0.0,92.2,7.0,0.0787,0
19.3,0.0,84.6,7.0,0.2299,0
15.8,0.0,92.2,7.0,0.0787,0
19.3,0.0,84.6,7.0,0.2299,0
19.3,0.0,84.6,7.0,0.2299,0
19.3,0.0,84.6,7.0,0.2299,0
15.8,0.0,92.2,7.0,0.0787,0
19.3,0.0,84.6,7.0,0.2299,0
19.3,0.0,84.6,7.0,0.2299,0
15.8,0.0,92.2,7.0,0.0709,1
19.3,0.0,84.6,7.0,0.2299,0
15.8,0.0,92.2,7.0,0.0787,0
19.3,0.0,84.6,7.0,0.2299,0
19.3,0.0,84.6,7.0,0.2299,0
15.8,0.0,92.2,7.0,0.0787,0
19.3,0.0,84.6,7.0,0.2299,0
19.3,0.0,84.6,7.0,0.2299,0
19.3,0.0,84.6,7.0,0.2299,0
15.8,0.0,92.2,7.0,0.0787,0
19.3,0.0,84.6,7.0,0.2299,0
19.3,0.0,84.6,7.0,0.2299,0
15.8,0.0,92.2,7.0,0.0787,0
19.3,0.0,84.6,7.0,0.2299,0
19.3,0.0,84.6,7.0,0.2299,0
19.3,0.0,84.6,7.0,0.2299,0
19.3,0.0,84.6,7.0,0.2299,0
19.3,0.0,84.6,7.0,0.2299,0
19.3,0.0,84.6,7.0,0.2299,0
15.8,0.0,92.2,7.0,0.0787,0
19.3,0.0,84.6,7.0,0.2299,0
19.3,0.0,84.6,7.0,0.2299,0
15.8,0.0,92.2,7.0,0.0787,0
19.3,0.0,84.6,7.0,0.2299,0
19.3,0.0,84.6,7.0,0.2299,0
15.8,0.0,92.2,7.0,0.0787,0
15.8,0.0,92.2,7.0,0.0787,0
19.3,0.0,84.6,7.0,0.2299,0
19.3,0.0,84.6,7.0,0.2299,0
19.3,0.0,84.6,7.0,0.2299,0
19.3,0.0,84.6,7.0,0.2299,0
19.3,0.0,84.6,7.0,0.2299,0
19.3,0.0,84.6,7.0,0.2299,0
19.3,0.0,84.6,7.0,0.2299,0
19.3,0.0,84.6,7.0,0.2299,0
19.3,0.0,84.6,7.0,0.2299,0
19.3,0.0,84.6,7.0,0.2299,0
20.0,0.0,53.0,7.0,0.203,1
20.7,0.0,65.3,7.0,0.3333,1
21.1,0.0,53.0,7.0,0.203,1
21.1,0.0,53.0,7.0,0.203,1
19.3,0.0,84.6,7.0,0.2299,0
19.3,0.0,84.6,7.0,0.2299,0
19.3,0.0,84.6,7.0,0.2299,0
19.3,0.0,84.6,7.0,0.2299,0
15.8,0.0,92.2,7.0,0.0709,1
20.8,2.0,0.0,7.0,0.2636,0
14.6,0.0,69.0,7.0,0.2195,0
19.9,0.0,55.7,7.0,0.9487,1
19.9,0.0,55.7,7.0,0.9487,1
19.9,0.0,55.7,7.0,0.9487,1
14.6,0.0,69.0,7.0,0.2195,0
14.6,0.0,69.0,7.0,0.1951,1
14.6,0.0,69.0,7.0,0.1951,1
19.9,0.0,55.7,7.0,0.9487,1
20.4,0.0,81.8,7.0,0.2636,0
16.9,0.0,78.7,7.0,0.1905,1
18.3,0.0,57.1,7.0,0.2636,0
18.3,0.0,57.1,7.0,0.2636,0
18.5,0.0,87.8,7.0,0.1644,0
20.4,0.0,94.4,7.0,0.2636,0
13.7,0.0,87.8,7.0,0.1644,0
20.3,0.0,81.8,7.0,0.2636,1
13.5,0.0,87.8,7.0,0.1507,1
14.9,0.0,0.0,9.0,0.2636,0
19.1,0.0,87.8,7.0,0.1644,0
19.1,0.0,87.8,7.0,0.1644,0
13.5,0.0,87.8,7.0,0.1644,0
18.3,0.0,50.7,7.0,0.1515,0
17.9,0.0,87.8,7.0,0.1644,0
20.1,0.0,87.8,7.0,0.1644,0
16.0,0.0,87.8,7.0,0.1644,0
13.9,0.0,87.8,7.0,0.1507,1
14.0,0.0,87.8,7.0,0.1644,0
18.3,0.0,50.7,7.0,0.1515,0
18.4,0.0,87.8,7.0,0.1644,0
19.1,0.0,75.8,7.0,0.2622,0
18.3,0.0,75.8,7.0,0.2561,1
18.3,0.0,75.8,7.0,0.2561,1
18.3,0.0,75.8,7.0,0.2561,1
18.3,0.0,75.8,7.0,0.2561,1
18.3,0.0,75.8,7.0,0.2561,1
18.3,0.0,75.8,7.0,0.2561,1
18.3,0.0,75.8,7.0,0.2561,1
18.3,0.0,75.8,7.0,0.2561,1
18.3,0.0,75.8,7.0,0.2561,1
18.3,0.0,75.8,7.0,0.2561,1
18.3,0.0,75.8,7.0,0.2561,1
18.3,0.0,75.8,7.0,0.2561,1
18.3,0.0,75.8,7.0,0.2561,1
18.3,0.0,75.8,7.0,0.2561,1
18.3,0.0,75.8,7.0,0.2561,1
18.3,0.0,75.8,7.0,0.2561,1
19.1,0.0,75.8,7.0,0.2622,0
18.3,0.0,75.8,7.0,0.2561,1
18.9,0.0,72.2,7.0,0.2286,0
17.8,0.0,97.8,7.0,0.0227,0
17.8,0.0,97.8,7.0,0.0227,0
18.4,0.0,87.8,7.0,0.1644,0
13.9,0.0,87.8,7.0,0.1644,0
19.0,0.0,57.1,7.0,0.4322,1
13.7,0.0,87.8,7.0,0.1644,0
17.6,0.0,87.8,7.0,0.1644,0
15.0,0.0,87.8,7.0,0.1507,1
15.0,0.0,87.8,7.0,0.1507,1
15.6,0.0,87.8,7.0,0.1507,1
18.1,0.0,100.0,7.0,0.0,0
15.4,0.0,87.8,7.0,0.1507,1
16.2,0.0,87.8,7.0,0.1644,0
12.4,0.0,93.3,7.0,0.2636,0
16.2,0.0,87.8,7.0,0.1644,0
16.2,0.0,87.8,7.0,0.1507,1
16.2,0.0,87.8,7.0,0.1644,0
16.2,0.0,87.8,7.0,0.1507,1
17.2,0.0,99.7,7.0,0.0094,0
18.1,0.0,100.0,7.0,0.0,0
18.1,0.0,100.0,7.0,0.0,0
17.2,0.0,99.7,7.0,0.0094,0
18.1,0.0,100.0,7.0,0.0,0
18.1,0.0,100.0,7.0,0.0,0
17.2,0.0,99.7,7.0,0.0094,0
17.2,0.0,99.7,7.0,0.0094,0
17.2,0.0,99.7,7.0,0.0094,0
17.2,0.0,99.7,7.0,0.0094,0
19.9,0.0,55.7,7.0,0.9487,1
17.2,0.0,99.7,7.0,0.0094,0
17.2,0.0,99.7,7.0,0.0094,0
19.9,0.0,55.7,7.0,0.9487,1
17.2,0.0,99.7,7.0,0.0094,0
19.9,0.0,55.7,7.0,0.9487,1
17.2,0.0,99.7,7.0,0.0094,0
19.9,0.0,55.7,7.0,0.9487,1
19.9,0.0,55.7,7.0,0.9487,1
17.2,0.0,99.7,7.0,0.0094,0
19.9,0.0,55.7,7.0,0.9487,1
17.1,0.0,99.7,7.0,0.0094,0
19.9,0.0,55.7,7.0,0.9487,1
18.1,0.0,100.0,7.0,0.0,0
19.9,0.0,55.7,7.0,0.9487,1
19.9,0.0,55.7,7.0,0.9487,1
18.1,0.0,100.0,7.0,0.0,0
18.1,0.0,100.0,7.0,0.0,0
18.1,0.0,100.0,7.0,0.0,0
18.1,0.0,100.0,7.0,0.0,0
18.1,0.0,100.0,7.0,0.0,0
18.1,0.0,100.0,7.0,0.0,0
18.1,0.0,100.0,7.0,0.0,0
18.1,0.0,100.0,7.0,0.0,0
18.1,0.0,100.0,7.0,0.0,0
18.1,0.0,100.0,7.0,0.0,0
18.1,0.0,100.0,7.0,0.0,0
18.1,0.0,100.0,7.0,0.0,0
18.1,0.0,100.0,7.0,0.0,0
18.1,0.0,100.0,7.0,0.0,0
18.1,0.0,100.0,7.0,0.0,0
18.1,0.0,100.0,7.0,0.0,0
18.1,0.0,100.0,7.0,0.0,0
18.1,0.0,100.0,7.0,0.0,0
18.1,0.0,100.0,7.0,0.0,0
18.1,0.0,100.0,7.0,0.0,0
18.1,0.0,100.0,7.0,0.0,0
18.1,0.0,100.0,7.0,0.0,0
15.8,0.0,100.0,7.0,0.1,0
18.1,0.0,100.0,7.0,0.0,0
18.1,0.0,100.0,7.0,0.0,0
18.1,0.0,100.0,7.0,0.0,0
18.1,0.0,100.0,7.0,0.0,0
18.1,0.0,100.0,7.0,0.0,0
18.1,0.0,100.0,7.0,0.0,0
18.1,0.0,100.0,7.0,0.0,0
21.1,0.0,100.0,7.0,0.0,0
21.1,0.0,100.0,7.0,0.0,0
21.1,0.0,100.0,7.0,0.0,0
21.1,0.0,100.0,7.0,0.0,0
21.1,0.0,100.0,7.0,0.0,0
21.1,0.0,100.0,7.0,0.0,0
21.1,0.0,100.0,7.0,0.0,0
21.1,0.0,100.0,7.0,0.0,0
21.1,0.0,100.0,7.0,0.0,0
21.1,0.0,100.0,7.0,0.0,0
21.1,0.0,100.0,7.0,0.0,0
21.1,0.0,100.0,7.0,0.0,0
21.1,0.0,100.0,7.0,0.0,0
21.1,0.0,100.0,7.0,0.0,0
21.1,0.0,100.0,7.0,0.0,0
21.1,0.0,100.0,7.0,0.0,0
17.9,0.0,76.1,7.0,0.5443,0
21.1,0.0,100.0,7.0,0.0,0
21.1,0.0,100.0,7.0,0.0,0
21.1,0.0,100.0,7.0,0.0,0
21.1,0.0,100.0,7.0,0.0,0
21.1,0.0,100.0,7.0,0.0,0
16.1,0.0,76.1,7.0,0.5443,0
16.1,0.0,76.1,7.0,0.5443,0
21.1,0.0,100.0,7.0,0.0,0
21.1,0.0,100.0,7.0,0.0,0
17.9,0.0,76.1,7.0,0.5443,0
15.3,0.0,87.8,7.0,0.1644,0
21.1,0.0,100.0,7.0,0.0,0
16.7,0.0,88.5,7.0,0.1158,0
17.9,0.0,87.8,7.0,0.1644,0
16.7,0.0,88.5,7.0,0.1158,0
21.1,0.0,100.0,7.0,0.0,0
20.4,0.0,93.2,7.0,0.0855,0
16.7,0.0,88.5,7.0,0.1158,0
17.9,0.0,76.1,7.0,0.5443,0
16.7,0.0,88.5,7.0,0.1158,0
21.1,0.0,100.0,7.0,0.0,0
16.7,0.0,88.5,7.0,0.1158,0
17.3,0.0,87.8,7.0,0.1644,0
16.7,0.0,88.5,7.0,0.1158,0
16.7,0.0,88.5,7.0,0.1158,0
16.7,0.0,88.5,7.0,0.1158,0
16.7,0.0,88.5,7.0,0.1158,0
16.7,0.0,88.5,7.0,0.1158,0
21.1,0.0,100.0,7.0,0.0,0
17.9,0.0,87.8,7.0,0.1644,0
21.1,0.0,100.0,7.0,0.0,0
17.6,0.0,87.8,7.0,0.1507,1
16.7,0.0,88.5,7.0,0.1158,0
21.1,0.0,100.0,7.0,0.0,0
16.7,0.0,88.5,7.0,0.1158,0
21.1,0.0,100.0,7.0,0.0,0
16.7,0.0,88.5,7.0,0.1158,0
16.7,0.0,88.5,7.0,0.1158,0
16.7,0.0,88.5,7.0,0.1158,0
16.2,0.0,87.8,7.0,0.1644,0
21.1,0.0,100.0,7.0,0.0,0
16.7,0.0,88.5,7.0,0.1158,0
16.7,0.0,88.5,7.0,0.1158,0
16.7,0.0,88.5,7.0,0.1158,0
21.1,0.0,100.0,7.0,0.0,0
16.7,0.0,88.5,7.0,0.1158,0
16.4,0.0,87.8,7.0,0.1644,0
16.7,0.0,88.5,7.0,0.1158,0
16.7,0.0,88.5,7.0,0.1158,0
21.1,0.0,100.0,7.0,0.0,0
21.2,0.0,97.7,7.0,0.0,0
21.2,0.0,97.7,7.0,0.0,0
21.1,0.0,100.0,7.0,0.0,0
21.2,0.0,97.7,7.0,0.0,0
21.2,0.0,97.7,7.0,0.0,0
21.1,0.0,100.0,7.0,0.0,0
21.2,0.0,97.7,7.0,0.0,0
21.2,0.0,97.7,7.0,0.0,0
16.3,0.0,87.8,7.0,0.1644,0
21.1,0.0,100.0,7.0,0.0,0
21.2,0.0,97.7,7.0,0.0,0
21.2,0.0,97.7,7.0,0.0,0
21.1,0.0,100.0,7.0,0.0,0
21.2,0.0,97.7,7.0,0.0,0
21.2,0.0,97.7,7.0,0.0,0
21.2,0.0,97.7,7.0,0.0,0
21.2,0.0,97.7,7.0,0.0,0
21.2,0.0,97.7,7.0,0.0,0
21.2,0.0,97.7,7.0,0.0,0
16.0,0.0,87.8,7.0,0.1507,1
21.2,0.0,97.7,7.0,0.0,0
21.2,0.0,97.7,7.0,0.0,0
21.2,0.0,97.7,7.0,0.0,0
21.2,0.0,97.7,7.0,0.0,0
21.2,0.0,97.7,7.0,0.0,0
19.5,0.0,61.3,7.0,0.3919,0
21.2,0.0,97.7,7.0,0.0,0
21.2,0.0,97.7,7.0,0.0,0
21.2,0.0,97.7,7.0,0.0,0
21.2,0.0,97.7,7.0,0.0,0
21.2,0.0,97.7,7.0,0.0,0
21.2,0.0,97.7,7.0,0.0,0
20.5,0.0,96.9,7.0,0.0312,0
20.5,0.0,96.9,7.0,0.0312,0
20.5,0.0,96.9,7.0,0.0312,0
20.5,0.0,96.9,7.0,0.0312,0
20.5,0.0,96.9,7.0,0.0312,0
20.5,0.0,96.9,7.0,0.0312,0
20.5,0.0,96.9,7.0,0.0312,0
20.5,0.0,96.9,7.0,0.0312,0
21.1,0.0,65.2,7.0,0.2636,0
16.7,0.0,88.5,7.0,0.1158,0
21.1,0.0,65.2,7.0,0.2636,0
21.2,0.0,97.7,7.0,0.0,0
21.1,0.0,65.2,7.0,0.2636,0
21.2,0.0,97.7,7.0,0.0,0
16.7,0.0,88.5,7.0,0.1158,0
21.1,0.0,65.2,7.0,0.2636,1
21.0,0.0,46.7,7.0,0.4615,0
21.1,0.0,65.2,7.0,0.2636,1
21.1,0.0,65.2,7.0,0.2636,0
21.2,0.0,46.7,7.0,0.4519,1
21.1,0.0,65.2,7.0,0.2636,0
14.9,0.0,91.7,7.0,0.0169,0
14.9,0.0,91.7,7.0,0.0169,0
14.9,0.0,91.7,7.0,0.0169,0
20.5,0.0,96.9,7.0,0.0312,0
14.9,0.0,91.7,7.0,0.0169,0
20.5,0.0,96.9,7.0,0.0312,0
14.9,0.0,91.7,7.0,0.0169,0
20.5,0.0,96.9,7.0,0.0312,0
20.5,0.0,96.9,7.0,0.0312,0
20.5,0.0,96.9,7.0,0.0312,0
20.5,0.0,96.9,7.0,0.0312,0
21.2,0.0,46.7,7.0,0.4519,1
20.5,0.0,96.9,7.0,0.0312,0
20.5,0.0,96.9,7.0,0.0312,0
20.5,0.0,96.9,7.0,0.0312,0
21.1,0.0,65.2,7.0,0.2636,0
21.2,0.0,46.7,7.0,0.4519,1
19.1,0.0,97.5,7.0,0.019,0
21.1,0.0,65.2,7.0,0.2636,0
19.1,0.0,97.5,7.0,0.019,0
19.1,0.0,97.5,7.0,0.019,0
19.1,0.0,97.5,7.0,0.019,0
21.0,0.0,46.7,7.0,0.4615,0
19.1,0.0,97.5,7.0,0.019,0
21.1,0.0,65.2,7.0,0.2636,1
19.1,0.0,97.5,7.0,0.019,0
21.1,0.0,65.2,7.0,0.2636,0
19.7,0.0,97.5,7.0,0.019,0
19.7,0.0,97.5,7.0,0.019,0
21.0,0.0,46.7,7.0,0.4615,0
19.7,0.0,97.5,7.0,0.019,0
19.7,0.0,97.5,7.0,0.019,0
21.1,0.0,65.2,7.0,0.2636,0
19.7,0.0,97.5,7.0,0.019,0
19.7,0.0,97.5,7.0,0.019,0
19.7,0.0,97.5,7.0,0.019,0
20.8,0.0,46.7,7.0,0.4615,0
20.3,0.0,65.2,7.0,0.2636,1
21.3,0.0,95.0,7.0,0.1919,0
21.3,0.0,95.0,7.0,0.1919,0
18.8,0.0,84.6,7.0,0.2299,0
18.8,0.0,84.6,7.0,0.2299,0
18.8,0.0,84.6,7.0,0.2299,0
18.8,0.0,84.6,7.0,0.2299,0
18.8,0.0,84.6,7.0,0.2299,0
18.8,0.0,84.6,7.0,0.2299,0
18.8,0.0,84.6,7.0,0.2299,0
18.8,0.0,84.6,7.0,0.2299,0
18.8,0.0,84.6,7.0,0.2299,0
18.8,0.0,84.6,7.0,0.2285,1
18.8,0.0,84.6,7.0,0.2285,1
18.8,0.0,84.6,7.0,0.2285,1
18.8,0.0,84.6,7.0,0.2285,1
18.8,0.0,84.6,7.0,0.2285,1
18.1,0.0,84.6,7.0,0.2299,0
18.1,0.0,84.6,7.0,0.2299,0
18.1,0.0,84.6,7.0,0.2299,0
18.1,0.0,84.6,7.0,0.2299,0
18.1,0.0,84.6,7.0,0.2299,0
18.1,0.0,84.6,7.0,0.2299,0
18.1,0.0,84.6,7.0,0.2299,0
21.6,0.0,98.2,7.0,0.0228,0
18.4,0.0,72.6,7.0,0.234,0
18.4,0.0,72.6,7.0,0.2234,1
18.4,0.0,72.6,7.0,0.234,0
18.4,0.0,72.6,7.0,0.2234,1
18.4,0.0,72.6,7.0,0.234,0
21.6,0.0,98.2,7.0,0.0228,0
18.6,0.0,48.7,7.0,0.4248,0
20.2,0.0,44.4,7.0,0.2636,0
20.2,0.0,44.4,7.0,0.2636,1
20.0,0.0,44.4,7.0,0.2636,0
20.6,0.0,44.4,7.0,0.2636,0
18.6,2.0,72.2,7.0,0.2636,0
18.8,0.0,76.1,7.0,0.538,1
18.8,0.0,76.1,7.0,0.538,1
18.8,0.0,76.1,7.0,0.538,1
18.8,0.0,76.1,7.0,0.538,1
18.8,0.0,76.1,7.0,0.5443,0
18.8,0.0,76.1,7.0,0.5443,0
18.8,0.0,76.1,7.0,0.538,1
18.8,0.0,76.1,7.0,0.538,1
18.3,0.0,57.1,7.0,0.2636,0
18.6,0.0,48.7,7.0,0.4248,0
18.4,0.0,98.2,7.0,0.0228,0
18.4,0.0,98.2,7.0,0.0228,0
18.4,0.0,98.2,7.0,0.0228,0
20.0,0.0,98.2,7.0,0.0228,0
17.9,0.0,49.0,7.0,0.3289,0
17.9,0.0,49.0,7.0,0.3289,0
17.9,0.0,49.0,7.0,0.3289,0
17.9,0.0,49.0,7.0,0.3289,0
17.9,0.0,49.0,7.0,0.3289,0
17.9,0.0,49.0,7.0,0.3224,1
17.9,0.0,49.0,7.0,0.3289,0
17.8,0.0,49.0,7.0,0.3289,0
17.8,0.0,49.0,7.0,0.3289,0
17.9,0.0,49.0,7.0,0.3289,0
17.9,0.0,49.0,7.0,0.3289,0
17.9,0.0,49.0,7.0,0.3289,0
17.9,0.0,49.0,7.0,0.3289,0
17.9,0.0,49.0,7.0,0.3289,0
17.9,0.0,49.0,7.0,0.3289,0
17.9,0.0,49.0,7.0,0.3289,0
17.9,0.0,49.0,7.0,0.3289,0
17.9,0.0,49.0,7.0,0.3289,0
17.9,0.0,49.0,7.0,0.3289,0
17.9,0.0,49.0,7.0,0.3289,0
21.1,0.0,100.0,8.0,0.2636,0
21.1,0.0,100.0,7.0,0.2636,0
19.3,0.0,97.6,7.0,0.05,0
20.0,0.0,98.2,7.0,0.0183,1
21.1,0.0,100.0,7.0,0.2636,0
21.1,0.0,100.0,7.0,0.2636,0
19.3,0.0,97.6,7.0,0.025,1
21.1,0.0,100.0,7.0,0.2636,0
19.3,0.0,97.6,7.0,0.05,0
21.1,0.0,100.0,8.0,0.2636,0
19.3,0.0,97.6,7.0,0.05,0
21.1,0.0,100.0,7.0,0.2636,0
21.1,0.0,100.0,7.0,0.2636,0
19.3,0.0,97.6,7.0,0.05,0
21.1,0.0,100.0,7.0,0.2636,0
21.1,0.0,100.0,7.0,0.2636,0
19.3,0.0,97.6,7.0,0.05,0
21.1,0.0,100.0,7.0,0.2636,0
21.1,0.0,100.0,7.0,0.2636,0
19.3,0.0,97.6,7.0,0.05,0
19.3,0.0,97.6,7.0,0.05,0
19.3,0.0,97.6,7.0,0.05,0
19.3,0.0,97.6,7.0,0.05,0
18.9,0.0,70.4,7.0,0.2636,1
14.1,0.0,30.0,7.0,0.2516,0
15.8,0.0,30.0,7.0,0.2453,1
18.2,0.0,30.0,7.0,0.2453,1
17.4,0.0,30.0,7.0,0.2453,1
16.3,0.0,30.0,7.0,0.2453,1
18.1,0.0,4.8,7.0,0.2636,0
15.1,0.0,64.4,7.0,0.2727,0
19.7,0.0,97.5,7.0,0.019,0
19.7,0.0,97.5,7.0,0.019,0
19.7,0.0,97.5,7.0,0.019,0
19.7,0.0,97.5,7.0,0.019,0
19.7,0.0,97.5,7.0,0.019,0
20.0,0.0,56.0,7.0,0.2636,0
19.3,0.0,97.6,7.0,0.05,0
19.3,0.0,97.6,7.0,0.05,0
19.3,0.0,97.6,7.0,0.05,0
19.3,0.0,97.6,7.0,0.025,1
19.3,0.0,97.6,7.0,0.05,0
19.7,0.0,86.2,7.0,0.302,1
18.5,0.0,86.2,7.0,0.3069,0
19.3,0.0,97.6,7.0,0.05,0
17.1,0.0,99.7,7.0,0.0094,0
17.1,0.0,99.7,7.0,0.0094,0
17.1,0.0,99.7,7.0,0.0094,0
17.1,0.0,99.7,7.0,0.0094,0
18.4,0.0,72.6,7.0,0.234,0
19.9,0.0,72.6,7.0,0.234,0
19.9,0.0,72.6,7.0,0.234,0
20.0,0.0,72.6,7.0,0.234,0
18.4,0.0,72.6,7.0,0.234,0
18.4,0.0,72.6,7.0,0.234,0
20.0,0.0,72.6,7.0,0.234,0
18.4,0.0,72.6,7.0,0.234,0
19.3,0.0,97.6,7.0,0.05,0
19.3,0.0,97.6,7.0,0.05,0
19.3,0.0,97.6,7.0,0.05,0
18.4,0.0,72.6,7.0,0.234,0
18.4,0.0,72.6,7.0,0.2234,1
18.4,0.0,72.6,7.0,0.234,0
18.4,0.0,72.6,7.0,0.234,0
18.4,0.0,72.6,7.0,0.234,0
18.4,0.0,72.6,7.0,0.234,0
18.4,0.0,72.6,7.0,0.2234,1
18.4,0.0,72.6,7.0,0.234,0
19.3,0.0,97.6,7.0,0.05,0
17.1,0.0,99.7,7.0,0.0094,0
17.1,0.0,99.7,7.0,0.0094,0
17.5,0.0,63.0,7.0,0.1509,0
17.1,0.0,99.7,7.0,0.0094,0
17.1,0.0,99.7,7.0,0.0094,0
17.5,0.0,63.0,7.0,0.1509,0
17.1,0.0,99.7,7.0,0.0094,0
17.1,0.0,99.7,7.0,0.0094,0
17.1,0.0,99.7,7.0,0.0094,0
17.1,0.0,99.7,7.0,0.0094,0
17.1,0.0,99.7,7.0,0.0094,0
17.1,0.0,99.7,7.0,0.0094,0
17.1,0.0,99.7,7.0,0.0094,0
17.1,0.0,99.7,7.0,0.0094,0
17.1,0.0,99.7,7.0,0.0094,0
17.1,0.0,99.7,7.0,0.0094,0
17.1,0.0,99.7,7.0,0.0094,0
17.1,0.0,99.7,7.0,0.0094,0
17.1,0.0,99.7,7.0,0.0094,0
17.1,0.0,99.7,7.0,0.0094,0
17.1,0.0,99.7,7.0,0.0094,0
17.1,0.0,99.7,7.0,0.0094,0
17.1,0.0,99.7,7.0,0.0094,0
17.1,0.0,99.7,7.0,0.0094,0
17.1,0.0,99.7,7.0,0.0094,0
17.1,0.0,99.7,7.0,0.0094,0
17.1,0.0,99.7,7.0,0.0094,0
17.2,0.0,99.7,7.0,0.0094,0
17.1,0.0,99.7,7.0,0.0094,0
17.1,0.0,99.7,7.0,0.0094,0
17.1,0.0,99.7,7.0,0.0094,0
17.2,0.0,99.7,7.0,0.0094,0
17.2,0.0,99.7,7.0,0.0094,0
17.2,0.0,99.7,7.0,0.0094,0
17.2,0.0,99.7,7.0,0.0094,0
17.2,0.0,99.7,7.0,0.0094,0
17.2,0.0,99.7,7.0,0.0094,0
17.2,0.0,99.7,7.0,0.0094,0
17.2,0.0,99.7,7.0,0.0094,0
17.2,0.0,99.7,7.0,0.0094,0
17.2,0.0,99.7,7.0,0.0094,0
17.2,0.0,99.7,7.0,0.0094,0
17.2,0.0,99.7,7.0,0.0094,0
17.2,0.0,99.7,7.0,0.0094,0
17.2,0.0,99.7,7.0,0.0094,0
17.2,0.0,99.7,7.0,0.0094,0
17.2,0.0,99.7,7.0,0.0094,0
17.2,0.0,99.7,7.0,0.0094,0
14.1,0.0,57.8,7.0,0.0952,1
18.3,0.0,57.1,7.0,0.2636,1
17.2,0.0,99.7,7.0,0.0094,0
17.2,0.0,99.7,7.0,0.0094,0
19.9,0.0,55.7,7.0,0.9487,1
19.9,0.0,55.7,7.0,0.9487,1
19.9,0.0,55.7,7.0,0.9487,1
19.8,0.0,55.7,7.0,0.9487,1
19.9,0.0,55.7,7.0,0.9615,0
19.9,0.0,55.7,7.0,0.9487,1
19.9,0.0,55.7,7.0,0.9487,1
19.9,0.0,55.7,7.0,0.9487,1
19.9,0.0,55.7,7.0,0.9487,1
19.9,0.0,55.7,7.0,0.9487,1
17.2,0.0,99.7,7.0,0.0094,0
20.0,0.0,59.7,7.0,0.4648,1
20.1,0.0,59.7,7.0,0.4648,1
20.2,0.0,59.7,7.0,0.4789,0
17.2,0.0,99.7,7.0,0.0094,0
17.2,0.0,99.7,7.0,0.0094,0
17.2,0.0,99.7,7.0,0.0094,0
17.2,0.0,99.7,7.0,0.0094,0
17.2,0.0,99.7,7.0,0.0094,0
17.2,0.0,99.7,7.0,0.0094,0
17.2,0.0,99.7,7.0,0.0094,0
17.2,0.0,99.7,7.0,0.0094,0
17.2,0.0,99.7,7.0,0.0094,0
17.2,0.0,99.7,7.0,0.0094,0
17.2,0.0,99.7,7.0,0.0094,0
17.2,0.0,99.7,7.0,0.0094,0
17.2,0.0,99.7,7.0,0.0094,0
17.2,0.0,99.7,7.0,0.0094,0
17.2,0.0,99.7,7.0,0.0094,0
17.2,0.0,99.7,7.0,0.0094,0
17.2,0.0,99.7,7.0,0.0094,0
17.2,0.0,99.7,7.0,0.0094,0
17.2,0.0,99.7,7.0,0.0094,0
17.2,0.0,99.7,7.0,0.0094,0
17.2,0.0,99.7,7.0,0.0094,0
17.2,0.0,99.7,7.0,0.0094,0
17.2,0.0,99.7,7.0,0.0094,0
17.2,0.0,99.7,7.0,0.0094,0
17.2,0.0,99.7,7.0,0.0094,0
17.2,0.0,99.7,7.0,0.0094,0
17.2,0.0,99.7,7.0,0.0094,0
17.2,0.0,99.7,7.0,0.0094,0
17.2,0.0,99.7,7.0,0.0094,0
17.2,0.0,99.7,7.0,0.0094,0
17.2,0.0,99.7,7.0,0.0094,0
17.2,0.0,99.7,7.0,0.0094,0
20.1,0.0,51.9,7.0,0.2636,1
16.5,0.0,86.2,7.0,0.302,1
18.4,0.0,69.6,7.0,0.3556,0
18.5,0.0,86.2,7.0,0.3069,0
18.5,0.0,86.2,7.0,0.3069,0
14.0,0.0,62.9,7.0,0.1698,0
13.7,0.0,62.9,7.0,0.1698,0
18.4,0.0,72.6,7.0,0.234,0
18.4,0.0,72.6,7.0,0.234,0
19.1,0.0,72.6,7.0,0.2234,1
18.4,0.0,72.6,7.0,0.234,0
18.4,0.0,72.6,7.0,0.234,0
20.0,0.0,72.6,7.0,0.2234,1
20.0,0.0,72.6,7.0,0.234,0
13.4,0.0,72.6,7.0,0.234,0
21.0,0.0,80.8,7.0,0.1569,0
21.0,0.0,80.8,7.0,0.1569,0
21.0,0.0,80.8,7.0,0.1569,0
17.2,0.0,96.9,7.0,0.0645,1
18.8,0.0,96.9,7.0,0.0968,0
17.9,0.0,60.7,7.0,0.2963,0
18.7,0.0,92.2,7.0,0.0787,0
17.9,0.0,60.7,7.0,0.2963,0
17.9,0.0,60.7,7.0,0.2963,0
17.9,0.0,60.7,7.0,0.2963,0
17.8,0.0,60.7,7.0,0.2963,0
20.1,0.0,45.2,7.0,0.561,1
15.8,0.0,45.2,7.0,0.561,1
20.1,0.0,45.2,7.0,0.561,1
17.7,0.0,45.2,7.0,0.5854,0
20.2,0.0,66.7,7.0,0.2636,0
20.2,0.0,66.7,7.0,0.2636,0
20.5,0.0,96.9,7.0,0.0312,0
20.5,0.0,96.9,7.0,0.0312,0
20.5,0.0,96.9,7.0,0.0312,0
20.5,0.0,96.9,7.0,0.0312,0
20.5,0.0,96.9,7.0,0.0312,0
20.5,0.0,96.9,7.0,0.0312,0
20.5,0.0,96.9,7.0,0.0312,0
20.5,0.0,96.9,7.0,0.0208,1
20.5,0.0,96.9,7.0,0.0312,0
20.5,0.0,96.9,7.0,0.0312,0
20.5,0.0,96.9,7.0,0.0312,0
20.5,0.0,96.9,7.0,0.0312,0
20.5,0.0,96.9,7.0,0.0312,0
20.5,0.0,96.9,7.0,0.0312,0
17.8,0.0,60.7,7.0,0.2963,0
13.6,0.0,72.0,8.0,0.2636,0
17.8,0.0,60.7,7.0,0.2963,0
17.8,0.0,60.7,7.0,0.2963,0
19.4,0.0,51.9,7.0,0.3774,0
20.2,0.0,51.9,7.0,0.3774,0
20.4,0.0,51.9,7.0,0.3585,1
16.6,0.0,56.5,7.0,0.6029,1
13.0,0.0,51.9,7.0,0.3774,0
16.5,0.0,56.5,7.0,0.6029,1
16.5,0.0,56.5,7.0,0.6176,0
16.5,0.0,56.5,7.0,0.6029,1
19.9,0.0,77.1,7.0,0.2647,1
16.7,0.0,84.6,7.0,0.2285,1
21.1,0.0,100.0,7.0,0.0,0
21.1,0.0,100.0,7.0,0.0,0
18.1,0.0,100.0,7.0,0.0,0
21.5,0.0,93.2,7.0,0.0855,0
21.5,0.0,93.2,7.0,0.0855,0
18.6,0.0,86.4,7.0,0.0887,0
18.6,0.0,86.4,7.0,0.0887,0
18.6,0.0,86.4,7.0,0.0887,0
14.6,0.0,86.4,9.0,0.0887,0
18.1,0.0,86.4,7.0,0.0806,1
21.1,0.0,100.0,7.0,0.0,0
21.1,0.0,100.0,7.0,0.0,0
18.6,0.0,86.4,7.0,0.0887,0
17.8,0.0,60.7,7.0,0.2963,0
13.9,0.0,86.4,7.0,0.0887,0
18.6,0.0,86.4,7.0,0.0887,0
18.1,0.0,100.0,7.0,0.0,0
18.1,0.0,35.3,7.0,0.2636,0
19.3,0.0,84.6,7.0,0.2299,0
21.1,0.0,68.6,7.0,0.1739,0
19.3,0.0,84.6,7.0,0.2299,0
21.5,0.0,100.0,7.0,0.2636,0
17.0,0.0,100.0,7.0,0.2636,0
20.1,0.0,100.0,9.0,0.2636,0
19.3,0.0,84.6,7.0,0.2299,0
19.3,0.0,84.6,7.0,0.2299,0
20.3,0.0,65.2,7.0,0.2636,1
19.3,0.0,84.6,7.0,0.2299,0
19.3,0.0,84.6,7.0,0.2299,0
19.3,0.0,84.6,7.0,0.2299,0
17.5,0.0,84.6,7.0,0.2299,0
18.8,0.0,84.6,7.0,0.2299,0
18.8,0.0,84.6,7.0,0.2299,0
18.8,0.0,84.6,8.0,0.2299,0
18.8,0.0,84.6,7.0,0.2299,0
17.5,0.0,84.6,7.0,0.2299,0
20.5,0.0,74.5,7.0,0.2222,0
19.7,0.0,74.5,7.0,0.2222,0
20.5,0.0,74.5,7.0,0.2222,0
19.7,0.0,74.5,7.0,0.2222,0
20.5,0.0,74.5,7.0,0.2222,0
19.7,0.0,74.5,7.0,0.2222,0
19.7,0.0,74.5,7.0,0.2222,0
19.7,0.0,74.5,7.0,0.2222,0
19.7,0.0,74.5,7.0,0.2222,0
18.1,0.0,84.6,7.0,0.2299,0
18.7,0.0,92.2,7.0,0.0787,0
18.7,0.0,92.2,7.0,0.0787,0
18.7,0.0,92.2,7.0,0.0787,0
18.7,0.0,92.2,7.0,0.0787,0
18.7,0.0,92.2,7.0,0.0787,0
18.7,0.0,92.2,7.0,0.0787,0
18.7,0.0,92.2,7.0,0.0787,0
18.7,0.0,92.2,7.0,0.0787,0
16.2,0.0,75.8,7.0,0.2622,0
16.2,0.0,75.8,7.0,0.2622,0
16.2,0.0,75.8,7.0,0.2622,0
19.1,0.0,75.8,7.0,0.2622,0
19.1,0.0,75.8,7.0,0.2622,0
19.1,0.0,75.8,7.0,0.2622,0
19.1,0.0,75.8,7.0,0.2622,0
19.1,0.0,75.8,7.0,0.2622,0
19.1,0.0,75.8,7.0,0.2622,0
19.1,0.0,75.8,7.0,0.2622,0
19.1,0.0,75.8,7.0,0.2622,0
19.1,0.0,75.8,7.0,0.2622,0
19.1,0.0,75.8,7.0,0.2622,0
19.1,0.0,75.8,7.0,0.2622,0
19.1,0.0,75.8,7.0,0.2561,1
19.1,0.0,75.8,7.0,0.2622,0
19.1,0.0,75.8,7.0,0.2622,0
19.1,0.0,75.8,7.0,0.2561,1
19.1,0.0,75.8,7.0,0.2622,0
19.1,0.0,75.8,7.0,0.2561,1
19.1,0.0,75.8,7.0,0.2622,0
19.1,0.0,75.8,7.0,0.2622,0
19.1,0.0,75.8,7.0,0.2561,1
19.1,0.0,75.8,7.0,0.2622,0
19.1,0.0,75.8,7.0,0.2622,0
19.1,0.0,75.8,7.0,0.2622,0
19.1,0.0,75.8,7.0,0.2622,0
19.1,0.0,75.8,7.0,0.2622,0
19.1,0.0,75.8,7.0,0.2622,0
19.1,0.0,75.8,7.0,0.2622,0
19.1,0.0,75.8,7.0,0.2622,0
19.1,0.0,75.8,7.0,0.2561,1
19.1,0.0,75.8,7.0,0.2622,0
19.1,0.0,75.8,7.0,0.2622,0
19.9,0.0,100.0,7.0,0.2636,0
20.8,0.0,86.2,7.0,0.3069,0
20.8,0.0,86.2,7.0,0.3069,0
20.8,0.0,86.2,7.0,0.3069,0
20.8,0.0,86.2,7.0,0.3069,0
20.8,0.0,86.2,7.0,0.3069,0
18.2,0.0,63.8,7.0,0.3869,0
18.2,0.0,63.8,7.0,0.3869,0
13.0,0.0,51.9,7.0,0.3774,0
20.2,0.0,51.9,7.0,0.3774,0
20.2,0.0,51.9,7.0,0.3774,0
20.2,0.0,51.9,7.0,0.3585,1
19.4,0.0,51.9,7.0,0.3774,0
20.4,0.0,51.9,7.0,0.3585,1
20.4,0.0,51.9,7.0,0.3585,1
19.8,0.0,51.9,7.0,0.3585,1
19.2,0.0,82.0,7.0,0.2041,1
17.0,0.0,82.0,7.0,0.2245,0
17.0,0.0,82.0,7.0,0.2245,0
19.2,0.0,82.0,7.0,0.2041,1
17.0,0.0,82.0,7.0,0.2245,0
17.0,0.0,82.0,7.0,0.2245,0
17.0,0.0,82.0,7.0,0.2245,0
19.2,0.0,82.0,7.0,0.2245,0
19.2,0.0,82.0,7.0,0.2245,0
17.0,0.0,82.0,7.0,0.2245,0
17.0,0.0,82.0,7.0,0.2245,0
19.2,0.0,82.0,7.0,0.2041,1
17.0,0.0,82.0,7.0,0.2245,0
17.0,0.0,82.0,7.0,0.2245,0
17.0,0.0,82.0,7.0,0.2245,0
19.2,0.0,82.0,7.0,0.2245,0
19.2,0.0,82.0,7.0,0.2245,0
20.2,0.0,51.9,7.0,0.3585,1
20.4,0.0,51.9,7.0,0.3774,0
19.8,0.0,51.9,7.0,0.3585,1
19.4,0.0,51.9,7.0,0.3774,0
20.4,0.0,51.9,7.0,0.3585,1
20.4,0.0,51.9,7.0,0.3585,1
16.4,0.0,51.8,7.0,0.5273,0
16.0,0.0,51.9,7.0,0.3585,1
20.2,0.0,51.9,7.0,0.3585,1
21.4,0.0,100.0,7.0,0.2636,0
21.4,0.0,100.0,7.0,0.2636,0
21.4,0.0,100.0,7.0,0.2636,0
18.6,0.0,97.0,7.0,0.1018,0
18.6,0.0,97.0,7.0,0.1018,0
18.6,0.0,97.0,7.0,0.1018,0
18.6,0.0,97.0,7.0,0.1018,0
18.6,0.0,97.0,7.0,0.1018,0
18.6,0.0,97.0,7.0,0.1018,0
19.9,0.0,12.5,7.0,0.2636,0
12.0,0.0,90.9,7.0,0.2368,0
19.2,0.0,12.5,7.0,0.2636,0
15.7,0.0,12.5,7.0,0.2636,0
14.2,0.0,86.2,7.0,0.302,1
19.5,0.0,86.2,7.0,0.3069,0
15.8,0.0,86.2,7.0,0.302,1
15.8,0.0,86.2,7.0,0.3069,0
15.8,0.0,86.2,7.0,0.3069,0
15.8,0.0,86.2,7.0,0.302,1
15.3,0.0,86.2,7.0,0.302,1
15.3,0.0,86.2,7.0,0.3069,0
13.6,0.0,86.2,7.0,0.3069,0
13.6,0.0,86.2,7.0,0.3069,0
20.1,0.0,90.8,7.0,0.1406,0
19.1,0.0,75.8,7.0,0.2622,0
20.5,0.0,75.8,7.0,0.6923,1
20.5,0.0,75.8,7.0,0.6923,1
21.3,0.0,100.0,7.0,0.0,0
21.3,0.0,100.0,7.0,0.0,0
21.3,0.0,100.0,7.0,0.0,0
21.3,0.0,100.0,7.0,0.0,0
21.5,0.0,98.2,7.0,0.0228,0
13.7,0.0,100.0,7.0,0.0,0
13.7,0.0,100.0,7.0,0.0,0
13.7,0.0,100.0,7.0,0.0,0
13.7,0.0,100.0,7.0,0.0,0
17.2,0.0,75.8,7.0,0.2622,0
17.2,0.0,75.8,7.0,0.2622,0
16.2,0.0,75.8,7.0,0.2622,0
16.3,0.0,75.8,7.0,0.2622,0
16.3,0.0,75.8,7.0,0.2622,0
16.2,0.0,75.8,7.0,0.2622,0
17.2,0.0,75.8,7.0,0.2561,1
16.1,0.0,75.8,7.0,0.2622,0
16.3,0.0,75.8,7.0,0.2622,0
16.3,0.0,75.8,7.0,0.2622,0
17.2,0.0,75.8,7.0,0.2622,0
18.3,1.0,84.4,7.0,0.1929,1
18.6,0.0,84.4,8.0,0.2,0
18.6,0.0,84.4,7.0,0.2,0
18.6,0.0,84.4,7.0,0.1929,1
17.8,0.0,84.4,7.0,0.1929,1
17.8,0.0,84.4,7.0,0.1929,1
17.1,0.0,84.4,7.0,0.1929,1
17.1,0.0,84.4,7.0,0.2,0
18.3,0.0,84.4,7.0,0.1929,1
18.3,0.0,84.4,7.0,0.1929,1
17.2,0.0,75.8,7.0,0.2622,0
14.6,0.0,100.0,7.0,0.0,0
13.3,0.0,100.0,7.0,0.0,0
16.3,0.0,75.8,7.0,0.2622,0
18.2,0.0,97.4,7.0,0.0325,0
18.8,0.0,76.1,7.0,0.538,1
18.8,0.0,76.1,7.0,0.538,1
18.8,0.0,76.1,7.0,0.538,1
14.2,0.0,56.0,7.0,0.218,1
20.0,0.0,73.5,7.0,0.0366,0
21.5,0.0,53.0,7.0,0.2105,0
20.9,0.0,53.0,7.0,0.203,1
21.1,0.0,53.0,7.0,0.2105,0
20.9,0.0,53.0,7.0,0.2105,0
20.9,0.0,53.0,7.0,0.203,1
21.3,0.0,53.0,7.0,0.2105,0
20.9,0.0,53.0,7.0,0.203,1
17.2,0.0,53.0,7.0,0.2105,0
20.9,0.0,53.0,7.0,0.2105,0
17.8,0.0,60.7,7.0,0.2963,0
17.8,0.0,60.7,7.0,0.2963,0
17.4,0.0,60.7,7.0,0.2963,0
17.8,0.0,60.7,7.0,0.2963,0
17.4,0.0,60.7,7.0,0.2963,0
17.8,0.0,60.7,7.0,0.2963,0
15.5,0.0,89.2,7.0,0.0435,0
16.5,0.0,7.1,7.0,0.2636,0
13.3,0.0,7.1,7.0,0.2636,0
16.5,0.0,7.1,7.0,0.2636,1
16.5,0.0,7.1,7.0,0.2636,1
16.5,0.0,7.1,7.0,0.2636,1
16.5,0.0,7.1,7.0,0.2636,0
16.5,0.0,7.1,7.0,0.2636,0
18.7,0.0,92.2,7.0,0.0787,0
18.7,0.0,92.2,7.0,0.0787,0
18.7,0.0,92.2,7.0,0.0787,0
18.7,0.0,92.2,7.0,0.0787,0
18.7,0.0,92.2,7.0,0.0787,0
18.7,0.0,92.2,7.0,0.0787,0
18.7,0.0,92.2,7.0,0.0787,0
18.7,0.0,92.2,7.0,0.0787,0
18.7,0.0,92.2,7.0,0.0787,0
18.7,0.0,92.2,7.0,0.0787,0
19.2,0.0,13.7,7.0,0.1099,0
18.5,0.0,13.7,7.0,0.1099,0
19.1,0.0,75.8,7.0,0.2622,0
19.1,0.0,75.8,7.0,0.2622,0
19.1,0.0,75.8,7.0,0.2622,0
19.1,0.0,75.8,7.0,0.2622,0
19.1,0.0,75.8,7.0,0.2622,0
19.1,0.0,75.8,7.0,0.2622,0
18.7,0.0,92.2,7.0,0.0787,0
18.7,0.0,92.2,7.0,0.0787,0
18.7,0.0,92.2,7.0,0.0787,0
18.7,0.0,92.2,7.0,0.0787,0
18.7,0.0,92.2,7.0,0.0787,0
18.7,0.0,92.2,7.0,0.0787,0
18.7,0.0,92.2,7.0,0.0787,0
18.7,0.0,92.2,7.0,0.0787,0
18.7,0.0,92.2,7.0,0.0787,0
18.7,0.0,92.2,7.0,0.0787,0
18.7,0.0,92.2,7.0,0.0787,0
18.7,0.0,92.2,7.0,0.0787,0
18.7,0.0,92.2,7.0,0.0787,0
18.7,0.0,92.2,7.0,0.0787,0
18.7,0.0,92.2,7.0,0.0787,0
18.7,0.0,92.2,7.0,0.0787,0
18.7,0.0,92.2,7.0,0.0787,0
17.8,0.0,70.3,7.0,0.38,0
16.6,0.0,35.3,7.0,0.2636,1
18.7,0.0,92.2,7.0,0.0787,0
18.7,0.0,92.2,7.0,0.0787,0
18.7,0.0,92.2,7.0,0.0709,1
18.7,0.0,92.2,7.0,0.0787,0
18.7,0.0,92.2,7.0,0.0787,0
18.7,0.0,92.2,7.0,0.0787,0
17.4,0.0,35.3,7.0,0.2636,1
15.8,0.0,35.3,7.0,0.2636,0
15.8,1.0,35.3,8.0,0.2636,1
16.5,0.0,6.9,7.0,0.2636,0
16.5,0.0,6.9,7.0,0.2636,0
16.5,0.0,6.9,7.0,0.2636,0
16.5,0.0,6.9,7.0,0.2636,0
18.1,0.0,6.9,7.0,0.2636,0
18.1,0.0,6.9,7.0,0.2636,0
18.1,0.0,6.9,7.0,0.2636,0
18.1,0.0,6.9,7.0,0.2636,0
18.1,0.0,6.9,7.0,0.2636,0
16.2,0.0,70.3,7.0,0.38,0
12.6,0.0,70.3,7.0,0.38,0
18.2,0.0,70.3,7.0,0.38,0
14.9,0.0,70.3,7.0,0.38,0
20.6,2.0,46.7,7.0,0.2636,1
17.7,0.0,46.7,7.0,0.2636,0
16.8,2.0,46.7,7.0,0.2636,0
20.7,2.0,46.7,7.0,0.2636,1
16.1,0.0,46.7,7.0,0.2636,0
13.8,0.0,6.9,7.0,0.2636,0
13.8,0.0,6.9,7.0,0.2636,0
13.8,0.0,6.9,7.0,0.2636,0
13.8,0.0,6.9,7.0,0.2636,0
13.8,0.0,6.9,7.0,0.2636,0
13.8,0.0,6.9,7.0,0.2636,0
13.8,0.0,6.9,7.0,0.2636,0
13.8,0.0,6.9,7.0,0.2636,0
13.8,0.0,6.9,7.0,0.2636,0
13.8,0.0,6.9,7.0,0.2636,0
13.8,0.0,6.9,7.0,0.2636,1
20.1,0.0,90.8,7.0,0.1406,0
20.1,0.0,90.8,7.0,0.1406,0
15.3,0.0,0.0,7.0,0.2636,0
15.3,1.0,0.0,7.0,0.2636,0
17.9,0.0,90.0,7.0,0.155,1
17.9,0.0,90.0,7.0,0.155,1
16.5,0.0,90.0,7.0,0.1628,0
18.6,0.0,90.0,7.0,0.1628,0
18.1,0.0,90.0,7.0,0.155,1
20.8,0.0,90.0,7.0,0.1628,0
19.9,0.0,90.0,7.0,0.1628,0
20.8,0.0,90.0,7.0,0.1628,0
17.8,0.0,48.7,7.0,0.4183,1
17.6,0.0,27.3,7.0,0.6875,1
17.6,0.0,27.3,7.0,0.6875,1
17.6,0.0,27.3,7.0,0.6875,1
17.6,0.0,27.3,7.0,0.6875,1
17.6,0.0,27.3,7.0,0.6875,1
17.6,0.0,27.3,7.0,0.6875,1
17.6,0.0,27.3,7.0,0.6875,1
17.8,0.0,27.3,7.0,0.6875,1
17.8,0.0,27.3,7.0,0.6937,0
17.8,0.0,27.3,7.0,0.6875,1
17.6,0.0,27.3,7.0,0.6937,0
17.6,0.0,27.3,7.0,0.6875,1
17.9,0.0,27.3,7.0,0.6875,1
17.8,0.0,27.3,7.0,0.6875,1
18.1,0.0,27.3,7.0,0.6875,1
17.8,0.0,48.7,7.0,0.4248,0
19.5,0.0,48.7,7.0,0.4248,0
16.5,0.0,48.7,7.0,0.4183,1
17.7,0.0,41.6,7.0,0.3152,1
18.6,0.0,41.6,7.0,0.3152,1
13.7,0.0,41.6,7.0,0.3152,1
13.7,0.0,41.6,7.0,0.3152,1
13.7,0.0,41.6,7.0,0.3152,1
19.3,0.0,41.6,7.0,0.3152,1
19.3,0.0,41.6,7.0,0.3152,1
19.3,0.0,41.6,7.0,0.3152,1
19.3,0.0,41.6,7.0,0.3152,1
18.1,0.0,27.3,7.0,0.6937,0
18.7,0.0,27.3,7.0,0.6875,1
18.7,0.0,27.3,7.0,0.6875,1
17.0,0.0,27.3,7.0,0.6875,1
18.6,0.0,27.3,7.0,0.6875,1
18.6,0.0,27.3,7.0,0.6875,1
18.1,0.0,27.3,7.0,0.6875,1
15.0,0.0,27.3,7.0,0.6875,1
15.0,0.0,27.3,7.0,0.6875,1
15.0,0.0,27.3,7.0,0.6875,1
15.0,0.0,27.3,7.0,0.6875,1
15.0,0.0,27.3,7.0,0.6875,1
15.0,0.0,27.3,7.0,0.6875,1
15.0,0.0,27.3,7.0,0.6875,1
15.0,0.0,27.3,7.0,0.6875,1
19.3,0.0,41.6,7.0,0.3152,1
18.8,0.0,67.0,7.0,0.5,0
18.3,0.0,67.0,7.0,0.4912,1
18.7,0.0,27.3,7.0,0.6875,1
17.8,0.0,27.3,7.0,0.6875,1
18.7,0.0,27.3,7.0,0.6937,0
20.2,0.0,90.8,7.0,0.1237,0
19.4,0.0,90.8,7.0,0.1237,0
14.9,0.0,0.0,7.0,0.2636,0
20.2,0.0,67.6,7.0,0.0278,1
20.1,0.0,67.6,7.0,0.0556,0
20.1,0.0,67.6,7.0,0.0556,0
20.1,0.0,67.6,7.0,0.0556,0
20.2,0.0,67.6,7.0,0.0278,1
14.9,0.0,0.0,7.0,0.2636,0
18.0,0.0,14.3,7.0,0.1458,0
19.6,0.0,40.0,7.0,0.2636,0
19.6,0.0,40.0,7.0,0.2636,1
17.9,0.0,78.8,7.0,0.3125,0
17.9,0.0,78.8,7.0,0.3125,0
15.5,0.0,14.3,7.0,0.125,1
16.8,0.0,100.0,7.0,0.2636,0
20.2,0.0,66.7,7.0,0.2636,0
20.2,0.0,66.7,7.0,0.2636,0
13.0,0.0,66.7,7.0,0.2636,0
20.2,0.0,66.7,7.0,0.2636,0
13.0,0.0,66.7,7.0,0.2636,0
18.8,0.0,76.1,7.0,0.538,1
20.1,2.0,71.4,7.0,0.4182,0
17.4,0.0,60.7,7.0,0.2963,0
17.7,0.0,60.7,7.0,0.2963,0
17.7,0.0,60.7,7.0,0.2963,0
17.7,0.0,60.7,7.0,0.2963,0
17.7,0.0,60.7,7.0,0.2963,0
17.7,0.0,60.7,7.0,0.2963,0
17.7,0.0,60.7,7.0,0.2963,0
18.0,0.0,57.1,7.0,0.2636,0
17.7,0.0,60.7,7.0,0.2963,0
17.7,0.0,60.7,7.0,0.2963,0
20.7,0.0,100.0,7.0,0.2636,0
17.7,0.0,60.7,7.0,0.2963,0
17.4,0.0,60.7,7.0,0.2963,0
17.4,0.0,60.7,7.0,0.2963,0
17.4,0.0,60.7,7.0,0.2963,0
19.3,0.0,75.8,7.0,0.2561,1
19.3,0.0,75.8,7.0,0.2622,0
19.3,0.0,75.8,7.0,0.2622,0
19.3,0.0,75.8,7.0,0.2622,0
19.3,0.0,75.8,7.0,0.2622,0
19.3,0.0,75.8,7.0,0.2561,1
16.1,0.0,75.8,7.0,0.2622,0
19.3,0.0,75.8,7.0,0.2622,0
19.3,0.0,75.8,7.0,0.2622,0
19.3,0.0,75.8,7.0,0.2622,0
18.3,0.0,75.8,7.0,0.2622,0
19.3,0.0,75.8,7.0,0.2622,0
19.3,0.0,75.8,7.0,0.2622,0
19.3,0.0,75.8,7.0,0.2622,0
19.3,0.0,75.8,7.0,0.2622,0
19.3,0.0,75.8,7.0,0.2622,0
19.3,0.0,75.8,7.0,0.2622,0
19.3,0.0,75.8,7.0,0.2622,0
19.3,0.0,75.8,7.0,0.2622,0
19.3,0.0,75.8,7.0,0.2622,0
19.3,0.0,75.8,7.0,0.2622,0
19.3,0.0,75.8,7.0,0.2622,0
19.3,0.0,75.8,7.0,0.2561,1
19.3,0.0,75.8,7.0,0.2622,0
13.3,0.0,48.7,7.0,0.4183,1
17.4,0.0,60.7,7.0,0.2963,0
17.4,0.0,60.7,7.0,0.2963,0
17.9,0.0,74.5,7.0,0.2222,0
17.9,0.0,74.5,7.0,0.2222,0
17.9,0.0,74.5,7.0,0.2222,0
17.9,0.0,74.5,7.0,0.2222,0
17.9,0.0,74.5,7.0,0.2222,0
17.9,0.0,74.5,7.0,0.2222,0
17.9,0.0,74.5,7.0,0.2222,0
17.9,0.0,74.5,7.0,0.2222,0
17.9,0.0,74.5,7.0,0.2222,0
17.9,0.0,74.5,7.0,0.2222,0
17.9,0.0,74.5,7.0,0.2222,0
17.9,0.0,74.5,7.0,0.2222,0
17.4,0.0,60.7,7.0,0.2963,0
17.4,0.0,60.7,7.0,0.2963,0
17.1,0.0,60.7,7.0,0.2963,0
16.5,0.0,7.1,7.0,0.2636,1
16.5,0.0,7.1,7.0,0.2636,1
17.1,0.0,60.7,7.0,0.2963,0
14.4,0.0,63.0,7.0,0.1321,1
17.6,0.0,63.0,7.0,0.1509,0
17.6,0.0,63.0,7.0,0.1509,0
17.4,0.0,60.7,7.0,0.2963,0
14.4,0.0,63.0,7.0,0.1321,1
14.4,0.0,63.0,7.0,0.1509,0
14.4,0.0,64.8,7.0,0.4488,0
15.7,0.0,43.8,7.0,0.2581,1
13.5,0.0,64.8,7.0,0.4488,0
14.4,0.0,64.8,7.0,0.4488,0
14.4,0.0,64.8,7.0,0.4488,0
15.9,0.0,60.7,7.0,0.2963,0
15.7,0.0,43.8,7.0,0.2903,0
15.9,0.0,60.7,7.0,0.2963,0
14.4,0.0,64.8,7.0,0.4488,0
16.2,0.0,60.7,7.0,0.2963,0
14.4,0.0,64.8,7.0,0.4488,0
14.4,0.0,64.8,7.0,0.4488,0
14.4,0.0,64.8,7.0,0.4488,0
15.7,0.0,43.8,7.0,0.2581,1
16.2,0.0,60.7,7.0,0.2963,0
14.4,0.0,64.8,7.0,0.4488,0
15.7,0.0,43.8,7.0,0.2581,1
14.4,0.0,64.8,7.0,0.4488,0
15.7,0.0,43.8,7.0,0.2903,0
15.7,0.0,43.8,7.0,0.2903,0
14.9,0.0,91.7,7.0,0.0169,0
15.6,0.0,60.7,7.0,0.2963,0
13.5,0.0,64.8,7.0,0.4488,0
15.7,0.0,43.8,7.0,0.2903,0
15.9,0.0,60.7,7.0,0.2963,0
16.2,0.0,60.7,7.0,0.2963,0
14.4,0.0,64.8,7.0,0.4488,0
15.7,0.0,43.8,7.0,0.2581,1
13.0,0.0,64.8,7.0,0.4409,1
17.8,0.0,60.7,7.0,0.2963,0
13.0,0.0,64.8,7.0,0.4409,1
12.1,0.0,64.8,7.0,0.4409,1
12.1,0.0,64.8,7.0,0.4409,1
13.0,0.0,64.8,7.0,0.4488,0
13.0,0.0,64.8,7.0,0.4409,1
12.1,0.0,64.8,7.0,0.4409,1
17.8,0.0,60.7,7.0,0.2963,0
14.9,0.0,61.6,7.0,0.1122,0
20.7,0.0,89.2,7.0,0.1094,0
20.7,0.0,89.2,7.0,0.1094,0
16.8,0.0,95.5,7.0,0.2636,0
16.8,0.0,95.5,7.0,0.2636,0
16.8,0.0,95.5,7.0,0.2636,0
16.8,0.0,95.5,7.0,0.2636,1
16.8,0.0,95.5,7.0,0.2636,0
17.0,0.0,55.7,7.0,0.9487,1
17.0,0.0,55.7,7.0,0.9487,1
17.0,0.0,55.7,7.0,0.9487,1
20.6,0.0,53.0,7.0,0.2105,0
20.6,0.0,53.0,7.0,0.2105,0
19.7,0.0,50.7,7.0,0.1515,0
19.0,0.0,100.0,8.0,0.2636,0
17.9,0.0,60.7,7.0,0.2963,0
17.9,0.0,60.7,7.0,0.2963,0
17.9,0.0,60.7,7.0,0.2963,0
17.9,0.0,60.7,7.0,0.2963,0
20.4,0.0,80.9,7.0,0.1316,1
17.9,0.0,60.7,7.0,0.2963,0
16.2,0.0,70.3,7.0,0.37,1
13.5,0.0,70.3,7.0,0.37,1
16.9,0.0,13.7,7.0,0.1099,0
19.2,0.0,13.7,7.0,0.1099,0
19.2,0.0,13.7,7.0,0.1099,0
19.2,0.0,13.7,7.0,0.1099,0
19.2,0.0,13.7,7.0,0.1099,0
19.2,0.0,13.7,7.0,0.1099,0
19.2,0.0,13.7,7.0,0.1099,0
19.2,0.0,13.7,7.0,0.1099,0
21.3,1.0,95.2,7.0,0.0097,0
20.1,0.0,55.9,8.0,0.4706,0
20.1,0.0,55.9,8.0,0.4706,0
20.1,0.0,55.9,8.0,0.4706,0
20.1,0.0,55.9,7.0,0.4706,0
19.2,0.0,26.0,7.0,0.0808,1
12.4,0.0,26.0,7.0,0.0909,0
15.6,0.0,26.0,7.0,0.0909,0
18.6,0.0,26.0,7.0,0.0909,0
19.3,0.0,26.0,7.0,0.0909,0
16.2,0.0,70.3,7.0,0.37,1
16.2,0.0,70.3,7.0,0.37,1
13.8,0.0,70.3,7.0,0.37,1
13.3,0.0,70.3,7.0,0.37,1
17.9,0.0,60.7,7.0,0.2963,0
17.9,0.0,60.7,7.0,0.2963,0
16.2,0.0,70.3,7.0,0.37,1
16.2,0.0,70.3,7.0,0.37,1
13.3,0.0,70.3,7.0,0.37,1
12.9,0.0,70.3,7.0,0.37,1
16.8,0.0,60.7,7.0,0.2963,0
16.8,0.0,60.7,7.0,0.2963,0
16.8,0.0,60.7,7.0,0.2963,0
16.8,0.0,60.7,7.0,0.2963,0
16.8,0.0,60.7,7.0,0.2963,0
16.8,0.0,60.7,7.0,0.2963,0
16.8,0.0,60.7,7.0,0.2963,0
16.8,0.0,60.7,7.0,0.2963,0
20.9,0.0,68.6,7.0,0.1594,1
21.0,0.0,68.6,7.0,0.1594,1
20.9,0.0,100.0,8.0,0.0286,0
20.9,0.0,100.0,8.0,0.0286,0
20.9,0.0,100.0,8.0,0.0286,0
20.9,0.0,100.0,7.0,0.0286,0
16.0,0.0,85.7,7.0,0.2636,0
18.4,0.0,85.7,7.0,0.2636,0
18.4,0.0,85.7,7.0,0.2636,0
14.7,0.0,85.7,7.0,0.2636,1
18.4,0.0,85.7,7.0,0.2636,0
17.3,0.0,85.7,7.0,0.2636,0
16.7,0.0,85.7,7.0,0.2636,0
16.9,0.0,57.1,7.0,0.2636,1
12.2,0.0,100.0,7.0,0.2636,0
20.5,0.0,13.7,7.0,0.1044,1
13.3,0.0,100.0,7.0,0.2636,0
17.8,0.0,67.0,7.0,0.4912,1
12.2,0.0,100.0,7.0,0.2636,0
17.2,0.0,100.0,7.0,0.2636,0
20.0,0.0,57.9,7.0,0.4107,1
16.2,0.0,80.8,7.0,0.1373,1
14.5,0.0,75.8,9.0,0.2622,0
20.0,0.0,56.0,7.0,0.2636,0
20.0,0.0,56.0,7.0,0.2636,0
19.9,0.0,69.6,7.0,0.3333,1
19.9,0.0,69.6,7.0,0.3333,1
19.7,0.0,69.6,7.0,0.3333,1
19.8,0.0,69.6,7.0,0.3333,1
19.9,0.0,69.6,7.0,0.3556,0
19.9,0.0,69.6,7.0,0.3556,0
19.9,0.0,69.6,7.0,0.3556,0
19.9,0.0,69.6,7.0,0.3556,0
19.9,0.0,69.6,7.0,0.3556,0
19.7,0.0,69.6,7.0,0.3556,0
19.9,0.0,69.6,7.0,0.3333,1
19.7,0.0,69.6,7.0,0.3333,1
20.4,0.0,70.0,7.0,0.2636,0
20.9,0.0,100.0,7.0,0.0286,0
20.9,0.0,100.0,7.0,0.0286,0
20.9,0.0,100.0,7.0,0.0,1
20.9,0.0,100.0,7.0,0.0286,0
19.9,0.0,61.9,7.0,0.3855,0
19.9,0.0,61.9,7.0,0.3855,0
18.1,0.0,61.9,7.0,0.3855,0
18.6,0.0,61.9,7.0,0.3855,0
18.6,0.0,61.9,7.0,0.3855,0
18.6,0.0,61.9,7.0,0.3855,0
14.4,0.0,61.9,7.0,0.3735,1
19.9,0.0,61.9,7.0,0.3855,0
18.6,0.0,61.9,7.0,0.3855,0
12.9,0.0,70.3,7.0,0.37,1
19.3,0.0,91.7,8.0,0.2636,0
14.2,0.0,93.4,7.0,0.0132,0
12.4,0.0,70.3,7.0,0.37,1
20.8,0.0,82.9,7.0,0.0588,0
12.1,0.0,0.0,7.0,0.2636,0
19.7,0.0,50.0,7.0,0.122,0
20.3,0.0,82.0,7.0,0.1448,0
19.0,0.0,57.1,7.0,0.4407,0
19.0,0.0,57.1,7.0,0.4322,1
18.4,0.0,57.1,7.0,0.4322,1
19.3,0.0,91.7,7.0,0.2636,0
19.0,0.0,57.1,7.0,0.4407,0
19.0,0.0,57.1,7.0,0.4322,1
14.9,0.0,97.2,7.0,0.021,0
19.0,0.0,57.1,7.0,0.4407,0
19.0,0.0,57.1,7.0,0.4407,0
19.0,0.0,57.1,7.0,0.4322,1
14.9,0.0,100.0,7.0,0.2636,0
20.2,0.0,61.4,7.0,0.0805,0
20.2,0.0,61.4,7.0,0.0805,0
20.2,0.0,61.4,7.0,0.0805,0
20.2,0.0,61.4,7.0,0.0805,0
16.0,0.0,21.7,7.0,0.2542,1
21.3,0.0,100.0,7.0,0.2636,0
21.3,0.0,100.0,7.0,0.2636,0
21.3,0.0,100.0,7.0,0.2636,1
19.7,0.0,64.5,7.0,0.3804,1
21.1,0.0,92.5,7.0,0.5063,1
21.1,0.0,92.5,7.0,0.5063,1
21.1,0.0,92.5,7.0,0.519,0
21.1,0.0,92.5,7.0,0.5063,1
21.1,0.0,92.5,7.0,0.5063,1
21.1,0.0,92.5,7.0,0.5063,1
21.1,0.0,92.5,7.0,0.5063,1
21.1,0.0,92.5,7.0,0.5063,1
21.1,0.0,92.5,7.0,0.5063,1
21.1,0.0,92.5,7.0,0.5063,1
21.1,0.0,92.5,7.0,0.5063,1
21.1,0.0,92.5,7.0,0.5063,1
21.1,0.0,92.5,7.0,0.5063,1
21.1,0.0,92.5,7.0,0.5063,1
21.1,0.0,92.5,7.0,0.5063,1
21.1,0.0,92.5,7.0,0.5063,1
21.1,0.0,92.5,7.0,0.5063,1
21.1,0.0,92.5,7.0,0.5063,1
21.1,0.0,92.5,7.0,0.5063,1
21.1,0.0,92.5,7.0,0.5063,1
21.1,0.0,92.5,7.0,0.5063,1
21.1,0.0,92.5,7.0,0.5063,1
21.1,0.0,92.5,7.0,0.5063,1
21.1,0.0,92.5,7.0,0.5063,1
21.1,0.0,92.5,7.0,0.5063,1
21.1,0.0,92.5,7.0,0.5063,1
21.1,0.0,92.5,7.0,0.5063,1
21.1,0.0,92.5,7.0,0.5063,1
21.1,0.0,92.5,7.0,0.5063,1
21.1,0.0,92.5,7.0,0.519,0
21.1,0.0,92.5,7.0,0.5063,1
21.1,0.0,92.5,7.0,0.5063,1
21.1,0.0,92.5,7.0,0.5063,1
21.1,0.0,92.5,7.0,0.519,0
21.1,0.0,92.5,7.0,0.519,0
21.1,0.0,92.5,7.0,0.5063,1
21.1,0.0,92.5,7.0,0.5063,1
21.1,0.0,92.5,7.0,0.519,0
21.1,0.0,92.5,7.0,0.519,0
21.1,0.0,92.5,7.0,0.519,0
21.1,0.0,92.5,7.0,0.5063,1
21.1,0.0,92.5,7.0,0.5063,1
21.1,0.0,92.5,7.0,0.5063,1
21.1,0.0,92.5,7.0,0.519,0
21.1,0.0,92.5,7.0,0.519,0
21.1,0.0,92.5,7.0,0.5063,1
12.0,1.0,90.9,7.0,0.2368,0
20.2,0.0,70.0,7.0,0.2636,0
21.1,0.0,70.0,7.0,0.2636,1
20.4,0.0,63.4,7.0,0.325,1
15.7,0.0,100.0,8.0,0.2636,0
15.7,0.0,100.0,7.0,0.2636,0
20.6,0.0,94.4,7.0,0.2636,1
16.7,0.0,69.2,7.0,0.451,1
13.8,0.0,7.7,7.0,0.2636,0
15.8,0.0,90.8,7.0,0.1237,0
15.8,0.0,90.8,7.0,0.1237,0
15.8,0.0,90.8,7.0,0.1237,0
15.8,0.0,90.8,7.0,0.1237,0
15.8,0.0,90.8,7.0,0.1237,0
21.0,1.0,95.2,7.0,0.0097,0
15.3,0.0,85.7,7.0,0.2636,1
15.3,0.0,100.0,7.0,0.2636,0
18.5,0.0,41.7,7.0,0.2636,0
15.3,0.0,100.0,7.0,0.2636,0
15.3,0.0,100.0,7.0,0.2636,0
15.3,0.0,100.0,7.0,0.2636,0
14.6,0.0,100.0,7.0,0.2636,0
14.6,0.0,100.0,7.0,0.2636,0
14.6,0.0,100.0,7.0,0.2636,0
13.0,0.0,100.0,7.0,0.2636,0
17.2,0.0,85.7,9.0,0.2636,0
13.0,0.0,100.0,7.0,0.2636,0
13.0,0.0,100.0,7.0,0.2636,0
15.3,0.0,100.0,7.0,0.2636,0
15.3,0.0,100.0,7.0,0.2636,0
15.3,0.0,100.0,7.0,0.2636,0
15.3,0.0,100.0,7.0,0.2636,0
20.4,0.0,98.5,7.0,0.0368,0
20.4,0.0,98.5,7.0,0.0368,0
20.4,0.0,98.5,7.0,0.0368,0
20.4,0.0,98.5,7.0,0.0368,0
20.4,0.0,98.5,7.0,0.0368,0
20.4,0.0,98.5,7.0,0.0368,0
20.4,0.0,98.5,7.0,0.0368,0
20.4,0.0,98.5,7.0,0.0368,0
20.4,0.0,98.5,7.0,0.0368,0
15.3,0.0,100.0,7.0,0.2636,0
15.3,0.0,100.0,7.0,0.2636,0
15.3,0.0,100.0,7.0,0.2636,0
14.6,0.0,100.0,7.0,0.2636,0
20.4,0.0,53.0,7.0,0.2105,0
20.5,0.0,53.0,7.0,0.2105,0
20.9,0.0,53.0,7.0,0.2105,0
20.7,0.0,53.0,7.0,0.2105,0
15.3,0.0,100.0,7.0,0.2636,0
20.4,0.0,98.5,7.0,0.0368,0
20.4,0.0,98.5,7.0,0.0368,0
20.4,0.0,98.5,7.0,0.0368,0
20.4,0.0,98.5,7.0,0.0368,0
20.4,0.0,98.5,7.0,0.0368,0
20.4,0.0,98.5,7.0,0.0368,0
20.4,0.0,98.5,7.0,0.0368,0
20.4,0.0,98.5,7.0,0.0294,1
20.4,0.0,98.5,7.0,0.0368,0
20.4,0.0,98.5,7.0,0.0368,0
20.4,0.0,98.5,7.0,0.0368,0
20.4,0.0,98.5,7.0,0.0368,0
20.7,0.0,53.0,7.0,0.203,1
16.8,0.0,53.0,7.0,0.2105,0
20.7,0.0,53.0,7.0,0.2105,0
20.9,0.0,53.0,7.0,0.2105,0
20.9,0.0,53.0,7.0,0.2105,0
20.7,0.0,53.0,7.0,0.2105,0
18.3,0.0,53.0,7.0,0.2105,0
19.5,0.0,63.4,7.0,0.325,1
17.2,0.0,72.4,7.0,0.1733,0
17.7,0.0,72.4,7.0,0.1733,0
20.4,0.0,98.5,7.0,0.0368,0
20.4,0.0,98.5,7.0,0.0368,0
20.9,0.0,53.0,7.0,0.2105,0
20.4,0.0,98.5,7.0,0.0368,0
20.4,0.0,98.5,7.0,0.0368,0
16.7,0.0,78.2,7.0,0.3889,1
16.7,0.0,78.2,7.0,0.4074,0
16.7,0.0,78.2,7.0,0.3889,1
16.7,0.0,78.2,7.0,0.4074,0
16.7,0.0,78.2,7.0,0.3889,1
16.7,0.0,78.2,7.0,0.3889,1
16.7,0.0,78.2,7.0,0.3889,1
16.7,0.0,78.2,7.0,0.4074,0
16.7,0.0,78.2,7.0,0.4074,0
16.7,0.0,78.2,7.0,0.3889,1
16.7,0.0,78.2,7.0,0.4074,0
16.7,0.0,78.2,7.0,0.4074,0
16.7,0.0,78.2,7.0,0.3889,1
16.7,0.0,78.2,7.0,0.3889,1
16.7,0.0,78.2,7.0,0.4074,0
16.7,0.0,78.2,7.0,0.3889,1
16.7,0.0,78.2,7.0,0.3889,1
16.7,0.0,78.2,7.0,0.4074,0
16.7,0.0,78.2,7.0,0.3889,1
16.7,0.0,78.2,7.0,0.3889,1
16.7,0.0,78.2,7.0,0.3889,1
16.7,0.0,78.2,7.0,0.4074,0
16.7,0.0,78.2,7.0,0.3889,1
16.7,0.0,78.2,7.0,0.3889,1
16.7,0.0,78.2,7.0,0.4074,0
16.7,0.0,78.2,7.0,0.4074,0
16.7,0.0,78.2,7.0,0.3889,1
16.7,0.0,78.2,7.0,0.4074,0
16.7,0.0,78.2,7.0,0.3889,1
16.7,0.0,78.2,7.0,0.3889,1
16.7,0.0,78.2,7.0,0.4074,0
16.7,0.0,78.2,7.0,0.4074,0
16.7,0.0,78.2,7.0,0.4074,0
16.7,0.0,78.2,7.0,0.4074,0
15.1,0.0,80.0,7.0,0.2636,1
20.6,0.0,86.5,7.0,0.3333,0
17.0,0.0,21.9,9.0,0.1824,0
14.5,0.0,21.9,9.0,0.1824,0
16.9,0.0,78.7,7.0,0.1964,0
20.5,0.0,88.3,7.0,0.2235,0
20.5,0.0,88.3,7.0,0.2235,0
20.5,0.0,88.3,7.0,0.2235,0
20.5,0.0,88.3,7.0,0.2235,0
20.5,0.0,88.3,7.0,0.2235,0
16.7,0.0,84.6,8.0,0.2285,1
18.1,0.0,84.6,7.0,0.2299,0
18.8,0.0,84.6,7.0,0.2299,0
20.1,0.0,64.8,7.0,0.4409,1
20.1,0.0,64.8,7.0,0.4409,1
16.9,0.0,62.9,7.0,0.2353,1
16.9,0.0,62.9,7.0,0.2647,0
19.4,0.0,46.7,7.0,0.4615,0
19.2,0.0,64.5,7.0,0.3804,1
19.1,0.0,72.4,7.0,0.1733,0
17.2,0.0,72.4,7.0,0.1733,0
18.6,0.0,64.5,7.0,0.3913,0
18.6,0.0,64.5,7.0,0.3913,0
18.6,0.0,64.5,7.0,0.3804,1
18.6,0.0,64.5,7.0,0.3913,0
16.5,0.0,72.4,7.0,0.1733,0
17.2,0.0,72.4,7.0,0.1733,0
19.1,0.0,72.4,7.0,0.1733,0
19.1,0.0,72.4,7.0,0.16,1
19.3,0.0,58.1,7.0,0.6379,0
19.9,0.0,64.5,7.0,0.3913,0
17.0,0.0,90.9,7.0,0.0625,1
17.2,0.0,99.7,7.0,0.0094,0
17.2,0.0,99.7,7.0,0.0094,0
17.2,0.0,99.7,7.0,0.0094,0
17.2,0.0,99.7,7.0,0.0094,0
17.2,0.0,99.7,7.0,0.0094,0
17.2,0.0,99.7,7.0,0.0094,0
17.2,0.0,99.7,7.0,0.0094,0
17.2,0.0,99.7,7.0,0.0094,0
17.2,0.0,99.7,7.0,0.0094,0
17.2,0.0,99.7,7.0,0.0094,0
17.2,0.0,99.7,7.0,0.0094,0
19.4,0.0,33.3,7.0,0.2636,0
17.2,0.0,99.7,7.0,0.0094,0
17.2,0.0,99.7,7.0,0.0094,0
17.2,0.0,99.7,7.0,0.0094,0
17.2,0.0,99.7,7.0,0.0094,0
17.2,0.0,99.7,7.0,0.0094,0
17.2,0.0,99.7,7.0,0.0094,0
17.2,0.0,99.7,7.0,0.0094,0
17.2,0.0,99.7,7.0,0.0094,0
17.2,0.0,99.7,7.0,0.0094,0
17.2,0.0,99.7,7.0,0.0094,0
17.2,0.0,99.7,7.0,0.0094,0
17.2,0.0,99.7,7.0,0.0094,0
19.5,0.0,30.0,7.0,0.2453,1
20.0,0.0,70.4,7.0,0.2636,0
20.2,0.0,89.2,7.0,0.1094,0
20.1,0.0,89.2,7.0,0.1094,0
20.7,0.0,45.2,7.0,0.5854,0
20.6,0.0,76.9,7.0,0.3271,0
18.9,0.0,96.4,7.0,0.0734,0
18.4,0.0,96.4,7.0,0.0734,0
14.9,0.0,92.3,7.0,0.5,0
14.3,0.0,92.3,7.0,0.5,0
13.3,0.0,48.7,7.0,0.4248,0
13.0,0.0,92.3,7.0,0.5,0
13.3,0.0,48.7,7.0,0.4183,1
15.3,0.0,78.8,7.0,0.3125,0
16.5,0.0,78.8,7.0,0.3125,0
19.5,0.0,41.2,7.0,0.2121,0
15.0,0.0,63.0,7.0,0.1321,1
19.2,0.0,64.5,7.0,0.3804,1
16.1,0.0,22.2,7.0,0.2636,0
16.5,0.0,22.2,7.0,0.2636,0
16.5,0.0,22.2,7.0,0.2636,0
16.5,0.0,22.2,7.0,0.2636,0
16.5,0.0,22.2,7.0,0.2636,0
17.9,0.0,22.2,7.0,0.2636,0
16.5,0.0,22.2,7.0,0.2636,0
19.7,0.0,64.5,7.0,0.3804,1
19.7,0.0,64.5,7.0,0.3913,0
19.7,0.0,64.5,7.0,0.3913,0
19.1,0.0,64.5,8.0,0.3913,0
18.5,0.0,62.2,7.0,0.0309,0
20.1,0.0,62.2,7.0,0.0309,0
20.1,0.0,62.2,7.0,0.0309,0
20.2,0.0,62.2,7.0,0.0309,0
20.2,0.0,62.2,7.0,0.0206,1
20.2,0.0,62.2,7.0,0.0309,0
20.2,0.0,62.2,7.0,0.0309,0
20.2,0.0,62.2,7.0,0.0309,0
15.8,0.0,92.2,7.0,0.0787,0
15.8,0.0,92.2,7.0,0.0787,0
15.8,0.0,92.2,7.0,0.0787,0
15.8,0.0,92.2,7.0,0.0787,0
15.8,0.0,92.2,7.0,0.0787,0
15.8,0.0,92.2,7.0,0.0787,0
15.8,0.0,92.2,7.0,0.0787,0
15.8,0.0,92.2,7.0,0.0787,0
18.4,0.0,21.3,7.0,0.7,0
15.4,0.0,21.3,7.0,0.6833,1
15.8,0.0,92.2,7.0,0.0787,0
18.6,0.0,64.5,7.0,0.3913,0
15.8,0.0,92.2,7.0,0.0787,0
15.8,0.0,92.2,7.0,0.0787,0
20.6,0.0,76.9,7.0,0.3178,1
15.8,0.0,92.2,7.0,0.0787,0
15.8,0.0,92.2,7.0,0.0787,0
15.8,0.0,92.2,7.0,0.0787,0
15.8,0.0,92.2,7.0,0.0787,0
15.8,0.0,92.2,7.0,0.0787,0
19.7,0.0,64.5,8.0,0.3913,0
15.8,0.0,92.2,7.0,0.0787,0
15.8,0.0,92.2,7.0,0.0787,0
15.8,0.0,92.2,7.0,0.0787,0
15.8,0.0,92.2,7.0,0.0787,0
15.8,0.0,92.2,7.0,0.0787,0
15.7,0.0,100.0,8.0,0.2636,0
18.5,0.0,40.0,8.0,0.0,1
15.0,0.0,63.0,7.0,0.1509,0
15.0,0.0,63.0,7.0,0.1509,0
15.0,0.0,63.0,7.0,0.1509,0
15.0,0.0,63.0,7.0,0.1509,0
15.0,0.0,63.0,7.0,0.1509,0
18.4,0.0,0.0,7.0,0.2636,0
15.0,0.0,63.0,7.0,0.1509,0
15.0,0.0,63.0,7.0,0.1509,0
15.0,0.0,63.0,7.0,0.1509,0
15.0,0.0,63.0,7.0,0.1509,0
15.3,0.0,63.0,7.0,0.1509,0
15.3,0.0,63.0,7.0,0.1509,0
15.3,0.0,63.0,7.0,0.1509,0
19.7,0.0,33.3,7.0,0.2636,0
19.7,0.0,33.3,7.0,0.2636,0
19.0,0.0,33.3,7.0,0.2636,1
19.6,0.0,33.3,7.0,0.2636,0
19.6,0.0,33.3,7.0,0.2636,0
12.4,0.0,0.0,7.0,0.2636,0
12.4,0.0,0.0,7.0,0.2636,0
19.7,0.0,50.0,7.0,0.122,0
20.8,0.0,78.8,7.0,0.3038,1
20.6,0.0,78.8,7.0,0.3165,0
20.6,0.0,78.8,7.0,0.3038,1
20.6,0.0,78.8,7.0,0.3038,1
20.8,0.0,78.8,7.0,0.3038,1
17.5,0.0,63.0,7.0,0.1509,0
17.5,0.0,63.0,7.0,0.1509,0
17.5,0.0,63.0,7.0,0.1509,0
17.5,0.0,63.0,7.0,0.1509,0
21.1,0.0,40.0,7.0,0.4557,1
17.5,0.0,63.0,7.0,0.1321,1
19.9,0.0,35.3,7.0,0.2636,0
19.4,0.0,76.5,7.0,0.303,1
13.3,0.0,48.7,7.0,0.4248,0
16.5,0.0,48.7,7.0,0.4248,0
16.5,0.0,48.7,7.0,0.4183,1
19.7,0.0,74.5,7.0,0.2222,0
19.7,0.0,74.5,7.0,0.2222,0
19.7,0.0,74.5,7.0,0.2222,0
19.7,0.0,74.5,7.0,0.2222,0
19.7,0.0,74.5,7.0,0.2222,0
19.9,0.0,64.5,7.0,0.3913,0
19.9,0.0,64.5,7.0,0.3913,0
17.0,0.0,83.0,7.0,0.3218,0
17.5,0.0,74.5,7.0,0.2222,0
19.1,0.0,64.5,7.0,0.3804,1
19.3,0.0,83.0,7.0,0.3218,0
19.3,0.0,83.0,7.0,0.3218,0
17.0,0.0,83.0,7.0,0.3103,1
18.3,0.0,83.0,7.0,0.3218,0
17.3,0.0,83.0,7.0,0.3218,0
17.3,0.0,83.0,7.0,0.3218,0
17.0,0.0,83.0,7.0,0.3103,1
17.3,0.0,83.0,7.0,0.3218,0
12.4,0.0,70.5,7.0,0.2326,0
19.2,0.0,70.5,7.0,0.2093,1
13.3,0.0,48.7,7.0,0.4248,0
16.5,0.0,48.7,7.0,0.4248,0
19.2,0.0,70.5,7.0,0.2326,0
16.5,0.0,48.7,7.0,0.4183,1
19.2,0.0,70.5,7.0,0.2326,0
17.9,0.0,70.5,7.0,0.2326,0
18.6,0.0,48.7,7.0,0.4248,0
18.6,0.0,48.7,7.0,0.4183,1
14.7,0.0,48.7,7.0,0.4248,0
13.3,0.0,93.4,7.0,0.0132,0
13.3,0.0,93.4,7.0,0.0132,0
13.3,0.0,93.4,7.0,0.0132,0
13.3,0.0,93.4,7.0,0.0132,0
13.3,0.0,93.4,7.0,0.0132,0
15.1,0.0,93.4,7.0,0.0132,0
15.1,0.0,93.4,7.0,0.0132,0
15.1,0.0,93.4,7.0,0.0132,0
15.1,0.0,93.4,7.0,0.0132,0
15.1,0.0,93.4,7.0,0.0132,0
15.1,0.0,93.4,7.0,0.0132,0
15.1,0.0,93.4,7.0,0.0132,0
15.1,0.0,93.4,7.0,0.0132,0
15.1,0.0,93.4,7.0,0.0132,0
15.1,0.0,93.4,7.0,0.0132,0
15.1,0.0,93.4,7.0,0.0132,0
15.1,0.0,93.4,7.0,0.0132,0
15.1,0.0,93.4,7.0,0.0132,0
15.1,0.0,93.4,7.0,0.0132,0
15.1,0.0,93.4,7.0,0.0132,0
15.1,0.0,93.4,7.0,0.0132,0
15.1,0.0,93.4,7.0,0.0132,0
15.1,0.0,93.4,7.0,0.0132,0
15.1,0.0,93.4,7.0,0.0132,0
15.1,0.0,93.4,7.0,0.0132,0
15.1,0.0,93.4,7.0,0.0132,0
15.1,0.0,93.4,7.0,0.0132,0
15.1,0.0,93.4,7.0,0.0132,0
15.1,0.0,93.4,7.0,0.0132,0
15.1,0.0,93.4,7.0,0.0132,0
17.4,0.0,93.4,7.0,0.0132,0
17.4,0.0,93.4,7.0,0.0132,0
17.4,0.0,93.4,7.0,0.0132,0
15.1,0.0,93.4,7.0,0.0132,0
15.1,0.0,93.4,7.0,0.0132,0
17.4,0.0,93.4,7.0,0.0132,0
17.4,0.0,93.4,7.0,0.0132,0
17.4,0.0,93.4,7.0,0.0132,0
17.4,0.0,93.4,7.0,0.0132,0
17.4,0.0,93.4,7.0,0.0132,0
17.4,0.0,93.4,7.0,0.0132,0
17.4,0.0,93.4,7.0,0.0132,0
17.4,0.0,93.4,7.0,0.0132,0
17.4,0.0,93.4,7.0,0.0132,0
17.4,0.0,93.4,7.0,0.0132,0
17.4,0.0,93.4,7.0,0.0132,0
17.4,0.0,93.4,7.0,0.0132,0
17.4,0.0,93.4,7.0,0.0132,0
17.4,0.0,93.4,7.0,0.0132,0
17.4,0.0,93.4,7.0,0.0132,0
17.4,0.0,93.4,7.0,0.0132,0
17.4,0.0,93.4,7.0,0.0132,0
17.4,0.0,93.4,7.0,0.0132,0
17.4,0.0,93.4,7.0,0.0132,0
17.4,0.0,93.4,7.0,0.0132,0
17.4,0.0,93.4,7.0,0.0132,0
17.4,0.0,93.4,7.0,0.0132,0
17.4,0.0,93.4,7.0,0.0132,0
17.4,0.0,93.4,7.0,0.0132,0
17.4,0.0,93.4,7.0,0.0132,0
17.4,0.0,93.4,7.0,0.0132,0
17.4,0.0,93.4,7.0,0.0132,0
17.4,0.0,93.4,7.0,0.0132,0
17.4,0.0,93.4,7.0,0.0132,0
17.4,0.0,93.4,7.0,0.0132,0
17.4,0.0,93.4,7.0,0.0132,0
17.4,0.0,93.4,7.0,0.0132,0
17.4,0.0,93.4,7.0,0.0132,0
17.4,0.0,93.4,7.0,0.0132,0
17.4,0.0,93.4,7.0,0.0132,0
17.4,0.0,93.4,7.0,0.0132,0
17.4,0.0,93.4,7.0,0.0132,0
17.4,0.0,93.4,7.0,0.0132,0
17.7,0.0,93.4,7.0,0.0132,0
17.7,0.0,93.4,7.0,0.0132,0
17.7,0.0,93.4,7.0,0.0132,0
17.7,0.0,93.4,7.0,0.0132,0
17.7,0.0,93.4,7.0,0.0132,0
17.7,0.0,93.4,7.0,0.0132,0
17.7,0.0,93.4,7.0,0.0132,0
17.9,0.0,93.4,7.0,0.0132,0
17.9,0.0,93.4,7.0,0.0132,0
17.7,0.0,93.4,7.0,0.0132,0
17.7,0.0,93.4,7.0,0.0132,0
17.7,0.0,93.4,7.0,0.0132,0
17.7,0.0,93.4,7.0,0.0132,0
17.9,0.0,93.4,7.0,0.0132,0
17.9,0.0,93.4,7.0,0.0132,0
17.9,0.0,93.4,7.0,0.0132,0
19.6,0.0,62.7,7.0,0.3276,0
19.6,0.0,62.7,7.0,0.3276,0
19.6,0.0,62.7,7.0,0.3276,0
19.6,0.0,62.7,7.0,0.3276,0
20.6,0.0,76.9,7.0,0.3271,0
19.0,0.0,96.4,7.0,0.0734,0
19.0,0.0,96.4,7.0,0.0734,0
19.6,0.0,62.7,7.0,0.3276,0
20.8,0.0,62.2,7.0,0.0309,0
19.6,0.0,62.7,7.0,0.3276,0
20.8,0.0,62.2,7.0,0.0309,0
19.6,0.0,62.7,8.0,0.3276,0
19.6,0.0,62.7,8.0,0.3276,0
19.7,0.0,87.8,8.0,0.0959,0
19.7,0.0,87.8,8.0,0.0959,0
19.7,0.0,87.8,8.0,0.0959,0
19.7,0.0,87.8,8.0,0.0959,0
16.5,0.0,22.2,7.0,0.2636,0
18.2,0.0,96.4,7.0,0.0734,0
18.4,0.0,21.3,7.0,0.6833,1
18.4,0.0,21.3,7.0,0.6833,1
19.0,0.0,96.4,7.0,0.0734,0
14.4,0.0,96.4,7.0,0.0734,0
18.9,0.0,96.4,7.0,0.0734,0
15.4,0.0,21.3,7.0,0.6833,1
18.6,0.0,64.5,7.0,0.3913,0
18.4,0.0,21.3,7.0,0.7,0
18.4,0.0,21.3,7.0,0.6833,1
15.4,0.0,21.3,7.0,0.6833,1
18.4,0.0,21.3,7.0,0.7,0
19.2,0.0,64.5,7.0,0.3913,0
18.4,0.0,21.3,7.0,0.7,0
18.4,0.0,21.3,7.0,0.7,0
18.4,0.0,21.3,7.0,0.6833,1
18.4,0.0,21.3,7.0,0.7,0
18.4,0.0,21.3,7.0,0.7,0
18.4,0.0,21.3,7.0,0.6833,1
15.4,0.0,21.3,7.0,0.6833,1
18.4,0.0,21.3,7.0,0.6833,1
18.4,0.0,21.3,7.0,0.7,0
18.4,0.0,21.3,7.0,0.6833,1
18.4,0.0,21.3,7.0,0.7,0
18.4,0.0,21.3,7.0,0.6833,1
18.4,0.0,21.3,7.0,0.7,0
18.4,0.0,21.3,7.0,0.7,0
17.8,0.0,87.8,8.0,0.0822,1
14.2,0.0,90.8,7.0,0.1237,0
14.6,0.0,85.7,7.0,0.2636,0
18.4,0.0,85.7,7.0,0.2636,0
17.4,0.0,85.7,7.0,0.2636,0
15.3,0.0,85.7,7.0,0.2636,0
15.3,0.0,85.7,7.0,0.2636,0
17.0,0.0,85.7,7.0,0.2636,1
15.3,0.0,85.7,7.0,0.2636,0
15.3,0.0,85.7,7.0,0.2636,0
14.7,0.0,85.7,7.0,0.2636,0
17.4,0.0,85.7,7.0,0.2636,0
17.2,0.0,100.0,7.0,0.2636,0
17.2,0.0,100.0,7.0,0.2636,0
17.2,0.0,100.0,7.0,0.2636,0
12.1,0.0,71.4,7.0,0.4,1
13.8,0.0,7.7,7.0,0.2636,0
14.9,0.0,48.7,7.0,0.4248,0
19.1,0.0,64.5,7.0,0.3804,1
19.7,0.0,64.5,7.0,0.3913,0
19.2,0.0,64.5,7.0,0.3913,0
18.0,0.0,82.9,7.0,0.0588,0
17.2,0.0,50.0,7.0,0.122,0
17.2,0.0,50.0,7.0,0.122,0
19.7,0.0,50.0,7.0,0.122,0
19.7,0.0,50.0,7.0,0.122,0
12.8,0.0,82.9,7.0,0.0588,0
18.4,0.0,78.2,7.0,0.4074,0
12.6,0.0,97.2,7.0,0.014,1
19.7,0.0,50.0,7.0,0.122,0
17.9,0.0,67.6,7.0,0.0556,0
18.5,0.0,0.0,7.0,0.2636,1
18.6,0.0,0.0,7.0,0.2636,0
20.1,0.0,67.6,7.0,0.0556,0
17.9,0.0,69.1,7.0,0.1148,1
15.6,0.0,69.1,7.0,0.123,0
20.0,0.0,82.0,7.0,0.1705,0
20.0,0.0,82.0,7.0,0.1705,0
20.0,0.0,82.0,7.0,0.1705,0
20.0,0.0,82.0,7.0,0.1705,0
20.0,0.0,82.0,7.0,0.1705,0
20.0,0.0,82.0,7.0,0.1705,0
20.0,0.0,82.0,7.0,0.1705,0
20.0,0.0,82.0,7.0,0.1705,0
20.0,0.0,82.0,7.0,0.1705,0
17.9,0.0,69.1,7.0,0.123,0
20.0,0.0,82.0,7.0,0.1705,0
20.0,0.0,82.0,7.0,0.1705,0
15.2,0.0,69.1,7.0,0.123,0
20.0,0.0,82.0,7.0,0.1705,0
20.0,0.0,82.0,7.0,0.1705,0
20.0,0.0,82.0,7.0,0.1705,0
20.0,0.0,82.0,7.0,0.1705,0
20.0,0.0,82.0,7.0,0.1705,0
20.0,0.0,82.0,7.0,0.1705,0
20.0,0.0,82.0,7.0,0.1705,0
20.0,0.0,82.0,7.0,0.1705,0
16.1,0.0,96.3,7.0,0.0377,0
20.0,0.0,82.0,7.0,0.1705,0
20.0,0.0,82.0,7.0,0.1705,0
20.0,0.0,82.0,7.0,0.1705,0
20.0,0.0,82.0,7.0,0.1705,0
20.0,0.0,82.0,7.0,0.1705,0
20.0,0.0,82.0,7.0,0.1705,0
20.0,0.0,82.0,7.0,0.1705,0
20.0,0.0,82.0,7.0,0.1705,0
20.0,0.0,82.0,7.0,0.1705,0
20.0,0.0,82.0,7.0,0.1705,0
20.0,0.0,82.0,7.0,0.1705,0
20.0,0.0,82.0,7.0,0.1705,0
20.0,0.0,82.0,7.0,0.1705,0
16.1,0.0,96.3,7.0,0.0377,0
16.1,0.0,96.3,7.0,0.0377,0
16.1,0.0,96.3,7.0,0.0377,0
16.1,0.0,96.3,7.0,0.0377,0
20.0,0.0,82.0,7.0,0.1705,0
20.0,0.0,82.0,7.0,0.1705,0
16.1,0.0,96.3,7.0,0.0377,0
16.1,0.0,96.3,7.0,0.0377,0
20.0,0.0,82.0,7.0,0.1705,0
20.0,0.0,82.0,7.0,0.1705,0
20.0,0.0,82.0,7.0,0.1705,0
20.0,0.0,82.0,7.0,0.1705,0
16.1,0.0,96.3,7.0,0.0377,0
16.1,0.0,96.3,7.0,0.0377,0
16.1,0.0,96.3,7.0,0.0377,0
16.1,0.0,96.3,7.0,0.0377,0
20.0,0.0,82.0,7.0,0.1705,0
20.0,0.0,82.0,7.0,0.1705,0
20.0,0.0,82.0,7.0,0.1705,0
20.0,0.0,82.0,7.0,0.1705,0
20.0,0.0,82.0,7.0,0.1705,0
20.0,0.0,82.0,7.0,0.1705,0
16.1,0.0,96.3,7.0,0.0377,0
20.0,0.0,82.0,7.0,0.1705,0
20.0,0.0,82.0,7.0,0.1705,0
20.0,0.0,82.0,7.0,0.1705,0
20.0,0.0,82.0,7.0,0.1705,0
20.0,0.0,82.0,7.0,0.1705,0
16.1,0.0,96.3,7.0,0.0377,0
16.5,0.0,48.7,7.0,0.4183,1
17.4,0.0,48.7,7.0,0.4248,0
18.9,0.0,96.4,7.0,0.0734,0
13.3,0.0,48.7,7.0,0.4183,1
13.3,0.0,48.7,7.0,0.4183,1
13.3,0.0,48.7,7.0,0.4183,1
17.8,0.0,48.7,7.0,0.4183,1
17.8,0.0,48.7,7.0,0.4183,1
17.8,0.0,48.7,7.0,0.4183,1
20.4,0.0,37.8,7.0,0.5085,0
17.8,0.0,48.7,7.0,0.4183,1
17.8,0.0,48.7,7.0,0.4183,1
18.4,0.0,96.4,7.0,0.0642,1
19.0,0.0,96.4,7.0,0.0642,1
14.4,0.0,96.4,7.0,0.0734,0
19.0,0.0,96.4,7.0,0.0734,0
18.9,0.0,96.4,7.0,0.0734,0
19.0,0.0,96.4,7.0,0.0734,0
18.9,0.0,96.4,7.0,0.0734,0
13.6,0.0,69.1,8.0,0.1148,1
17.1,0.0,69.1,7.0,0.123,0
14.9,0.0,69.1,7.0,0.123,0
15.6,0.0,69.1,7.0,0.123,0
20.8,0.0,86.1,7.0,0.2286,0
20.0,0.0,70.4,7.0,0.2636,0
18.1,0.0,69.1,7.0,0.123,0
19.6,0.0,75.8,7.0,0.7077,0
19.6,0.0,75.8,7.0,0.7077,0
19.6,0.0,75.8,7.0,0.7077,0
19.6,0.0,75.8,7.0,0.7077,0
19.6,0.0,75.8,7.0,0.7077,0
19.6,0.0,75.8,7.0,0.7077,0
19.6,0.0,75.8,7.0,0.7077,0
19.6,0.0,75.8,7.0,0.6923,1
19.6,0.0,75.8,7.0,0.6923,1
19.6,0.0,75.8,7.0,0.6923,1
19.6,0.0,75.8,7.0,0.6923,1
19.6,0.0,75.8,7.0,0.6923,1
19.6,0.0,75.8,7.0,0.6923,1
18.1,0.0,69.1,7.0,0.1148,1
12.5,0.0,48.7,7.0,0.4183,1
17.9,0.0,69.1,7.0,0.1148,1
19.7,0.0,70.2,7.0,0.2611,0
18.1,0.0,69.1,7.0,0.123,0
12.6,0.0,48.7,7.0,0.4183,1
17.0,0.0,0.0,9.0,0.2636,1
17.8,0.0,48.7,7.0,0.4248,0
13.3,0.0,48.7,7.0,0.4248,0
16.8,0.0,84.9,7.0,0.1154,0
16.9,0.0,90.0,7.0,0.2636,0
16.9,0.0,90.0,7.0,0.2636,0
16.9,0.0,90.0,7.0,0.2636,0
16.9,0.0,90.0,7.0,0.2636,0
16.9,0.0,90.0,7.0,0.2636,0
16.9,0.0,90.0,7.0,0.2636,0
14.2,0.0,84.9,7.0,0.1154,0
16.1,0.0,100.0,7.0,0.2636,0
16.1,0.0,73.7,7.0,0.2636,0
15.0,0.0,58.7,7.0,0.3756,0
15.0,0.0,58.7,7.0,0.3756,0
16.1,0.0,73.7,7.0,0.2636,0
15.0,0.0,58.7,7.0,0.3756,0
16.9,0.0,90.0,7.0,0.2636,0
16.9,0.0,90.0,7.0,0.2636,0
16.9,0.0,90.0,7.0,0.2636,0
16.9,0.0,90.0,7.0,0.2636,0
16.9,0.0,90.0,7.0,0.2636,0
16.9,0.0,90.0,7.0,0.2636,0
16.9,0.0,90.0,7.0,0.2636,0
18.9,0.0,86.7,7.0,0.2636,0
18.9,1.0,97.0,7.0,0.1018,0
19.5,0.0,97.0,7.0,0.1018,0
19.2,0.0,97.0,7.0,0.1018,0
18.9,0.0,96.4,7.0,0.0734,0
18.9,0.0,96.4,7.0,0.0734,0
18.4,0.0,96.4,7.0,0.0734,0
18.4,0.0,96.4,7.0,0.0734,0
16.7,0.0,84.9,7.0,0.1154,0
19.0,0.0,96.4,7.0,0.0734,0
17.2,0.0,99.7,7.0,0.0094,0
17.2,0.0,99.7,7.0,0.0094,0
17.2,0.0,99.7,7.0,0.0094,0
15.6,0.0,84.9,7.0,0.1154,0
17.2,0.0,99.7,7.0,0.0094,0
16.8,0.0,84.9,7.0,0.1154,0
17.2,0.0,99.7,7.0,0.0094,0
18.1,0.0,69.1,7.0,0.123,0
17.2,0.0,99.7,7.0,0.0094,0
17.2,0.0,99.7,7.0,0.0094,0
17.2,0.0,99.7,7.0,0.0094,0
17.2,0.0,99.7,7.0,0.0094,0
17.2,0.0,99.7,7.0,0.0094,0
17.2,0.0,99.7,7.0,0.0094,0
17.2,0.0,99.7,7.0,0.0094,0
15.2,0.0,91.6,7.0,0.0588,0
17.2,0.0,99.7,7.0,0.0094,0
15.2,0.0,91.6,7.0,0.0588,0
17.2,0.0,99.7,7.0,0.0094,0
17.2,0.0,99.7,7.0,0.0094,0
17.2,0.0,99.7,7.0,0.0094,0
19.3,0.0,90.6,7.0,0.0296,0
17.4,0.0,90.0,7.0,0.1628,0
15.4,0.0,90.0,7.0,0.1628,0
18.1,0.0,90.0,7.0,0.1628,0
17.9,0.0,90.0,7.0,0.1628,0
17.4,0.0,90.0,7.0,0.1628,0
14.1,0.0,91.6,7.0,0.0588,0
17.2,0.0,99.7,7.0,0.0094,0
19.3,0.0,90.6,7.0,0.0296,0
20.2,0.0,90.6,7.0,0.0296,0
16.7,0.0,90.6,7.0,0.0296,0
19.3,0.0,90.6,7.0,0.0296,0
16.8,0.0,90.6,7.0,0.0296,0
19.9,0.0,90.6,7.0,0.0237,1
19.9,0.0,90.6,7.0,0.0296,0
19.3,0.0,90.6,7.0,0.0296,0
19.4,0.0,90.6,7.0,0.0296,0
17.2,0.0,53.0,7.0,0.2105,0
17.2,0.0,53.0,7.0,0.2105,0
20.1,0.0,53.0,7.0,0.2105,0
19.6,0.0,59.7,7.0,0.4789,0
13.9,0.0,86.7,7.0,0.2636,0
18.1,0.0,9.1,7.0,0.1231,1
18.7,0.0,25.0,7.0,0.2636,0
18.1,0.0,9.1,7.0,0.1231,1
18.1,0.0,9.1,7.0,0.1231,1
18.1,0.0,9.1,7.0,0.1231,1
18.1,0.0,9.1,7.0,0.1231,1
18.1,0.0,9.1,7.0,0.1231,1
18.1,0.0,9.1,7.0,0.1231,1
19.8,0.0,37.8,7.0,0.5085,0
19.9,0.0,37.8,7.0,0.5,1
18.9,0.0,90.6,7.0,0.0296,0
14.5,0.0,77.3,7.0,0.2636,1
19.9,0.0,90.6,7.0,0.0237,1
18.0,0.0,90.6,7.0,0.0296,0
14.1,0.0,98.2,7.0,0.0228,0
16.1,0.0,90.6,7.0,0.0296,0
18.0,0.0,90.6,7.0,0.0296,0
19.2,0.0,13.7,7.0,0.1099,0
19.3,0.0,90.6,7.0,0.0296,0
19.5,0.0,86.7,7.0,0.2636,0
19.9,0.0,90.6,7.0,0.0296,0
20.6,0.0,76.9,7.0,0.3271,0
19.9,0.0,90.6,7.0,0.0296,0
19.9,0.0,90.6,7.0,0.0296,0
19.9,0.0,90.6,7.0,0.0296,0
19.9,0.0,90.6,7.0,0.0296,0
18.9,0.0,86.7,7.0,0.2636,0
19.9,0.0,90.6,7.0,0.0296,0
12.3,0.0,40.0,7.0,0.4684,0
15.4,0.0,58.7,7.0,0.3756,0
12.3,0.0,40.0,7.0,0.4684,0
15.9,0.0,58.7,7.0,0.3756,0
15.9,0.0,58.7,7.0,0.3756,0
15.4,0.0,58.7,7.0,0.3756,0
15.4,0.0,58.7,7.0,0.3756,0
20.6,0.0,72.0,7.0,0.2636,0
20.6,0.0,72.0,7.0,0.2636,0
20.6,0.0,72.0,7.0,0.2636,0
15.9,0.0,58.7,7.0,0.3756,0
15.0,0.0,58.7,7.0,0.3707,1
18.1,0.0,41.7,7.0,0.2636,1
18.1,0.0,41.7,7.0,0.2636,0
14.7,0.0,79.3,7.0,0.2636,1
14.7,0.0,79.3,7.0,0.2636,1
19.0,0.0,79.3,7.0,0.2636,0
19.0,0.0,79.3,7.0,0.2636,0
19.0,0.0,79.3,7.0,0.2636,0
19.0,0.0,79.3,7.0,0.2636,0
19.0,0.0,79.3,7.0,0.2636,0
18.4,0.0,96.4,7.0,0.0734,0
18.9,0.0,86.7,7.0,0.2636,0
18.9,0.0,86.7,7.0,0.2636,0
19.5,0.0,86.7,7.0,0.2636,0
19.0,0.0,96.4,7.0,0.0642,1
16.1,0.0,73.7,7.0,0.2636,0
18.9,0.0,96.4,7.0,0.0734,0
19.0,0.0,96.4,7.0,0.0642,1
19.0,0.0,96.4,7.0,0.0734,0
15.3,0.0,58.7,7.0,0.3707,1
15.4,0.0,58.7,7.0,0.3756,0
15.4,0.0,58.7,7.0,0.3756,0
15.3,0.0,58.7,7.0,0.3707,1
15.4,0.0,58.7,7.0,0.3707,1
15.4,0.0,58.7,7.0,0.3756,0
12.6,0.0,53.2,7.0,0.0984,0
12.6,0.0,53.2,7.0,0.0984,0
12.8,0.0,53.2,7.0,0.0984,0
15.4,0.0,58.7,7.0,0.3756,0
12.6,0.0,53.2,7.0,0.0984,0
15.3,0.0,58.7,7.0,0.3707,1
12.6,0.0,53.2,7.0,0.0984,0
15.3,0.0,58.7,7.0,0.3756,0
12.8,0.0,53.2,7.0,0.0984,0
15.3,0.0,58.7,7.0,0.3756,0
15.4,0.0,58.7,7.0,0.3756,0
12.6,0.0,53.2,7.0,0.0984,0
15.4,0.0,58.7,7.0,0.3756,0
15.4,0.0,58.7,7.0,0.3756,0
14.5,0.0,53.2,8.0,0.0984,0
15.4,0.0,58.7,7.0,0.3756,0
15.4,0.0,58.7,7.0,0.3707,1
17.4,0.0,58.7,7.0,0.3756,0
15.4,0.0,58.7,7.0,0.3756,0
15.4,0.0,58.7,7.0,0.3756,0
15.3,0.0,58.7,7.0,0.3707,1
15.3,0.0,58.7,7.0,0.3707,1
14.5,0.0,53.2,8.0,0.0984,0
15.3,0.0,58.7,7.0,0.3707,1
15.3,0.0,58.7,7.0,0.3707,1
15.4,0.0,58.7,7.0,0.3756,0
19.9,0.0,76.9,7.0,0.7163,0
19.9,0.0,76.9,7.0,0.7163,0
19.9,0.0,76.9,7.0,0.7163,0
13.5,0.0,53.2,8.0,0.0984,0
15.0,0.0,58.7,7.0,0.3707,1
15.4,0.0,58.7,7.0,0.3756,0
15.4,0.0,58.7,7.0,0.3756,0
19.9,0.0,76.9,7.0,0.7163,0
19.9,0.0,76.9,7.0,0.7163,0
15.4,0.0,58.7,7.0,0.3756,0
15.4,0.0,58.7,7.0,0.3756,0
15.4,0.0,58.7,7.0,0.3756,0
15.4,0.0,58.7,7.0,0.3756,0
15.4,0.0,58.7,7.0,0.3756,0
15.4,0.0,58.7,7.0,0.3756,0
15.4,0.0,58.7,7.0,0.3756,0
17.0,0.0,58.7,7.0,0.3756,0
15.4,0.0,58.7,7.0,0.3756,0
19.9,0.0,76.9,7.0,0.7163,0
19.9,0.0,76.9,7.0,0.7163,0
19.9,0.0,76.9,7.0,0.7163,0
19.9,0.0,76.9,7.0,0.7163,0
19.9,0.0,76.9,7.0,0.7163,0
19.9,0.0,76.9,7.0,0.7163,0
14.5,0.0,93.3,7.0,0.2636,0
19.9,0.0,76.9,7.0,0.7163,0
19.9,0.0,76.9,7.0,0.7163,0
19.9,0.0,76.9,7.0,0.7163,0
19.9,0.0,76.9,7.0,0.7163,0
19.9,0.0,76.9,7.0,0.7163,0
19.9,0.0,76.9,7.0,0.7163,0
19.9,0.0,76.9,7.0,0.7163,0
19.9,0.0,76.9,7.0,0.7163,0
19.9,0.0,76.9,7.0,0.7163,0
19.9,0.0,76.9,7.0,0.7163,0
19.9,0.0,76.9,7.0,0.7163,0
19.9,0.0,76.9,7.0,0.7163,0
19.9,0.0,76.9,7.0,0.7163,0
19.9,0.0,76.9,7.0,0.7163,0
19.9,0.0,76.9,7.0,0.7163,0
19.9,0.0,76.9,7.0,0.7163,0
19.9,0.0,76.9,7.0,0.7163,0
19.9,0.0,76.9,7.0,0.7163,0
19.9,0.0,76.9,7.0,0.7163,0
19.9,0.0,76.9,7.0,0.7163,0
17.2,0.0,99.7,7.0,0.0094,0
19.5,0.0,86.7,7.0,0.2636,0
16.5,0.0,98.2,7.0,0.0228,0
19.5,0.0,86.7,7.0,0.2636,0
14.9,0.0,93.1,7.0,0.2636,0
18.4,0.0,96.4,7.0,0.0734,0
17.2,0.0,99.7,7.0,0.0094,0
17.2,0.0,99.7,7.0,0.0094,0
20.0,0.0,98.2,7.0,0.0228,0
19.0,0.0,96.4,7.0,0.0734,0
17.2,0.0,99.7,7.0,0.0094,0
15.1,0.0,100.0,7.0,0.2636,1
19.0,0.0,96.4,7.0,0.0734,0
17.2,0.0,99.7,7.0,0.0094,0
17.2,0.0,99.7,7.0,0.0094,0
20.0,0.0,98.2,7.0,0.0228,0
17.2,0.0,99.7,7.0,0.0094,0
17.2,0.0,99.7,7.0,0.0094,0
18.9,0.0,86.7,7.0,0.2636,1
17.2,0.0,99.7,7.0,0.0094,0
17.2,0.0,99.7,7.0,0.0094,0
16.5,0.0,27.1,7.0,0.7021,0
17.2,0.0,99.7,7.0,0.0094,0
17.2,0.0,99.7,7.0,0.0094,0
17.2,0.0,99.7,7.0,0.0094,0
17.2,0.0,99.7,7.0,0.0094,0
17.8,0.0,48.7,7.0,0.4183,1
14.6,0.0,27.1,7.0,0.6809,1
13.3,0.0,48.7,7.0,0.4183,1
17.0,0.0,98.2,7.0,0.0228,0
17.2,0.0,99.7,7.0,0.0094,0
17.2,0.0,99.7,7.0,0.0094,0
17.2,0.0,99.7,7.0,0.0094,0
19.5,0.0,86.7,7.0,0.2636,1
17.2,0.0,99.7,7.0,0.0094,0
17.2,0.0,99.7,7.0,0.0094,0
17.2,0.0,99.7,7.0,0.0094,0
17.2,0.0,99.7,7.0,0.0094,0
20.4,0.0,57.9,7.0,0.4107,1
17.2,0.0,99.7,7.0,0.0094,0
17.2,0.0,99.7,7.0,0.0094,0
12.6,0.0,98.2,7.0,0.0183,1
20.3,0.0,100.0,7.0,0.2636,0
16.2,0.0,98.2,7.0,0.0228,0
20.3,0.0,100.0,7.0,0.2636,0
17.2,0.0,99.7,7.0,0.0094,0
12.6,0.0,98.2,7.0,0.0228,0
17.2,0.0,99.7,7.0,0.0094,0
17.2,0.0,99.7,7.0,0.0094,0
19.4,0.0,98.2,7.0,0.0228,0
17.2,0.0,99.7,7.0,0.0094,0
17.2,0.0,58.7,7.0,0.3756,0
17.2,0.0,58.7,7.0,0.3756,0
17.2,0.0,58.7,7.0,0.3756,0
17.2,0.0,58.7,7.0,0.3756,0
17.0,0.0,58.7,7.0,0.3756,0
17.0,0.0,58.7,7.0,0.3756,0
15.0,0.0,58.7,7.0,0.3707,1
16.1,0.0,73.7,7.0,0.2636,0
16.1,0.0,73.7,7.0,0.2636,0
17.2,0.0,99.7,7.0,0.0094,0
16.1,0.0,73.7,7.0,0.2636,1
17.2,0.0,99.7,7.0,0.0094,0
20.3,0.0,100.0,7.0,0.2636,0
17.2,0.0,99.7,7.0,0.0094,0
17.2,0.0,99.7,7.0,0.0094,0
17.2,0.0,99.7,7.0,0.0094,0
15.4,0.0,58.7,7.0,0.3756,0
15.4,0.0,58.7,7.0,0.3756,0
15.4,0.0,58.7,7.0,0.3756,0
15.4,0.0,58.7,7.0,0.3756,0
15.3,0.0,58.7,7.0,0.3707,1
17.2,0.0,99.7,7.0,0.0094,0
17.2,0.0,99.7,7.0,0.0094,0
17.2,0.0,99.7,7.0,0.0094,0
17.2,0.0,99.7,7.0,0.0094,0
17.2,0.0,99.7,7.0,0.0094,0
17.2,0.0,99.7,7.0,0.0094,0
19.1,0.0,75.8,7.0,0.2622,0
19.1,0.0,75.8,7.0,0.2622,0
16.2,0.0,75.8,7.0,0.2622,0
17.2,0.0,75.8,7.0,0.2622,0
15.0,0.0,58.7,7.0,0.3707,1
15.3,0.0,58.7,7.0,0.3707,1
15.3,0.0,58.7,7.0,0.3707,1
17.2,0.0,99.7,7.0,0.0094,0
17.2,0.0,99.7,7.0,0.0094,0
17.2,0.0,99.7,7.0,0.0094,0
17.2,0.0,99.7,7.0,0.0094,0
17.2,0.0,99.7,7.0,0.0094,0
17.0,0.0,82.0,7.0,0.2245,0
17.0,0.0,82.0,7.0,0.2245,0
17.0,0.0,82.0,7.0,0.2245,0
17.0,0.0,82.0,7.0,0.2245,0
17.0,0.0,82.0,7.0,0.2245,0
17.0,0.0,82.0,7.0,0.2245,0
17.0,0.0,82.0,7.0,0.2245,0
17.0,0.0,82.0,7.0,0.2245,0
19.2,0.0,82.0,8.0,0.2245,0
19.2,0.0,82.0,7.0,0.2041,1
19.2,0.0,82.0,8.0,0.2245,0
19.0,0.0,96.4,7.0,0.0734,0
19.0,0.0,96.4,7.0,0.0734,0
19.0,0.0,96.4,7.0,0.0734,0
19.0,0.0,96.4,7.0,0.0734,0
19.0,0.0,96.4,7.0,0.0734,0
17.4,0.0,86.7,7.0,0.2636,0
17.3,0.0,58.7,7.0,0.3756,0
17.3,0.0,58.7,7.0,0.3756,0
17.3,0.0,58.7,7.0,0.3756,0
17.4,0.0,58.7,7.0,0.3756,0
17.4,0.0,58.7,7.0,0.3756,0
17.4,0.0,58.7,7.0,0.3756,0
17.4,0.0,58.7,7.0,0.3756,0
17.3,0.0,58.7,7.0,0.3756,0
17.2,0.0,99.7,7.0,0.0094,0
17.2,0.0,99.7,7.0,0.0094,0
15.3,0.0,58.7,7.0,0.3707,1
14.9,0.0,58.7,7.0,0.3707,1
17.0,0.0,58.7,7.0,0.3756,0
17.2,0.0,99.7,7.0,0.0094,0
17.2,0.0,99.7,7.0,0.0094,0
21.0,0.0,98.8,7.0,0.0,0
17.2,0.0,99.7,7.0,0.0094,0
16.1,0.0,73.7,7.0,0.2636,0
16.1,0.0,73.7,7.0,0.2636,0
17.2,0.0,99.7,7.0,0.0094,0
19.6,0.0,70.4,7.0,0.2642,0
19.6,0.0,70.4,7.0,0.2642,0
19.6,0.0,70.4,7.0,0.2642,0
17.2,0.0,99.7,7.0,0.0094,0
17.2,0.0,99.7,7.0,0.0094,0
17.2,0.0,99.7,7.0,0.0094,0
17.2,0.0,99.7,7.0,0.0094,0
17.2,0.0,99.7,7.0,0.0094,0
17.2,0.0,99.7,7.0,0.0094,0
17.2,0.0,99.7,7.0,0.0094,0
17.2,0.0,99.7,7.0,0.0094,0
17.2,0.0,99.7,7.0,0.0094,0
15.0,0.0,58.7,7.0,0.3756,0
15.4,0.0,58.7,7.0,0.3756,0
15.4,0.0,58.7,7.0,0.3756,0
19.2,0.0,96.5,7.0,0.0235,0
15.0,0.0,58.7,7.0,0.3756,0
15.0,0.0,58.7,7.0,0.3756,0
15.0,0.0,58.7,7.0,0.3756,0
15.0,0.0,58.7,7.0,0.3707,1
15.0,0.0,58.7,7.0,0.3707,1
15.0,0.0,58.7,7.0,0.3707,1
15.0,0.0,58.7,7.0,0.3756,0
15.0,0.0,58.7,7.0,0.3756,0
15.0,0.0,58.7,7.0,0.3756,0
19.2,0.0,85.7,7.0,0.1441,0
19.2,0.0,85.7,7.0,0.1441,0
19.2,0.0,85.7,7.0,0.1441,0
19.2,0.0,85.7,7.0,0.1441,0
15.8,0.0,93.1,7.0,0.2636,0
15.8,0.0,93.1,7.0,0.2636,0
19.9,0.0,76.9,7.0,0.7163,0
19.9,0.0,76.9,7.0,0.7163,0
19.9,0.0,76.9,7.0,0.7163,0
19.9,0.0,76.9,7.0,0.7163,0
19.9,0.0,76.9,7.0,0.7163,0
18.2,0.0,69.0,7.0,0.2195,0
19.9,0.0,76.9,7.0,0.7163,0
18.2,0.0,69.0,7.0,0.2195,0
18.2,0.0,69.0,7.0,0.1951,1
19.9,0.0,76.9,7.0,0.7163,0
15.0,0.0,69.0,7.0,0.2195,0
19.9,0.0,76.9,7.0,0.7163,0
19.9,0.0,76.9,7.0,0.7163,0
18.2,0.0,69.0,7.0,0.2195,0
19.9,0.0,76.9,7.0,0.7163,0
18.2,0.0,69.0,7.0,0.2195,0
19.9,0.0,76.9,7.0,0.7163,0
18.2,0.0,69.0,7.0,0.2195,0
18.7,0.0,27.3,7.0,0.6875,1
18.6,0.0,27.3,7.0,0.6875,1
18.1,0.0,27.3,7.0,0.6937,0
18.1,0.0,27.3,7.0,0.6875,1
18.1,0.0,27.3,7.0,0.6875,1
18.1,0.0,27.3,7.0,0.6875,1
18.1,0.0,27.3,7.0,0.6937,0
19.9,0.0,76.9,7.0,0.7163,0
19.9,0.0,76.9,7.0,0.7163,0
18.2,0.0,69.0,7.0,0.2195,0
18.2,0.0,69.0,7.0,0.2195,0
12.6,0.0,53.2,7.0,0.0984,0
14.5,0.0,53.2,7.0,0.0984,0
18.1,0.0,27.3,7.0,0.6937,0
14.5,0.0,53.2,7.0,0.0984,0
13.3,0.0,53.2,8.0,0.0984,0
14.5,0.0,53.2,7.0,0.082,1
14.5,0.0,53.2,7.0,0.0984,0
14.4,0.0,53.2,7.0,0.0984,0
18.1,0.0,27.3,7.0,0.6937,0
14.5,0.0,53.2,7.0,0.0984,0
14.5,0.0,53.2,7.0,0.0984,0
18.1,0.0,27.3,7.0,0.6937,0
18.1,0.0,27.3,7.0,0.6937,0
20.2,0.0,78.8,7.0,0.3038,1
19.6,0.0,33.3,7.0,0.2636,0
19.7,0.0,78.8,7.0,0.3038,1
19.8,0.0,78.8,7.0,0.3038,1
19.2,0.0,64.5,7.0,0.3913,0
19.2,0.0,64.5,7.0,0.3913,0
19.2,0.0,64.5,7.0,0.3913,0
19.2,0.0,64.5,7.0,0.3913,0
19.2,0.0,64.5,7.0,0.3804,1
19.2,0.0,64.5,7.0,0.3804,1
15.1,0.0,64.3,7.0,0.2636,0
21.0,0.0,98.8,7.0,0.0,0
20.3,0.0,65.2,7.0,0.2636,0
12.8,0.0,64.3,7.0,0.2636,0
15.1,0.0,64.3,7.0,0.2636,0
20.3,0.0,65.2,7.0,0.2636,0
18.6,0.0,65.2,7.0,0.2636,1
18.6,0.0,65.2,7.0,0.2636,1
18.1,0.0,64.3,7.0,0.2636,0
18.1,0.0,64.3,7.0,0.2636,0
15.1,0.0,64.3,7.0,0.2636,0
15.3,0.0,64.3,7.0,0.2636,0
18.5,0.0,86.2,7.0,0.3069,0
18.5,0.0,86.2,7.0,0.3069,0
14.8,0.0,64.3,7.0,0.2636,0
15.1,0.0,64.4,7.0,0.3483,0
15.7,0.0,40.0,7.0,0.2636,0
18.1,0.0,90.0,7.0,0.1628,0
18.1,0.0,90.0,7.0,0.1628,0
17.6,0.0,86.2,7.0,0.3069,0
12.6,0.0,53.2,7.0,0.0984,0
20.0,0.0,86.2,7.0,0.3069,0
20.0,0.0,86.2,7.0,0.302,1
19.5,0.0,86.2,7.0,0.302,1
20.0,0.0,86.2,7.0,0.302,1
20.0,0.0,86.2,7.0,0.302,1
20.0,0.0,86.2,7.0,0.302,1
18.1,0.0,27.3,7.0,0.6875,1
15.0,0.0,58.7,7.0,0.3756,0
15.0,0.0,58.7,7.0,0.3756,0
15.0,0.0,58.7,7.0,0.3756,0
15.0,0.0,58.7,7.0,0.3756,0
15.3,0.0,58.7,7.0,0.3756,0
15.3,0.0,58.7,7.0,0.3756,0
15.3,0.0,58.7,7.0,0.3756,0
15.3,0.0,58.7,7.0,0.3756,0
15.3,0.0,58.7,7.0,0.3756,0
18.1,0.0,27.3,7.0,0.6937,0
20.9,0.0,93.2,9.0,0.0603,0
18.1,0.0,27.3,7.0,0.6875,1
18.4,0.0,27.3,7.0,0.6875,1
18.4,0.0,27.3,7.0,0.6937,0
18.7,0.0,100.0,7.0,0.1,0
18.4,0.0,27.3,7.0,0.6937,0
18.7,0.0,100.0,7.0,0.0909,1
14.4,0.0,53.2,7.0,0.0984,0
14.4,0.0,53.2,7.0,0.0984,0
14.4,0.0,53.2,7.0,0.082,1
14.4,0.0,53.2,7.0,0.082,1
14.4,0.0,53.2,7.0,0.0984,0
14.5,0.0,53.2,7.0,0.082,1
14.5,0.0,53.2,7.0,0.0984,0
14.4,0.0,53.2,7.0,0.082,1
18.4,0.0,27.3,7.0,0.6937,0
20.0,0.0,82.0,7.0,0.1705,0
20.0,0.0,82.0,7.0,0.1705,0
20.0,0.0,82.0,7.0,0.1705,0
18.4,0.0,27.3,7.0,0.6937,0
18.4,0.0,27.3,7.0,0.6937,0
17.6,0.0,59.5,7.0,0.3902,0
18.4,0.0,27.3,7.0,0.6937,0
18.1,0.0,27.3,7.0,0.6937,0
18.1,0.0,27.3,7.0,0.6937,0
18.1,0.0,27.3,7.0,0.6937,0
18.1,0.0,27.3,7.0,0.6875,1
20.3,0.0,56.2,7.0,0.2636,1
18.1,0.0,27.3,7.0,0.6937,0
13.1,0.0,53.2,7.0,0.0984,0
13.1,0.0,53.2,7.0,0.0984,0
13.1,0.0,53.2,7.0,0.0984,0
14.5,0.0,53.2,7.0,0.0984,0
13.1,0.0,53.2,7.0,0.0984,0
14.4,0.0,53.2,7.0,0.0984,0
16.3,0.0,80.0,7.0,0.1351,0
13.0,0.0,29.2,7.0,0.6071,1
13.9,0.0,29.2,7.0,0.6161,0
17.0,0.0,29.2,7.0,0.6161,0
17.0,0.0,29.2,7.0,0.6161,0
18.6,0.0,40.0,7.0,0.2636,0
18.6,0.0,40.0,7.0,0.2636,0
13.5,0.0,40.0,7.0,0.2636,1
18.9,0.0,40.0,7.0,0.2636,0
18.1,0.0,27.3,7.0,0.6937,0
17.4,0.0,80.0,7.0,0.1351,0
17.0,0.0,27.3,7.0,0.6875,1
19.2,0.0,64.5,7.0,0.3804,1
19.2,0.0,64.5,7.0,0.3804,1
13.0,0.0,100.0,7.0,0.2636,0
15.6,0.0,97.5,7.0,0.019,0
13.0,0.0,100.0,7.0,0.2636,0
13.7,0.0,78.3,7.0,0.0889,1
16.5,0.0,78.3,7.0,0.1111,0
16.5,0.0,78.3,7.0,0.1111,0
16.9,0.0,78.3,7.0,0.1111,0
16.9,0.0,78.3,7.0,0.1111,0
16.5,0.0,78.3,7.0,0.1111,0
16.5,0.0,78.3,7.0,0.1111,0
16.7,0.0,78.3,7.0,0.1111,0
16.0,0.0,78.3,7.0,0.1111,0
16.2,0.0,100.0,7.0,0.2636,0
18.8,0.0,91.8,7.0,0.0417,0
19.2,0.0,64.5,7.0,0.3804,1
13.0,0.0,100.0,7.0,0.2636,0
19.2,0.0,64.5,7.0,0.3804,1
13.0,0.0,100.0,7.0,0.2636,0
19.2,0.0,64.5,7.0,0.3804,1
19.0,0.0,91.8,7.0,0.0417,0
19.2,0.0,64.5,7.0,0.3804,1
13.0,0.0,100.0,7.0,0.2636,0
19.0,0.0,91.8,7.0,0.0417,0
13.0,0.0,100.0,7.0,0.2636,0
13.0,0.0,100.0,7.0,0.2636,0
13.0,0.0,100.0,7.0,0.2636,0
16.4,0.0,91.8,7.0,0.0417,0
18.9,0.0,91.8,7.0,0.0417,0
18.9,0.0,91.8,7.0,0.0417,0
16.4,0.0,91.8,7.0,0.0417,0
18.9,0.0,91.8,7.0,0.0417,0
19.9,0.0,76.9,7.0,0.7163,0
19.9,0.0,76.9,7.0,0.7163,0
19.9,0.0,76.9,7.0,0.7163,0
17.9,0.0,27.3,7.0,0.6875,1
17.9,0.0,27.3,7.0,0.6875,1
17.9,0.0,27.3,7.0,0.6875,1
17.9,0.0,27.3,7.0,0.6875,1
17.9,0.0,27.3,7.0,0.6875,1
17.9,0.0,27.3,7.0,0.6875,1
17.9,0.0,27.3,7.0,0.6875,1
17.9,0.0,27.3,7.0,0.6875,1
17.9,0.0,27.3,7.0,0.6875,1
17.9,0.0,27.3,7.0,0.6875,1
17.9,0.0,27.3,7.0,0.6875,1
17.9,0.0,27.3,7.0,0.6875,1
18.4,0.0,27.3,7.0,0.6937,0
18.9,0.0,78.3,7.0,0.1111,0
18.9,0.0,78.3,7.0,0.1111,0
18.9,0.0,78.3,7.0,0.1111,0
18.9,0.0,78.3,7.0,0.1111,0
18.9,0.0,78.3,7.0,0.1111,0
18.9,0.0,78.3,7.0,0.1111,0
18.9,0.0,78.3,7.0,0.1111,0
18.9,0.0,78.3,7.0,0.1111,0
20.7,0.0,92.3,7.0,0.2636,0
20.0,0.0,92.3,7.0,0.2636,0
20.4,0.0,92.3,7.0,0.2636,0
18.4,0.0,27.3,7.0,0.6937,0
19.2,0.0,64.5,7.0,0.3804,1
19.2,0.0,64.5,7.0,0.3804,1
19.2,0.0,64.5,7.0,0.3804,1
19.2,0.0,64.5,7.0,0.3804,1
19.2,0.0,64.5,7.0,0.3804,1
17.5,0.0,71.1,7.0,0.8409,1
17.5,0.0,71.1,7.0,0.8409,1
17.5,0.0,71.1,7.0,0.8409,1
17.5,0.0,71.1,7.0,0.8409,1
17.5,0.0,71.1,7.0,0.8409,1
17.5,0.0,71.1,7.0,0.8409,1
17.5,0.0,71.1,7.0,0.8409,1
17.5,0.0,71.1,7.0,0.8409,1
17.5,0.0,71.1,7.0,0.8409,1
17.5,0.0,71.1,7.0,0.8409,1
17.5,0.0,71.1,7.0,0.8409,1
17.5,0.0,71.1,7.0,0.8409,1
17.5,0.0,71.1,7.0,0.8409,1
17.5,0.0,71.1,7.0,0.8409,1
17.5,0.0,71.1,7.0,0.8409,1
17.5,0.0,71.1,7.0,0.8409,1
17.5,0.0,71.1,7.0,0.8409,1
17.5,0.0,71.1,7.0,0.8409,1
17.5,0.0,71.1,7.0,0.8409,1
19.2,0.0,64.5,7.0,0.3804,1
19.2,0.0,64.5,7.0,0.3804,1
19.2,0.0,64.5,7.0,0.3804,1
19.2,0.0,64.5,7.0,0.3804,1
19.2,0.0,64.5,7.0,0.3804,1
19.2,0.0,64.5,7.0,0.3804,1
19.2,0.0,64.5,7.0,0.3804,1
19.2,0.0,64.5,7.0,0.3913,0
19.7,0.0,64.5,7.0,0.3913,0
19.2,0.0,64.5,7.0,0.3913,0
19.2,0.0,64.5,7.0,0.3913,0
19.2,0.0,64.5,7.0,0.3913,0
19.7,0.0,64.5,7.0,0.3913,0
16.5,0.0,76.5,7.0,0.2636,1
16.4,0.0,76.5,7.0,0.2636,0
16.5,0.0,76.5,7.0,0.2636,0
16.5,0.0,76.5,7.0,0.2636,1
16.7,0.0,66.7,7.0,0.2636,0
17.9,0.0,66.7,7.0,0.2636,0
15.5,0.0,66.7,7.0,0.2636,1
19.0,0.0,57.1,7.0,0.4407,0
19.0,0.0,57.1,7.0,0.4322,1
19.0,0.0,57.1,7.0,0.4407,0
16.7,0.0,66.7,7.0,0.2636,0
16.1,0.0,66.7,7.0,0.2636,0
16.1,0.0,66.7,7.0,0.2636,0
19.0,0.0,93.2,7.0,0.0603,0
19.0,0.0,93.2,7.0,0.0603,0
19.0,0.0,93.2,7.0,0.0603,0
14.7,0.0,64.9,7.0,0.3229,1
15.2,0.0,93.1,7.0,0.2636,0
15.2,0.0,93.1,7.0,0.2636,0
15.1,0.0,93.1,7.0,0.2636,0
14.8,1.0,56.5,7.0,0.807,1
14.8,0.0,56.5,7.0,0.807,1
15.1,0.0,93.1,7.0,0.2636,0
15.8,0.0,93.1,7.0,0.2636,0
14.4,0.0,14.3,7.0,0.1458,0
14.8,0.0,56.5,7.0,0.807,1
14.8,0.0,56.5,7.0,0.807,1
14.8,0.0,56.5,7.0,0.807,1
14.8,0.0,56.5,7.0,0.807,1
19.0,0.0,14.3,7.0,0.1458,0
15.5,0.0,14.3,7.0,0.125,1
14.8,0.0,56.5,7.0,0.807,1
17.6,0.0,92.3,7.0,0.5,0
14.8,0.0,56.5,7.0,0.807,1
14.8,0.0,56.5,7.0,0.807,1
14.8,0.0,56.5,7.0,0.807,1
19.9,0.0,90.6,7.0,0.0296,0
19.9,0.0,90.6,7.0,0.0296,0
19.9,0.0,90.6,7.0,0.0296,0
19.9,0.0,90.6,7.0,0.0296,0
20.4,0.0,46.7,7.0,0.4519,1
19.9,0.0,90.6,7.0,0.0296,0
19.9,0.0,90.6,7.0,0.0296,0
19.9,0.0,90.6,7.0,0.0296,0
19.9,0.0,90.6,7.0,0.0296,0
18.8,0.0,14.3,7.0,0.125,1
19.9,0.0,90.6,7.0,0.0296,0
19.9,0.0,90.6,7.0,0.0296,0
19.9,0.0,90.6,7.0,0.0296,0
18.1,0.0,27.3,7.0,0.6875,1
19.9,0.0,90.6,7.0,0.0296,0
15.5,0.0,60.7,7.0,0.2963,0
14.5,0.0,90.6,7.0,0.0296,0
19.9,0.0,90.6,7.0,0.0296,0
15.1,0.0,93.1,7.0,0.2636,0
15.8,0.0,93.1,7.0,0.2636,0
18.0,0.0,90.6,7.0,0.0237,1
18.0,0.0,90.6,7.0,0.0237,1
15.8,0.0,93.1,7.0,0.2636,0
15.2,0.0,93.1,7.0,0.2636,0
16.7,0.0,78.3,7.0,0.1111,0
12.1,0.0,78.3,7.0,0.0889,1
16.7,0.0,78.3,7.0,0.0889,1
16.7,0.0,78.3,7.0,0.0889,1
17.9,0.0,78.3,7.0,0.1111,0
17.9,0.0,78.3,7.0,0.1111,0
17.9,0.0,78.3,7.0,0.1111,0
12.1,0.0,78.3,7.0,0.1111,0
16.7,0.0,78.3,7.0,0.1111,0
12.6,0.0,78.3,7.0,0.1111,0
16.7,0.0,78.3,7.0,0.1111,0
17.9,0.0,78.3,7.0,0.1111,0
17.9,0.0,78.3,7.0,0.1111,0
17.9,0.0,78.3,7.0,0.1111,0
17.9,0.0,78.3,7.0,0.1111,0
15.4,0.0,93.1,7.0,0.2636,0
15.4,0.0,93.1,7.0,0.2636,0
18.6,0.0,90.6,7.0,0.0296,0
16.9,0.0,67.0,7.0,0.4912,1
18.0,0.0,90.6,7.0,0.0296,0
18.7,0.0,67.0,7.0,0.4912,1
15.1,0.0,93.1,7.0,0.2636,0
17.6,0.0,67.0,7.0,0.4912,1
15.2,0.0,93.1,7.0,0.2636,0
19.3,0.0,67.0,7.0,0.5,0
15.8,0.0,93.1,7.0,0.2636,0
17.0,0.0,67.0,7.0,0.5,0
13.0,0.0,67.0,7.0,0.4912,1
15.6,0.0,93.1,7.0,0.2636,0
12.6,0.0,78.3,7.0,0.1111,0
13.7,0.0,78.3,7.0,0.0889,1
14.0,0.0,49.0,9.0,0.3289,0
17.8,0.0,67.0,7.0,0.4912,1
12.6,0.0,49.0,9.0,0.3289,0
14.9,0.0,93.1,7.0,0.2636,0
17.8,0.0,67.0,7.0,0.4912,1
20.8,0.0,100.0,7.0,0.2636,0
20.8,0.0,100.0,7.0,0.2636,0
15.7,0.0,67.0,7.0,0.5,0
14.1,0.0,67.0,7.0,0.4912,1
13.9,0.0,67.0,7.0,0.5,0
14.2,0.0,67.0,7.0,0.4912,1
17.8,0.0,67.0,7.0,0.4912,1
17.3,0.0,83.0,7.0,0.3218,0
17.5,0.0,67.0,7.0,0.4912,1
16.6,0.0,67.0,7.0,0.4912,1
16.9,0.0,67.0,7.0,0.4912,1
18.8,0.0,67.0,7.0,0.4912,1
18.6,0.0,67.0,7.0,0.4912,1
15.5,0.0,67.0,7.0,0.4912,1
18.8,0.0,67.0,7.0,0.4912,1
18.6,0.0,67.0,7.0,0.4912,1
18.4,0.0,67.0,7.0,0.4912,1
18.0,0.0,67.0,7.0,0.4912,1
18.1,0.0,67.0,7.0,0.4912,1
13.1,0.0,100.0,7.0,0.0,0
12.1,0.0,100.0,7.0,0.0,0
18.2,0.0,67.0,7.0,0.4912,1
18.8,0.0,67.0,7.0,0.5,0
18.1,0.0,67.0,7.0,0.4912,1
18.4,0.0,67.0,7.0,0.4912,1
12.4,0.0,67.0,7.0,0.4912,1
18.8,0.0,67.0,7.0,0.4912,1
18.1,0.0,67.0,7.0,0.4912,1
18.8,0.0,67.0,7.0,0.4912,1
19.2,0.0,64.5,7.0,0.3804,1
17.8,0.0,67.0,7.0,0.4912,1
14.6,0.0,67.0,7.0,0.5,0
19.7,0.0,64.5,7.0,0.3913,0
18.6,0.0,67.0,7.0,0.5,0
18.1,0.0,67.0,7.0,0.4912,1
17.9,0.0,86.2,7.0,0.302,1
17.8,0.0,67.0,7.0,0.4912,1
14.9,0.0,67.0,7.0,0.4912,1
17.5,0.0,67.0,7.0,0.4912,1
13.5,0.0,67.0,7.0,0.5,0
17.0,0.0,67.0,7.0,0.5,0
18.1,0.0,67.0,7.0,0.4912,1
18.0,0.0,67.0,7.0,0.4912,1
18.0,0.0,67.0,7.0,0.4912,1
18.1,0.0,67.0,7.0,0.5,0
17.5,0.0,67.0,7.0,0.5,0
13.9,0.0,67.0,7.0,0.5,0
14.9,0.0,67.0,7.0,0.5,0
18.1,0.0,67.0,7.0,0.5,0
17.9,0.0,67.0,7.0,0.5,0
15.6,0.0,67.0,7.0,0.4912,1
18.2,0.0,67.0,7.0,0.4912,1
17.6,0.0,67.0,7.0,0.4912,1
18.0,0.0,67.0,7.0,0.5,0
18.2,0.0,67.0,7.0,0.5,0
18.2,0.0,67.0,7.0,0.5,0
17.9,0.0,67.0,7.0,0.5,0
17.6,0.0,67.0,7.0,0.4912,1
14.9,0.0,67.0,7.0,0.5,0
20.7,0.0,100.0,7.0,0.0,0
18.8,0.0,58.1,7.0,0.6293,1
18.8,0.0,58.1,7.0,0.6379,0
15.7,0.0,43.4,7.0,0.1585,0
18.8,0.0,58.1,7.0,0.6293,1
15.7,0.0,43.4,7.0,0.1585,0
15.7,0.0,43.4,7.0,0.1585,0
15.7,0.0,43.4,7.0,0.1585,0
15.7,0.0,43.4,7.0,0.1585,0
15.7,0.0,43.4,7.0,0.1585,0
15.7,0.0,43.4,7.0,0.1585,0
17.8,0.0,66.7,7.0,0.0488,0
14.9,0.0,66.7,7.0,0.0488,0
20.0,0.0,26.0,7.0,0.0909,0
18.3,0.0,96.5,7.0,0.0235,0
16.9,0.0,95.2,7.0,0.2636,0
16.9,0.0,95.2,7.0,0.2636,0
16.9,0.0,95.2,7.0,0.2636,0
16.9,0.0,95.2,7.0,0.2636,0
16.9,0.0,95.2,7.0,0.2636,0
20.7,0.0,73.5,7.0,0.3267,0
20.7,0.0,73.5,7.0,0.3267,0
20.7,0.0,73.5,7.0,0.3267,0
16.9,0.0,95.2,7.0,0.2636,0
18.8,0.0,69.0,7.0,0.2195,0
18.1,0.0,27.3,7.0,0.6875,1
18.1,0.0,27.3,7.0,0.6875,1
18.1,0.0,27.3,7.0,0.6875,1
19.6,0.0,75.8,7.0,0.6923,1
18.1,0.0,27.3,7.0,0.6875,1
18.1,0.0,27.3,7.0,0.6875,1
18.1,0.0,27.3,7.0,0.6875,1
18.1,0.0,27.3,7.0,0.6875,1
18.1,0.0,27.3,7.0,0.6875,1
18.1,0.0,27.3,7.0,0.6875,1
19.7,0.0,9.6,7.0,0.0972,0
20.6,0.0,62.2,7.0,0.0309,0
20.6,0.0,62.2,7.0,0.0309,0
15.7,0.0,43.4,7.0,0.1585,0
15.7,0.0,43.4,7.0,0.1585,0
15.7,0.0,43.4,7.0,0.1585,0
14.9,0.0,66.7,7.0,0.0488,0
17.8,0.0,66.7,7.0,0.0488,0
17.8,0.0,66.7,7.0,0.0488,0
14.9,0.0,66.7,7.0,0.0488,0
17.8,0.0,66.7,7.0,0.0488,0
17.8,0.0,66.7,7.0,0.0488,0
17.8,0.0,66.7,7.0,0.0488,0
17.8,0.0,66.7,7.0,0.0488,0
14.9,0.0,66.7,7.0,0.0488,0
20.1,0.0,100.0,7.0,0.0316,1
20.1,0.0,100.0,7.0,0.0316,1
20.1,0.0,100.0,7.0,0.0316,1
15.0,0.0,27.3,7.0,0.6937,0
15.0,0.0,27.3,7.0,0.6937,0
15.0,0.0,27.3,7.0,0.6937,0
15.0,0.0,27.3,7.0,0.6937,0
15.0,0.0,27.3,7.0,0.6937,0
20.1,0.0,100.0,7.0,0.0421,0
15.0,0.0,27.3,7.0,0.6937,0
15.0,0.0,27.3,7.0,0.6937,0
20.1,0.0,100.0,7.0,0.0421,0
18.4,0.0,27.3,7.0,0.6937,0
18.4,0.0,27.3,7.0,0.6937,0
20.1,0.0,100.0,7.0,0.0421,0
20.1,0.0,100.0,7.0,0.0421,0
20.1,0.0,100.0,7.0,0.0421,0
18.2,0.0,63.8,7.0,0.3869,0
18.2,0.0,63.8,7.0,0.3869,0
17.0,0.0,27.3,7.0,0.6875,1
17.0,0.0,27.3,7.0,0.6875,1
17.0,0.0,27.3,7.0,0.6875,1
17.0,0.0,27.3,7.0,0.6875,1
17.0,0.0,27.3,7.0,0.6875,1
20.7,0.0,100.0,7.0,0.1047,1
20.7,0.0,100.0,7.0,0.1047,1
18.1,0.0,27.3,7.0,0.6875,1
17.8,0.0,27.3,7.0,0.6875,1
18.1,0.0,27.3,7.0,0.6875,1
17.8,0.0,27.3,7.0,0.6875,1
17.8,0.0,27.3,7.0,0.6875,1
17.8,0.0,27.3,7.0,0.6875,1
17.8,0.0,27.3,7.0,0.6875,1
18.1,0.0,27.3,7.0,0.6875,1
17.8,0.0,27.3,7.0,0.6875,1
17.8,0.0,27.3,7.0,0.6875,1
17.8,0.0,27.3,7.0,0.6875,1
20.7,0.0,100.0,7.0,0.1047,1
20.7,0.0,100.0,7.0,0.1047,1
20.7,0.0,100.0,7.0,0.1047,1
20.7,0.0,100.0,7.0,0.1047,1
20.7,0.0,100.0,7.0,0.1047,1
20.7,0.0,100.0,7.0,0.1047,1
20.7,0.0,100.0,7.0,0.1047,1
20.7,0.0,100.0,7.0,0.1047,1
20.7,0.0,100.0,7.0,0.1047,1
20.7,0.0,100.0,7.0,0.1047,1
20.7,0.0,100.0,7.0,0.1047,1
20.7,0.0,100.0,7.0,0.1047,1
20.3,0.0,92.1,7.0,0.0667,0
19.9,0.0,27.3,7.0,0.6937,0
15.0,0.0,27.3,7.0,0.6875,1
12.2,0.0,27.3,7.0,0.6937,0
13.9,0.0,100.0,7.0,0.0,0
13.9,0.0,100.0,7.0,0.0,0
13.9,0.0,100.0,7.0,0.0,0
13.9,0.0,100.0,7.0,0.0,0
13.9,0.0,100.0,7.0,0.0,0
13.9,0.0,100.0,7.0,0.0,0
13.9,0.0,100.0,7.0,0.0,0
13.9,0.0,100.0,7.0,0.0,0
13.9,0.0,100.0,7.0,0.0,0
13.9,0.0,100.0,7.0,0.0,0
17.8,0.0,27.3,7.0,0.6875,1
17.4,0.0,88.3,7.0,0.2176,1
18.0,0.0,88.3,7.0,0.2176,1
18.0,0.0,88.3,7.0,0.2176,1
18.9,0.0,88.3,7.0,0.2235,0
19.4,0.0,88.3,7.0,0.2235,0
19.4,0.0,88.3,7.0,0.2235,0
19.9,0.0,88.3,7.0,0.2176,1
18.0,0.0,88.3,7.0,0.2176,1
19.9,0.0,88.3,7.0,0.2176,1
15.9,0.0,88.3,7.0,0.2235,0
20.1,0.0,100.0,7.0,0.0421,0
20.1,0.0,100.0,7.0,0.0421,0
19.2,0.0,26.0,8.0,0.0909,0
17.2,0.0,0.0,7.0,0.2636,1
15.1,0.0,100.0,7.0,0.2636,0
16.5,0.0,26.0,7.0,0.0909,0
18.6,0.0,26.0,7.0,0.0909,0
17.2,0.0,0.0,7.0,0.2636,1
17.2,0.0,0.0,7.0,0.2636,1
12.4,0.0,100.0,7.0,0.2636,0
12.4,0.0,100.0,7.0,0.2636,0
12.7,0.0,100.0,7.0,0.2636,0
13.3,0.0,100.0,7.0,0.2636,0
20.1,0.0,100.0,7.0,0.0316,1
20.1,0.0,100.0,7.0,0.0421,0
12.6,0.0,100.0,7.0,0.2636,0
20.1,0.0,100.0,7.0,0.0421,0
12.6,0.0,100.0,7.0,0.2636,0
14.5,0.0,43.8,8.0,0.4659,0
20.1,0.0,100.0,7.0,0.0421,0
13.2,0.0,100.0,7.0,0.2636,0
20.1,0.0,100.0,7.0,0.0421,0
13.2,0.0,100.0,7.0,0.2636,0
17.2,0.0,0.0,8.0,0.2636,1
17.2,0.0,0.0,8.0,0.2636,1
15.1,0.0,88.5,7.0,0.1158,0
14.5,0.0,43.8,8.0,0.4659,0
19.6,0.0,88.5,8.0,0.1053,1
19.6,0.0,88.5,8.0,0.1158,0
14.7,0.0,88.5,7.0,0.1158,0
16.9,0.0,29.2,7.0,0.6161,0
14.7,0.0,88.5,7.0,0.1158,0
16.5,0.0,27.1,9.0,0.7021,0
17.6,0.0,45.5,7.0,0.2636,1
16.5,0.0,45.5,7.0,0.2636,1
20.3,0.0,70.2,7.0,0.2611,0
13.8,0.0,7.7,7.0,0.2636,0
20.3,0.0,70.2,7.0,0.2611,0
17.0,0.0,91.7,7.0,0.0169,0
17.8,0.0,91.7,7.0,0.0169,0
18.3,0.0,90.9,8.0,0.2237,1
19.3,0.0,90.9,7.0,0.2237,1
19.4,0.0,20.9,7.0,0.7619,1
19.4,0.0,20.9,7.0,0.7857,0
17.7,0.0,20.9,7.0,0.7857,0
19.4,0.0,20.9,7.0,0.7619,1
19.4,0.0,20.9,7.0,0.7857,0
19.4,0.0,20.9,7.0,0.7619,1
19.4,0.0,20.9,7.0,0.7619,1
19.4,0.0,20.9,7.0,0.7619,1
19.4,0.0,20.9,7.0,0.7857,0
19.4,0.0,20.9,7.0,0.7619,1
19.4,0.0,20.9,7.0,0.7857,0
20.4,0.0,100.0,7.0,0.0797,0
20.4,0.0,100.0,7.0,0.0725,1
20.4,0.0,100.0,7.0,0.0797,0
20.4,0.0,100.0,7.0,0.0725,1
20.4,0.0,100.0,7.0,0.0797,0
20.4,0.0,100.0,7.0,0.0797,0
20.4,0.0,100.0,7.0,0.0797,0
20.4,0.0,100.0,7.0,0.0797,0
20.4,0.0,100.0,7.0,0.0797,0
20.4,0.0,100.0,7.0,0.0797,0
20.4,0.0,100.0,7.0,0.0797,0
20.4,0.0,100.0,7.0,0.0797,0
20.4,0.0,100.0,7.0,0.0797,0
20.4,0.0,100.0,7.0,0.0797,0
20.4,0.0,100.0,7.0,0.0797,0
20.4,0.0,100.0,7.0,0.0797,0
20.4,0.0,100.0,7.0,0.0797,0
20.4,0.0,100.0,7.0,0.0797,0
20.4,0.0,100.0,7.0,0.0797,0
20.4,0.0,100.0,7.0,0.0797,0
19.4,0.0,20.9,7.0,0.7619,1
19.4,0.0,20.9,7.0,0.7619,1
19.4,0.0,20.9,7.0,0.7619,1
19.4,0.0,20.9,7.0,0.7619,1
19.4,0.0,20.9,7.0,0.7619,1
19.4,0.0,20.9,7.0,0.7619,1
19.4,0.0,20.9,7.0,0.7619,1
13.4,1.0,74.5,7.0,0.2222,0
18.2,0.0,74.5,7.0,0.2222,0
14.2,0.0,20.9,8.0,0.7619,1
18.1,0.0,20.9,7.0,0.7619,1
14.0,0.0,28.6,7.0,0.1667,0
19.9,0.0,100.0,7.0,0.1083,0
19.9,0.0,100.0,7.0,0.1083,0
19.9,0.0,100.0,7.0,0.1083,0
19.9,0.0,100.0,7.0,0.1083,0
19.9,0.0,100.0,7.0,0.1083,0
19.9,0.0,100.0,7.0,0.1083,0
19.9,0.0,100.0,7.0,0.1083,0
19.9,0.0,100.0,7.0,0.1083,0
16.2,0.0,70.3,7.0,0.38,0
16.2,0.0,70.3,7.0,0.38,0
16.2,0.0,70.3,7.0,0.38,0
19.9,0.0,100.0,7.0,0.1083,0
19.9,0.0,100.0,7.0,0.1083,0
19.9,0.0,100.0,7.0,0.1083,0
19.9,0.0,100.0,7.0,0.1083,0
19.9,0.0,100.0,7.0,0.1083,0
19.9,0.0,100.0,7.0,0.1083,0
19.9,0.0,100.0,7.0,0.1083,0
19.9,0.0,100.0,7.0,0.1083,0
19.9,0.0,100.0,7.0,0.1083,0
19.9,0.0,100.0,7.0,0.1083,0
19.9,0.0,100.0,7.0,0.1083,0
19.9,0.0,100.0,7.0,0.1083,0
19.9,0.0,100.0,7.0,0.1083,0
19.9,0.0,100.0,7.0,0.1083,0
19.9,0.0,100.0,7.0,0.1083,0
19.9,0.0,100.0,7.0,0.1083,0
19.9,0.0,100.0,7.0,0.1083,0
19.9,0.0,100.0,7.0,0.1083,0
19.9,0.0,100.0,7.0,0.1083,0
16.9,0.0,82.0,7.0,0.1705,0
19.9,0.0,100.0,7.0,0.1083,0
15.1,0.0,100.0,7.0,0.0,0
15.1,0.0,100.0,7.0,0.0,0
15.1,0.0,100.0,7.0,0.0,0
15.1,0.0,100.0,7.0,0.0,0
19.9,0.0,100.0,7.0,0.1083,0
19.9,0.0,100.0,7.0,0.1083,0
20.6,0.0,41.9,7.0,0.1429,0
19.9,0.0,100.0,7.0,0.1083,0
19.9,0.0,100.0,7.0,0.1083,0
20.6,0.0,41.9,7.0,0.1429,0
20.6,0.0,41.9,7.0,0.119,1
20.6,0.0,41.9,7.0,0.1429,0
20.6,0.0,41.9,7.0,0.119,1
19.9,0.0,100.0,7.0,0.1083,0
19.9,0.0,100.0,7.0,0.1083,0
19.9,0.0,100.0,7.0,0.1083,0
19.9,0.0,100.0,7.0,0.1083,0
19.9,0.0,100.0,7.0,0.1083,0
19.9,0.0,100.0,7.0,0.1083,0
19.9,0.0,100.0,7.0,0.1083,0
14.6,0.0,25.0,7.0,0.2636,0
12.1,0.0,25.0,7.0,0.2636,0
19.9,0.0,100.0,7.0,0.1083,0
19.9,0.0,100.0,7.0,0.1083,0
19.9,0.0,100.0,7.0,0.1083,0
19.9,0.0,100.0,7.0,0.1083,0
19.9,0.0,100.0,7.0,0.1083,0
19.9,0.0,100.0,7.0,0.1083,0
19.9,0.0,100.0,7.0,0.1083,0
19.9,0.0,100.0,7.0,0.1083,0
19.9,0.0,100.0,7.0,0.1083,0
19.9,0.0,100.0,7.0,0.1083,0
19.9,0.0,100.0,7.0,0.1083,0
19.9,0.0,100.0,7.0,0.1083,0
19.9,0.0,100.0,7.0,0.1083,0
19.9,0.0,100.0,7.0,0.1083,0
19.9,0.0,100.0,7.0,0.1083,0
19.9,0.0,100.0,7.0,0.1083,0
19.9,0.0,100.0,7.0,0.1083,0
13.5,0.0,100.0,7.0,0.2636,0
13.5,0.0,100.0,7.0,0.2636,0
19.9,0.0,100.0,7.0,0.1083,0
19.9,0.0,100.0,7.0,0.1083,0
19.9,0.0,100.0,7.0,0.1083,0
19.9,0.0,100.0,7.0,0.1083,0
19.9,0.0,100.0,7.0,0.1083,0
19.9,0.0,100.0,7.0,0.1083,0
19.9,0.0,100.0,7.0,0.1083,0
19.9,0.0,100.0,7.0,0.1083,0
19.9,0.0,100.0,7.0,0.1083,0
19.9,0.0,100.0,7.0,0.1083,0
19.9,0.0,100.0,7.0,0.1083,0
19.9,0.0,100.0,7.0,0.1083,0
19.9,0.0,100.0,7.0,0.0421,0
19.9,0.0,100.0,7.0,0.0421,0
19.9,0.0,100.0,7.0,0.0421,0
19.9,0.0,100.0,7.0,0.0421,0
19.9,0.0,100.0,7.0,0.0421,0
19.9,0.0,100.0,7.0,0.0421,0
19.9,0.0,100.0,7.0,0.0421,0
19.9,0.0,100.0,7.0,0.0421,0
19.9,0.0,100.0,7.0,0.0421,0
19.9,0.0,100.0,7.0,0.0421,0
18.9,0.0,61.2,7.0,0.3672,1
19.9,0.0,100.0,7.0,0.0421,0
19.9,0.0,100.0,7.0,0.0421,0
19.9,0.0,100.0,7.0,0.0421,0
17.6,0.0,70.3,8.0,0.37,1
15.4,0.0,64.4,7.0,0.3483,0
17.6,0.0,70.3,7.0,0.37,1
18.7,0.0,71.4,7.0,0.4182,0
16.7,0.0,70.3,7.0,0.38,0
18.7,0.0,71.4,7.0,0.4182,0
17.5,0.0,70.3,7.0,0.38,0
18.7,0.0,71.4,7.0,0.4182,0
17.5,0.0,70.3,7.0,0.38,0
17.5,0.0,70.3,7.0,0.38,0
17.5,0.0,70.3,7.0,0.38,0
17.5,0.0,70.3,7.0,0.38,0
15.8,0.0,90.8,7.0,0.1237,0
17.5,0.0,70.3,7.0,0.38,0
17.5,0.0,70.3,7.0,0.38,0
17.5,0.0,70.3,7.0,0.38,0
17.5,0.0,70.3,7.0,0.38,0
17.5,0.0,70.3,7.0,0.38,0
16.7,0.0,70.3,7.0,0.38,0
20.8,0.0,73.5,7.0,0.3267,0
20.8,0.0,73.5,7.0,0.3267,0
20.8,0.0,73.5,7.0,0.3168,1
20.8,0.0,73.5,7.0,0.3267,0
20.8,0.0,73.5,7.0,0.3267,0
14.2,0.0,46.7,8.0,0.4519,1
16.0,0.0,46.7,7.0,0.4615,0
13.8,0.0,46.7,7.0,0.4519,1
13.3,0.0,7.1,7.0,0.2636,0
16.5,0.0,7.1,7.0,0.2636,0
16.0,0.0,46.7,8.0,0.4519,1
20.8,0.0,73.5,7.0,0.3168,1
20.8,0.0,73.5,7.0,0.3168,1
20.8,0.0,73.5,7.0,0.3168,1
12.3,0.0,46.7,7.0,0.4519,1
16.5,0.0,7.1,7.0,0.2636,0
14.8,0.0,46.7,8.0,0.4519,1
16.5,0.0,7.1,8.0,0.2636,0
14.9,0.0,46.7,7.0,0.4519,1
14.7,0.0,0.0,7.0,0.0,0
19.0,0.0,20.9,7.0,0.7857,0
15.3,0.0,26.3,7.0,0.2162,1
15.3,0.0,26.3,7.0,0.2432,0
15.3,0.0,26.3,7.0,0.2162,1
13.2,0.0,26.3,7.0,0.2432,0
15.3,0.0,26.3,7.0,0.2432,0
13.2,0.0,26.3,7.0,0.2162,1
17.2,0.0,50.7,7.0,0.1515,0
17.2,0.0,50.7,7.0,0.1515,0
14.4,0.0,100.0,7.0,0.0,0
15.5,0.0,100.0,7.0,0.0,0
15.5,0.0,100.0,7.0,0.0,0
15.5,0.0,100.0,7.0,0.0,0
15.5,0.0,100.0,7.0,0.0,0
15.1,0.0,100.0,7.0,0.0,0
15.1,0.0,100.0,7.0,0.0,0
15.1,0.0,100.0,7.0,0.0,0
18.3,0.0,50.7,7.0,0.1515,0
15.6,0.0,100.0,7.0,0.0,0
15.5,0.0,100.0,7.0,0.0,0
15.5,0.0,100.0,7.0,0.0,0
15.5,0.0,100.0,7.0,0.0,0
15.5,0.0,100.0,7.0,0.0,0
15.5,0.0,100.0,7.0,0.0,0
15.1,0.0,100.0,7.0,0.0,0
15.1,0.0,100.0,7.0,0.0,0
14.9,0.0,100.0,7.0,0.0,0
14.9,0.0,100.0,7.0,0.0,0
14.8,0.0,100.0,7.0,0.0,0
14.8,0.0,100.0,7.0,0.0,0
14.8,0.0,100.0,7.0,0.0,0
18.3,0.0,14.3,7.0,0.4146,1
17.6,0.0,14.3,7.0,0.439,0
17.9,0.0,14.3,7.0,0.4146,1
17.9,0.0,14.3,7.0,0.4146,1
17.6,0.0,14.3,7.0,0.4146,1
17.9,0.0,14.3,7.0,0.4146,1
18.3,0.0,14.3,7.0,0.4146,1
14.5,0.0,100.0,7.0,0.2636,0
18.3,0.0,45.9,7.0,0.3167,0
20.2,0.0,62.2,7.0,0.0309,0
20.2,0.0,62.2,7.0,0.0309,0
20.2,0.0,62.2,7.0,0.0309,0
20.2,0.0,62.2,7.0,0.0309,0
20.2,0.0,62.2,7.0,0.0309,0
20.2,0.0,62.2,7.0,0.0309,0
20.2,0.0,62.2,7.0,0.0309,0
20.2,0.0,62.2,7.0,0.0309,0
20.2,0.0,62.2,7.0,0.0309,0
20.2,0.0,62.2,7.0,0.0309,0
18.5,0.0,62.2,7.0,0.0309,0
20.2,0.0,62.2,7.0,0.0309,0
20.2,0.0,62.2,7.0,0.0309,0
20.2,0.0,62.2,7.0,0.0309,0
20.2,0.0,62.2,7.0,0.0309,0
20.2,0.0,62.2,7.0,0.0309,0
18.4,0.0,45.9,7.0,0.3,1
16.7,0.0,100.0,8.0,0.2636,0
16.7,0.0,100.0,7.0,0.2636,0
19.7,0.0,56.0,7.0,0.2636,0
19.7,0.0,56.0,7.0,0.2636,0
16.7,0.0,100.0,7.0,0.2636,0
16.7,0.0,100.0,7.0,0.2636,0
18.4,0.0,45.9,7.0,0.3167,0
19.7,0.0,56.0,7.0,0.2636,0
20.7,0.0,82.4,7.0,0.0667,1
19.7,0.0,56.0,7.0,0.2636,0
18.1,0.0,45.9,7.0,0.3167,0
19.7,0.0,56.0,7.0,0.2636,1
19.7,0.0,56.0,7.0,0.2636,1
17.2,0.0,100.0,7.0,0.2636,0
18.5,0.0,82.4,7.0,0.0778,0
18.5,0.0,82.4,7.0,0.0778,0
14.5,0.0,100.0,7.0,0.2636,0
18.5,0.0,82.4,7.0,0.0778,0
14.5,0.0,100.0,7.0,0.2636,0
18.5,0.0,82.4,7.0,0.0778,0
18.5,0.0,82.4,7.0,0.0778,0
19.6,0.0,56.7,7.0,0.3051,1
18.5,0.0,82.4,7.0,0.0778,0
14.5,0.0,100.0,7.0,0.2636,0
18.5,0.0,82.4,7.0,0.0778,0
19.6,0.0,56.7,7.0,0.3051,1
13.0,0.0,14.3,7.0,0.2636,0
19.6,0.0,56.7,7.0,0.322,0
18.5,0.0,82.4,7.0,0.0778,0
18.5,0.0,82.4,7.0,0.0778,0
18.5,0.0,82.4,7.0,0.0778,0
18.0,0.0,55.6,7.0,0.2636,0
18.0,0.0,55.6,7.0,0.2636,1
18.4,0.0,45.9,7.0,0.3,1
15.8,0.0,14.3,7.0,0.2636,0
14.8,0.0,14.3,7.0,0.2636,0
15.8,0.0,14.3,7.0,0.2636,0
15.8,0.0,14.3,7.0,0.2636,0
15.8,0.0,14.3,7.0,0.2636,0
12.4,0.0,14.3,7.0,0.2636,0
17.8,0.0,100.0,7.0,0.2636,0
17.8,0.0,100.0,8.0,0.2636,0
17.8,0.0,100.0,7.0,0.2636,0
17.8,0.0,100.0,7.0,0.2636,0
17.8,0.0,100.0,7.0,0.2636,0
18.9,0.0,78.3,7.0,0.1111,0
18.9,0.0,78.3,7.0,0.1111,0
18.9,0.0,78.3,7.0,0.1111,0
17.8,0.0,100.0,7.0,0.2636,0
17.8,0.0,100.0,7.0,0.2636,0
17.8,0.0,100.0,7.0,0.2636,1
20.2,0.0,50.0,7.0,0.2636,0
20.2,0.0,50.0,7.0,0.2636,0
20.2,0.0,50.0,7.0,0.2636,0
20.2,0.0,50.0,7.0,0.2636,0
20.2,0.0,50.0,7.0,0.2636,0
20.2,0.0,50.0,7.0,0.2636,0
17.8,0.0,50.0,7.0,0.2636,0
20.2,0.0,50.0,7.0,0.2636,0
20.3,0.0,50.0,7.0,0.2636,0
20.3,0.0,50.0,7.0,0.2636,1
20.3,0.0,50.0,7.0,0.2636,0
16.3,0.0,80.0,7.0,0.2636,0
14.0,0.0,80.0,7.0,0.2636,0
19.7,0.0,69.6,7.0,0.3556,0
15.5,0.0,80.0,7.0,0.2636,0
16.3,0.0,80.0,7.0,0.2636,0
16.5,0.0,80.0,7.0,0.2636,0
16.5,0.0,80.0,7.0,0.2636,0
14.0,0.0,80.0,8.0,0.2636,0
14.0,0.0,100.0,7.0,0.0,0
16.2,0.0,80.0,7.0,0.2636,0
14.0,0.0,80.0,7.0,0.2636,0
12.4,0.0,100.0,7.0,0.0,0
20.2,0.0,82.4,7.0,0.0778,0
20.6,0.0,82.4,7.0,0.0667,1
20.6,0.0,82.4,7.0,0.0667,1
20.6,0.0,82.4,7.0,0.0778,0
17.9,0.0,52.1,7.0,0.1702,0
14.0,0.0,100.0,7.0,0.0,0
19.8,0.0,52.1,7.0,0.1702,0
19.8,0.0,52.1,7.0,0.1702,0
19.8,0.0,52.1,7.0,0.1702,0
12.4,0.0,100.0,7.0,0.0,0
14.0,0.0,100.0,7.0,0.0,0
12.4,0.0,100.0,7.0,0.0,0
14.0,0.0,100.0,7.0,0.0,0
13.9,0.0,100.0,7.0,0.0,0
12.4,0.0,100.0,7.0,0.0,0
20.4,0.0,98.8,7.0,0.0,0
14.5,0.0,77.3,7.0,0.2636,1
20.0,1.0,58.1,8.0,0.6379,0
14.5,0.0,53.2,7.0,0.0984,0
14.5,0.0,53.2,7.0,0.0984,0
19.7,0.0,65.7,7.0,0.7353,1
20.2,0.0,65.7,8.0,0.7353,1
15.8,0.0,68.0,7.0,0.2636,0
12.6,0.0,53.2,7.0,0.0984,0
12.1,0.0,53.2,7.0,0.0984,0
12.1,0.0,53.2,7.0,0.0984,0
12.1,0.0,53.2,7.0,0.0984,0
12.1,0.0,53.2,7.0,0.0984,0
12.1,0.0,53.2,7.0,0.0984,0
12.1,0.0,53.2,7.0,0.0984,0
14.0,0.0,100.0,7.0,0.0,0
14.0,0.0,100.0,7.0,0.0,0
17.2,0.0,50.7,7.0,0.1515,0
12.4,0.0,100.0,7.0,0.0,0
14.0,0.0,100.0,7.0,0.0,0
12.4,0.0,100.0,7.0,0.0,0
14.2,0.0,50.7,7.0,0.1515,0
12.4,0.0,100.0,7.0,0.0,0
18.3,0.0,50.7,7.0,0.1515,0
17.8,0.0,45.9,7.0,0.3,1
15.2,1.0,43.9,7.0,0.1443,1
17.3,0.0,61.2,7.0,0.1083,0
15.2,0.0,43.9,7.0,0.1546,0
17.0,0.0,47.2,7.0,0.0909,0
17.1,0.0,47.2,7.0,0.0909,0
19.9,0.0,47.2,7.0,0.0909,0
13.3,0.0,0.0,7.0,0.1429,0
15.0,0.0,47.2,7.0,0.0795,1
15.1,0.0,47.2,7.0,0.0795,1
13.9,0.0,53.8,7.0,0.2636,0
17.7,0.0,53.8,7.0,0.2636,0
13.9,0.0,53.8,7.0,0.2636,0
13.9,0.0,53.8,7.0,0.2636,0
17.0,0.0,47.2,7.0,0.0909,0
17.0,0.0,47.2,7.0,0.0909,0
17.0,0.0,47.2,7.0,0.0909,0
14.0,0.0,100.0,7.0,0.0,0
19.9,0.0,100.0,7.0,0.0421,0
19.9,0.0,100.0,7.0,0.0421,0
19.9,0.0,100.0,7.0,0.0421,0
19.9,0.0,100.0,7.0,0.0421,0
18.2,0.0,63.8,7.0,0.3869,0
18.2,0.0,63.8,7.0,0.3796,1
18.2,0.0,63.8,7.0,0.3796,1
18.2,0.0,63.8,7.0,0.3796,1
18.3,0.0,63.8,7.0,0.3869,0
17.5,0.0,63.0,7.0,0.1321,1
18.6,0.0,97.8,7.0,0.0227,0
18.3,0.0,97.8,7.0,0.0227,0
18.4,0.0,97.8,7.0,0.0227,0
19.2,0.0,21.9,7.0,0.1824,0
19.2,0.0,21.9,7.0,0.1761,1
19.2,0.0,21.9,7.0,0.1761,1
18.0,0.0,21.9,7.0,0.1761,1
19.2,0.0,21.9,7.0,0.1824,0
19.2,0.0,21.9,7.0,0.1824,0
20.6,0.0,76.5,7.0,0.3333,0
17.9,0.0,22.2,7.0,0.2636,0
16.1,0.0,22.2,7.0,0.2636,0
17.4,0.0,22.2,7.0,0.2636,0
19.4,0.0,51.9,7.0,0.3585,1
17.0,0.0,76.5,7.0,0.303,1
20.2,0.0,76.5,7.0,0.3333,0
13.5,0.0,76.5,7.0,0.303,1
19.8,0.0,76.5,7.0,0.303,1
14.0,0.0,100.0,7.0,0.0,0
14.0,0.0,100.0,7.0,0.0,0
12.4,0.0,100.0,7.0,0.0,0
15.2,0.0,46.7,7.0,0.4615,0
18.4,0.0,21.3,7.0,0.6833,1
18.4,0.0,21.3,7.0,0.6833,1
18.4,0.0,21.3,7.0,0.6833,1
18.4,0.0,21.3,7.0,0.6833,1
18.4,0.0,21.3,7.0,0.6833,1
18.4,0.0,21.3,7.0,0.6833,1
18.4,0.0,21.3,7.0,0.6833,1
18.4,0.0,21.3,7.0,0.6833,1
18.4,0.0,21.3,7.0,0.7,0
18.4,0.0,21.3,7.0,0.6833,1
18.4,0.0,21.3,7.0,0.6833,1
18.4,0.0,21.3,7.0,0.6833,1
18.4,0.0,21.3,7.0,0.6833,1
18.4,0.0,21.3,7.0,0.6833,1
18.4,0.0,21.3,7.0,0.6833,1
18.4,0.0,21.3,7.0,0.6833,1
15.4,0.0,21.3,7.0,0.6833,1
18.4,0.0,21.3,7.0,0.7,0
18.4,0.0,21.3,7.0,0.6833,1
18.4,0.0,21.3,7.0,0.7,0
18.4,0.0,21.3,7.0,0.6833,1
15.4,0.0,21.3,7.0,0.6833,1
18.4,0.0,21.3,7.0,0.6833,1
18.4,0.0,21.3,7.0,0.6833,1
18.4,0.0,21.3,7.0,0.6833,1
15.4,0.0,21.3,7.0,0.6833,1
18.4,0.0,21.3,7.0,0.6833,1
18.4,0.0,21.3,7.0,0.6833,1
15.4,0.0,21.3,7.0,0.6833,1
18.4,0.0,21.3,7.0,0.6833,1
18.4,0.0,21.3,7.0,0.7,0
18.4,0.0,46.7,7.0,0.4615,0
19.7,0.0,66.7,7.0,0.2636,1
17.0,0.0,46.7,7.0,0.4615,0
16.4,0.0,53.2,7.0,0.0984,0
16.4,0.0,53.2,7.0,0.0984,0
16.4,0.0,53.2,7.0,0.0984,0
17.9,0.0,14.3,7.0,0.439,0
15.3,0.0,14.3,7.0,0.4146,1
17.6,0.0,14.3,7.0,0.4146,1
18.8,0.0,0.0,7.0,0.1714,0
16.7,0.0,49.3,7.0,0.1176,0
18.8,0.0,14.3,7.0,0.439,0
16.6,0.0,49.3,7.0,0.1176,0
17.7,0.0,55.9,7.0,0.4652,1
19.6,0.0,55.9,7.0,0.4706,0
19.6,0.0,55.9,7.0,0.4706,0
19.6,0.0,55.9,7.0,0.4706,0
19.6,0.0,55.9,7.0,0.4706,0
19.6,0.0,55.9,7.0,0.4706,0
19.6,0.0,55.9,7.0,0.4706,0
19.9,0.0,55.9,7.0,0.4706,0
19.9,0.0,55.9,7.0,0.4706,0
19.9,0.0,55.9,7.0,0.4706,0
18.7,0.0,55.9,7.0,0.4652,1
18.7,0.0,55.9,7.0,0.4652,1
18.7,0.0,55.9,7.0,0.4652,1
18.7,0.0,55.9,7.0,0.4652,1
18.7,0.0,55.9,7.0,0.4652,1
18.7,0.0,55.9,7.0,0.4652,1
18.7,0.0,55.9,7.0,0.4652,1
18.7,0.0,55.9,7.0,0.4652,1
18.7,0.0,55.9,7.0,0.4652,1
18.7,0.0,55.9,7.0,0.4652,1
18.7,0.0,55.9,7.0,0.4652,1
18.7,0.0,55.9,7.0,0.4652,1
18.7,0.0,55.9,7.0,0.4652,1
18.7,0.0,55.9,7.0,0.4652,1
18.7,0.0,55.9,7.0,0.4652,1
18.7,0.0,55.9,7.0,0.4652,1
17.7,0.0,55.9,7.0,0.4652,1
19.4,0.0,55.9,7.0,0.4652,1
19.4,0.0,55.9,7.0,0.4652,1
19.4,0.0,55.9,7.0,0.4652,1
19.4,0.0,55.9,7.0,0.4652,1
19.4,0.0,55.9,7.0,0.4652,1
19.4,0.0,55.9,7.0,0.4652,1
19.4,0.0,55.9,7.0,0.4652,1
19.4,0.0,55.9,7.0,0.4652,1
19.4,0.0,55.9,7.0,0.4652,1
18.7,0.0,55.9,7.0,0.4652,1
18.7,0.0,55.9,7.0,0.4652,1
18.7,0.0,55.9,7.0,0.4652,1
12.6,0.0,53.2,9.0,0.0984,0
18.7,0.0,55.9,7.0,0.4652,1
18.7,0.0,55.9,7.0,0.4652,1
18.7,0.0,55.9,7.0,0.4652,1
16.7,0.0,49.3,7.0,0.1176,0
18.7,0.0,55.9,7.0,0.4652,1
18.7,0.0,55.9,7.0,0.4652,1
18.7,0.0,55.9,7.0,0.4652,1
18.7,0.0,55.9,7.0,0.4652,1
18.7,0.0,55.9,7.0,0.4652,1
18.7,0.0,55.9,7.0,0.4652,1
18.7,0.0,55.9,7.0,0.4652,1
14.4,0.0,53.2,7.0,0.0984,0
16.7,0.0,49.3,7.0,0.1176,0
18.7,0.0,55.9,7.0,0.4652,1
18.7,0.0,55.9,7.0,0.4652,1
18.7,0.0,55.9,7.0,0.4652,1
16.9,0.0,49.3,7.0,0.1176,0
15.1,0.0,100.0,7.0,0.0,0
15.1,0.0,100.0,7.0,0.0,0
15.1,0.0,100.0,7.0,0.0,0
15.1,0.0,100.0,7.0,0.0,0
15.1,0.0,100.0,7.0,0.0,0
14.5,0.0,53.2,7.0,0.0984,0
12.6,0.0,53.2,7.0,0.0984,0
12.8,0.0,53.2,7.0,0.0984,0
12.8,0.0,53.2,7.0,0.0984,0
13.3,0.0,53.2,7.0,0.0984,0
14.5,0.0,53.2,7.0,0.082,1
13.1,0.0,53.2,7.0,0.0984,0
15.1,0.0,100.0,7.0,0.0,0
15.1,0.0,100.0,7.0,0.0,0
15.1,0.0,100.0,7.0,0.0,0
15.1,0.0,100.0,7.0,0.0,0
15.1,0.0,100.0,7.0,0.0,0
15.1,0.0,100.0,7.0,0.0,0
15.1,0.0,100.0,7.0,0.0,0
15.1,0.0,100.0,7.0,0.0,0
15.1,0.0,100.0,7.0,0.0,0
14.0,0.0,100.0,7.0,0.0,0
14.0,0.0,100.0,7.0,0.0,0
14.0,0.0,100.0,7.0,0.0,0
14.0,0.0,100.0,7.0,0.0,0
14.0,0.0,100.0,7.0,0.0,0
12.4,0.0,100.0,7.0,0.0,0
14.0,0.0,100.0,7.0,0.0,0
14.0,0.0,100.0,7.0,0.0,0
12.4,0.0,100.0,7.0,0.0,0
12.4,0.0,100.0,7.0,0.0,0
14.0,0.0,100.0,7.0,0.0,0
12.4,0.0,100.0,7.0,0.0,0
14.0,0.0,100.0,7.0,0.0,0
14.5,0.0,100.0,7.0,0.2636,0
13.5,0.0,100.0,7.0,0.2636,0
19.1,0.0,64.5,7.0,0.3804,1
19.1,0.0,64.5,7.0,0.3804,1
14.9,0.0,97.2,7.0,0.021,0
20.0,0.0,76.9,7.0,0.3271,0
17.8,0.0,64.5,7.0,0.3913,0
17.8,0.0,64.5,7.0,0.3913,0
19.1,0.0,64.5,7.0,0.3913,0
19.1,0.0,64.5,7.0,0.3913,0
19.3,0.0,78.8,7.0,0.3125,0
15.3,0.0,75.0,7.0,0.2636,0
15.3,0.0,75.0,7.0,0.2636,0
15.3,0.0,75.0,7.0,0.2636,0
16.7,0.0,70.3,7.0,0.38,0
16.7,0.0,70.3,7.0,0.37,1
18.4,0.0,21.3,7.0,0.6833,1
18.4,0.0,21.3,7.0,0.6833,1
20.3,0.0,100.0,7.0,0.2636,0
16.7,0.0,70.3,7.0,0.37,1
13.5,0.0,100.0,7.0,0.2636,0
17.0,0.0,29.2,7.0,0.6161,0
14.4,0.0,49.0,7.0,0.3289,0
14.4,0.0,49.0,7.0,0.3289,0
17.7,0.0,59.7,7.0,0.4789,0
19.0,0.0,59.7,7.0,0.4648,1
19.6,0.0,59.7,7.0,0.4789,0
19.8,0.0,59.7,7.0,0.4648,1
19.6,0.0,59.7,7.0,0.4648,1
19.3,0.0,59.7,7.0,0.4648,1
19.2,0.0,59.7,7.0,0.4648,1
18.9,0.0,59.7,7.0,0.4789,0
18.9,0.0,59.7,7.0,0.4789,0
19.4,0.0,59.7,7.0,0.4789,0
19.7,0.0,59.7,7.0,0.4648,1
19.7,0.0,59.7,7.0,0.4648,1
19.2,0.0,33.3,7.0,0.2636,1
19.3,0.0,33.3,7.0,0.2636,1
19.5,0.0,59.7,7.0,0.4648,1
16.9,0.0,49.0,7.0,0.3289,0
20.2,0.0,76.9,7.0,0.3271,0
14.6,0.0,70.3,7.0,0.38,0
18.8,0.0,86.4,7.0,0.0806,1
18.8,0.0,86.4,7.0,0.0806,1
19.0,0.0,86.4,7.0,0.0887,0
17.4,0.0,30.0,7.0,0.2636,0
20.0,0.0,76.9,7.0,0.3271,0
19.7,0.0,93.2,7.0,0.0603,0
17.4,0.0,30.0,7.0,0.2636,0
19.7,0.0,93.2,7.0,0.0603,0
19.7,0.0,93.2,7.0,0.0603,0
17.4,0.0,30.0,7.0,0.2636,1
19.7,0.0,93.2,7.0,0.0603,0
19.7,0.0,93.2,7.0,0.0603,0
19.7,0.0,93.2,7.0,0.0603,0
19.7,0.0,93.2,7.0,0.0603,0
17.3,0.0,30.0,7.0,0.2636,0
17.3,0.0,30.0,7.0,0.2636,1
17.3,0.0,30.0,7.0,0.2636,0
17.3,0.0,30.0,7.0,0.2636,0
17.3,0.0,30.0,7.0,0.2636,0
20.2,0.0,76.9,7.0,0.3178,1
17.3,0.0,30.0,7.0,0.2636,1
17.4,0.0,30.0,7.0,0.2636,1
17.5,0.0,70.3,7.0,0.37,1
14.6,0.0,70.3,7.0,0.38,0
12.9,0.0,70.3,7.0,0.38,0
12.9,0.0,70.3,7.0,0.38,0
12.9,0.0,70.3,7.0,0.38,0
12.9,0.0,70.3,7.0,0.38,0
12.9,0.0,70.3,7.0,0.38,0
12.9,0.0,70.3,7.0,0.38,0
12.9,0.0,70.3,7.0,0.38,0
12.9,0.0,70.3,7.0,0.38,0
13.8,0.0,65.4,7.0,0.2636,0
12.9,0.0,70.3,7.0,0.38,0
13.4,0.0,65.4,7.0,0.2636,0
12.9,0.0,70.3,7.0,0.38,0
13.4,0.0,65.4,7.0,0.2636,0
13.4,0.0,65.4,7.0,0.2636,0
12.9,0.0,70.3,7.0,0.38,0
12.9,0.0,70.3,7.0,0.38,0
13.8,0.0,65.4,7.0,0.2636,0
16.0,0.0,65.4,7.0,0.2636,0
12.9,0.0,70.3,7.0,0.38,0
12.4,0.0,65.4,7.0,0.2636,0
12.9,0.0,70.3,7.0,0.38,0
12.9,0.0,70.3,7.0,0.38,0
16.6,0.0,65.4,7.0,0.2636,0
20.2,0.0,92.3,7.0,0.2636,0
19.9,0.0,73.7,7.0,0.2636,0
20.4,0.0,73.7,7.0,0.2636,0
12.9,0.0,70.3,7.0,0.38,0
16.6,0.0,65.4,7.0,0.2636,0
12.9,0.0,70.3,7.0,0.38,0
16.6,0.0,65.4,7.0,0.2636,0
12.1,0.0,65.4,7.0,0.2636,0
16.6,0.0,65.4,7.0,0.2636,0
13.8,0.0,65.4,7.0,0.2636,0
14.6,0.0,70.3,7.0,0.38,0
14.6,0.0,70.3,7.0,0.38,0
16.6,0.0,65.4,7.0,0.2636,0
15.6,0.0,65.4,7.0,0.2636,0
14.6,0.0,70.3,7.0,0.38,0
15.6,0.0,65.4,7.0,0.2636,0
14.6,0.0,70.3,7.0,0.38,0
14.6,0.0,70.3,7.0,0.38,0
15.4,0.0,65.4,7.0,0.2636,1
14.6,0.0,70.3,7.0,0.38,0
14.6,0.0,70.3,7.0,0.38,0
16.7,0.0,65.4,7.0,0.2636,0
14.6,0.0,70.3,7.0,0.38,0
14.6,0.0,70.3,7.0,0.38,0
12.4,0.0,65.4,7.0,0.2636,0
14.6,0.0,70.3,7.0,0.38,0
14.6,0.0,70.3,7.0,0.38,0
14.6,0.0,70.3,7.0,0.38,0
17.4,0.0,85.7,7.0,0.2636,0
18.5,0.0,2.9,7.0,0.1304,0
12.4,0.0,65.4,7.0,0.2636,0
16.7,0.0,65.4,7.0,0.2636,0
16.7,0.0,65.4,7.0,0.2636,0
15.4,0.0,65.4,7.0,0.2636,0
13.8,0.0,65.4,7.0,0.2636,0
17.5,0.0,70.3,7.0,0.37,1
17.5,0.0,70.3,7.0,0.38,0
17.5,0.0,70.3,7.0,0.38,0
16.9,0.0,70.3,7.0,0.38,0
17.6,0.0,64.5,7.0,0.3913,0
17.6,0.0,64.5,7.0,0.3913,0
16.7,0.0,70.3,7.0,0.38,0
16.8,0.0,70.3,7.0,0.37,1
15.3,0.0,70.3,7.0,0.38,0
17.6,0.0,64.5,7.0,0.3804,1
15.3,0.0,70.3,7.0,0.38,0
15.3,0.0,70.3,7.0,0.38,0
15.3,0.0,70.3,7.0,0.38,0
15.3,0.0,70.3,7.0,0.38,0
15.3,0.0,70.3,7.0,0.38,0
16.6,0.0,43.4,7.0,0.1585,0
16.6,0.0,43.4,7.0,0.1585,0
16.6,0.0,43.4,7.0,0.1585,0
16.6,0.0,43.4,7.0,0.1463,1
16.6,0.0,43.4,7.0,0.1463,1
16.6,0.0,43.4,7.0,0.1463,1
16.6,0.0,43.4,7.0,0.1585,0
16.6,0.0,43.4,7.0,0.1585,0
16.6,0.0,43.4,7.0,0.1585,0
16.6,0.0,43.4,7.0,0.1585,0
16.6,0.0,43.4,7.0,0.1585,0
16.6,0.0,43.4,7.0,0.1585,0
16.6,0.0,43.4,7.0,0.1585,0
16.6,0.0,43.4,7.0,0.1585,0
16.6,0.0,43.4,7.0,0.1585,0
16.6,0.0,43.4,7.0,0.1585,0
16.6,0.0,43.4,7.0,0.1585,0
16.6,0.0,43.4,7.0,0.1463,1
16.6,0.0,43.4,7.0,0.1585,0
16.6,0.0,43.4,7.0,0.1585,0
19.2,0.0,64.5,7.0,0.3804,1
17.9,0.0,74.5,7.0,0.2222,0
17.9,0.0,74.5,7.0,0.2222,0
17.9,0.0,74.5,7.0,0.2153,1
17.9,0.0,74.5,7.0,0.2222,0
17.9,0.0,74.5,7.0,0.2153,1
17.9,0.0,74.5,7.0,0.2222,0
18.3,0.0,75.8,7.0,0.2622,0
19.2,0.0,64.5,7.0,0.3804,1
19.1,0.0,75.8,7.0,0.2622,0
17.8,0.0,91.7,7.0,0.0169,0
17.9,0.0,74.5,7.0,0.2153,1
17.9,0.0,74.5,7.0,0.2222,0
17.9,0.0,74.5,7.0,0.2153,1
17.9,0.0,74.5,7.0,0.2222,0
17.9,0.0,74.5,7.0,0.2153,1
17.9,0.0,74.5,7.0,0.2153,1
17.9,0.0,74.5,7.0,0.2153,1
15.1,0.0,100.0,7.0,0.0,0
18.5,0.0,74.5,7.0,0.2222,0
17.8,0.0,66.1,7.0,0.2318,0
17.6,0.0,14.3,7.0,0.4146,1
13.9,0.0,14.3,7.0,0.439,0
15.3,0.0,14.3,7.0,0.439,0
14.0,0.0,28.6,7.0,0.1458,1
14.0,0.0,28.6,7.0,0.1667,0
14.0,0.0,28.6,7.0,0.1458,1
14.0,0.0,28.6,7.0,0.1667,0
14.0,0.0,28.6,7.0,0.1667,0
17.3,0.0,96.2,7.0,0.0,1
14.5,0.0,96.2,7.0,0.013,0
18.9,0.0,96.2,7.0,0.013,0
17.4,0.0,96.2,7.0,0.013,0
12.4,0.0,100.0,7.0,0.0,0
14.0,0.0,100.0,7.0,0.0,0
13.9,0.0,100.0,7.0,0.0,0
12.4,0.0,100.0,7.0,0.0,0
14.0,0.0,100.0,7.0,0.0,0
14.0,0.0,100.0,7.0,0.0,0
14.0,0.0,100.0,7.0,0.0,0
12.4,0.0,100.0,7.0,0.0,0
14.0,0.0,100.0,7.0,0.0,0
14.0,0.0,100.0,7.0,0.0,0
12.4,0.0,100.0,7.0,0.0,0
12.4,0.0,100.0,7.0,0.0,0
14.0,0.0,100.0,7.0,0.0,0
14.0,0.0,100.0,7.0,0.0,0
13.9,0.0,100.0,7.0,0.0,0
14.0,0.0,100.0,7.0,0.0,0
19.7,0.0,69.6,7.0,0.3333,1
16.8,0.0,66.7,7.0,0.2636,0
16.8,0.0,66.7,7.0,0.2636,0
13.7,0.0,66.7,7.0,0.2636,0
20.7,0.0,22.4,7.0,0.1458,0
20.7,0.0,22.4,7.0,0.1458,0
16.5,0.0,7.1,8.0,0.2636,0
15.2,0.0,43.9,7.0,0.1546,0
13.1,0.0,66.1,7.0,0.2273,1
14.7,0.0,88.5,7.0,0.1158,0
14.0,0.0,0.0,7.0,0.0,0
14.7,0.0,0.0,7.0,0.0,0
14.7,0.0,0.0,7.0,0.0,0
13.1,0.0,66.1,7.0,0.2318,0
14.0,0.0,0.0,7.0,0.0,0
14.9,0.0,82.4,7.0,0.0778,0
18.5,0.0,82.4,7.0,0.0778,0
19.4,0.0,52.1,7.0,0.1702,0
13.1,0.0,66.1,7.0,0.2318,0
18.7,0.0,52.1,7.0,0.1702,0
14.7,0.0,0.0,7.0,0.0,0
17.8,0.0,50.7,7.0,0.1515,0
14.0,0.0,0.0,7.0,0.0,0
17.8,0.0,50.7,7.0,0.1515,0
13.1,0.0,66.1,7.0,0.2318,0
12.1,0.0,0.0,7.0,0.0,0
13.3,0.0,0.0,7.0,0.0,0
14.0,0.0,0.0,7.0,0.0,0
14.7,0.0,0.0,7.0,0.0,0
14.0,0.0,0.0,7.0,0.0,0
18.8,0.0,35.7,7.0,0.2636,0
19.4,0.0,35.7,7.0,0.2636,0
15.5,0.0,26.3,7.0,0.2973,0
17.6,0.0,26.3,7.0,0.2703,1
17.6,0.0,26.3,7.0,0.2703,1
17.6,0.0,26.3,7.0,0.2703,1
17.6,0.0,26.3,7.0,0.2973,0
18.9,0.0,16.0,7.0,0.2636,0
18.9,0.0,16.0,8.0,0.2636,1
18.9,0.0,16.0,8.0,0.2636,0
19.6,0.0,16.0,7.0,0.2636,0
18.1,0.0,14.3,7.0,0.1458,0
17.8,0.0,14.3,7.0,0.1458,0
13.3,0.0,0.0,7.0,0.0,0
13.3,0.0,0.0,7.0,0.0,0
13.3,0.0,0.0,7.0,0.0,0
18.4,0.0,61.5,8.0,0.2636,1
19.3,0.0,56.2,7.0,0.2636,1
19.3,0.0,56.2,7.0,0.2636,0
14.0,0.0,0.0,7.0,0.0,0
14.0,0.0,0.0,7.0,0.0,0
19.1,0.0,89.2,7.0,0.1094,0
19.1,0.0,89.2,7.0,0.1094,0
19.0,0.0,61.2,7.0,0.1083,0
19.0,0.0,61.2,7.0,0.1083,0
19.0,0.0,61.2,7.0,0.1083,0
19.0,0.0,61.2,7.0,0.1083,0
19.0,0.0,61.2,7.0,0.1083,0
19.0,0.0,61.2,7.0,0.1083,0
19.0,0.0,61.2,7.0,0.1083,0
19.0,0.0,61.2,7.0,0.1083,0
19.0,0.0,61.2,7.0,0.1083,0
19.0,0.0,61.2,7.0,0.1083,0
19.0,0.0,61.2,7.0,0.1083,0
19.0,0.0,61.2,7.0,0.1083,0
19.0,0.0,61.2,7.0,0.1083,0
19.0,0.0,61.2,7.0,0.1083,0
19.0,0.0,61.2,7.0,0.1083,0
19.0,0.0,61.2,7.0,0.1083,0
19.0,0.0,61.2,7.0,0.1083,0
19.0,0.0,61.2,7.0,0.1083,0
19.0,0.0,61.2,7.0,0.1083,0
19.0,0.0,61.2,7.0,0.1083,0
19.0,0.0,61.2,7.0,0.1083,0
19.0,0.0,61.2,7.0,0.1083,0
19.0,0.0,61.2,7.0,0.1083,0
19.0,0.0,61.2,7.0,0.1083,0
19.0,0.0,61.2,7.0,0.1083,0
19.0,0.0,61.2,7.0,0.1083,0
19.0,0.0,61.2,7.0,0.1083,0
19.0,0.0,61.2,7.0,0.1083,0
19.0,0.0,61.2,7.0,0.1083,0
19.0,0.0,61.2,7.0,0.1083,0
19.0,0.0,61.2,7.0,0.1083,0
19.0,0.0,61.2,7.0,0.1083,0
19.0,0.0,61.2,7.0,0.1083,0
19.0,0.0,61.2,7.0,0.1083,0
19.0,0.0,61.2,7.0,0.1083,0
19.0,0.0,61.2,7.0,0.1083,0
19.0,0.0,61.2,7.0,0.1083,0
19.0,0.0,61.2,7.0,0.1083,0
19.0,0.0,61.2,7.0,0.1083,0
19.0,0.0,61.2,7.0,0.1083,0
19.0,0.0,61.2,7.0,0.1083,0
19.0,0.0,61.2,7.0,0.1083,0
19.0,0.0,61.2,7.0,0.1083,0
19.0,0.0,61.2,7.0,0.1083,0
19.0,0.0,61.2,7.0,0.1083,0
19.0,0.0,61.2,7.0,0.1083,0
19.0,0.0,61.2,7.0,0.1083,0
19.0,0.0,61.2,7.0,0.1083,0
19.0,0.0,61.2,7.0,0.1083,0
20.3,0.0,100.0,7.0,0.0,0
20.3,0.0,100.0,7.0,0.0,0
20.3,0.0,100.0,7.0,0.0,0
20.3,0.0,100.0,7.0,0.0,0
16.3,0.0,78.8,7.0,0.3125,0
19.0,0.0,80.8,7.0,0.1569,0
19.0,0.0,80.8,7.0,0.1569,0
17.0,0.0,80.8,7.0,0.1569,0
18.8,0.0,80.8,7.0,0.1569,0
15.5,0.0,100.0,7.0,0.2636,0
17.6,0.0,70.3,8.0,0.37,1
16.2,1.0,100.0,7.0,0.2636,0
15.3,0.0,70.3,7.0,0.38,0
13.5,0.0,100.0,7.0,0.2636,0
13.1,0.0,66.1,8.0,0.2318,0
13.1,0.0,66.1,8.0,0.2273,1
20.3,0.0,95.2,7.0,0.0,1
19.0,0.0,61.2,7.0,0.1083,0
19.0,0.0,61.2,7.0,0.1083,0
19.0,0.0,61.2,7.0,0.1083,0
19.0,0.0,61.2,7.0,0.1083,0
19.0,0.0,61.2,7.0,0.1083,0
19.0,0.0,61.2,7.0,0.1083,0
19.0,0.0,61.2,7.0,0.1083,0
19.0,0.0,61.2,7.0,0.1083,0
19.0,0.0,61.2,7.0,0.1083,0
19.0,0.0,61.2,7.0,0.1083,0
19.0,0.0,61.2,7.0,0.1083,0
19.0,0.0,61.2,7.0,0.1083,0
16.8,0.0,69.0,7.0,0.2195,0
19.0,0.0,61.2,7.0,0.1083,0
20.4,0.0,68.6,7.0,0.1739,0
19.0,0.0,61.2,7.0,0.1083,0
19.0,0.0,61.2,7.0,0.1083,0
19.0,0.0,61.2,7.0,0.1,1
19.0,0.0,61.2,7.0,0.1083,0
19.0,0.0,61.2,7.0,0.1083,0
19.0,0.0,61.2,7.0,0.1083,0
19.0,0.0,61.2,7.0,0.1083,0
19.0,0.0,61.2,7.0,0.1083,0
19.0,0.0,61.2,7.0,0.1083,0
19.0,0.0,61.2,7.0,0.1083,0
19.0,0.0,61.2,7.0,0.1083,0
19.0,0.0,61.2,7.0,0.1083,0
19.0,0.0,61.2,7.0,0.1083,0
19.0,0.0,61.2,7.0,0.1083,0
19.0,0.0,61.2,7.0,0.1083,0
19.0,0.0,61.2,7.0,0.1083,0
19.0,0.0,61.2,7.0,0.1083,0
19.0,0.0,61.2,7.0,0.1083,0
19.0,0.0,61.2,7.0,0.1083,0
19.0,0.0,61.2,7.0,0.1083,0
19.0,0.0,61.2,7.0,0.1083,0
17.6,0.0,14.3,7.0,0.439,0
18.2,0.0,16.0,7.0,0.2636,0
15.6,0.0,50.0,7.0,0.0286,0
17.8,0.0,50.0,7.0,0.0286,0
15.6,0.0,50.0,7.0,0.0286,0
18.5,0.0,50.0,7.0,0.0286,0
17.8,0.0,50.0,7.0,0.0286,0
15.6,0.0,50.0,7.0,0.0286,0
15.0,0.0,50.0,7.0,0.0286,0
15.3,0.0,50.0,7.0,0.0286,0
18.1,0.0,50.0,7.0,0.0286,0
18.5,0.0,50.0,7.0,0.0286,0
14.2,0.0,26.0,7.0,0.0909,0
12.6,0.0,26.0,7.0,0.0808,1
14.6,0.0,26.0,7.0,0.0909,0
14.6,0.0,26.0,7.0,0.0909,0
14.6,0.0,26.0,7.0,0.0808,1
14.2,0.0,26.0,7.0,0.0909,0
12.6,0.0,26.0,7.0,0.0909,0
14.6,0.0,26.0,7.0,0.0909,0
14.6,0.0,26.0,7.0,0.0909,0
14.2,0.0,26.0,7.0,0.0909,0
19.0,0.0,13.7,7.0,0.1099,0
19.5,0.0,13.7,7.0,0.1099,0
19.5,0.0,13.7,7.0,0.1099,0
19.5,0.0,13.7,7.0,0.1099,0
19.5,0.0,13.7,7.0,0.1099,0
19.5,0.0,13.7,7.0,0.1099,0
19.7,0.0,13.7,8.0,0.1044,1
20.4,0.0,85.7,7.0,0.1441,0
17.6,0.0,14.3,7.0,0.1458,0
17.6,0.0,14.3,7.0,0.1458,0
13.6,0.0,37.2,7.0,0.119,0
19.3,0.0,26.0,7.0,0.0808,1
15.3,0.0,43.4,7.0,0.1585,0
15.3,0.0,43.4,7.0,0.1585,0
15.3,0.0,43.4,7.0,0.1585,0
15.3,0.0,43.4,7.0,0.1585,0
15.3,0.0,43.4,7.0,0.1585,0
15.3,0.0,43.4,7.0,0.1585,0
15.3,0.0,43.4,7.0,0.1585,0
15.3,0.0,43.4,7.0,0.1585,0
15.3,0.0,43.4,7.0,0.1585,0
15.3,0.0,43.4,7.0,0.1585,0
15.3,0.0,43.4,7.0,0.1585,0
15.3,0.0,43.4,7.0,0.1585,0
15.3,0.0,43.4,7.0,0.1585,0
15.3,0.0,43.4,7.0,0.1585,0
15.3,0.0,43.4,7.0,0.1585,0
15.3,0.0,43.4,7.0,0.1585,0
15.3,0.0,43.4,7.0,0.1585,0
15.3,0.0,43.4,7.0,0.1585,0
15.3,0.0,43.4,7.0,0.1585,0
15.3,0.0,43.4,7.0,0.1585,0
15.3,0.0,43.4,7.0,0.1585,0
15.3,0.0,43.4,7.0,0.1585,0
17.5,0.0,100.0,7.0,0.0,0
17.5,0.0,100.0,7.0,0.0,0
17.5,0.0,100.0,7.0,0.0,0
17.5,0.0,100.0,7.0,0.0,0
17.5,0.0,100.0,7.0,0.0,0
18.6,0.0,86.2,7.0,0.3069,0
18.6,0.0,86.2,7.0,0.3069,0
18.6,0.0,86.2,7.0,0.3069,0
18.6,0.0,86.2,7.0,0.3069,0
18.6,0.0,86.2,7.0,0.3069,0
18.6,0.0,86.2,7.0,0.3069,0
18.6,0.0,86.2,7.0,0.3069,0
18.6,0.0,86.2,7.0,0.3069,0
18.6,0.0,86.2,7.0,0.3069,0
14.4,0.0,62.9,7.0,0.1698,0
17.6,0.0,62.9,7.0,0.1698,0
14.4,0.0,62.9,7.0,0.1698,0
14.4,0.0,62.9,7.0,0.1698,0
17.6,0.0,62.9,7.0,0.1698,0
14.4,0.0,62.9,7.0,0.1651,1
17.6,0.0,62.9,7.0,0.1698,0
17.6,0.0,62.9,7.0,0.1698,0
14.4,0.0,62.9,7.0,0.1698,0
17.6,0.0,62.9,7.0,0.1651,1
14.4,0.0,62.9,7.0,0.1698,0
14.4,0.0,62.9,7.0,0.1698,0
16.6,0.0,55.6,7.0,0.2636,0
17.2,0.0,72.3,7.0,0.4745,0
17.2,0.0,72.3,7.0,0.4745,0
17.2,0.0,72.3,7.0,0.4745,0
17.2,0.0,72.3,7.0,0.4745,0
19.7,0.0,72.3,7.0,0.4745,0
19.7,0.0,72.3,7.0,0.4745,0
17.8,0.0,72.3,7.0,0.4745,0
17.8,0.0,72.3,7.0,0.4745,0
19.5,0.0,72.3,7.0,0.4745,0
17.2,0.0,72.3,7.0,0.4745,0
17.2,0.0,72.3,7.0,0.4745,0
17.2,0.0,72.3,7.0,0.4745,0
13.7,0.0,72.3,7.0,0.4745,0
17.2,0.0,72.3,7.0,0.4745,0
17.2,0.0,72.3,7.0,0.4745,0
17.2,0.0,72.3,7.0,0.4745,0
17.2,0.0,72.3,7.0,0.4745,0
17.2,0.0,72.3,7.0,0.4745,0
20.2,0.0,82.4,7.0,0.0778,0
14.4,0.0,62.9,7.0,0.1698,0
17.2,0.0,72.3,7.0,0.4745,0
17.8,0.0,72.3,7.0,0.4745,0
14.0,0.0,62.9,7.0,0.1698,0
17.8,0.0,72.3,7.0,0.4745,0
17.8,0.0,72.3,7.0,0.4745,0
17.8,0.0,72.3,7.0,0.4745,0
17.8,0.0,72.3,7.0,0.4745,0
20.2,0.0,82.4,7.0,0.0778,0
13.0,0.0,72.3,7.0,0.4745,0
14.0,0.0,62.9,7.0,0.1698,0
19.7,0.0,72.3,7.0,0.4706,1
20.2,0.0,82.4,7.0,0.0778,0
14.0,0.0,62.9,7.0,0.1651,1
19.7,0.0,72.3,7.0,0.4706,1
19.7,0.0,72.3,7.0,0.4745,0
20.2,0.0,82.4,7.0,0.0778,0
17.6,0.0,62.9,7.0,0.1698,0
19.7,0.0,72.3,7.0,0.4706,1
18.8,0.0,72.3,7.0,0.4745,0
18.8,0.0,72.3,7.0,0.4745,0
17.6,0.0,62.9,7.0,0.1698,0
17.6,0.0,62.9,7.0,0.1651,1
18.8,0.0,72.3,7.0,0.4745,0
18.8,0.0,72.3,7.0,0.4745,0
18.8,0.0,72.3,7.0,0.4745,0
13.9,0.0,72.3,7.0,0.4745,0
19.2,0.0,47.1,7.0,0.7184,1
19.2,0.0,47.1,7.0,0.7184,1
19.2,0.0,47.1,7.0,0.7184,1
19.2,0.0,47.1,7.0,0.7184,1
19.2,0.0,47.1,7.0,0.7282,0
19.2,0.0,47.1,7.0,0.7282,0
19.2,0.0,47.1,7.0,0.7282,0
19.2,0.0,47.1,7.0,0.7282,0
19.2,0.0,47.1,7.0,0.7282,0
19.2,0.0,47.1,7.0,0.7282,0
19.2,0.0,47.1,7.0,0.7282,0
15.3,0.0,50.7,7.0,0.1515,0
15.3,0.0,50.7,7.0,0.1515,0
18.2,0.0,100.0,7.0,0.2636,0
18.2,0.0,100.0,7.0,0.2636,0
18.2,0.0,100.0,7.0,0.2636,0
19.4,1.0,75.0,7.0,0.2636,0
19.5,1.0,100.0,7.0,0.2636,1
19.4,0.0,75.0,7.0,0.2636,0
18.2,0.0,30.0,7.0,0.2516,0
17.4,0.0,30.0,7.0,0.2516,0
18.2,0.0,30.0,7.0,0.2516,0
18.2,0.0,30.0,7.0,0.2516,0
18.2,0.0,30.0,7.0,0.2516,0
18.2,0.0,30.0,7.0,0.2516,0
18.2,0.0,30.0,7.0,0.2516,0
15.9,0.0,30.0,7.0,0.2516,0
14.9,0.0,30.0,7.0,0.2453,1
14.9,0.0,30.0,7.0,0.2453,1
13.3,0.0,30.0,7.0,0.2453,1
17.9,0.0,86.2,7.0,0.3069,0
17.9,0.0,86.2,7.0,0.3069,0
18.8,0.0,86.2,7.0,0.3069,0
18.6,0.0,86.2,7.0,0.3069,0
18.6,0.0,86.2,7.0,0.3069,0
18.6,0.0,86.2,7.0,0.3069,0
18.6,0.0,86.2,7.0,0.3069,0
18.8,0.0,86.2,7.0,0.3069,0
13.8,0.0,62.9,7.0,0.1651,1
14.4,0.0,62.9,7.0,0.1698,0
17.6,0.0,62.9,7.0,0.1698,0
14.4,0.0,62.9,7.0,0.1698,0
14.4,0.0,62.9,7.0,0.1698,0
14.4,0.0,62.9,7.0,0.1651,1
18.9,0.0,72.2,7.0,0.2286,0
17.6,0.0,62.9,7.0,0.1698,0
17.6,0.0,62.9,7.0,0.1698,0
13.7,0.0,62.9,7.0,0.1698,0
17.6,0.0,62.9,7.0,0.1698,0
17.6,0.0,62.9,7.0,0.1698,0
17.6,0.0,62.9,7.0,0.1698,0
14.4,0.0,62.9,7.0,0.1651,1
14.4,0.0,62.9,7.0,0.1698,0
17.9,0.0,91.8,7.0,0.0417,0
17.8,0.0,91.8,7.0,0.0417,0
17.8,0.0,40.0,7.0,0.2636,1
18.8,0.0,91.8,7.0,0.0417,0
17.8,0.0,40.0,7.0,0.2636,1
17.8,0.0,40.0,7.0,0.2636,0
16.7,0.0,40.0,7.0,0.2636,0
16.7,0.0,40.0,7.0,0.2636,0
16.7,0.0,40.0,7.0,0.2636,0
16.3,0.0,39.4,7.0,0.2315,0
16.3,0.0,39.4,7.0,0.2222,1
19.0,0.0,91.8,7.0,0.0417,0
18.8,0.0,91.8,7.0,0.0417,0
17.6,0.0,0.0,7.0,0.2636,1
16.5,0.0,74.4,7.0,0.3127,1
16.5,0.0,74.4,7.0,0.3158,0
16.5,0.0,74.4,7.0,0.3127,1
16.5,0.0,74.4,7.0,0.3127,1
16.5,0.0,74.4,7.0,0.3127,1
16.5,0.0,74.4,7.0,0.3127,1
16.7,0.0,39.4,7.0,0.2315,0
16.3,0.0,39.4,7.0,0.2222,1
16.3,0.0,39.4,7.0,0.2222,1
19.2,0.0,47.1,7.0,0.7184,1
19.2,0.0,47.1,7.0,0.7184,1
19.2,0.0,47.1,7.0,0.7184,1
19.2,0.0,47.1,7.0,0.7184,1
19.2,0.0,47.1,7.0,0.7184,1
19.2,0.0,47.1,7.0,0.7184,1
19.2,0.0,47.1,7.0,0.7184,1
18.6,0.0,81.1,7.0,0.2149,0
19.2,0.0,47.1,7.0,0.7282,0
19.2,0.0,47.1,7.0,0.7282,0
19.2,0.0,47.1,7.0,0.7282,0
19.2,0.0,47.1,7.0,0.7282,0
19.2,0.0,47.1,7.0,0.7282,0
19.2,0.0,47.1,7.0,0.7184,1
19.2,0.0,47.1,7.0,0.7184,1
19.2,0.0,47.1,7.0,0.7282,0
19.2,0.0,47.1,7.0,0.7282,0
19.2,0.0,47.1,7.0,0.7282,0
19.2,0.0,47.1,7.0,0.7282,0
16.0,0.0,66.1,7.0,0.2318,0
12.8,0.0,68.0,7.0,0.2636,1
17.0,0.0,66.1,7.0,0.2273,1
17.0,0.0,66.1,7.0,0.2318,0
19.2,0.0,47.1,7.0,0.7282,0
19.2,0.0,47.1,7.0,0.7184,1
18.7,0.0,91.8,7.0,0.0417,0
13.8,0.0,74.4,7.0,0.3127,1
13.8,0.0,74.4,7.0,0.3127,1
13.8,0.0,74.4,7.0,0.3127,1
16.3,0.0,74.4,7.0,0.3127,1
16.5,0.0,74.4,7.0,0.3127,1
16.5,0.0,74.4,7.0,0.3158,0
16.5,0.0,74.4,7.0,0.3127,1
16.5,0.0,74.4,7.0,0.3158,0
16.5,0.0,74.4,7.0,0.3158,0
16.5,0.0,74.4,7.0,0.3158,0
16.5,0.0,74.4,7.0,0.3127,1
19.3,0.0,49.3,7.0,0.1176,0
18.3,0.0,49.3,7.0,0.1029,1
19.7,0.0,49.3,7.0,0.1176,0
19.4,0.0,49.3,7.0,0.1176,0
16.6,0.0,49.3,7.0,0.1176,0
13.0,0.0,49.3,7.0,0.1176,0
19.7,0.0,49.3,7.0,0.1176,0
19.4,0.0,49.3,7.0,0.1176,0
19.1,0.0,49.3,7.0,0.1176,0
19.7,0.0,49.3,7.0,0.1176,0
19.4,0.0,49.3,7.0,0.1176,0
16.2,0.0,59.5,7.0,0.3902,0
18.3,0.0,49.3,7.0,0.1029,1
19.7,0.0,49.3,7.0,0.1176,0
19.4,0.0,49.3,7.0,0.1176,0
19.1,0.0,49.3,7.0,0.1176,0
19.4,0.0,76.5,7.0,0.303,1
20.2,0.0,76.5,7.0,0.3333,0
20.2,0.0,76.5,7.0,0.3333,0
12.8,0.0,68.0,7.0,0.2636,1
12.8,0.0,68.0,7.0,0.2636,0
20.0,0.0,66.7,7.0,0.2636,0
14.4,0.0,68.0,7.0,0.2636,0
17.0,0.0,76.5,7.0,0.303,1
16.4,0.0,76.5,7.0,0.303,1
20.1,0.0,71.4,7.0,0.4182,0
20.1,0.0,71.4,7.0,0.4182,0
20.1,0.0,71.4,7.0,0.4182,0
20.1,0.0,71.4,7.0,0.4182,0
20.1,0.0,71.4,7.0,0.4,1
20.1,0.0,71.4,7.0,0.4,1
20.1,0.0,71.4,7.0,0.4,1
20.1,0.0,71.4,7.0,0.4,1
20.1,0.0,71.4,7.0,0.4,1
17.8,0.0,70.6,7.0,0.2636,0
20.3,0.0,70.6,7.0,0.2636,0
20.3,0.0,70.6,7.0,0.2636,0
20.4,0.0,93.3,7.0,0.2636,0
20.3,0.0,70.6,7.0,0.2636,1
17.8,0.0,35.7,7.0,0.2636,1
19.8,0.0,74.6,7.0,0.4286,0
18.4,0.0,74.6,7.0,0.4286,0
20.3,0.0,70.6,7.0,0.2636,0
20.3,0.0,70.6,7.0,0.2636,0
18.4,0.0,74.6,7.0,0.4143,1
18.4,0.0,74.6,7.0,0.4143,1
18.4,0.0,74.6,7.0,0.4143,1
18.4,0.0,74.6,7.0,0.4143,1
18.4,0.0,74.6,7.0,0.4143,1
18.4,0.0,74.6,7.0,0.4143,1
18.4,0.0,74.6,7.0,0.4143,1
18.4,0.0,74.6,7.0,0.4143,1
18.4,0.0,74.6,7.0,0.4143,1
18.4,0.0,74.6,7.0,0.4143,1
18.4,0.0,74.6,7.0,0.4143,1
18.4,0.0,74.6,7.0,0.4143,1
19.4,0.0,92.1,7.0,0.0667,0
20.2,0.0,70.0,7.0,0.2636,0
17.6,0.0,74.6,7.0,0.4143,1
17.6,0.0,74.6,7.0,0.4143,1
16.7,0.0,82.4,9.0,0.0667,1
16.7,0.0,74.6,7.0,0.4286,0
18.4,0.0,74.6,7.0,0.4143,1
16.3,0.0,45.0,7.0,0.3077,0
18.4,0.0,74.6,7.0,0.4143,1
20.3,2.0,70.6,7.0,0.2636,0
14.4,0.0,74.4,7.0,0.3127,1
14.4,0.0,74.4,7.0,0.3158,0
14.0,0.0,74.4,7.0,0.3127,1
14.0,0.0,74.4,7.0,0.3127,1
20.2,0.0,92.1,7.0,0.0667,0
20.2,0.0,92.1,7.0,0.0667,0
20.2,0.0,92.1,7.0,0.0667,0
20.2,0.0,92.1,7.0,0.0667,0
17.8,0.0,90.8,7.0,0.0667,0
20.2,0.0,92.1,7.0,0.0667,0
20.2,0.0,92.1,7.0,0.0667,0
20.2,0.0,92.1,7.0,0.0667,0
20.2,0.0,92.1,7.0,0.0667,0
20.2,0.0,92.1,7.0,0.0667,0
17.8,0.0,91.7,7.0,0.2636,0
15.5,0.0,60.7,7.0,0.2922,1
20.2,0.0,92.1,7.0,0.0667,0
19.9,0.0,70.2,7.0,0.2611,0
16.6,0.0,60.7,7.0,0.2922,1
20.2,0.0,92.1,7.0,0.0667,0
19.7,0.0,41.6,7.0,0.3207,0
20.2,0.0,92.1,7.0,0.0667,0
15.5,0.0,72.4,7.0,0.1733,0
15.5,0.0,72.4,7.0,0.1733,0
19.9,0.0,70.2,7.0,0.2611,0
19.9,0.0,70.2,7.0,0.2611,0
14.0,0.0,60.7,7.0,0.2963,0
20.2,0.0,92.1,7.0,0.0667,0
19.7,0.0,41.6,7.0,0.3207,0
19.7,0.0,41.6,7.0,0.3207,0
14.0,0.0,60.7,7.0,0.2963,0
19.9,0.0,70.2,7.0,0.2611,0
19.9,0.0,70.2,7.0,0.2611,0
15.5,0.0,60.7,7.0,0.2922,1
20.2,0.0,92.1,7.0,0.0667,0
19.5,0.0,60.7,7.0,0.2922,1
19.7,0.0,41.6,7.0,0.3207,0
20.2,0.0,92.1,7.0,0.0667,0
19.7,0.0,41.6,7.0,0.3207,0
19.7,0.0,41.6,7.0,0.3207,0
18.6,0.0,75.6,7.0,0.2921,0
18.6,0.0,75.6,7.0,0.2921,0
18.6,0.0,75.6,7.0,0.2921,0
18.6,0.0,75.6,7.0,0.2921,0
18.6,0.0,75.6,7.0,0.2921,0
18.6,0.0,75.6,7.0,0.2809,1
18.6,0.0,75.6,7.0,0.2809,1
20.1,0.0,74.6,7.0,0.4286,0
20.1,0.0,74.6,7.0,0.4286,0
19.7,0.0,41.6,7.0,0.3207,0
20.1,0.0,74.6,7.0,0.4286,0
20.1,0.0,74.6,7.0,0.4286,0
20.1,0.0,74.6,7.0,0.4286,0
20.1,0.0,74.6,7.0,0.4286,0
19.7,0.0,41.6,7.0,0.3207,0
20.1,0.0,74.6,7.0,0.4286,0
19.7,0.0,41.6,7.0,0.3207,0
20.1,0.0,74.6,7.0,0.4286,0
20.1,0.0,74.6,7.0,0.4286,0
20.1,0.0,74.6,7.0,0.4286,0
17.8,0.0,74.6,7.0,0.4143,1
19.3,0.0,41.6,7.0,0.3152,1
19.3,0.0,41.6,7.0,0.3152,1
17.8,0.0,74.6,7.0,0.4286,0
19.3,0.0,41.6,7.0,0.3152,1
17.8,0.0,74.6,7.0,0.4143,1
19.3,0.0,41.6,7.0,0.3152,1
19.3,0.0,41.6,7.0,0.3152,1
19.3,0.0,41.6,7.0,0.3152,1
19.3,0.0,41.6,7.0,0.3152,1
17.8,0.0,74.6,7.0,0.4143,1
19.3,0.0,41.6,7.0,0.3152,1
17.8,0.0,74.6,7.0,0.4143,1
19.3,0.0,41.6,7.0,0.3152,1
17.8,0.0,74.6,7.0,0.4143,1
19.3,0.0,41.6,7.0,0.3152,1
20.3,0.0,74.6,7.0,0.4286,0
19.3,0.0,41.6,7.0,0.3152,1
17.8,0.0,91.7,7.0,0.2636,0
19.3,0.0,41.6,7.0,0.3152,1
16.5,0.0,74.4,7.0,0.3158,0
19.5,0.0,74.4,7.0,0.3158,0
19.5,0.0,74.4,7.0,0.3158,0
17.0,0.0,74.4,7.0,0.3158,0
17.0,0.0,74.4,7.0,0.3127,1
14.4,0.0,74.4,7.0,0.3158,0
14.4,0.0,74.4,7.0,0.3127,1
18.4,0.0,41.6,7.0,0.3152,1
19.7,0.0,41.6,7.0,0.3207,0
17.8,0.0,90.8,7.0,0.0667,0
19.7,0.0,41.6,7.0,0.3152,1
14.2,0.0,95.2,7.0,0.2636,0
18.1,0.0,90.8,8.0,0.125,1
12.0,0.0,90.8,8.0,0.1406,0
17.0,0.0,47.2,7.0,0.0909,0
14.7,0.0,88.5,7.0,0.1158,0
19.6,0.0,88.5,7.0,0.1158,0
18.0,0.0,55.6,7.0,0.2636,0
18.0,0.0,55.6,7.0,0.2636,1
18.0,0.0,55.6,7.0,0.2636,1
16.4,0.0,91.8,7.0,0.0417,0
19.5,0.0,61.3,7.0,0.3919,0
16.9,0.0,61.3,7.0,0.3919,0
19.5,0.0,61.3,7.0,0.3919,0
19.5,0.0,61.3,7.0,0.3919,0
19.1,0.0,61.3,7.0,0.3919,0
19.5,0.0,61.3,7.0,0.3919,0
19.5,0.0,61.3,7.0,0.3919,0
18.4,0.0,69.6,7.0,0.3333,1
19.7,0.0,69.6,7.0,0.3333,1
17.7,0.0,69.6,7.0,0.3556,0
19.7,1.0,69.6,7.0,0.3333,1
19.7,0.0,69.6,7.0,0.3333,1
19.5,0.0,78.8,7.0,0.3165,0
19.7,0.0,78.8,7.0,0.3038,1
16.9,0.0,61.3,7.0,0.3919,0
16.9,0.0,61.3,7.0,0.3784,1
19.5,0.0,61.3,7.0,0.3919,0
19.5,0.0,61.3,7.0,0.3919,0
19.1,0.0,61.3,7.0,0.3919,0
16.9,0.0,61.3,7.0,0.3919,0
19.5,0.0,61.3,7.0,0.3919,0
19.5,0.0,61.3,7.0,0.3784,1
19.5,0.0,61.3,7.0,0.3919,0
19.9,0.0,61.9,7.0,0.3735,1
19.9,0.0,61.9,7.0,0.3855,0
18.1,0.0,61.9,7.0,0.3735,1
19.9,0.0,61.9,7.0,0.3855,0
19.9,0.0,61.9,7.0,0.3855,0
19.9,0.0,61.9,7.0,0.3855,0
19.9,0.0,61.9,7.0,0.3855,0
19.9,0.0,61.9,7.0,0.3735,1
19.9,0.0,61.9,7.0,0.3855,0
19.9,0.0,61.9,7.0,0.3855,0
19.9,0.0,61.9,7.0,0.3855,0
19.2,0.0,61.9,7.0,0.3855,0
17.0,0.0,47.2,7.0,0.0909,0
13.2,0.0,96.8,7.0,0.0,0
14.2,0.0,96.8,7.0,0.0,0
18.1,1.0,0.0,7.0,0.2636,1
19.0,0.0,56.5,7.0,0.807,1
19.0,0.0,56.5,7.0,0.807,1
19.0,0.0,56.5,7.0,0.807,1
19.0,0.0,56.5,7.0,0.807,1
16.8,1.0,56.5,7.0,0.807,1
16.8,0.0,56.5,7.0,0.807,1
19.0,0.0,56.5,7.0,0.807,1
16.8,0.0,56.5,7.0,0.807,1
20.3,0.0,92.1,7.0,0.0667,0
13.0,0.0,84.2,7.0,0.2636,0
19.0,0.0,100.0,7.0,0.2636,1
19.0,0.0,100.0,7.0,0.2636,1
19.0,0.0,100.0,7.0,0.2636,1
19.0,0.0,100.0,7.0,0.2636,1
19.0,0.0,100.0,7.0,0.2636,1
19.0,0.0,100.0,7.0,0.2636,1
19.0,0.0,100.0,7.0,0.2636,0
19.0,0.0,100.0,7.0,0.2636,1
19.5,0.0,0.0,7.0,0.1714,0
18.9,0.0,7.7,7.0,0.2636,0
20.0,0.0,0.0,7.0,0.1714,0
18.4,0.0,78.2,7.0,0.4074,0
19.8,1.0,46.7,7.0,0.4615,0
18.7,0.0,62.7,7.0,0.3276,0
18.5,0.0,50.0,7.0,0.122,0
17.9,0.0,14.3,7.0,0.4146,1
12.3,0.0,60.0,7.0,0.2636,1
12.3,0.0,60.0,7.0,0.2636,0
12.3,0.0,60.0,7.0,0.2636,1
12.5,0.0,60.0,7.0,0.2636,1
12.5,0.0,60.0,7.0,0.2636,0
12.5,0.0,60.0,7.0,0.2636,1
12.3,0.0,60.0,7.0,0.2636,0
12.3,0.0,60.0,7.0,0.2636,0
12.3,0.0,60.0,7.0,0.2636,1
12.5,0.0,60.0,7.0,0.2636,1
12.5,0.0,60.0,7.0,0.2636,0
12.5,0.0,60.0,7.0,0.2636,0
12.5,0.0,60.0,7.0,0.2636,0
12.5,0.0,60.0,7.0,0.2636,1
12.5,0.0,60.0,7.0,0.2636,1
20.0,0.0,55.3,9.0,0.3514,1
17.6,0.0,14.3,7.0,0.1458,0
13.0,0.0,14.3,7.0,0.1458,0
18.6,0.0,69.3,7.0,0.3882,0
18.6,0.0,100.0,7.0,0.2636,1
19.0,0.0,100.0,7.0,0.2636,0
19.0,0.0,100.0,7.0,0.2636,0
19.0,0.0,100.0,7.0,0.2636,0
19.0,0.0,100.0,7.0,0.2636,0
19.0,0.0,100.0,7.0,0.2636,0
19.0,0.0,100.0,7.0,0.2636,1
19.0,0.0,100.0,7.0,0.2636,1
19.4,0.0,51.9,7.0,0.3774,0
18.5,0.0,91.6,7.0,0.0588,0
17.8,0.0,60.7,7.0,0.2922,1
17.8,0.0,60.7,7.0,0.2922,1
13.8,0.0,37.5,7.0,0.2636,0
13.8,0.0,37.5,7.0,0.2636,0
13.3,0.0,37.5,7.0,0.2636,0
13.8,0.0,37.5,7.0,0.2636,0
13.3,0.0,37.5,7.0,0.2636,0
13.8,0.0,37.5,7.0,0.2636,1
13.3,0.0,37.5,7.0,0.2636,1
13.3,0.0,37.5,7.0,0.2636,0
13.8,0.0,37.5,7.0,0.2636,0
13.3,0.0,37.5,7.0,0.2636,1
13.3,0.0,37.5,7.0,0.2636,0
20.2,0.0,82.4,7.0,0.0778,0
20.2,0.0,82.4,7.0,0.0778,0
20.2,0.0,82.4,7.0,0.0778,0
17.6,0.0,42.5,7.0,0.578,0
13.3,0.0,32.0,7.0,0.2636,0
17.6,0.0,42.5,7.0,0.5723,1
12.1,0.0,32.0,7.0,0.2636,0
17.1,0.0,32.0,7.0,0.2636,0
17.6,0.0,42.5,7.0,0.578,0
17.6,0.0,42.5,7.0,0.578,0
17.1,0.0,32.0,7.0,0.2636,0
17.6,0.0,81.0,7.0,0.0843,0
17.6,0.0,81.0,7.0,0.0843,0
17.6,0.0,81.0,7.0,0.0843,0
17.6,0.0,81.0,7.0,0.0843,0
16.9,0.0,81.0,7.0,0.0843,0
17.6,0.0,81.0,7.0,0.0843,0
17.6,0.0,81.0,7.0,0.0843,0
17.6,0.0,81.0,7.0,0.0843,0
17.6,0.0,81.0,7.0,0.0843,0
17.6,0.0,81.0,7.0,0.0843,0
17.6,0.0,81.0,7.0,0.0843,0
17.6,0.0,81.0,7.0,0.0843,0
17.6,0.0,81.0,7.0,0.0843,0
17.6,0.0,81.0,7.0,0.0843,0
16.9,0.0,81.0,7.0,0.0843,0
17.6,0.0,81.0,7.0,0.0843,0
17.6,0.0,81.0,7.0,0.0843,0
17.6,0.0,81.0,7.0,0.0843,0
18.3,0.0,81.0,7.0,0.0843,0
18.3,0.0,81.0,7.0,0.0723,1
13.3,0.0,81.0,7.0,0.0843,0
13.3,0.0,81.0,7.0,0.0843,0
20.5,0.0,41.9,7.0,0.1429,0
20.5,0.0,41.9,7.0,0.1429,0
19.9,0.0,80.9,7.0,0.1404,0
12.4,0.0,70.3,7.0,0.37,1
12.4,0.0,70.3,7.0,0.37,1
19.1,0.0,54.9,7.0,0.18,1
19.1,0.0,54.9,7.0,0.18,1
20.1,0.0,71.4,7.0,0.4,1
18.4,0.0,14.3,7.0,0.125,1
14.4,0.0,14.3,7.0,0.1458,0
17.9,0.0,63.8,7.0,0.3796,1
18.4,0.0,21.3,7.0,0.7,0
18.5,0.0,62.2,7.0,0.0309,0
18.5,0.0,62.2,7.0,0.0309,0
18.5,0.0,62.2,7.0,0.0309,0
20.1,0.0,62.2,7.0,0.0309,0
20.0,0.0,62.2,7.0,0.0206,1
18.5,0.0,62.2,7.0,0.0309,0
18.0,0.0,63.8,7.0,0.3796,1
18.7,0.0,93.0,7.0,0.0476,0
17.9,0.0,63.8,7.0,0.3796,1
18.7,0.0,93.0,7.0,0.0238,1
19.9,0.0,60.9,7.0,0.6618,0
20.0,0.0,64.1,7.0,0.3492,0
19.8,0.0,60.9,7.0,0.6471,1
19.8,0.0,60.9,7.0,0.6471,1
15.3,0.0,60.9,7.0,0.6618,0
17.3,0.0,60.9,7.0,0.6471,1
19.8,0.0,60.9,7.0,0.6471,1
18.9,0.0,0.0,7.0,0.2636,0
13.8,0.0,37.5,7.0,0.2636,0
17.4,0.0,0.0,7.0,0.2636,0
17.6,0.0,42.5,7.0,0.578,0
16.4,0.0,32.0,7.0,0.2636,0
17.6,0.0,42.5,7.0,0.5723,1
17.6,0.0,42.5,7.0,0.578,0
17.6,0.0,42.5,7.0,0.578,0
17.6,0.0,42.5,7.0,0.578,0
17.6,0.0,42.5,7.0,0.578,0
17.6,0.0,42.5,7.0,0.578,0
17.6,0.0,42.5,7.0,0.5723,1
17.6,0.0,42.5,7.0,0.578,0
18.4,0.0,55.7,7.0,0.9615,0
16.7,0.0,65.4,7.0,0.2636,0
17.9,0.0,54.9,7.0,0.18,1
18.6,0.0,54.9,7.0,0.2,0
18.6,0.0,54.9,7.0,0.2,0
18.6,0.0,54.9,7.0,0.2,0
18.6,0.0,54.9,7.0,0.2,0
18.6,0.0,54.9,7.0,0.2,0
18.6,0.0,54.9,7.0,0.18,1
18.6,0.0,54.9,7.0,0.18,1
18.6,0.0,54.9,7.0,0.2,0
18.6,0.0,54.9,7.0,0.2,0
18.6,0.0,54.9,7.0,0.2,0
18.6,0.0,54.9,7.0,0.2,0
18.6,0.0,54.9,7.0,0.2,0
18.6,0.0,54.9,7.0,0.18,1
18.6,0.0,54.9,7.0,0.2,0
18.6,0.0,54.9,7.0,0.2,0
18.6,0.0,54.9,7.0,0.18,1
19.1,0.0,54.9,7.0,0.2,0
18.8,0.0,54.9,7.0,0.2,0
18.5,0.0,87.8,7.0,0.1507,1
17.8,1.0,90.8,7.0,0.0533,1
18.5,0.0,50.0,7.0,0.122,0
18.5,0.0,50.0,7.0,0.122,0
18.5,0.0,50.0,7.0,0.122,0
17.3,0.0,50.0,7.0,0.122,0
17.2,0.0,50.0,7.0,0.122,0
17.6,0.0,82.9,7.0,0.0588,0
19.5,0.0,60.9,7.0,0.6471,1
20.0,0.0,64.1,7.0,0.3492,0
15.8,0.0,60.9,7.0,0.6471,1
19.2,0.0,64.1,7.0,0.3492,0
13.0,0.0,100.0,7.0,0.2636,0
17.0,0.0,90.0,7.0,0.155,1
18.7,0.0,90.0,7.0,0.1628,0
20.0,0.0,69.3,7.0,0.3816,1
20.0,0.0,69.3,7.0,0.3816,1
20.0,0.0,69.3,7.0,0.3816,1
18.4,0.0,69.3,7.0,0.3882,0
19.2,0.0,69.2,7.0,0.4706,0
20.2,0.0,76.9,7.0,0.3271,0
18.4,0.0,69.3,7.0,0.3882,0
16.9,0.0,69.3,7.0,0.3882,0
17.2,0.0,69.3,7.0,0.3882,0
18.6,0.0,69.3,7.0,0.3882,0
18.6,0.0,69.3,7.0,0.3882,0
19.0,0.0,56.5,7.0,0.807,1
15.0,0.0,69.0,7.0,0.2195,0
20.0,0.0,69.3,7.0,0.3882,0
18.3,0.0,69.3,7.0,0.3816,1
16.9,0.0,69.3,7.0,0.3816,1
17.6,0.0,69.3,7.0,0.3882,0
19.7,0.0,13.7,7.0,0.1099,0
18.4,0.0,69.3,7.0,0.3816,1
14.9,0.0,37.2,7.0,0.119,0
19.7,0.0,13.7,7.0,0.1044,1
19.7,0.0,13.7,7.0,0.1044,1
17.8,0.0,94.0,7.0,0.435,0
14.6,0.0,26.0,7.0,0.0909,0
14.6,0.0,26.0,7.0,0.0909,0
14.6,0.0,26.0,7.0,0.0808,1
15.6,0.0,26.0,7.0,0.0909,0
15.6,0.0,26.0,7.0,0.0909,0
14.6,0.0,89.2,7.0,0.0978,0
15.1,0.0,89.2,7.0,0.0978,0
15.1,0.0,89.2,7.0,0.0978,0
15.1,0.0,89.2,7.0,0.0978,0
15.1,0.0,89.2,7.0,0.0978,0
15.1,0.0,89.2,7.0,0.0978,0
15.9,0.0,89.2,7.0,0.0978,0
15.1,0.0,89.2,7.0,0.0978,0
12.5,0.0,50.0,7.0,0.122,0
18.7,0.0,97.1,7.0,0.0909,0
18.7,0.0,97.1,7.0,0.0606,1
18.7,0.0,97.1,7.0,0.0909,0
18.7,0.0,97.1,7.0,0.0909,0
18.7,0.0,97.1,7.0,0.0909,0
18.7,0.0,97.1,7.0,0.0909,0
18.7,0.0,97.1,7.0,0.0909,0
18.8,0.0,97.1,7.0,0.0909,0
18.8,0.0,97.1,7.0,0.0909,0
18.7,0.0,97.1,7.0,0.0909,0
18.7,0.0,97.1,7.0,0.0909,0
18.7,0.0,97.1,7.0,0.0909,0
18.7,0.0,97.1,7.0,0.0909,0
18.8,0.0,97.1,7.0,0.0909,0
20.2,0.0,82.4,7.0,0.0778,0
20.2,0.0,82.4,7.0,0.0778,0
19.8,1.0,70.6,7.0,0.2636,1
19.1,0.0,50.0,7.0,0.122,0
17.9,0.0,62.9,7.0,0.1698,0
13.4,0.0,62.9,7.0,0.1698,0
13.4,0.0,62.9,7.0,0.1698,0
17.9,0.0,62.9,7.0,0.1698,0
17.9,0.0,62.9,7.0,0.1698,0
17.9,0.0,62.9,7.0,0.1698,0
14.6,0.0,89.2,7.0,0.0978,0
15.0,0.0,100.0,7.0,0.0,0
14.0,0.0,100.0,7.0,0.0,0
13.9,0.0,100.0,7.0,0.0,0
12.4,0.0,100.0,7.0,0.0,0
17.8,0.0,60.7,7.0,0.2922,1
16.9,0.0,29.2,7.0,0.6071,1
15.1,0.0,90.8,7.0,0.125,1
17.2,0.0,0.0,7.0,0.2636,1
12.0,0.0,100.0,7.0,0.2636,0
18.5,0.0,93.3,7.0,0.2636,0
12.6,0.0,69.2,7.0,0.4706,0
19.5,0.0,75.8,8.0,0.6923,1
14.8,0.0,69.2,8.0,0.4706,0
14.8,0.0,69.2,8.0,0.4706,0
19.6,0.0,55.9,7.0,0.4706,0
19.6,0.0,55.9,7.0,0.4706,0
19.6,0.0,55.9,7.0,0.4706,0
19.6,0.0,55.9,7.0,0.4706,0
19.6,0.0,55.9,7.0,0.4706,0
18.7,0.0,90.0,7.0,0.1628,0
18.7,0.0,55.9,7.0,0.4652,1
18.7,0.0,55.9,7.0,0.4652,1
12.6,0.0,74.4,9.0,0.3127,1
18.7,0.0,55.9,7.0,0.4652,1
18.7,0.0,55.9,7.0,0.4652,1
17.9,0.0,28.6,7.0,0.1667,0
17.9,0.0,28.6,7.0,0.1667,0
17.9,0.0,28.6,7.0,0.1667,0
17.9,0.0,28.6,7.0,0.1667,0
17.9,0.0,28.6,7.0,0.1667,0
17.9,0.0,28.6,7.0,0.1667,0
16.0,0.0,28.6,7.0,0.1667,0
17.9,0.0,28.6,7.0,0.1667,0
18.7,0.0,55.9,7.0,0.4652,1
17.9,0.0,28.6,7.0,0.1667,0
18.7,0.0,90.0,7.0,0.1628,0
18.6,0.0,95.6,7.0,0.0455,0
18.6,0.0,95.6,7.0,0.0455,0
18.6,0.0,95.6,7.0,0.0455,0
18.6,0.0,95.6,7.0,0.0455,0
18.6,0.0,95.6,7.0,0.0455,0
18.6,0.0,95.6,7.0,0.0455,0
18.7,0.0,55.9,7.0,0.4652,1
18.7,0.0,90.0,7.0,0.1628,0
18.7,0.0,55.9,7.0,0.4652,1
18.7,0.0,55.9,7.0,0.4652,1
18.7,0.0,55.9,7.0,0.4652,1
18.7,0.0,55.9,7.0,0.4652,1
18.7,0.0,55.9,7.0,0.4652,1
18.7,0.0,55.9,7.0,0.4652,1
18.7,0.0,55.9,7.0,0.4652,1
14.9,0.0,91.7,7.0,0.0169,0
13.9,0.0,100.0,7.0,0.2636,0
13.9,0.0,100.0,7.0,0.2636,0
13.9,0.0,100.0,7.0,0.2636,0
15.2,0.0,100.0,7.0,0.2636,0
13.9,0.0,100.0,7.0,0.2636,0
15.7,0.0,100.0,7.0,0.2636,0
15.7,0.0,100.0,7.0,0.2636,0
15.7,0.0,100.0,7.0,0.2636,0
15.1,0.0,89.2,7.0,0.0978,0
15.1,0.0,89.2,7.0,0.0978,0
15.1,0.0,89.2,7.0,0.087,1
16.7,0.0,89.2,7.0,0.0978,0
15.1,0.0,89.2,7.0,0.0978,0
15.1,0.0,89.2,7.0,0.0978,0
20.1,0.0,36.7,7.0,0.3559,1
19.6,0.0,55.9,7.0,0.4706,0
19.6,0.0,55.9,7.0,0.4706,0
19.6,0.0,55.9,7.0,0.4706,0
17.9,0.0,62.9,7.0,0.1698,0
17.9,0.0,62.9,7.0,0.1698,0
14.4,0.0,62.9,7.0,0.1698,0
13.7,0.0,62.9,7.0,0.1698,0
14.4,0.0,62.9,7.0,0.1698,0
13.7,0.0,62.9,7.0,0.1698,0
17.9,0.0,62.9,7.0,0.1698,0
17.9,0.0,62.9,7.0,0.1698,0
13.8,0.0,62.9,8.0,0.1698,0
13.7,0.0,62.9,7.0,0.1651,1
17.9,0.0,62.9,7.0,0.1698,0
17.9,0.0,62.9,7.0,0.1698,0
17.9,0.0,62.9,7.0,0.1698,0
17.9,0.0,62.9,7.0,0.1698,0
17.9,0.0,62.9,7.0,0.1698,0
18.6,0.0,95.6,7.0,0.0455,0
17.9,0.0,62.9,7.0,0.1698,0
17.9,0.0,62.9,7.0,0.1698,0
18.8,0.0,57.1,7.0,0.2636,1
17.9,0.0,62.9,7.0,0.1698,0
17.9,0.0,62.9,7.0,0.1698,0
17.9,0.0,62.9,7.0,0.1698,0
17.9,0.0,62.9,7.0,0.1698,0
17.9,0.0,62.9,7.0,0.1698,0
17.9,0.0,62.9,7.0,0.1698,0
17.9,0.0,62.9,7.0,0.1698,0
17.9,0.0,62.9,7.0,0.1698,0
17.9,0.0,62.9,7.0,0.1698,0
19.9,0.0,95.6,7.0,0.0227,1
18.6,0.0,95.6,7.0,0.0455,0
15.7,0.0,43.8,7.0,0.2581,1
15.3,0.0,75.5,7.0,0.0385,0
15.3,0.0,75.5,7.0,0.0385,0
15.7,0.0,43.8,7.0,0.2581,1
16.5,0.0,7.1,7.0,0.2636,0
17.6,0.0,81.0,7.0,0.0843,0
16.0,0.0,6.9,7.0,0.2636,0
17.6,0.0,81.0,7.0,0.0843,0
17.6,0.0,81.0,7.0,0.0843,0
17.6,0.0,81.0,7.0,0.0843,0
16.9,0.0,81.0,7.0,0.0843,0
17.6,0.0,81.0,7.0,0.0843,0
17.7,0.0,73.5,7.0,0.0366,0
13.7,0.0,92.2,7.0,0.1951,0
14.2,0.0,92.2,7.0,0.1951,0
16.9,0.0,92.2,7.0,0.1902,1
15.3,0.0,92.2,7.0,0.1951,0
15.3,0.0,92.2,7.0,0.1951,0
17.9,0.0,92.2,7.0,0.1902,1
12.1,0.0,92.2,7.0,0.1951,0
14.0,0.0,76.1,7.0,0.538,1
14.0,0.0,76.1,7.0,0.538,1
14.0,0.0,76.1,7.0,0.538,1
18.7,0.0,90.0,7.0,0.1628,0
18.7,0.0,90.0,7.0,0.1628,0
17.9,0.0,90.0,7.0,0.1628,0
18.7,0.0,90.0,7.0,0.1628,0
15.3,0.0,90.0,7.0,0.1628,0
17.9,0.0,90.0,7.0,0.1628,0
17.9,0.0,90.0,7.0,0.1628,0
14.0,0.0,76.1,7.0,0.538,1
14.0,0.0,76.1,7.0,0.538,1
12.1,0.0,92.2,7.0,0.1951,0
14.0,0.0,76.1,7.0,0.538,1
17.0,0.0,92.2,7.0,0.1951,0
14.0,0.0,76.1,7.0,0.538,1
14.0,0.0,76.1,7.0,0.538,1
16.9,0.0,92.2,7.0,0.1951,0
15.3,0.0,92.2,7.0,0.1951,0
17.0,0.0,92.2,7.0,0.1951,0
18.3,0.0,92.2,7.0,0.1951,0
18.0,1.0,33.3,7.0,0.2636,0
14.2,0.0,62.9,7.0,0.1698,0
18.3,0.0,92.2,7.0,0.1902,1
14.4,0.0,92.2,7.0,0.1951,0
17.9,0.0,62.9,7.0,0.1698,0
17.9,0.0,62.9,7.0,0.1651,1
17.9,0.0,62.9,7.0,0.1698,0
18.3,0.0,92.2,7.0,0.1951,0
13.7,0.0,62.9,7.0,0.1698,0
17.9,0.0,62.9,7.0,0.1698,0
12.6,0.0,53.2,9.0,0.0984,0
16.8,0.0,92.2,7.0,0.1951,0
16.8,0.0,92.2,7.0,0.1951,0
16.8,0.0,92.2,7.0,0.1951,0
16.8,0.0,92.2,7.0,0.1951,0
16.8,0.0,92.2,7.0,0.1951,0
16.8,0.0,92.2,7.0,0.1951,0
12.6,0.0,53.2,7.0,0.0984,0
17.8,0.0,72.6,9.0,0.234,0
16.5,0.0,72.6,9.0,0.234,0
16.5,0.0,72.6,9.0,0.234,0
15.3,0.0,72.6,9.0,0.234,0
16.1,0.0,92.2,7.0,0.1951,0
16.1,0.0,92.2,7.0,0.1902,1
16.1,0.0,92.2,7.0,0.1902,1
16.1,0.0,92.2,7.0,0.1951,0
16.1,0.0,92.2,7.0,0.1902,1
16.1,0.0,92.2,7.0,0.1951,0
16.1,0.0,92.2,7.0,0.1902,1
16.1,0.0,92.2,7.0,0.1951,0
17.9,0.0,92.2,7.0,0.1951,0
17.9,0.0,92.2,7.0,0.1951,0
17.9,0.0,92.2,7.0,0.1951,0
17.6,0.0,81.0,7.0,0.0843,0
17.6,0.0,81.0,7.0,0.0843,0
15.1,0.0,5.1,7.0,0.6316,0
15.1,0.0,5.1,7.0,0.6316,0
15.1,0.0,5.1,7.0,0.6316,0
15.1,0.0,5.1,7.0,0.6053,1
15.1,0.0,5.1,7.0,0.6053,1
15.1,0.0,5.1,7.0,0.6053,1
15.1,0.0,5.1,7.0,0.6053,1
15.4,0.0,5.1,7.0,0.6316,0
12.2,0.0,95.5,7.0,0.2636,0
20.1,0.0,57.9,7.0,0.4107,1
20.1,0.0,57.9,7.0,0.4286,0
19.2,0.0,47.1,7.0,0.7282,0
19.2,0.0,47.1,7.0,0.7282,0
19.2,0.0,47.1,7.0,0.7282,0
19.2,0.0,47.1,7.0,0.7282,0
19.2,0.0,47.1,7.0,0.7282,0
19.2,0.0,47.1,7.0,0.7282,0
19.2,0.0,47.1,7.0,0.7282,0
19.2,0.0,47.1,7.0,0.7282,0
19.2,0.0,47.1,7.0,0.7282,0
19.2,0.0,47.1,7.0,0.7282,0
19.4,0.0,74.4,7.0,0.3158,0
19.4,0.0,74.4,7.0,0.3158,0
19.4,0.0,74.4,7.0,0.3158,0
18.1,0.0,74.4,7.0,0.3158,0
19.4,0.0,74.4,7.0,0.3158,0
19.4,0.0,74.4,7.0,0.3158,0
19.4,0.0,74.4,7.0,0.3158,0
19.4,0.0,74.4,7.0,0.3158,0
19.4,0.0,74.4,7.0,0.3158,0
19.4,0.0,74.4,7.0,0.3158,0
19.1,0.0,74.4,7.0,0.3158,0
19.4,0.0,74.4,7.0,0.3158,0
19.4,0.0,74.4,7.0,0.3158,0
19.4,0.0,74.4,7.0,0.3158,0
19.4,0.0,74.4,7.0,0.3158,0
19.7,0.0,80.6,8.0,0.0761,0
15.1,0.0,89.2,7.0,0.0978,0
15.1,0.0,89.2,7.0,0.0978,0
15.1,0.0,89.2,7.0,0.0978,0
15.1,0.0,89.2,7.0,0.0978,0
15.1,0.0,89.2,7.0,0.0978,0
19.7,0.0,80.6,8.0,0.0761,0
15.3,0.0,75.5,7.0,0.0385,0
15.3,0.0,75.5,7.0,0.0385,0
15.3,0.0,75.5,7.0,0.0385,0
17.8,0.0,92.2,7.0,0.1951,0
17.8,0.0,92.2,7.0,0.1951,0
17.8,0.0,92.2,7.0,0.1951,0
17.8,0.0,92.2,7.0,0.1951,0
17.8,0.0,92.2,7.0,0.1951,0
17.8,0.0,92.2,7.0,0.1951,0
19.5,0.0,56.7,7.0,0.322,0
19.5,0.0,56.7,7.0,0.322,0
17.1,0.0,87.9,7.0,0.1713,0
14.0,0.0,87.9,7.0,0.1657,1
13.0,0.0,79.5,7.0,0.2632,0
15.8,0.0,75.5,7.0,0.0385,0
15.5,0.0,89.2,7.0,0.0978,0
15.1,0.0,89.2,7.0,0.0978,0
19.5,0.0,56.7,7.0,0.3051,1
15.3,0.0,75.5,7.0,0.0385,0
15.3,0.0,75.5,7.0,0.0385,0
15.3,0.0,75.5,7.0,0.0192,1
19.5,0.0,56.7,7.0,0.322,0
18.5,0.0,57.9,7.0,0.4286,0
19.5,0.0,56.7,7.0,0.322,0
18.6,0.0,56.7,7.0,0.322,0
19.5,0.0,56.7,7.0,0.322,0
12.4,0.0,75.5,7.0,0.0385,0
16.3,0.0,89.2,7.0,0.0978,0
14.9,0.0,89.2,7.0,0.087,1
19.5,0.0,56.7,7.0,0.3051,1
16.4,0.0,90.9,8.0,0.0938,0
19.5,0.0,56.7,7.0,0.3051,1
19.5,0.0,56.7,7.0,0.3051,1
15.1,0.0,89.2,7.0,0.0978,0
13.5,0.0,75.5,7.0,0.0385,0
13.5,0.0,75.5,7.0,0.0385,0
13.3,0.0,75.5,8.0,0.0385,0
13.5,0.0,75.5,7.0,0.0385,0
13.5,0.0,75.5,7.0,0.0385,0
13.5,0.0,75.5,7.0,0.0385,0
13.5,0.0,75.5,7.0,0.0385,0
13.5,0.0,75.5,7.0,0.0385,0
13.5,0.0,75.5,7.0,0.0385,0
13.5,0.0,75.5,7.0,0.0385,0
19.3,0.0,76.1,7.0,0.1778,0
19.0,0.0,72.0,7.0,0.1837,1
13.5,0.0,75.5,7.0,0.0385,0
15.6,0.0,72.0,7.0,0.1837,1
13.3,0.0,75.5,7.0,0.0385,0
13.3,0.0,75.5,7.0,0.0385,0
15.6,0.0,76.1,7.0,0.1556,1
13.8,0.0,76.1,7.0,0.1556,1
12.6,0.0,63.0,7.0,0.1509,0
19.0,0.0,72.0,7.0,0.2041,0
19.3,0.0,72.0,7.0,0.2041,0
13.3,0.0,75.5,7.0,0.0385,0
19.7,0.0,76.1,7.0,0.1778,0
12.6,0.0,63.0,7.0,0.1509,0
18.0,0.0,84.6,7.0,0.2285,1
15.6,0.0,84.6,7.0,0.2299,0
12.4,0.0,70.3,7.0,0.37,1
12.4,0.0,70.3,7.0,0.37,1
16.0,0.0,70.3,7.0,0.37,1
16.0,0.0,70.3,7.0,0.37,1
16.2,0.0,70.3,7.0,0.37,1
16.2,0.0,70.3,7.0,0.37,1
16.2,0.0,70.3,7.0,0.37,1
16.2,0.0,70.3,7.0,0.37,1
13.5,0.0,70.3,7.0,0.37,1
16.2,0.0,70.3,7.0,0.37,1
13.5,0.0,70.3,7.0,0.37,1
12.9,0.0,70.3,7.0,0.37,1
16.0,0.0,70.3,7.0,0.37,1
15.5,0.0,93.1,7.0,0.2636,0
16.9,0.0,66.7,7.0,0.2636,1
20.0,0.0,98.2,7.0,0.0228,0
16.9,0.0,66.7,7.0,0.2636,1
15.8,0.0,93.1,7.0,0.2636,0
16.6,0.0,93.1,7.0,0.2636,0
20.0,0.0,98.2,7.0,0.0228,0
20.4,0.0,98.2,7.0,0.0228,0
20.0,0.0,98.2,7.0,0.0228,0
18.5,0.0,72.0,7.0,0.2041,0
18.5,0.0,72.0,7.0,0.2041,0
19.0,0.0,72.0,7.0,0.1837,1
17.5,0.0,63.0,7.0,0.1509,0
17.5,0.0,63.0,7.0,0.1509,0
15.0,0.0,63.0,7.0,0.1509,0
17.5,0.0,63.0,7.0,0.1509,0
17.5,0.0,63.0,7.0,0.1509,0
18.2,0.0,76.1,7.0,0.1778,0
18.4,0.0,72.0,7.0,0.2041,0
16.5,0.0,7.1,7.0,0.2636,0
17.8,0.0,14.3,7.0,0.125,1
15.7,0.0,43.8,7.0,0.2581,1
14.8,0.0,56.5,7.0,0.8158,0
12.5,0.0,7.1,7.0,0.2636,0
12.5,0.0,7.1,7.0,0.2636,0
14.8,0.0,56.5,7.0,0.807,1
13.3,0.0,7.1,7.0,0.2636,0
13.3,0.0,7.1,7.0,0.2636,0
15.6,0.0,55.6,9.0,0.2636,0
16.5,0.0,7.1,7.0,0.2636,0
15.7,0.0,43.8,7.0,0.2903,0
15.7,0.0,43.8,7.0,0.2581,1
15.7,0.0,43.8,7.0,0.2903,0
19.7,0.0,80.6,7.0,0.0761,0
17.9,0.0,43.8,7.0,0.2903,0
19.7,0.0,80.6,7.0,0.0761,0
15.7,0.0,43.8,7.0,0.2903,0
19.7,0.0,80.6,7.0,0.0761,0
19.7,0.0,80.6,7.0,0.0652,1
17.2,0.0,75.8,7.0,0.2622,0
19.7,0.0,80.6,8.0,0.0761,0
15.7,0.0,43.8,7.0,0.2903,0
17.9,0.0,43.8,7.0,0.2903,0
19.7,0.0,80.6,8.0,0.0761,0
17.9,0.0,43.8,7.0,0.2903,0
13.3,0.0,7.1,7.0,0.2636,1
15.7,0.0,43.8,7.0,0.2903,0
15.7,0.0,43.8,7.0,0.2903,0
15.0,0.0,43.8,7.0,0.2903,0
15.0,0.0,43.8,7.0,0.2903,0
15.0,0.0,43.8,7.0,0.2903,0
19.0,0.0,94.4,7.0,0.2636,1
15.0,0.0,43.8,7.0,0.2903,0
15.7,0.0,43.8,7.0,0.2581,1
15.9,0.0,76.3,7.0,0.0,0
15.9,0.0,76.3,7.0,0.0,0
15.9,0.0,76.3,7.0,0.0,0
15.9,0.0,76.3,7.0,0.0,0
15.9,0.0,76.3,7.0,0.0,0
15.9,0.0,76.3,7.0,0.0,0
15.9,0.0,76.3,7.0,0.0,0
15.9,0.0,76.3,7.0,0.0,0
15.9,0.0,76.3,7.0,0.0,0
15.9,0.0,76.3,7.0,0.0,0
15.9,0.0,76.3,7.0,0.0,0
15.9,0.0,76.3,7.0,0.0,0
15.9,0.0,76.3,7.0,0.0,0
15.9,0.0,76.3,7.0,0.0,0
15.9,0.0,76.3,7.0,0.0,0
15.9,0.0,76.3,7.0,0.0,0
16.0,0.0,76.3,7.0,0.0,0
15.9,0.0,76.3,7.0,0.0,0
15.9,0.0,76.3,7.0,0.0,0
15.9,0.0,76.3,7.0,0.0,0
15.9,0.0,76.3,7.0,0.0,0
15.9,0.0,76.3,7.0,0.0,0
15.9,0.0,76.3,7.0,0.0,0
15.9,0.0,76.3,7.0,0.0,0
15.9,0.0,76.3,7.0,0.0,0
15.9,0.0,76.3,7.0,0.0,0
15.9,0.0,76.3,7.0,0.0,0
15.9,0.0,76.3,7.0,0.0,0
15.9,0.0,76.3,7.0,0.0,0
15.9,0.0,76.3,7.0,0.0,0
15.9,0.0,76.3,7.0,0.0,0
15.9,0.0,76.3,7.0,0.0,0
15.9,0.0,76.3,7.0,0.0,0
15.9,0.0,76.3,7.0,0.0,0
15.9,0.0,76.3,7.0,0.0,0
15.9,0.0,76.3,7.0,0.0,0
15.9,0.0,76.3,7.0,0.0,0
15.9,0.0,76.3,7.0,0.0,0
15.9,0.0,76.3,7.0,0.0,0
15.9,0.0,76.3,7.0,0.0,0
15.7,0.0,43.8,7.0,0.2903,0
15.5,0.0,100.0,7.0,0.2636,0
15.7,0.0,43.8,7.0,0.2903,0
19.1,0.0,50.0,7.0,0.2113,0
19.3,0.0,63.4,7.0,0.325,1
17.8,0.0,50.0,7.0,0.2113,0
13.1,0.0,50.0,7.0,0.2113,0
15.3,0.0,29.2,7.0,0.6071,1
15.3,0.0,29.2,7.0,0.6071,1
15.3,0.0,29.2,7.0,0.6071,1
15.3,0.0,29.2,7.0,0.6071,1
13.5,0.0,53.2,9.0,0.0984,0
17.6,0.0,22.7,7.0,0.8308,1
17.6,0.0,22.7,7.0,0.8308,1
15.8,0.0,93.1,7.0,0.2636,0
16.9,0.0,93.1,7.0,0.2636,0
15.6,0.0,93.1,7.0,0.2636,0
15.2,0.0,93.1,7.0,0.2636,0
18.9,0.0,59.7,7.0,0.4789,0
18.6,0.0,59.7,7.0,0.4789,0
18.9,0.0,59.7,7.0,0.4789,0
18.9,0.0,59.7,7.0,0.4789,0
17.7,0.0,59.7,7.0,0.4648,1
15.9,0.0,33.3,7.0,0.2636,0
18.9,0.0,59.7,7.0,0.4789,0
15.2,0.0,91.6,7.0,0.0588,0
15.2,0.0,91.6,7.0,0.0588,0
15.2,0.0,91.6,7.0,0.0588,0
15.2,0.0,91.6,7.0,0.0588,0
14.6,0.0,91.6,7.0,0.0588,0
19.3,0.0,63.4,7.0,0.35,0
19.0,0.0,81.8,7.0,0.2636,0
19.1,0.0,81.8,7.0,0.2636,0
19.1,0.0,63.4,7.0,0.325,1
19.1,0.0,63.4,7.0,0.35,0
16.9,0.0,50.7,7.0,0.1515,0
19.1,0.0,63.4,7.0,0.35,0
16.9,0.0,50.7,7.0,0.1515,0
19.1,0.0,63.4,7.0,0.35,0
19.1,0.0,63.4,7.0,0.35,0
16.0,0.0,93.2,7.0,0.0855,0
19.0,0.0,93.2,7.0,0.0855,0
19.8,0.0,70.6,7.0,0.2636,0
19.8,0.0,70.6,7.0,0.2636,1
19.8,0.0,70.6,7.0,0.2636,1
19.3,0.0,52.1,7.0,0.1489,1
19.5,0.0,52.1,7.0,0.1702,0
19.5,0.0,52.1,7.0,0.1702,0
19.5,0.0,52.1,7.0,0.1702,0
19.5,0.0,52.1,7.0,0.1489,1
19.4,0.0,82.4,7.0,0.0778,0
16.9,0.0,50.7,7.0,0.1515,0
17.9,0.0,26.0,7.0,0.5972,1
17.9,0.0,26.0,7.0,0.5972,1
18.6,0.0,81.1,7.0,0.2149,0
14.1,0.0,81.1,7.0,0.2149,0
14.6,0.0,87.9,7.0,0.1713,0
12.4,0.0,70.3,7.0,0.37,1
14.6,0.0,87.9,7.0,0.1657,1
14.6,0.0,87.9,7.0,0.1713,0
14.6,0.0,87.9,7.0,0.1713,0
18.1,0.0,81.1,7.0,0.2149,0
16.8,0.0,81.1,7.0,0.2149,0
18.6,0.0,81.1,7.0,0.2149,0
18.6,0.0,95.6,7.0,0.0455,0
18.6,0.0,81.1,7.0,0.2066,1
19.4,0.0,64.0,7.0,0.6452,0
19.4,0.0,64.0,7.0,0.6452,0
19.4,0.0,64.0,7.0,0.6452,0
19.4,0.0,64.0,7.0,0.6452,0
15.1,0.0,89.2,7.0,0.087,1
16.8,0.0,95.5,7.0,0.2636,0
19.8,1.0,83.8,7.0,0.0058,0
18.5,0.0,42.5,7.0,0.1608,0
18.5,0.0,42.5,7.0,0.1608,0
18.5,0.0,42.5,7.0,0.1608,0
18.5,0.0,42.5,7.0,0.1608,0
18.5,0.0,42.5,7.0,0.1608,0
18.5,0.0,42.5,7.0,0.1608,0
18.5,0.0,42.5,7.0,0.1558,1
18.5,0.0,42.5,7.0,0.1608,0
18.5,0.0,42.5,7.0,0.1558,1
18.5,0.0,42.5,7.0,0.1608,0
17.9,0.0,91.7,7.0,0.2636,0
17.9,0.0,26.0,7.0,0.5972,1
17.9,0.0,26.0,7.0,0.6111,0
17.9,0.0,26.0,7.0,0.5972,1
17.9,0.0,26.0,8.0,0.5972,1
17.9,0.0,26.0,7.0,0.5972,1
17.9,0.0,26.0,7.0,0.5972,1
17.9,0.0,26.0,7.0,0.5972,1
17.9,0.0,26.0,7.0,0.5972,1
17.9,0.0,26.0,7.0,0.5972,1
19.1,0.0,74.4,7.0,0.3158,0
19.1,0.0,74.4,7.0,0.3158,0
19.4,0.0,74.4,7.0,0.3158,0
19.4,0.0,74.4,7.0,0.3158,0
19.4,0.0,74.4,7.0,0.3158,0
19.4,0.0,74.4,7.0,0.3158,0
19.1,0.0,74.4,7.0,0.3158,0
19.4,0.0,74.4,7.0,0.3158,0
19.4,0.0,74.4,7.0,0.3158,0
19.4,0.0,74.4,7.0,0.3158,0
19.4,0.0,74.4,7.0,0.3158,0
19.1,0.0,74.4,7.0,0.3158,0
19.4,0.0,74.4,7.0,0.3158,0
19.3,0.0,26.0,7.0,0.0909,0
19.4,0.0,74.4,7.0,0.3158,0
19.3,0.0,63.4,7.0,0.325,1
19.0,0.0,94.4,7.0,0.2636,1
19.0,0.0,63.4,7.0,0.35,0
19.0,0.0,63.4,7.0,0.35,0
19.2,0.0,13.7,7.0,0.1044,1
14.6,0.0,37.2,8.0,0.119,0
15.3,0.0,26.3,7.0,0.2703,1
15.1,0.0,26.3,7.0,0.2973,0
17.6,0.0,26.3,7.0,0.2703,1
13.9,2.0,91.7,7.0,0.2636,0
18.5,0.0,50.0,7.0,0.122,0
18.5,0.0,50.0,7.0,0.122,0
18.5,0.0,50.0,7.0,0.122,0
17.2,0.0,50.0,7.0,0.0976,1
17.2,0.0,50.0,7.0,0.122,0
15.6,0.0,50.0,7.0,0.122,0
14.6,0.0,50.0,7.0,0.122,0
15.6,0.0,50.0,7.0,0.122,0
18.5,0.0,50.0,7.0,0.122,0
15.0,0.0,82.9,7.0,0.0588,0
15.9,0.0,82.9,7.0,0.0588,0
17.6,0.0,26.3,7.0,0.2703,1
17.6,0.0,26.3,7.0,0.2703,1
15.3,0.0,26.3,8.0,0.2973,0
19.3,0.0,76.1,7.0,0.1778,0
17.2,0.0,100.0,7.0,0.2636,0
17.2,0.0,100.0,7.0,0.2636,0
17.2,0.0,100.0,7.0,0.2636,0
17.2,0.0,100.0,7.0,0.2636,0
17.2,0.0,100.0,7.0,0.2636,0
17.2,0.0,100.0,7.0,0.2636,0
17.2,0.0,100.0,7.0,0.2636,0
17.2,0.0,100.0,7.0,0.2636,0
17.2,0.0,100.0,7.0,0.2636,0
17.2,0.0,100.0,7.0,0.2636,0
17.2,0.0,100.0,7.0,0.2636,0
18.2,0.0,72.0,7.0,0.2041,0
18.2,0.0,72.0,7.0,0.2041,0
18.2,0.0,72.0,7.0,0.2041,0
18.2,0.0,72.0,7.0,0.2041,0
18.2,0.0,72.0,7.0,0.2041,0
18.2,0.0,72.0,7.0,0.2041,0
18.2,0.0,72.0,7.0,0.2041,0
18.2,0.0,72.0,7.0,0.2041,0
18.2,0.0,72.0,7.0,0.2041,0
18.2,0.0,72.0,7.0,0.2041,0
18.2,0.0,72.0,7.0,0.2041,0
18.2,0.0,72.0,7.0,0.2041,0
18.2,0.0,72.0,7.0,0.2041,0
19.7,0.0,89.5,7.0,0.2636,0
18.2,0.0,72.0,7.0,0.2041,0
18.2,0.0,72.0,7.0,0.2041,0
18.2,0.0,72.0,7.0,0.2041,0
16.0,0.0,73.5,7.0,0.0179,0
14.9,0.0,73.5,7.0,0.0179,0
15.1,0.0,73.5,7.0,0.0179,0
16.0,0.0,73.5,7.0,0.0179,0
18.4,0.0,76.1,7.0,0.1556,1
18.5,0.0,76.1,7.0,0.1556,1
19.7,0.0,76.1,7.0,0.1556,1
19.0,0.0,72.0,7.0,0.1837,1
19.0,0.0,72.0,7.0,0.2041,0
19.0,0.0,72.0,7.0,0.1837,1
17.8,0.0,76.1,7.0,0.1556,1
18.2,0.0,72.0,7.0,0.1837,1
19.0,0.0,56.5,7.0,0.807,1
18.5,0.0,42.5,7.0,0.1608,0
18.5,0.0,42.5,7.0,0.1608,0
18.5,0.0,42.5,7.0,0.1608,0
18.5,0.0,42.5,7.0,0.1608,0
18.5,0.0,42.5,7.0,0.1608,0
19.0,0.0,56.5,7.0,0.807,1
19.7,0.0,42.5,7.0,0.1558,1
19.7,0.0,42.5,7.0,0.1608,0
19.7,0.0,42.5,7.0,0.1608,0
18.8,0.0,42.5,7.0,0.1608,0
19.7,0.0,42.5,7.0,0.1608,0
19.7,0.0,42.5,7.0,0.1608,0
19.7,0.0,42.5,7.0,0.1608,0
18.1,0.0,98.7,7.0,0.0405,0
18.1,0.0,98.7,7.0,0.0405,0
18.1,0.0,98.7,7.0,0.027,1
18.1,0.0,98.7,7.0,0.0405,0
18.1,0.0,98.7,7.0,0.0405,0
18.1,0.0,98.7,7.0,0.0405,0
18.1,0.0,98.7,7.0,0.0405,0
18.1,0.0,98.7,7.0,0.0405,0
18.1,0.0,98.7,7.0,0.0405,0
18.1,0.0,98.7,7.0,0.0405,0
18.1,0.0,98.7,7.0,0.027,1
18.1,0.0,98.7,7.0,0.0405,0
18.1,0.0,98.7,7.0,0.0405,0
18.1,0.0,98.7,7.0,0.0405,0
18.1,0.0,98.7,7.0,0.0405,0
18.1,0.0,98.7,7.0,0.0405,0
18.1,0.0,98.7,7.0,0.0405,0
18.1,0.0,98.7,7.0,0.0405,0
18.1,0.0,98.7,7.0,0.0405,0
18.1,0.0,98.7,7.0,0.0405,0
18.1,0.0,98.7,7.0,0.0405,0
18.1,0.0,98.7,7.0,0.0405,0
18.1,0.0,98.7,7.0,0.0405,0
18.1,0.0,98.7,7.0,0.0405,0
18.7,0.0,72.2,7.0,0.2286,0
18.7,0.0,72.2,7.0,0.2286,0
18.2,0.0,72.2,7.0,0.2286,0
18.5,0.0,66.1,7.0,0.2318,0
14.1,0.0,80.3,7.0,0.3385,0
14.1,0.0,80.3,7.0,0.3385,0
14.1,0.0,80.3,7.0,0.3385,0
14.1,0.0,80.3,8.0,0.3385,0
19.1,0.0,80.3,7.0,0.3231,1
19.1,0.0,80.3,7.0,0.3385,0
17.8,0.0,76.1,7.0,0.1556,1
18.8,0.0,76.1,7.0,0.1778,0
13.8,0.0,76.1,7.0,0.1778,0
19.2,0.0,0.0,7.0,0.2636,1
13.4,0.0,86.2,7.0,0.302,1
15.7,0.0,84.4,7.0,0.1929,1
15.7,0.0,84.4,7.0,0.1929,1
15.7,0.0,84.4,7.0,0.1929,1
15.7,0.0,84.4,7.0,0.1929,1
15.7,0.0,84.4,7.0,0.1929,1
20.0,0.0,69.3,7.0,0.3816,1
15.7,0.0,84.4,7.0,0.1929,1
15.7,0.0,84.4,7.0,0.1929,1
15.7,0.0,84.4,7.0,0.1929,1
15.7,0.0,84.4,7.0,0.1929,1
16.6,0.0,92.2,7.0,0.1951,0
14.6,0.0,92.2,7.0,0.1951,0
16.3,0.0,92.2,7.0,0.1951,0
14.6,0.0,92.2,7.0,0.1951,0
19.5,0.0,76.9,7.0,0.7163,0
19.5,0.0,76.9,7.0,0.7163,0
19.5,0.0,76.9,7.0,0.7163,0
19.5,0.0,76.9,7.0,0.7163,0
19.5,0.0,76.9,7.0,0.7163,0
19.5,0.0,76.9,7.0,0.7163,0
19.5,0.0,76.9,7.0,0.7163,0
19.5,0.0,76.9,7.0,0.7163,0
19.5,0.0,76.9,7.0,0.7163,0
19.5,0.0,76.9,7.0,0.7156,1
19.5,0.0,76.9,7.0,0.7163,0
19.5,0.0,76.9,7.0,0.7163,0
19.5,0.0,76.9,7.0,0.7163,0
19.0,0.0,57.9,7.0,0.4286,0
17.4,0.0,80.8,7.0,0.2636,1
17.4,0.0,80.8,7.0,0.2636,1
17.4,0.0,80.8,7.0,0.2636,1
17.5,0.0,63.0,7.0,0.1509,0
17.8,0.0,5.0,7.0,0.0606,1
17.9,0.0,5.0,7.0,0.0707,0
17.8,0.0,5.0,7.0,0.0707,0
17.9,0.0,5.0,7.0,0.0707,0
17.9,0.0,5.0,7.0,0.0707,0
17.9,0.0,5.0,7.0,0.0707,0
17.9,0.0,5.0,7.0,0.0707,0
17.9,0.0,5.0,7.0,0.0707,0
17.9,0.0,5.0,7.0,0.0707,0
17.9,0.0,5.0,7.0,0.0707,0
17.9,0.0,5.0,7.0,0.0707,0
13.5,0.0,76.9,9.0,0.7163,0
14.1,0.0,76.9,9.0,0.7163,0
18.8,0.0,89.2,7.0,0.1094,0
16.6,0.0,35.3,7.0,0.2636,1
16.6,0.0,35.3,7.0,0.2636,1
17.4,0.0,80.8,7.0,0.2636,0
17.4,0.0,80.8,7.0,0.2636,0
17.4,0.0,80.8,7.0,0.2636,0
17.4,0.0,80.8,7.0,0.2636,0
17.4,0.0,80.8,7.0,0.2636,0
15.8,0.0,5.0,7.0,0.0707,0
15.8,0.0,5.0,7.0,0.0707,0
15.8,0.0,5.0,7.0,0.0707,0
15.8,0.0,5.0,7.0,0.0707,0
15.8,0.0,5.0,7.0,0.0707,0
15.8,0.0,5.0,7.0,0.0707,0
15.8,0.0,5.0,7.0,0.0707,0
15.8,0.0,5.0,7.0,0.0707,0
15.8,0.0,5.0,7.0,0.0707,0
15.8,0.0,5.0,7.0,0.0707,0
15.8,0.0,5.0,7.0,0.0707,0
15.8,0.0,5.0,7.0,0.0707,0
15.8,0.0,5.0,7.0,0.0707,0
15.8,0.0,5.0,7.0,0.0707,0
15.8,0.0,5.0,7.0,0.0707,0
15.8,0.0,5.0,7.0,0.0707,0
15.8,0.0,5.0,7.0,0.0707,0
15.8,0.0,5.0,7.0,0.0707,0
15.8,0.0,5.0,7.0,0.0707,0
15.8,0.0,5.0,7.0,0.0707,0
15.8,0.0,5.0,7.0,0.0707,0
15.8,0.0,5.0,7.0,0.0707,0
15.8,0.0,5.0,7.0,0.0707,0
15.8,0.0,5.0,7.0,0.0707,0
15.8,0.0,5.0,7.0,0.0707,0
15.8,0.0,5.0,7.0,0.0707,0
15.8,0.0,5.0,7.0,0.0707,0
15.8,0.0,5.0,7.0,0.0606,1
15.8,0.0,5.0,7.0,0.0707,0
15.8,0.0,5.0,7.0,0.0707,0
15.8,0.0,5.0,7.0,0.0707,0
15.9,0.0,5.0,7.0,0.0707,0
16.0,0.0,5.0,7.0,0.0707,0
15.9,0.0,5.0,7.0,0.0707,0
16.0,0.0,5.0,7.0,0.0707,0
15.9,0.0,5.0,7.0,0.0707,0
15.9,0.0,5.0,7.0,0.0606,1
16.6,0.0,35.3,7.0,0.2636,1
16.6,0.0,35.3,7.0,0.2636,1
16.6,0.0,35.3,7.0,0.2636,1
16.6,0.0,35.3,7.0,0.2636,1
16.2,0.0,88.4,7.0,0.009,0
16.2,0.0,88.4,7.0,0.009,0
16.2,0.0,88.4,7.0,0.009,0
16.2,0.0,88.4,7.0,0.009,0
16.2,0.0,88.4,7.0,0.009,0
16.2,0.0,88.4,7.0,0.009,0
16.2,0.0,88.4,7.0,0.009,0
16.2,0.0,88.4,7.0,0.009,0
16.2,0.0,88.4,7.0,0.009,0
16.2,0.0,88.4,7.0,0.009,0
16.2,0.0,88.4,7.0,0.009,0
16.2,0.0,88.4,7.0,0.009,0
16.2,0.0,88.4,7.0,0.009,0
16.2,0.0,88.4,7.0,0.009,0
16.2,0.0,88.4,7.0,0.009,0
16.2,0.0,88.4,7.0,0.009,0
16.2,0.0,88.4,7.0,0.009,0
16.2,0.0,88.4,7.0,0.009,0
16.2,0.0,88.4,7.0,0.009,0
16.2,0.0,88.4,7.0,0.009,0
16.2,0.0,88.4,7.0,0.009,0
16.6,0.0,35.3,7.0,0.2636,1
19.6,0.0,64.8,7.0,0.4488,0
19.6,0.0,64.8,7.0,0.4488,0
19.6,0.0,64.8,7.0,0.4488,0
14.8,0.0,91.6,7.0,0.0588,0
15.2,0.0,91.6,7.0,0.0588,0
15.2,0.0,91.6,7.0,0.0588,0
15.2,0.0,91.6,7.0,0.0588,0
15.1,0.0,5.1,7.0,0.6053,1
14.5,0.0,5.1,7.0,0.6053,1
14.5,0.0,5.1,7.0,0.6053,1
14.5,0.0,5.1,7.0,0.6053,1
14.5,0.0,5.1,7.0,0.6053,1
15.1,0.0,5.1,7.0,0.6053,1
14.5,0.0,5.1,7.0,0.6053,1
14.5,0.0,5.1,7.0,0.6316,0
14.5,0.0,5.1,7.0,0.6053,1
15.1,0.0,5.1,7.0,0.6053,1
14.9,0.0,86.2,7.0,0.302,1
20.0,0.0,86.2,7.0,0.302,1
14.4,0.0,96.5,7.0,0.0118,0
17.2,0.0,50.0,7.0,0.122,0
18.3,0.0,94.0,7.0,0.435,0
18.3,0.0,94.0,7.0,0.435,0
19.5,0.0,78.6,7.0,0.2636,0
13.6,0.0,66.1,7.0,0.2273,1
14.1,0.0,66.1,7.0,0.2273,1
13.6,0.0,66.1,7.0,0.2273,1
14.1,0.0,66.1,7.0,0.2318,0
13.6,0.0,66.1,7.0,0.2273,1
14.1,0.0,40.0,7.0,0.4684,0
13.6,0.0,66.1,7.0,0.2273,1
14.1,0.0,40.0,7.0,0.4684,0
14.1,0.0,40.0,7.0,0.4684,0
14.1,0.0,40.0,7.0,0.4684,0
19.8,0.0,73.7,7.0,0.2636,0
14.1,0.0,66.1,7.0,0.2273,1
18.5,0.0,66.1,7.0,0.2318,0
18.0,0.0,66.1,7.0,0.2318,0
18.5,0.0,66.1,7.0,0.2318,0
17.8,0.0,66.1,7.0,0.2318,0
18.6,0.0,59.5,8.0,0.3902,0
19.5,0.0,59.5,7.0,0.3902,0
17.6,0.0,72.0,8.0,0.2636,0
18.5,0.0,66.1,7.0,0.2318,0
17.1,0.0,66.1,7.0,0.2273,1
17.8,0.0,66.1,7.0,0.2318,0
17.8,0.0,66.1,7.0,0.2318,0
19.7,0.0,87.8,8.0,0.0959,0
18.6,0.0,6.0,7.0,0.2576,0
18.6,0.0,6.0,7.0,0.2576,0
18.6,0.0,6.0,7.0,0.2576,0
18.6,0.0,6.0,7.0,0.2424,1
18.6,0.0,6.0,7.0,0.2576,0
17.1,0.0,6.0,7.0,0.2576,0
18.6,0.0,6.0,7.0,0.2576,0
18.6,0.0,6.0,7.0,0.2576,0
18.6,0.0,6.0,7.0,0.2576,0
18.6,0.0,6.0,7.0,0.2576,0
12.0,0.0,6.0,7.0,0.2576,0
18.6,0.0,6.0,7.0,0.2576,0
18.6,0.0,6.0,7.0,0.2576,0
18.6,0.0,6.0,7.0,0.2576,0
18.6,0.0,6.0,7.0,0.2576,0
14.4,0.0,6.0,7.0,0.2576,0
19.4,0.0,87.8,8.0,0.0959,0
19.4,0.0,87.8,8.0,0.0959,0
19.5,0.0,66.1,7.0,0.2318,0
19.0,0.0,66.1,7.0,0.2318,0
19.2,0.0,87.8,8.0,0.0959,0
18.5,0.0,66.1,7.0,0.2318,0
19.5,0.0,66.1,7.0,0.2318,0
18.6,0.0,6.0,7.0,0.2576,0
18.6,0.0,6.0,7.0,0.2424,1
18.6,0.0,6.0,7.0,0.2424,1
16.8,0.0,6.0,7.0,0.2576,0
18.6,0.0,6.0,7.0,0.2576,0
18.6,0.0,6.0,7.0,0.2576,0
18.6,0.0,6.0,7.0,0.2576,0
18.1,0.0,6.0,7.0,0.2576,0
14.9,0.0,6.0,7.0,0.2576,0
19.7,0.0,87.8,8.0,0.0959,0
19.5,0.0,66.1,7.0,0.2318,0
19.7,0.0,87.8,8.0,0.0959,0
19.0,0.0,66.1,7.0,0.2318,0
18.6,0.0,6.0,7.0,0.2576,0
17.4,0.0,6.0,7.0,0.2576,0
19.4,0.0,87.8,8.0,0.0959,0
18.6,0.0,6.0,7.0,0.2576,0
15.8,0.0,38.2,7.0,0.1791,0
15.8,0.0,38.2,7.0,0.1642,1
15.8,0.0,38.2,7.0,0.1791,0
15.9,0.0,38.2,7.0,0.1791,0
14.9,0.0,38.2,7.0,0.1791,0
15.9,0.0,38.2,7.0,0.1791,0
15.9,0.0,38.2,7.0,0.1791,0
14.8,0.0,38.2,7.0,0.1791,0
13.6,0.0,38.2,7.0,0.1791,0
13.6,0.0,38.2,7.0,0.1791,0
14.9,0.0,6.0,7.0,0.2424,1
18.6,0.0,6.0,7.0,0.2576,0
18.6,0.0,6.0,7.0,0.2424,1
14.4,0.0,6.0,7.0,0.2424,1
18.6,0.0,6.0,7.0,0.2576,0
18.6,0.0,6.0,7.0,0.2424,1
16.8,0.0,6.0,7.0,0.2576,0
18.6,0.0,6.0,7.0,0.2424,1
18.6,0.0,6.0,7.0,0.2576,0
18.6,0.0,6.0,7.0,0.2576,0
18.6,0.0,6.0,7.0,0.2576,0
16.8,0.0,6.0,7.0,0.2424,1
16.8,0.0,6.0,7.0,0.2424,1
18.6,0.0,6.0,7.0,0.2576,0
15.8,0.0,38.2,7.0,0.1791,0
18.6,0.0,6.0,7.0,0.2424,1
14.2,0.0,6.0,7.0,0.2576,0
14.4,0.0,10.5,7.0,0.2636,0
18.1,0.0,6.0,7.0,0.2576,0
16.8,0.0,6.0,7.0,0.2576,0
18.6,0.0,6.0,7.0,0.2576,0
18.5,0.0,50.0,7.0,0.122,0
19.2,0.0,87.8,8.0,0.0959,0
19.7,0.0,87.8,7.0,0.0959,0
19.4,0.0,87.8,7.0,0.0959,0
19.0,0.0,56.5,7.0,0.807,1
15.3,0.0,87.8,7.0,0.0822,1
19.0,0.0,56.5,7.0,0.807,1
15.4,0.0,87.8,7.0,0.0959,0
19.0,0.0,56.5,7.0,0.807,1
19.7,0.0,87.8,7.0,0.0959,0
19.7,0.0,87.8,7.0,0.0959,0
18.1,0.0,69.0,7.0,0.2195,0
19.2,0.0,87.8,7.0,0.0959,0
16.9,0.0,84.2,7.0,0.2636,1
14.8,0.0,97.4,7.0,0.026,1
17.4,0.0,80.8,7.0,0.2636,0
17.4,0.0,80.8,7.0,0.2636,0
19.5,0.0,66.1,7.0,0.2318,0
19.0,0.0,66.1,7.0,0.2273,1
18.0,0.0,66.1,7.0,0.2273,1
18.5,0.0,66.1,7.0,0.2318,0
18.0,0.0,66.1,7.0,0.2318,0
18.5,0.0,66.1,7.0,0.2318,0
17.8,0.0,66.1,7.0,0.2318,0
18.5,0.0,66.1,7.0,0.2318,0
18.5,0.0,66.1,7.0,0.2318,0
18.5,0.0,66.1,7.0,0.2318,0
18.6,0.0,66.1,7.0,0.2318,0
14.0,0.0,0.0,7.0,0.0,0
19.6,0.0,82.4,7.0,0.0667,1
17.9,0.0,82.4,7.0,0.0778,0
19.3,0.0,52.1,7.0,0.1702,0
18.4,0.0,52.1,7.0,0.1702,0
18.5,0.0,52.1,7.0,0.1489,1
18.5,0.0,66.1,7.0,0.2318,0
18.0,0.0,66.1,7.0,0.2318,0
18.0,0.0,66.1,7.0,0.2318,0
13.3,0.0,0.0,7.0,0.0,0
18.6,0.0,66.1,7.0,0.2318,0
13.3,0.0,0.0,7.0,0.0,0
13.3,0.0,0.0,7.0,0.0,0
18.6,0.0,66.1,7.0,0.2273,1
14.7,0.0,0.0,7.0,0.0,0
14.7,0.0,0.0,7.0,0.0,0
14.3,0.0,49.3,7.0,0.1176,0
13.3,0.0,0.0,7.0,0.0,0
14.0,0.0,76.1,7.0,0.538,1
16.9,0.0,49.3,7.0,0.1176,0
14.7,0.0,0.0,7.0,0.0,0
19.8,0.0,73.7,7.0,0.2636,0
16.9,0.0,49.3,7.0,0.1029,1
16.9,0.0,49.3,7.0,0.1176,0
14.7,0.0,0.0,7.0,0.0,0
16.9,0.0,49.3,7.0,0.1029,1
16.9,0.0,49.3,7.0,0.1176,0
14.7,0.0,0.0,7.0,0.0,0
16.9,0.0,49.3,7.0,0.1176,0
16.9,0.0,49.3,7.0,0.1176,0
16.9,0.0,49.3,7.0,0.1176,0
20.1,1.0,76.9,7.0,0.3271,0
16.9,0.0,49.3,7.0,0.1176,0
16.9,0.0,49.3,7.0,0.1176,0
16.9,0.0,49.3,7.0,0.1176,0
16.9,0.0,49.3,7.0,0.1029,1
16.9,0.0,49.3,7.0,0.1176,0
16.9,0.0,49.3,7.0,0.1176,0
12.1,0.0,65.2,7.0,0.2636,0
18.6,0.0,66.1,7.0,0.2273,1
18.6,0.0,66.1,7.0,0.2273,1
18.6,0.0,66.1,7.0,0.2318,0
18.6,0.0,66.1,7.0,0.2318,0
12.3,0.0,68.4,9.0,0.2636,0
19.0,0.0,66.1,7.0,0.2273,1
19.0,0.0,66.1,7.0,0.2273,1
18.6,0.0,66.1,7.0,0.2273,1
18.6,0.0,66.1,7.0,0.2273,1
19.0,0.0,66.1,7.0,0.2273,1
18.6,0.0,66.1,7.0,0.2273,1
18.6,0.0,66.1,7.0,0.2273,1
18.0,0.0,66.1,7.0,0.2318,0
15.4,0.0,90.8,7.0,0.1237,0
16.3,0.0,100.0,7.0,0.2636,0
18.2,0.0,95.7,7.0,0.0217,0
18.2,0.0,95.7,7.0,0.0217,0
18.2,0.0,95.7,7.0,0.0217,0
19.2,0.0,59.7,7.0,0.4789,0
15.1,0.0,59.7,7.0,0.4789,0
16.9,0.0,49.3,7.0,0.1176,0
14.3,0.0,49.3,7.0,0.1029,1
19.5,0.0,66.1,7.0,0.2318,0
18.0,0.0,66.1,7.0,0.2273,1
12.7,1.0,95.7,7.0,0.0217,0
18.1,0.0,98.7,7.0,0.0405,0
18.1,0.0,98.7,7.0,0.027,1
18.1,0.0,98.7,7.0,0.0405,0
18.1,0.0,98.7,7.0,0.0405,0
18.1,0.0,98.7,7.0,0.0405,0
18.1,0.0,98.7,7.0,0.0405,0
18.1,0.0,98.7,7.0,0.0405,0
18.1,0.0,98.7,7.0,0.0405,0
18.1,0.0,98.7,7.0,0.0405,0
18.1,0.0,98.7,7.0,0.0405,0
18.1,0.0,98.7,7.0,0.0405,0
17.0,0.0,98.7,7.0,0.0405,0
18.1,0.0,98.7,7.0,0.0405,0
18.1,0.0,98.7,7.0,0.0405,0
18.1,0.0,98.7,7.0,0.0405,0
18.1,0.0,98.7,7.0,0.0405,0
13.6,0.0,91.3,7.0,0.2636,0
12.1,0.0,21.7,7.0,0.2712,0
12.1,0.0,21.7,7.0,0.2712,0
18.6,0.0,100.0,7.0,0.2636,0
16.0,0.0,100.0,7.0,0.2636,1
16.4,0.0,51.8,7.0,0.5273,0
17.6,0.0,73.5,7.0,0.0089,1
16.7,0.0,71.1,7.0,0.8636,0
16.7,0.0,71.1,7.0,0.8636,0
16.7,0.0,71.1,7.0,0.8636,0
16.7,0.0,71.1,7.0,0.8636,0
16.7,0.0,71.1,7.0,0.8636,0
16.7,0.0,71.1,7.0,0.8409,1
15.0,0.0,69.0,7.0,0.1951,1
15.0,0.0,69.0,7.0,0.2195,0
19.7,0.0,66.7,9.0,0.2636,1
16.7,0.0,71.1,7.0,0.8409,1
19.0,0.0,100.0,7.0,0.2636,1
19.0,0.0,100.0,7.0,0.2636,1
18.7,0.0,55.9,7.0,0.4652,1
18.7,0.0,55.9,7.0,0.4652,1
18.7,0.0,55.9,7.0,0.4652,1
18.7,0.0,55.9,7.0,0.4652,1
17.7,0.0,55.9,7.0,0.4706,0
17.7,0.0,55.9,7.0,0.4706,0
19.0,0.0,55.9,7.0,0.4706,0
15.3,0.0,87.8,7.0,0.0959,0
19.2,0.0,84.0,7.0,0.2148,0
12.7,0.0,0.0,7.0,0.2353,0
15.4,0.0,87.8,7.0,0.0959,0
13.4,0.0,60.7,9.0,0.2922,1
15.3,0.0,87.8,7.0,0.0959,0
12.7,0.0,0.0,7.0,0.2353,0
12.4,0.0,25.0,7.0,0.2636,0
14.0,0.0,0.0,7.0,0.2636,0
14.0,0.0,76.1,7.0,0.5443,0
17.9,0.0,26.0,7.0,0.6111,0
17.9,0.0,26.0,7.0,0.6111,0
17.9,0.0,26.0,7.0,0.5972,1
16.0,0.0,21.7,7.0,0.2542,1
16.0,0.0,21.7,7.0,0.2542,1
16.8,0.0,92.2,7.0,0.1951,0
16.8,0.0,92.2,7.0,0.1951,0
16.8,0.0,92.2,7.0,0.1951,0
16.4,0.0,92.2,7.0,0.1951,0
16.4,0.0,92.2,7.0,0.1951,0
16.4,0.0,92.2,7.0,0.1951,0
16.4,0.0,92.2,7.0,0.1951,0
16.4,0.0,92.2,7.0,0.1951,0
16.4,0.0,92.2,7.0,0.1951,0
16.4,0.0,92.2,7.0,0.1951,0
16.4,0.0,92.2,7.0,0.1951,0
16.4,0.0,92.2,7.0,0.1951,0
16.4,0.0,92.2,7.0,0.1951,0
16.4,0.0,92.2,7.0,0.1951,0
13.5,0.0,92.2,7.0,0.1902,1
13.5,0.0,92.2,7.0,0.1951,0
13.5,0.0,92.2,7.0,0.1951,0
13.5,0.0,92.2,7.0,0.1902,1
13.5,0.0,92.2,7.0,0.1951,0
16.1,0.0,92.2,7.0,0.1902,1
15.6,3.0,71.4,7.0,0.2636,0
15.1,0.0,40.0,7.0,0.2636,1
14.0,0.0,40.0,7.0,0.2636,0
14.7,0.0,91.7,7.0,0.2636,0
14.7,0.0,91.7,7.0,0.2636,0
13.7,0.0,0.0,7.0,0.2636,0
12.8,0.0,0.0,7.0,0.2636,0
16.5,0.0,7.1,7.0,0.2636,0
16.2,0.0,40.0,8.0,0.2636,0
16.6,0.0,43.4,7.0,0.1585,0
16.6,0.0,43.4,7.0,0.1585,0
16.6,0.0,43.4,7.0,0.1585,0
16.6,0.0,43.4,7.0,0.1463,1
16.6,0.0,43.4,7.0,0.1463,1
16.6,0.0,43.4,7.0,0.1585,0
16.6,0.0,43.4,7.0,0.1463,1
16.6,0.0,43.4,7.0,0.1585,0
16.6,0.0,43.4,7.0,0.1585,0
16.6,0.0,43.4,7.0,0.1585,0
16.6,0.0,43.4,7.0,0.1585,0
16.6,0.0,43.4,7.0,0.1585,0
16.6,0.0,43.4,7.0,0.1463,1
16.6,0.0,43.4,7.0,0.1585,0
16.6,0.0,43.4,7.0,0.1585,0
17.0,0.0,61.3,7.0,0.1311,0
19.0,0.0,94.4,7.0,0.2636,0
16.9,0.0,66.7,7.0,0.2636,0
15.1,0.0,40.0,7.0,0.2636,0
17.6,0.0,57.9,7.0,0.4286,0
17.6,0.0,57.9,7.0,0.4286,0
19.4,0.0,82.4,7.0,0.0778,0
18.3,0.0,52.1,7.0,0.1702,0
18.3,0.0,52.1,7.0,0.1489,1
18.6,0.0,82.4,7.0,0.0778,0
16.0,0.0,82.4,7.0,0.0778,0
18.6,0.0,82.4,7.0,0.0778,0
16.8,0.0,83.0,7.0,0.3218,0
17.0,0.0,80.8,7.0,0.1569,0
19.2,0.0,80.8,7.0,0.1569,0
19.2,0.0,80.8,7.0,0.1569,0
18.6,0.0,80.8,7.0,0.1569,0
19.0,0.0,80.8,7.0,0.1569,0
19.2,0.0,80.8,7.0,0.1569,0
19.2,0.0,80.8,7.0,0.1569,0
19.0,0.0,80.8,7.0,0.1373,1
16.7,0.0,80.8,7.0,0.1373,1
19.0,0.0,80.8,7.0,0.1569,0
19.2,0.0,80.8,7.0,0.1569,0
18.6,0.0,80.8,7.0,0.1569,0
19.2,0.0,80.8,7.0,0.1569,0
16.8,0.0,83.0,7.0,0.3218,0
18.3,0.0,83.0,7.0,0.3218,0
17.3,0.0,83.0,7.0,0.3218,0
16.8,0.0,83.0,7.0,0.3218,0
17.4,0.0,70.5,7.0,0.2326,0
17.4,0.0,70.5,7.0,0.2326,0
14.5,0.0,70.5,7.0,0.2326,0
17.4,0.0,70.5,7.0,0.2326,0
17.0,0.0,80.8,7.0,0.1569,0
17.0,0.0,80.8,7.0,0.1569,0
19.2,0.0,80.8,7.0,0.1569,0
19.2,0.0,80.8,7.0,0.1569,0
15.2,0.0,80.8,7.0,0.1373,1
15.2,0.0,80.8,7.0,0.1373,1
16.7,0.0,80.8,7.0,0.1569,0
18.4,0.0,75.0,7.0,0.2636,0
14.9,0.0,41.2,7.0,0.6364,1
14.9,0.0,41.2,7.0,0.6667,0
14.9,0.0,41.2,7.0,0.6667,0
15.6,0.0,73.5,7.0,0.0179,0
14.9,0.0,41.2,7.0,0.6667,0
14.9,0.0,41.2,7.0,0.6667,0
14.9,0.0,41.2,7.0,0.6364,1
14.9,0.0,41.2,7.0,0.6364,1
14.9,0.0,41.2,7.0,0.6667,0
14.9,0.0,41.2,7.0,0.6667,0
14.9,0.0,41.2,7.0,0.6364,1
14.9,0.0,41.2,7.0,0.6364,1
14.9,0.0,41.2,7.0,0.6364,1
14.9,0.0,41.2,7.0,0.6364,1
14.9,0.0,41.2,7.0,0.6364,1
14.9,0.0,41.2,7.0,0.6364,1
14.9,0.0,41.2,7.0,0.6364,1
14.9,0.0,41.2,7.0,0.6667,0
14.9,0.0,41.2,7.0,0.6364,1
13.7,0.0,51.8,7.0,0.5273,0
12.6,0.0,51.8,7.0,0.5273,0
13.7,0.0,0.0,7.0,0.2636,0
19.1,0.0,61.2,7.0,0.3672,1
19.3,0.0,61.2,7.0,0.375,0
16.7,0.0,61.2,7.0,0.3672,1
19.0,0.0,57.9,7.0,0.4107,1
17.8,0.0,91.7,7.0,0.0169,0
18.1,0.0,91.7,7.0,0.0169,0
19.0,0.0,64.4,7.0,0.3483,0
17.6,0.0,64.4,7.0,0.3483,0
19.9,0.0,64.4,7.0,0.3483,0
17.0,0.0,80.8,7.0,0.1569,0
19.2,0.0,0.0,7.0,0.2636,1
13.3,0.0,25.0,7.0,0.2636,1
13.3,0.0,25.0,7.0,0.2636,0
14.6,0.0,25.0,7.0,0.2636,1
13.9,0.0,25.0,7.0,0.2636,0
18.5,0.0,90.0,7.0,0.2636,0
16.2,0.0,39.4,7.0,0.2315,0
16.2,0.0,39.4,7.0,0.2315,0
16.2,0.0,39.4,7.0,0.2315,0
16.2,0.0,39.4,7.0,0.2222,1
16.2,0.0,39.4,7.0,0.2315,0
16.3,0.0,39.4,7.0,0.2222,1
16.3,0.0,39.4,7.0,0.2222,1
16.3,0.0,39.4,7.0,0.2222,1
16.3,0.0,39.4,7.0,0.2222,1
16.3,0.0,39.4,7.0,0.2315,0
16.3,0.0,39.4,7.0,0.2222,1
16.3,0.0,39.4,7.0,0.2315,0
16.3,0.0,39.4,7.0,0.2222,1
16.3,0.0,39.4,7.0,0.2315,0
16.3,0.0,39.4,7.0,0.2315,0
16.3,0.0,39.4,7.0,0.2315,0
16.3,0.0,39.4,7.0,0.2315,0
16.3,0.0,39.4,7.0,0.2222,1
16.3,0.0,39.4,7.0,0.2315,0
16.3,0.0,39.4,7.0,0.2315,0
16.3,0.0,39.4,7.0,0.2315,0
15.1,0.0,39.4,7.0,0.2222,1
15.1,0.0,39.4,7.0,0.2315,0
15.1,0.0,39.4,7.0,0.2222,1
15.1,0.0,39.4,7.0,0.2315,0
15.1,0.0,39.4,7.0,0.2315,0
16.2,0.0,39.4,7.0,0.2315,0
16.2,0.0,39.4,7.0,0.2315,0
16.3,0.0,39.4,7.0,0.2315,0
16.3,0.0,39.4,7.0,0.2315,0
16.3,0.0,39.4,7.0,0.2222,1
18.1,0.0,35.7,7.0,0.2636,1
16.2,0.0,91.8,7.0,0.0417,0
18.6,0.0,69.3,7.0,0.3816,1
18.6,0.0,69.3,7.0,0.3816,1
14.2,0.0,53.2,7.0,0.0984,0
18.4,0.0,63.8,7.0,0.3869,0
18.4,0.0,63.8,7.0,0.3869,0
18.4,0.0,63.8,7.0,0.3869,0
18.4,0.0,63.8,7.0,0.3869,0
18.0,0.0,63.8,7.0,0.3869,0
18.4,0.0,63.8,7.0,0.3796,1
18.4,0.0,63.8,7.0,0.3869,0
18.4,0.0,63.8,7.0,0.3869,0
18.4,0.0,63.8,7.0,0.3869,0
18.4,0.0,63.8,7.0,0.3869,0
18.4,0.0,63.8,7.0,0.3869,0
18.4,0.0,63.8,7.0,0.3869,0
18.4,0.0,63.8,7.0,0.3869,0
18.4,0.0,63.8,7.0,0.3869,0
18.4,0.0,63.8,7.0,0.3869,0
18.4,0.0,63.8,7.0,0.3869,0
18.4,0.0,63.8,7.0,0.3869,0
18.4,0.0,63.8,7.0,0.3869,0
18.4,0.0,63.8,7.0,0.3869,0
18.4,0.0,63.8,7.0,0.3869,0
19.5,0.0,93.2,7.0,0.0855,0
18.8,0.0,37.2,7.0,0.119,0
18.8,0.0,46.7,7.0,0.4519,1
19.9,0.0,98.5,7.0,0.0368,0
19.1,0.0,72.4,7.0,0.1733,0
15.2,1.0,43.9,7.0,0.1443,1
15.2,1.0,43.9,7.0,0.1443,1
12.7,0.0,0.0,7.0,0.2353,0
12.5,0.0,7.1,7.0,0.2636,0
14.5,0.0,82.0,7.0,0.1705,0
16.2,0.0,50.0,7.0,0.2113,0
19.9,0.0,46.7,7.0,0.4519,1
16.2,0.0,50.0,7.0,0.2113,0
16.2,0.0,50.0,7.0,0.2113,0
16.2,0.0,50.0,7.0,0.2113,0
18.5,0.0,92.3,7.0,0.4844,1
15.8,0.0,70.2,7.0,0.2556,1
15.8,0.0,70.2,7.0,0.2556,1
15.8,0.0,70.2,7.0,0.2556,1
13.1,0.0,53.2,7.0,0.0984,0
14.0,0.0,91.7,7.0,0.2636,0
15.3,0.0,75.8,7.0,0.6923,1
19.5,0.0,75.8,7.0,0.6923,1
19.5,0.0,75.8,7.0,0.7077,0
19.5,0.0,75.8,7.0,0.6923,1
15.6,0.0,84.4,7.0,0.2,0
15.6,0.0,84.4,7.0,0.2,0
15.6,0.0,84.4,7.0,0.2,0
15.6,0.0,84.4,7.0,0.2,0
15.6,0.0,84.4,7.0,0.2,0
15.6,0.0,84.4,7.0,0.2,0
15.6,0.0,84.4,7.0,0.2,0
15.6,0.0,84.4,7.0,0.2,0
15.6,0.0,84.4,7.0,0.1929,1
15.6,0.0,84.4,7.0,0.1929,1
15.6,0.0,84.4,7.0,0.1929,1
15.6,0.0,84.4,7.0,0.2,0
15.6,0.0,84.4,7.0,0.2,0
15.6,0.0,84.4,7.0,0.1929,1
15.6,0.0,84.4,7.0,0.2,0
15.6,0.0,84.4,7.0,0.2,0
15.6,0.0,84.4,7.0,0.2,0
17.8,0.0,84.4,7.0,0.2,0
17.8,0.0,84.4,7.0,0.2,0
17.8,0.0,84.4,7.0,0.2,0
14.9,0.0,90.3,7.0,0.9,1
14.9,0.0,90.3,7.0,0.9,1
14.9,0.0,90.3,7.0,0.9333,0
18.3,0.0,97.7,7.0,0.0,0
13.5,0.0,97.7,8.0,0.0,0
19.4,0.0,42.5,7.0,0.1608,0
19.4,0.0,42.5,7.0,0.1558,1
19.4,0.0,42.5,7.0,0.1608,0
19.4,0.0,42.5,7.0,0.1608,0
19.4,0.0,42.5,7.0,0.1608,0
19.4,0.0,42.5,7.0,0.1558,1
19.4,0.0,42.5,7.0,0.1558,1
19.4,0.0,42.5,7.0,0.1608,0
19.4,0.0,42.5,7.0,0.1608,0
19.4,0.0,42.5,7.0,0.1608,0
18.8,0.0,42.5,7.0,0.1608,0
16.9,0.0,42.5,7.0,0.1558,1
18.1,0.0,42.5,7.0,0.1608,0
16.7,0.0,42.5,7.0,0.1608,0
15.4,0.0,42.5,7.0,0.1608,0
18.1,0.0,42.5,7.0,0.1608,0
18.1,0.0,42.5,7.0,0.1558,1
18.3,0.0,84.4,7.0,0.2,0
18.3,0.0,84.4,7.0,0.2,0
18.3,0.0,84.4,7.0,0.2,0
18.3,0.0,84.4,7.0,0.2,0
18.3,0.0,84.4,7.0,0.2,0
18.3,0.0,84.4,7.0,0.2,0
18.3,0.0,84.4,7.0,0.2,0
18.3,0.0,84.4,7.0,0.2,0
18.3,0.0,84.4,7.0,0.2,0
18.3,0.0,84.4,7.0,0.2,0
19.5,0.0,75.8,8.0,0.7077,0
17.9,0.0,84.4,7.0,0.2,0
19.4,0.0,95.2,7.0,0.0097,0
18.8,0.0,88.3,7.0,0.2176,1
18.8,0.0,88.3,7.0,0.2235,0
18.8,0.0,88.3,8.0,0.2235,0
18.8,0.0,88.3,7.0,0.2235,0
19.7,0.0,99.0,7.0,0.0302,1
14.7,0.0,62.9,7.0,0.1698,0
17.8,0.0,88.3,8.0,0.2235,0
18.7,0.0,88.3,7.0,0.2235,0
18.7,0.0,88.3,7.0,0.2235,0
18.5,0.0,88.3,7.0,0.2235,0
14.5,0.0,100.0,7.0,0.0,0
17.8,0.0,88.3,7.0,0.2235,0
18.6,0.0,35.0,7.0,0.5641,1
18.6,0.0,35.0,7.0,0.5641,1
18.6,0.0,35.0,7.0,0.5641,1
18.6,0.0,35.0,7.0,0.5641,1
18.6,0.0,35.0,7.0,0.5641,1
18.6,0.0,35.0,7.0,0.5641,1
18.7,0.0,38.1,7.0,0.6386,0
18.7,0.0,38.1,7.0,0.6386,0
18.7,0.0,38.1,7.0,0.6386,0
17.0,0.0,84.0,7.0,0.2148,0
17.0,0.0,84.0,7.0,0.2148,0
17.0,0.0,84.0,7.0,0.2148,0
17.0,0.0,84.0,7.0,0.2148,0
17.0,0.0,84.0,7.0,0.2148,0
17.0,0.0,84.0,7.0,0.2148,0
19.0,0.0,50.0,7.0,0.3371,1
19.0,0.0,50.0,7.0,0.3371,1
19.0,0.0,50.0,7.0,0.3371,1
19.0,0.0,50.0,7.0,0.3371,1
18.8,0.0,38.1,7.0,0.6386,0
18.8,0.0,38.1,7.0,0.6386,0
18.8,0.0,38.1,7.0,0.6386,0
18.8,0.0,84.0,7.0,0.2148,0
16.9,0.0,12.1,7.0,0.875,0
16.9,0.0,12.1,7.0,0.875,0
16.9,0.0,12.1,7.0,0.875,0
17.7,0.0,54.9,7.0,0.18,1
16.9,0.0,12.1,7.0,0.875,0
18.8,0.0,38.1,7.0,0.6386,0
18.8,0.0,38.1,7.0,0.6386,0
17.7,0.0,100.0,7.0,0.2636,0
17.9,0.0,86.2,7.0,0.3069,0
17.9,0.0,86.2,7.0,0.3069,0
17.9,0.0,86.2,7.0,0.3069,0
17.9,0.0,86.2,7.0,0.3069,0
17.9,0.0,86.2,7.0,0.3069,0
19.1,0.0,42.5,7.0,0.1608,0
19.1,0.0,42.5,7.0,0.1608,0
18.8,0.0,42.5,7.0,0.1558,1
18.8,0.0,42.5,7.0,0.1558,1
18.8,0.0,42.5,7.0,0.1608,0
18.8,0.0,42.5,7.0,0.1558,1
19.1,0.0,66.7,7.0,0.2636,0
17.8,0.0,59.5,7.0,0.3902,0
12.8,0.0,72.0,7.0,0.2636,0
18.5,0.0,72.0,7.0,0.2636,0
16.3,0.0,70.2,7.0,0.2556,1
16.3,0.0,70.2,7.0,0.2556,1
16.3,0.0,70.2,7.0,0.2556,1
15.8,0.0,70.2,7.0,0.2556,1
15.8,0.0,70.2,7.0,0.2556,1
15.8,0.0,70.2,7.0,0.2556,1
18.1,0.0,42.5,7.0,0.1558,1
18.1,0.0,42.5,7.0,0.1558,1
18.1,0.0,42.5,7.0,0.1608,0
17.8,0.0,42.5,7.0,0.1608,0
17.8,0.0,42.5,7.0,0.1558,1
18.6,0.0,35.0,7.0,0.5641,1
18.6,0.0,35.0,7.0,0.5641,1
18.6,0.0,35.0,7.0,0.5641,1
18.6,0.0,35.0,7.0,0.5641,1
18.6,0.0,35.0,7.0,0.5641,1
19.9,0.0,98.2,7.0,0.0228,0
19.9,0.0,98.2,7.0,0.0228,0
19.3,0.0,64.7,7.0,0.2636,0
18.7,0.0,38.1,7.0,0.6265,1
15.8,0.0,70.2,7.0,0.2556,1
15.8,0.0,70.2,7.0,0.2556,1
15.8,0.0,70.2,7.0,0.2556,1
18.6,0.0,35.0,7.0,0.5897,0
18.6,0.0,35.0,7.0,0.5897,0
18.6,0.0,35.0,7.0,0.5897,0
18.7,0.0,35.0,9.0,0.5897,0
15.8,0.0,70.2,7.0,0.2556,1
15.8,0.0,70.2,7.0,0.2556,1
15.8,0.0,70.2,7.0,0.2556,1
18.7,0.0,38.1,7.0,0.6265,1
19.5,0.0,96.7,7.0,0.1685,0
19.5,0.0,96.7,7.0,0.1685,0
19.5,0.0,96.7,7.0,0.1685,0
19.5,0.0,96.7,7.0,0.1685,0
19.5,0.0,96.7,7.0,0.1685,0
19.5,0.0,96.7,7.0,0.1685,0
19.5,0.0,96.7,7.0,0.1685,0
19.5,0.0,96.7,7.0,0.1685,0
19.5,0.0,96.7,7.0,0.1685,0
18.6,0.0,38.1,7.0,0.6265,1
16.3,0.0,70.2,7.0,0.2556,1
16.3,0.0,70.2,7.0,0.2556,1
16.3,0.0,70.2,7.0,0.2556,1
18.8,0.0,38.1,7.0,0.6265,1
16.3,0.0,70.2,7.0,0.2556,1
18.6,0.0,38.1,7.0,0.6265,1
16.3,0.0,70.2,7.0,0.2556,1
13.3,0.0,100.0,7.0,0.2636,0
18.8,0.0,38.1,7.0,0.6265,1
18.6,0.0,38.1,7.0,0.6265,1
19.3,0.0,96.7,7.0,0.1685,0
19.3,0.0,96.7,7.0,0.1685,0
19.3,0.0,96.7,7.0,0.1685,0
19.3,0.0,96.7,7.0,0.1685,0
19.3,0.0,96.7,7.0,0.1685,0
19.3,0.0,96.7,7.0,0.1685,0
19.3,0.0,96.7,7.0,0.1685,0
18.6,0.0,96.7,7.0,0.1685,0
18.6,0.0,96.7,7.0,0.1685,0
18.6,0.0,96.7,7.0,0.1685,0
18.6,0.0,96.7,7.0,0.1685,0
19.3,0.0,96.7,7.0,0.1573,1
19.3,0.0,96.7,7.0,0.1685,0
18.6,0.0,38.1,7.0,0.6386,0
15.8,0.0,70.2,7.0,0.2556,1
15.8,0.0,70.2,7.0,0.2556,1
15.8,0.0,70.2,7.0,0.2556,1
18.6,0.0,38.1,7.0,0.6386,0
18.6,0.0,38.1,7.0,0.6386,0
18.6,0.0,38.1,7.0,0.6386,0
15.8,0.0,70.2,7.0,0.2556,1
15.8,0.0,70.2,7.0,0.2556,1
15.8,0.0,70.2,7.0,0.2556,1
14.1,0.0,12.1,7.0,0.8438,1
19.3,0.0,96.7,7.0,0.1685,0
19.3,0.0,96.7,7.0,0.1685,0
19.3,0.0,96.7,7.0,0.1685,0
19.3,0.0,96.7,7.0,0.1685,0
19.3,0.0,96.7,7.0,0.1685,0
19.3,0.0,96.7,7.0,0.1573,1
19.3,0.0,96.7,7.0,0.1573,1
19.3,0.0,96.7,7.0,0.1573,1
19.3,0.0,96.7,7.0,0.1685,0
19.3,0.0,96.7,7.0,0.1685,0
19.3,0.0,96.7,7.0,0.1685,0
19.3,0.0,96.7,7.0,0.1685,0
19.3,0.0,96.7,7.0,0.1685,0
19.3,0.0,96.7,7.0,0.1685,0
19.3,0.0,96.7,7.0,0.1685,0
13.9,0.0,12.1,7.0,0.8438,1
14.1,0.0,12.1,7.0,0.8438,1
19.1,0.0,82.0,7.0,0.1705,0
17.4,0.0,80.8,7.0,0.2636,0
13.8,0.0,74.4,7.0,0.3127,1
17.4,0.0,80.8,7.0,0.2636,0
17.4,0.0,80.8,7.0,0.2636,0
17.4,0.0,80.8,7.0,0.2636,0
17.4,0.0,80.8,7.0,0.2636,0
17.4,0.0,80.8,7.0,0.2636,0
13.4,0.0,74.4,7.0,0.3127,1
19.3,0.0,96.7,7.0,0.1685,0
19.3,0.0,96.7,7.0,0.1685,0
19.3,0.0,96.7,7.0,0.1685,0
19.3,0.0,96.7,7.0,0.1573,1
19.3,0.0,96.7,7.0,0.1573,1
19.3,0.0,96.7,7.0,0.1685,0
18.6,0.0,96.7,7.0,0.1685,0
19.3,0.0,96.7,7.0,0.1685,0
19.3,0.0,96.7,7.0,0.1685,0
19.3,0.0,96.7,7.0,0.1573,1
19.3,0.0,96.7,7.0,0.1573,1
19.3,0.0,96.7,7.0,0.1573,1
19.3,0.0,96.7,7.0,0.1685,0
19.3,0.0,96.7,7.0,0.1685,0
18.7,0.0,38.1,7.0,0.6386,0
13.2,0.0,74.4,7.0,0.3158,0
12.6,0.0,95.3,7.0,0.0,0
14.4,0.0,95.3,7.0,0.0,0
15.1,0.0,95.3,7.0,0.0,0
18.7,0.0,38.1,7.0,0.6265,1
13.2,0.0,74.4,7.0,0.3158,0
18.6,0.0,38.1,7.0,0.6386,0
19.3,0.0,96.7,7.0,0.1573,1
19.3,0.0,96.7,7.0,0.1685,0
19.3,0.0,96.7,7.0,0.1573,1
19.3,0.0,96.7,7.0,0.1685,0
19.3,0.0,96.7,7.0,0.1685,0
19.3,0.0,96.7,7.0,0.1685,0
19.3,0.0,96.7,7.0,0.1685,0
19.3,0.0,96.7,7.0,0.1685,0
19.3,0.0,96.7,7.0,0.1573,1
19.3,0.0,96.7,7.0,0.1685,0
19.3,0.0,96.7,7.0,0.1685,0
19.3,0.0,96.7,7.0,0.1685,0
15.7,0.0,43.4,7.0,0.1463,1
15.7,0.0,43.4,7.0,0.1463,1
15.7,0.0,43.4,7.0,0.1585,0
15.7,0.0,43.4,7.0,0.1585,0
13.1,0.0,40.0,7.0,0.4684,0
12.1,0.0,40.0,7.0,0.4684,0
18.7,0.0,95.2,7.0,0.0097,0
19.6,0.0,66.1,7.0,0.2318,0
12.7,1.0,17.8,7.0,0.2045,0
12.7,0.0,17.8,7.0,0.1818,1
12.7,0.0,17.8,7.0,0.1818,1
12.7,0.0,17.8,7.0,0.1818,1
13.0,1.0,90.8,8.0,0.1134,1
12.4,0.0,50.7,7.0,0.1515,0
17.5,0.0,63.0,7.0,0.1509,0
18.9,0.0,90.0,7.0,0.1628,0
18.9,0.0,90.0,7.0,0.1628,0
18.9,0.0,90.0,7.0,0.1628,0
18.9,0.0,90.0,7.0,0.1628,0
15.3,0.0,25.0,7.0,0.2636,0
19.7,0.0,95.2,7.0,0.0097,0
12.5,0.0,7.1,7.0,0.2636,0
15.8,0.0,70.2,7.0,0.2556,1
15.8,0.0,70.2,7.0,0.2556,1
15.8,0.0,70.2,7.0,0.2556,1
12.5,0.0,7.1,7.0,0.2636,0
12.5,0.0,7.1,7.0,0.2636,0
14.9,0.0,95.3,7.0,0.0,0
15.1,0.0,95.3,7.0,0.0,0
18.7,0.0,14.3,7.0,0.1458,0
15.8,0.0,70.2,7.0,0.2556,1
15.8,0.0,70.2,7.0,0.2556,1
15.8,0.0,70.2,7.0,0.2556,1
18.7,0.0,88.3,7.0,0.2235,0
18.7,0.0,88.3,7.0,0.2235,0
15.8,0.0,70.2,7.0,0.2556,1
15.8,0.0,70.2,7.0,0.2556,1
15.8,0.0,70.2,7.0,0.2556,1
18.5,0.0,88.3,7.0,0.2235,0
18.3,0.0,88.3,7.0,0.2235,0
18.3,0.0,88.3,7.0,0.2235,0
16.9,0.0,64.4,7.0,0.3483,0
16.9,0.0,64.4,7.0,0.3483,0
16.6,0.0,64.4,7.0,0.3483,0
16.5,0.0,64.4,7.0,0.3371,1
12.8,0.0,64.4,7.0,0.3483,0
13.2,0.0,64.4,7.0,0.3483,0
17.8,0.0,88.3,7.0,0.2235,0
19.7,0.0,95.2,7.0,0.0097,0
15.1,0.0,95.3,7.0,0.0,0
15.1,0.0,95.3,7.0,0.0,0
12.7,0.0,95.3,7.0,0.0,0
12.7,0.0,95.3,7.0,0.0,0
13.7,0.0,95.3,7.0,0.0,0
12.4,0.0,95.3,7.0,0.0,0
12.6,0.0,95.3,7.0,0.0,0
14.0,0.0,95.3,7.0,0.0,0
15.1,0.0,95.3,7.0,0.0,0
19.4,0.0,95.2,7.0,0.0097,0
16.6,0.0,60.7,7.0,0.2922,1
15.1,0.0,95.3,7.0,0.0,0
15.1,0.0,95.3,7.0,0.0,0
12.4,0.0,95.3,7.0,0.0,0
18.2,0.0,60.7,7.0,0.2922,1
17.0,0.0,64.4,7.0,0.3483,0
17.0,0.0,64.4,7.0,0.3483,0
13.2,0.0,64.4,7.0,0.3483,0
16.8,0.0,64.4,7.0,0.3483,0
17.1,0.0,64.4,7.0,0.3483,0
16.9,0.0,64.4,7.0,0.3371,1
16.9,0.0,64.4,7.0,0.3483,0
16.9,0.0,64.4,7.0,0.3483,0
16.9,0.0,64.4,7.0,0.3483,0
16.6,0.0,60.7,7.0,0.2922,1
16.6,0.0,60.7,7.0,0.2922,1
17.0,0.0,64.4,7.0,0.3483,0
16.6,0.0,60.7,7.0,0.2922,1
14.5,0.0,5.1,7.0,0.6053,1
14.5,0.0,5.1,7.0,0.6053,1
17.9,0.0,60.7,7.0,0.2963,0
18.1,0.0,80.8,7.0,0.1373,1
18.5,0.0,52.1,7.0,0.1702,0
18.5,0.0,52.1,7.0,0.1702,0
19.0,0.0,52.1,7.0,0.1702,0
19.0,0.0,52.1,7.0,0.1702,0
15.2,0.0,60.7,7.0,0.2922,1
19.0,0.0,60.7,7.0,0.2922,1
15.3,0.0,82.0,7.0,0.2245,0
17.2,0.0,94.0,7.0,0.1566,0
14.7,0.0,94.0,7.0,0.1446,1
18.5,0.0,94.0,7.0,0.1566,0
19.7,0.0,99.0,7.0,0.0352,0
17.1,0.0,72.3,7.0,0.4745,0
18.5,0.0,94.0,7.0,0.1566,0
18.5,0.0,94.0,7.0,0.1566,0
18.5,0.0,94.0,7.0,0.1566,0
16.7,0.0,94.0,7.0,0.1566,0
16.7,0.0,94.0,7.0,0.1566,0
18.5,0.0,94.0,7.0,0.1566,0
17.2,0.0,94.0,7.0,0.1566,0
17.2,0.0,94.0,7.0,0.1566,0
17.2,0.0,94.0,7.0,0.1566,0
17.2,0.0,94.0,7.0,0.1446,1
17.2,0.0,94.0,7.0,0.1566,0
17.2,0.0,94.0,7.0,0.1566,0
18.5,0.0,94.0,7.0,0.1566,0
17.2,0.0,94.0,7.0,0.1446,1
17.2,0.0,94.0,7.0,0.1446,1
17.2,0.0,94.0,7.0,0.1566,0
17.2,0.0,94.0,7.0,0.1566,0
15.6,0.0,55.3,7.0,0.3784,0
18.5,0.0,55.3,7.0,0.3514,1
18.3,0.0,55.3,7.0,0.3514,1
18.7,0.0,61.4,7.0,0.069,1
18.7,0.0,61.4,7.0,0.069,1
18.7,0.0,61.4,7.0,0.0805,0
18.7,0.0,61.4,7.0,0.0805,0
18.7,0.0,61.4,7.0,0.069,1
18.7,0.0,61.4,7.0,0.0805,0
18.7,0.0,61.4,7.0,0.0805,0
18.7,0.0,61.4,7.0,0.0805,0
18.7,0.0,61.4,7.0,0.0805,0
19.7,0.0,98.2,7.0,0.0228,0
15.1,0.0,95.3,7.0,0.0,0
19.2,0.0,98.0,7.0,0.04,0
18.5,0.0,98.0,7.0,0.04,0
19.1,0.0,98.0,7.0,0.04,0
18.5,0.0,98.0,7.0,0.04,0
19.4,0.0,98.0,7.0,0.04,0
19.4,0.0,98.0,7.0,0.04,0
19.4,0.0,98.0,7.0,0.04,0
18.6,0.0,59.7,7.0,0.4789,0
15.4,0.0,59.7,7.0,0.4648,1
19.2,0.0,98.0,7.0,0.04,0
19.2,0.0,98.0,7.0,0.04,0
19.2,0.0,98.0,7.0,0.04,0
19.2,0.0,98.0,7.0,0.04,0
19.4,0.0,98.0,7.0,0.04,0
19.4,0.0,98.0,7.0,0.04,0
19.4,0.0,98.0,7.0,0.04,0
16.8,0.0,95.2,7.0,0.0097,0
14.0,0.0,74.4,7.0,0.3127,1
19.4,0.0,98.0,7.0,0.04,0
19.4,0.0,98.0,7.0,0.04,0
19.2,0.0,98.0,7.0,0.04,0
19.2,0.0,98.0,7.0,0.04,0
18.9,0.0,59.7,7.0,0.4789,0
18.9,0.0,59.7,7.0,0.4789,0
17.2,0.0,99.7,7.0,0.0094,0
17.2,0.0,99.7,7.0,0.0094,0
18.7,0.0,61.4,7.0,0.0805,0
18.4,0.0,61.4,7.0,0.069,1
18.7,0.0,61.4,7.0,0.069,1
18.7,0.0,61.4,7.0,0.0805,0
18.7,0.0,61.4,7.0,0.0805,0
18.7,0.0,61.4,7.0,0.0805,0
18.7,0.0,61.4,7.0,0.0805,0
18.7,0.0,61.4,7.0,0.0805,0
18.7,0.0,61.4,7.0,0.069,1
18.7,0.0,61.4,7.0,0.0805,0
18.7,0.0,61.4,7.0,0.0805,0
18.7,0.0,61.4,7.0,0.0805,0
18.7,0.0,61.4,7.0,0.0805,0
18.7,0.0,61.4,7.0,0.0805,0
17.2,0.0,99.7,7.0,0.0094,0
17.2,0.0,99.7,7.0,0.0094,0
17.9,0.0,95.2,7.0,0.0097,0
17.2,0.0,39.4,7.0,0.2315,0
17.2,0.0,39.4,7.0,0.2315,0
17.2,0.0,39.4,7.0,0.2315,0
17.2,0.0,39.4,7.0,0.2315,0
19.3,0.0,95.2,7.0,0.0097,0
15.7,0.0,43.4,7.0,0.1463,1
12.1,0.0,40.0,7.0,0.4557,1
16.3,0.0,30.0,7.0,0.2516,0
18.2,0.0,30.0,7.0,0.2516,0
16.2,0.0,97.8,7.0,0.0227,0
16.2,0.0,97.8,7.0,0.0227,0
16.2,0.0,97.8,7.0,0.0227,0
16.2,0.0,97.8,7.0,0.0227,0
16.2,0.0,97.8,7.0,0.0227,0
16.0,0.0,95.1,7.0,0.075,0
18.9,0.0,59.7,7.0,0.4648,1
17.6,0.0,59.7,8.0,0.4648,1
12.7,0.0,40.0,7.0,0.2636,0
18.3,0.0,93.0,7.0,0.0476,0
18.3,0.0,93.0,7.0,0.0476,0
18.3,0.0,93.0,7.0,0.0476,0
18.3,0.0,93.0,7.0,0.0476,0
13.9,0.0,100.0,7.0,0.2636,0
13.9,0.0,100.0,7.0,0.2636,0
13.9,0.0,100.0,7.0,0.2636,0
18.9,0.0,0.0,7.0,0.1714,0
19.0,0.0,14.3,7.0,0.1458,0
15.8,0.0,70.2,7.0,0.2556,1
15.8,0.0,70.2,7.0,0.2556,1
15.8,0.0,70.2,7.0,0.2556,1
16.6,0.0,100.0,7.0,0.0,0
17.9,0.0,97.8,7.0,0.0227,0
18.7,0.0,100.0,7.0,0.0,0
18.7,0.0,100.0,7.0,0.0,0
17.8,0.0,100.0,7.0,0.0,0
18.6,0.0,97.8,7.0,0.0227,0
16.0,0.0,97.8,7.0,0.0227,0
18.8,0.0,97.8,7.0,0.0227,0
18.5,0.0,100.0,7.0,0.0,0
18.5,0.0,100.0,7.0,0.0,0
16.6,0.0,100.0,7.0,0.0,0
18.1,0.0,100.0,7.0,0.0,0
16.9,0.0,100.0,7.0,0.0,0
16.6,0.0,100.0,7.0,0.0,0
16.1,0.0,81.1,7.0,0.2149,0
17.0,0.0,81.0,7.0,0.0843,0
17.0,0.0,81.0,7.0,0.0843,0
17.0,0.0,81.0,7.0,0.0843,0
17.0,0.0,81.0,7.0,0.0843,0
17.0,0.0,81.0,7.0,0.0843,0
17.0,0.0,81.0,7.0,0.0843,0
17.0,0.0,81.0,7.0,0.0843,0
17.8,0.0,81.1,7.0,0.2149,0
12.6,0.0,81.1,7.0,0.2149,0
16.8,0.0,81.1,7.0,0.2149,0
18.1,0.0,100.0,7.0,0.0421,0
18.1,0.0,100.0,7.0,0.0421,0
18.1,0.0,100.0,7.0,0.0421,0
18.1,0.0,100.0,7.0,0.0421,0
18.1,0.0,100.0,7.0,0.0421,0
18.1,0.0,100.0,7.0,0.0421,0
18.1,0.0,100.0,7.0,0.0421,0
18.1,0.0,100.0,7.0,0.0421,0
18.1,0.0,100.0,7.0,0.0421,0
18.1,0.0,100.0,7.0,0.0421,0
18.1,0.0,100.0,7.0,0.0421,0
18.1,0.0,100.0,7.0,0.0421,0
17.3,0.0,83.0,7.0,0.3218,0
13.9,0.0,95.3,7.0,0.0,0
18.3,0.0,52.6,7.0,0.2636,0
18.6,0.0,52.6,7.0,0.2636,0
15.7,0.0,43.4,7.0,0.1463,1
19.4,0.0,52.6,7.0,0.2636,1
19.4,0.0,52.6,7.0,0.2636,0
19.4,0.0,52.6,7.0,0.2636,0
18.1,0.0,100.0,7.0,0.0421,0
18.1,0.0,100.0,7.0,0.0421,0
19.4,0.0,52.6,7.0,0.2636,0
15.0,0.0,52.6,7.0,0.2636,0
12.1,0.0,52.6,7.0,0.2636,0
18.3,0.0,52.6,7.0,0.2636,0
18.3,0.0,52.6,7.0,0.2636,0
18.3,0.0,52.6,7.0,0.2636,0
18.3,0.0,52.6,7.0,0.2636,0
18.3,0.0,52.6,7.0,0.2636,0
19.4,0.0,52.6,7.0,0.2636,0
19.4,0.0,52.6,7.0,0.2636,0
18.3,0.0,52.6,7.0,0.2636,0
16.1,0.0,82.7,7.0,0.1992,0
16.0,0.0,82.7,7.0,0.1992,0
19.4,0.0,52.6,7.0,0.2636,0
13.3,0.0,82.7,7.0,0.1992,0
16.0,0.0,82.7,7.0,0.1992,0
16.1,0.0,82.7,7.0,0.1949,1
16.2,0.0,82.7,7.0,0.1992,0
16.2,0.0,82.7,7.0,0.1992,0
18.8,0.0,38.1,7.0,0.6386,0
18.8,0.0,38.1,7.0,0.6386,0
18.8,0.0,38.1,7.0,0.6386,0
18.8,0.0,38.1,7.0,0.6386,0
16.2,0.0,82.7,7.0,0.1992,0
18.8,0.0,38.1,7.0,0.6386,0
18.8,0.0,38.1,7.0,0.6386,0
16.1,0.0,82.7,7.0,0.1992,0
18.8,0.0,38.1,7.0,0.6386,0
16.1,0.0,82.7,7.0,0.1992,0
16.1,0.0,82.7,7.0,0.1949,1
16.1,0.0,82.7,7.0,0.1949,1
18.8,0.0,38.1,7.0,0.6386,0
16.1,0.0,82.7,7.0,0.1949,1
18.8,0.0,38.1,7.0,0.6386,0
18.6,0.0,38.1,7.0,0.6386,0
16.2,0.0,82.7,7.0,0.1949,1
16.2,0.0,82.7,7.0,0.1992,0
18.8,0.0,38.1,7.0,0.6265,1
16.2,0.0,82.7,7.0,0.1992,0
16.2,0.0,82.7,7.0,0.1992,0
18.6,0.0,38.1,7.0,0.6265,1
16.2,0.0,82.7,7.0,0.1992,0
16.8,0.0,82.7,7.0,0.1949,1
16.8,0.0,97.8,7.0,0.0227,0
16.8,0.0,97.8,7.0,0.0227,0
16.8,0.0,97.8,7.0,0.0227,0
16.8,0.0,97.8,7.0,0.0227,0
16.8,0.0,97.8,7.0,0.0227,0
16.2,0.0,82.7,7.0,0.1992,0
16.2,0.0,82.7,7.0,0.1992,0
16.2,0.0,82.7,7.0,0.1992,0
18.5,1.0,88.3,7.0,0.2235,0
16.2,0.0,82.7,7.0,0.1992,0
16.2,0.0,82.7,7.0,0.1992,0
16.2,0.0,82.7,7.0,0.1992,0
16.2,0.0,82.7,7.0,0.1992,0
17.9,0.0,22.9,7.0,0.1064,0
17.9,0.0,22.9,7.0,0.1064,0
15.3,0.0,22.9,7.0,0.1064,0
15.3,0.0,22.9,7.0,0.1064,0
17.9,0.0,22.9,7.0,0.1064,0
14.9,0.0,22.9,7.0,0.1064,0
17.9,0.0,22.9,7.0,0.1064,0
17.9,0.0,22.9,7.0,0.1064,0
14.9,0.0,22.9,7.0,0.1064,0
16.2,0.0,82.7,7.0,0.1992,0
16.2,0.0,82.7,7.0,0.1992,0
16.2,0.0,82.7,7.0,0.1992,0
16.7,0.0,82.7,7.0,0.1992,0
16.2,0.0,82.7,7.0,0.1992,0
16.2,0.0,82.7,7.0,0.1992,0
16.2,0.0,82.7,7.0,0.1992,0
16.2,0.0,82.7,7.0,0.1992,0
16.2,0.0,82.7,7.0,0.1949,1
16.2,0.0,82.7,7.0,0.1992,0
16.2,0.0,82.7,7.0,0.1992,0
16.2,0.0,82.7,7.0,0.1992,0
16.2,0.0,82.7,7.0,0.1992,0
16.2,0.0,82.7,7.0,0.1992,0
13.3,0.0,100.0,7.0,0.2636,0
17.6,0.0,74.6,7.0,0.4143,1
13.6,0.0,82.7,7.0,0.1949,1
17.6,0.0,74.6,7.0,0.4143,1
17.6,0.0,74.6,7.0,0.4286,0
13.3,0.0,100.0,7.0,0.2636,0
17.6,0.0,74.6,7.0,0.4143,1
13.3,0.0,82.7,7.0,0.1949,1
17.6,0.0,74.6,7.0,0.4286,0
13.6,0.0,82.7,7.0,0.1992,0
17.6,0.0,74.6,7.0,0.4286,0
15.3,0.0,82.7,7.0,0.1992,0
17.6,0.0,74.6,7.0,0.4286,0
14.5,0.0,82.7,7.0,0.1992,0
17.6,0.0,74.6,7.0,0.4286,0
14.5,0.0,82.7,7.0,0.1992,0
17.6,0.0,74.6,7.0,0.4143,1
13.6,0.0,82.7,7.0,0.1992,0
17.6,0.0,74.6,7.0,0.4143,1
17.6,0.0,74.6,7.0,0.4143,1
13.6,0.0,82.7,7.0,0.1992,0
17.2,0.0,99.7,7.0,0.0094,0
17.2,0.0,99.7,7.0,0.0094,0
13.3,0.0,82.7,7.0,0.1949,1
13.6,0.0,82.7,7.0,0.1992,0
18.4,0.0,42.5,7.0,0.1558,1
16.2,0.0,82.7,7.0,0.1992,0
15.1,0.0,53.2,7.0,0.4565,0
16.2,0.0,82.7,7.0,0.1992,0
15.1,0.0,53.2,7.0,0.4565,0
16.2,0.0,82.7,7.0,0.1992,0
16.2,0.0,82.7,7.0,0.1992,0
16.2,0.0,82.7,7.0,0.1992,0
16.2,0.0,82.7,7.0,0.1992,0
16.8,0.0,82.7,7.0,0.1992,0
16.8,0.0,82.7,7.0,0.1992,0
16.8,0.0,82.7,7.0,0.1992,0
16.8,0.0,82.7,7.0,0.1992,0
19.4,0.0,73.7,7.0,0.2636,0
17.7,0.0,0.0,7.0,0.3548,0
17.7,0.0,0.0,8.0,0.3548,0
19.6,0.0,70.4,7.0,0.2642,0
19.6,0.0,70.4,7.0,0.2453,1
19.6,0.0,70.4,7.0,0.2642,0
19.6,0.0,70.4,7.0,0.2453,1
19.6,0.0,70.4,7.0,0.2453,1
19.6,0.0,70.4,7.0,0.2453,1
19.6,0.0,70.4,7.0,0.2642,0
19.6,0.0,70.4,7.0,0.2642,0
19.6,0.0,70.4,7.0,0.2642,0
19.6,0.0,70.4,7.0,0.2453,1
19.6,0.0,70.4,7.0,0.2453,1
19.6,0.0,70.4,7.0,0.2453,1
19.6,0.0,70.4,7.0,0.2642,0
19.6,0.0,70.4,7.0,0.2642,0
19.6,0.0,70.4,7.0,0.2642,0
19.6,0.0,70.4,7.0,0.2642,0
19.6,0.0,70.4,7.0,0.2642,0
17.7,0.0,0.0,8.0,0.3226,1
18.6,0.0,93.2,7.0,0.0855,0
19.3,0.0,84.4,7.0,0.1461,0
19.3,0.0,84.4,7.0,0.1461,0
19.3,0.0,84.4,7.0,0.1461,0
17.7,0.0,0.0,7.0,0.3226,1
19.5,0.0,64.7,7.0,0.3333,1
19.5,0.0,64.7,7.0,0.3636,0
19.5,0.0,64.7,7.0,0.3636,0
19.5,0.0,64.7,7.0,0.3636,0
19.5,0.0,64.7,7.0,0.3636,0
19.5,0.0,64.7,7.0,0.3636,0
19.5,0.0,64.7,7.0,0.3333,1
16.3,0.0,0.0,7.0,0.2636,1
14.6,0.0,100.0,7.0,0.2636,0
17.2,0.0,100.0,7.0,0.2636,0
16.7,0.0,100.0,7.0,0.2636,0
16.8,0.0,100.0,7.0,0.2636,0
16.7,0.0,100.0,7.0,0.2636,0
16.7,0.0,100.0,7.0,0.2636,0
16.8,0.0,100.0,7.0,0.2636,0
16.7,0.0,100.0,7.0,0.2636,0
14.9,0.0,100.0,7.0,0.2636,0
16.7,0.0,100.0,7.0,0.2636,0
16.7,0.0,100.0,7.0,0.2636,0
16.8,0.0,100.0,7.0,0.2636,0
19.4,0.0,64.8,7.0,0.4488,0
13.4,0.0,100.0,7.0,0.2636,0
18.5,0.0,42.5,7.0,0.1608,0
18.5,0.0,42.5,7.0,0.1608,0
18.5,0.0,42.5,7.0,0.1558,1
18.5,0.0,42.5,7.0,0.1608,0
18.5,0.0,42.5,7.0,0.1608,0
18.5,0.0,42.5,7.0,0.1608,0
18.5,0.0,42.5,7.0,0.1558,1
18.5,0.0,42.5,7.0,0.1608,0
17.6,0.0,42.5,7.0,0.1608,0
18.1,0.0,42.5,7.0,0.1608,0
18.1,0.0,42.5,7.0,0.1608,0
18.1,0.0,42.5,7.0,0.1608,0
17.6,0.0,42.5,7.0,0.1558,1
18.1,0.0,42.5,7.0,0.1608,0
18.1,0.0,42.5,7.0,0.1608,0
16.8,0.0,82.7,7.0,0.1992,0
16.8,0.0,82.7,7.0,0.1992,0
16.8,0.0,82.7,7.0,0.1992,0
16.2,0.0,82.7,7.0,0.1949,1
16.2,0.0,82.7,7.0,0.1949,1
17.6,0.0,59.7,7.0,0.4648,1
17.7,0.0,59.7,7.0,0.4789,0
16.2,0.0,82.7,7.0,0.1949,1
16.2,0.0,82.7,7.0,0.1949,1
16.2,0.0,82.7,7.0,0.1949,1
16.2,0.0,82.7,7.0,0.1949,1
16.2,0.0,82.7,7.0,0.1949,1
16.1,0.0,82.7,7.0,0.1949,1
16.1,0.0,82.7,7.0,0.1992,0
16.1,0.0,82.7,7.0,0.1949,1
16.2,0.0,82.7,7.0,0.1949,1
16.1,0.0,82.7,7.0,0.1949,1
16.8,0.0,82.7,7.0,0.1992,0
16.8,0.0,82.7,7.0,0.1949,1
16.2,0.0,82.7,7.0,0.1949,1
16.8,0.0,82.7,7.0,0.1992,0
16.8,0.0,82.7,7.0,0.1992,0
16.8,0.0,82.7,7.0,0.1992,0
16.8,0.0,82.7,7.0,0.1992,0
16.8,0.0,82.7,7.0,0.1992,0
16.8,0.0,82.7,7.0,0.1992,0
16.8,0.0,82.7,7.0,0.1949,1
16.8,0.0,82.7,7.0,0.1992,0
16.8,0.0,82.7,7.0,0.1992,0
14.1,0.0,91.4,7.0,0.1228,1
16.8,0.0,82.7,7.0,0.1992,0
16.8,0.0,82.7,7.0,0.1992,0
18.4,0.0,57.1,7.0,0.4407,0
16.8,0.0,82.7,7.0,0.1949,1
18.4,0.0,57.1,7.0,0.4407,0
18.4,0.0,57.1,7.0,0.4407,0
18.4,0.0,57.1,7.0,0.4322,1
16.2,0.0,82.7,7.0,0.1992,0
18.4,0.0,57.1,7.0,0.4322,1
18.4,0.0,57.1,7.0,0.4407,0
16.1,0.0,82.7,7.0,0.1992,0
16.1,0.0,82.7,7.0,0.1992,0
18.4,0.0,57.1,7.0,0.4407,0
19.3,0.0,82.0,7.0,0.1448,0
18.4,0.0,57.1,7.0,0.4407,0
19.0,0.0,82.0,7.0,0.1448,0
18.8,0.0,88.3,7.0,0.2176,1
18.7,0.0,95.2,7.0,0.0097,0
19.3,0.0,82.0,7.0,0.1448,0
19.5,0.0,86.2,7.0,0.3069,0
19.5,0.0,86.2,7.0,0.302,1
19.5,0.0,86.2,7.0,0.3069,0
19.5,0.0,86.2,7.0,0.3069,0
19.3,0.0,82.0,7.0,0.1448,0
18.8,0.0,88.3,7.0,0.2176,1
18.4,0.0,57.1,7.0,0.4322,1
18.4,0.0,57.1,7.0,0.4322,1
17.7,0.0,88.0,7.0,0.2636,0
12.6,0.0,74.4,7.0,0.3127,1
16.5,0.0,74.4,7.0,0.3158,0
12.1,0.0,74.4,7.0,0.3158,0
17.0,0.0,74.4,7.0,0.3127,1
18.2,0.0,100.0,7.0,0.1083,0
18.2,0.0,100.0,7.0,0.1083,0
18.2,0.0,100.0,7.0,0.1083,0
18.2,0.0,100.0,7.0,0.1083,0
18.2,0.0,100.0,7.0,0.1083,0
18.2,0.0,100.0,7.0,0.1083,0
18.2,0.0,100.0,7.0,0.1083,0
18.2,0.0,100.0,7.0,0.1083,0
18.2,0.0,100.0,7.0,0.1083,0
18.2,0.0,100.0,7.0,0.1083,0
17.4,0.0,64.9,7.0,0.3229,1
19.4,0.0,98.2,7.0,0.0228,0
19.5,0.0,98.2,7.0,0.0228,0
13.7,0.0,100.0,7.0,0.0,0
15.0,0.0,100.0,7.0,0.0,0
15.0,0.0,100.0,7.0,0.0,0
19.5,0.0,98.2,7.0,0.0228,0
18.2,0.0,100.0,7.0,0.1083,0
18.2,0.0,100.0,7.0,0.1083,0
18.2,0.0,100.0,7.0,0.1083,0
18.3,0.0,100.0,7.0,0.1083,0
18.3,0.0,100.0,7.0,0.1083,0
18.3,0.0,100.0,7.0,0.1083,0
18.3,0.0,100.0,7.0,0.1083,0
18.3,0.0,100.0,7.0,0.1083,0
18.3,0.0,100.0,7.0,0.1083,0
18.3,0.0,100.0,7.0,0.1083,0
18.8,0.0,46.7,7.0,0.4615,0
18.3,0.0,100.0,7.0,0.1083,0
18.3,0.0,100.0,7.0,0.1083,0
18.3,0.0,100.0,7.0,0.1083,0
18.3,0.0,100.0,7.0,0.1083,0
18.3,0.0,100.0,7.0,0.1083,0
18.3,0.0,100.0,7.0,0.1083,0
18.3,0.0,100.0,7.0,0.1083,0
18.3,0.0,100.0,7.0,0.1083,0
18.3,0.0,100.0,7.0,0.1083,0
18.3,0.0,100.0,7.0,0.1083,0
18.7,0.0,100.0,7.0,0.0,0
18.7,0.0,100.0,7.0,0.0,0
18.3,0.0,100.0,7.0,0.1083,0
18.3,0.0,100.0,7.0,0.1083,0
18.3,0.0,100.0,7.0,0.1083,0
18.3,0.0,100.0,7.0,0.1083,0
18.3,0.0,100.0,7.0,0.1083,0
18.3,0.0,100.0,7.0,0.1083,0
18.3,0.0,100.0,7.0,0.1083,0
18.3,0.0,100.0,7.0,0.1083,0
18.3,0.0,100.0,7.0,0.1083,0
18.3,0.0,100.0,7.0,0.1083,0
18.5,0.0,71.4,7.0,0.4182,0
16.9,0.0,49.3,7.0,0.1029,1
18.5,0.0,71.4,7.0,0.4182,0
18.3,0.0,100.0,7.0,0.1083,0
18.3,0.0,100.0,7.0,0.1083,0
18.3,0.0,100.0,7.0,0.1083,0
18.3,0.0,100.0,7.0,0.1083,0
18.3,0.0,100.0,7.0,0.1083,0
18.3,0.0,100.0,7.0,0.1083,0
18.3,0.0,100.0,7.0,0.1083,0
18.3,0.0,100.0,7.0,0.1083,0
18.3,0.0,100.0,7.0,0.1083,0
18.3,0.0,100.0,7.0,0.1083,0
16.9,0.0,49.3,7.0,0.1176,0
18.5,0.0,71.4,7.0,0.4182,0
18.5,0.0,71.4,7.0,0.4182,0
16.9,0.0,49.3,7.0,0.1176,0
19.5,0.0,66.1,7.0,0.2318,0
18.3,0.0,100.0,7.0,0.1083,0
18.3,0.0,100.0,7.0,0.1083,0
18.3,0.0,100.0,7.0,0.1083,0
18.3,0.0,100.0,7.0,0.1083,0
18.3,0.0,100.0,7.0,0.1083,0
18.3,0.0,100.0,7.0,0.1083,0
18.3,0.0,100.0,7.0,0.1083,0
18.3,0.0,100.0,7.0,0.1083,0
18.3,0.0,100.0,7.0,0.1083,0
18.3,0.0,100.0,7.0,0.1083,0
17.9,0.0,71.4,7.0,0.4,1
18.1,0.0,42.5,7.0,0.1608,0
18.3,0.0,100.0,7.0,0.1083,0
18.3,0.0,100.0,7.0,0.1083,0
18.3,0.0,100.0,7.0,0.1083,0
18.3,0.0,100.0,7.0,0.1083,0
18.3,0.0,100.0,7.0,0.1083,0
18.3,0.0,100.0,7.0,0.1083,0
18.3,0.0,100.0,7.0,0.1083,0
18.3,0.0,100.0,7.0,0.1083,0
18.3,0.0,100.0,7.0,0.1083,0
18.3,0.0,100.0,7.0,0.1083,0
16.1,0.0,82.7,7.0,0.1949,1
16.1,0.0,82.7,7.0,0.1992,0
16.1,0.0,82.7,7.0,0.1949,1
16.1,0.0,82.7,7.0,0.1992,0
18.3,0.0,100.0,7.0,0.1083,0
18.3,0.0,100.0,7.0,0.1083,0
18.3,0.0,100.0,7.0,0.1083,0
18.3,0.0,100.0,7.0,0.1083,0
18.3,0.0,100.0,7.0,0.1083,0
18.3,0.0,100.0,7.0,0.1083,0
18.3,0.0,100.0,7.0,0.1083,0
18.3,0.0,100.0,7.0,0.1083,0
18.3,0.0,100.0,7.0,0.1083,0
18.3,0.0,100.0,7.0,0.1083,0
16.1,0.0,82.7,7.0,0.1992,0
16.1,0.0,82.7,7.0,0.1992,0
16.1,0.0,82.7,7.0,0.1949,1
14.9,0.0,82.7,7.0,0.1949,1
16.2,0.0,82.7,7.0,0.1949,1
16.1,0.0,82.7,7.0,0.1949,1
16.8,0.0,82.7,7.0,0.1949,1
16.8,0.0,82.7,7.0,0.1992,0
18.6,0.0,100.0,7.0,0.2636,0
18.6,0.0,100.0,7.0,0.2636,0
16.5,0.0,73.5,7.0,0.0366,0
19.0,0.0,79.3,7.0,0.2636,0
19.0,0.0,79.3,7.0,0.2636,0
19.0,0.0,79.3,7.0,0.2636,0
19.0,0.0,79.3,7.0,0.2636,0
19.0,0.0,79.3,7.0,0.2636,0
19.0,0.0,79.3,7.0,0.2636,0
19.0,0.0,79.3,7.0,0.2636,0
19.7,0.0,41.9,7.0,0.1429,0
12.7,0.0,41.9,8.0,0.1429,0
15.8,0.0,41.9,7.0,0.1429,0
13.3,0.0,41.9,7.0,0.119,1
13.4,0.0,41.9,7.0,0.1429,0
13.4,0.0,41.9,7.0,0.1429,0
13.4,0.0,41.9,7.0,0.119,1
12.8,0.0,41.9,7.0,0.1429,0
19.2,0.0,41.9,7.0,0.1429,0
19.2,0.0,41.9,7.0,0.1429,0
19.2,0.0,41.9,7.0,0.1429,0
19.2,0.0,41.9,7.0,0.1429,0
19.2,0.0,41.9,7.0,0.1429,0
19.0,0.0,20.0,7.0,0.2636,0
17.7,0.0,69.1,7.0,0.123,0
17.7,0.0,69.1,7.0,0.123,0
17.7,0.0,69.1,7.0,0.123,0
17.7,0.0,69.1,7.0,0.123,0
17.7,0.0,69.1,7.0,0.123,0
17.7,0.0,69.1,7.0,0.123,0
17.7,0.0,69.1,7.0,0.123,0
17.7,0.0,69.1,7.0,0.123,0
13.0,0.0,84.9,7.0,0.1154,0
13.0,0.0,84.9,7.0,0.1154,0
13.0,0.0,84.9,7.0,0.1154,0
13.0,0.0,84.9,7.0,0.1154,0
13.1,0.0,84.9,7.0,0.1154,0
17.6,0.0,88.5,7.0,0.1158,0
12.0,1.0,90.9,7.0,0.2368,0
14.7,0.0,88.5,7.0,0.1158,0
15.0,0.0,88.5,7.0,0.1053,1
12.4,0.0,88.5,7.0,0.1158,0
15.8,0.0,89.2,7.0,0.0435,0
18.3,0.0,100.0,7.0,0.1083,0
18.3,0.0,100.0,7.0,0.1083,0
18.3,0.0,100.0,7.0,0.1083,0
18.3,0.0,100.0,7.0,0.1083,0
18.3,0.0,100.0,7.0,0.1083,0
18.3,0.0,100.0,7.0,0.1083,0
18.3,0.0,100.0,7.0,0.1083,0
18.3,0.0,100.0,7.0,0.1083,0
15.8,0.0,89.2,7.0,0.0435,0
15.8,0.0,89.2,7.0,0.0435,0
15.8,0.0,89.2,7.0,0.0435,0
17.8,0.0,55.6,7.0,0.2636,1
19.7,0.0,98.2,7.0,0.0228,0
15.8,0.0,89.2,7.0,0.0435,0
19.7,0.0,98.2,7.0,0.0228,0
19.7,0.0,98.2,7.0,0.0228,0
19.5,0.0,98.2,7.0,0.0228,0
19.7,0.0,98.2,7.0,0.0228,0
19.7,0.0,98.2,7.0,0.0228,0
19.7,0.0,98.2,7.0,0.0228,0
19.7,0.0,98.2,7.0,0.0228,0
19.7,0.0,98.2,7.0,0.0228,0
19.6,0.0,98.2,7.0,0.0228,0
19.7,0.0,98.2,7.0,0.0228,0
19.5,0.0,98.2,7.0,0.0228,0
19.5,0.0,98.2,7.0,0.0228,0
19.7,0.0,98.2,7.0,0.0228,0
19.7,0.0,98.2,7.0,0.0228,0
19.7,0.0,98.2,7.0,0.0228,0
19.7,0.0,98.2,7.0,0.0228,0
19.7,0.0,98.2,7.0,0.0228,0
15.1,0.0,64.3,7.0,0.2636,0
15.1,0.0,64.3,7.0,0.2636,0
15.1,0.0,64.3,7.0,0.2636,0
15.1,0.0,64.3,7.0,0.2636,0
15.1,0.0,64.3,7.0,0.2636,0
19.6,0.0,98.2,7.0,0.0228,0
19.6,0.0,98.2,7.0,0.0228,0
19.6,0.0,98.2,7.0,0.0228,0
19.6,0.0,98.2,7.0,0.0228,0
19.6,0.0,98.2,7.0,0.0228,0
19.6,0.0,98.2,7.0,0.0228,0
19.6,0.0,98.2,7.0,0.0228,0
17.8,0.0,98.2,7.0,0.0228,0
18.3,0.0,100.0,7.0,0.1083,0
18.3,0.0,100.0,7.0,0.1083,0
18.3,0.0,100.0,7.0,0.1083,0
18.3,0.0,100.0,7.0,0.1083,0
18.3,0.0,100.0,7.0,0.1083,0
18.2,0.0,100.0,7.0,0.1083,0
18.3,0.0,100.0,7.0,0.1083,0
18.3,0.0,100.0,7.0,0.1083,0
17.6,0.0,82.9,7.0,0.0588,0
14.9,0.0,61.3,7.0,0.3333,0
14.9,0.0,61.3,7.0,0.3333,0
12.3,0.0,82.9,7.0,0.0588,0
14.4,0.0,61.3,7.0,0.3333,0
18.3,0.0,100.0,7.0,0.1083,0
18.3,0.0,100.0,7.0,0.1047,1
18.3,0.0,100.0,7.0,0.1083,0
18.3,0.0,100.0,7.0,0.1083,0
18.3,0.0,100.0,7.0,0.1083,0
18.3,0.0,100.0,7.0,0.1083,0
18.3,0.0,100.0,7.0,0.1083,0
18.3,0.0,100.0,7.0,0.1083,0
18.3,0.0,100.0,7.0,0.1083,0
18.3,0.0,100.0,7.0,0.1083,0
15.6,0.0,61.3,7.0,0.3333,0
15.6,0.0,61.3,7.0,0.3333,0
15.8,0.0,56.7,9.0,0.322,0
15.6,0.0,61.3,7.0,0.3333,0
16.7,0.0,82.9,7.0,0.0588,0
16.7,0.0,82.9,7.0,0.0588,0
16.7,0.0,82.9,7.0,0.0588,0
16.7,0.0,82.9,7.0,0.0588,0
12.4,0.0,100.0,7.0,0.2636,0
16.7,0.0,82.9,7.0,0.0588,0
16.7,0.0,82.9,7.0,0.0588,0
16.7,0.0,82.9,7.0,0.0588,0
16.7,0.0,82.9,7.0,0.0588,0
16.7,0.0,82.9,7.0,0.0588,0
14.9,0.0,98.2,7.0,0.0228,0
18.3,0.0,100.0,7.0,0.1083,0
18.3,0.0,100.0,7.0,0.1083,0
18.3,0.0,100.0,7.0,0.1083,0
18.3,0.0,100.0,7.0,0.1083,0
18.3,0.0,100.0,7.0,0.1083,0
18.3,0.0,100.0,7.0,0.1083,0
18.3,0.0,100.0,7.0,0.1083,0
18.3,0.0,100.0,7.0,0.1083,0
18.3,0.0,100.0,7.0,0.1083,0
18.3,0.0,100.0,7.0,0.1083,0
15.5,0.0,98.2,7.0,0.0228,0
15.8,0.0,89.2,7.0,0.0435,0
18.1,0.0,98.2,7.0,0.0228,0
14.5,0.0,61.3,7.0,0.3333,0
14.5,0.0,61.3,7.0,0.3333,0
15.8,0.0,89.2,7.0,0.0435,0
15.6,0.0,61.3,7.0,0.3333,0
12.1,0.0,61.3,7.0,0.3333,0
12.1,0.0,61.3,7.0,0.3333,0
18.3,0.0,100.0,7.0,0.1083,0
18.3,0.0,100.0,7.0,0.1083,0
18.3,0.0,100.0,7.0,0.1083,0
18.3,0.0,100.0,7.0,0.1083,0
18.3,0.0,100.0,7.0,0.1083,0
18.3,0.0,100.0,7.0,0.1083,0
18.3,0.0,100.0,7.0,0.1083,0
18.3,0.0,100.0,7.0,0.1083,0
18.3,0.0,100.0,7.0,0.1083,0
18.3,0.0,100.0,7.0,0.1083,0
18.3,0.0,100.0,7.0,0.1083,0
18.3,0.0,100.0,7.0,0.1083,0
18.3,0.0,100.0,7.0,0.1047,1
18.3,0.0,100.0,7.0,0.1047,1
18.3,0.0,100.0,7.0,0.1047,1
18.3,0.0,100.0,7.0,0.1047,1
18.3,0.0,100.0,7.0,0.1083,0
18.3,0.0,100.0,7.0,0.1047,1
18.3,0.0,100.0,7.0,0.1047,1
18.3,0.0,100.0,7.0,0.1047,1
17.8,0.0,74.6,7.0,0.4286,0
18.3,0.0,100.0,7.0,0.1047,1
18.3,0.0,100.0,7.0,0.1047,1
18.3,0.0,100.0,7.0,0.1047,1
18.3,0.0,100.0,7.0,0.1047,1
18.3,0.0,100.0,7.0,0.1047,1
18.3,0.0,100.0,7.0,0.1047,1
18.3,0.0,100.0,7.0,0.1047,1
18.3,0.0,100.0,7.0,0.1047,1
18.3,0.0,100.0,7.0,0.1083,0
18.3,0.0,100.0,7.0,0.1083,0
18.3,0.0,100.0,7.0,0.1083,0
18.3,0.0,100.0,7.0,0.1083,0
18.3,0.0,100.0,7.0,0.1083,0
18.3,0.0,100.0,7.0,0.1083,0
18.3,0.0,100.0,7.0,0.1083,0
18.3,0.0,100.0,7.0,0.1083,0
18.3,0.0,100.0,7.0,0.1083,0
18.3,0.0,100.0,7.0,0.1083,0
18.3,0.0,100.0,7.0,0.1083,0
17.8,0.0,81.1,7.0,0.2149,0
16.1,0.0,81.1,7.0,0.2066,1
18.3,0.0,100.0,7.0,0.1083,0
18.3,0.0,100.0,7.0,0.1083,0
18.3,0.0,100.0,7.0,0.1083,0
18.3,0.0,100.0,7.0,0.1083,0
18.3,0.0,100.0,7.0,0.1083,0
18.3,0.0,100.0,7.0,0.1083,0
18.3,0.0,100.0,7.0,0.1083,0
18.3,0.0,100.0,7.0,0.1083,0
18.3,0.0,100.0,7.0,0.1083,0
18.3,0.0,100.0,7.0,0.1083,0
19.5,0.0,70.2,7.0,0.2611,0
19.5,0.0,70.2,7.0,0.2611,0
19.5,0.0,70.2,7.0,0.2611,0
19.5,0.0,70.2,7.0,0.2611,0
14.5,0.0,82.7,7.0,0.1992,0
19.5,0.0,70.2,7.0,0.2611,0
15.8,0.0,82.7,7.0,0.1949,1
13.3,0.0,96.8,7.0,0.0,0
13.3,0.0,96.8,7.0,0.0,0
13.3,0.0,96.8,7.0,0.0,0
19.0,0.0,90.8,7.0,0.1406,0
19.0,0.0,90.8,7.0,0.1406,0
19.0,0.0,90.8,7.0,0.1406,0
18.1,0.0,90.8,7.0,0.1406,0
13.3,0.0,96.8,7.0,0.0,0
13.3,0.0,96.8,7.0,0.0,0
13.3,0.0,96.8,7.0,0.0,0
13.3,0.0,96.8,7.0,0.0,0
13.3,0.0,96.8,7.0,0.0,0
13.3,0.0,96.8,7.0,0.0,0
16.8,0.0,82.7,7.0,0.1992,0
15.3,0.0,82.7,7.0,0.1992,0
15.8,0.0,82.7,7.0,0.1992,0
13.6,0.0,82.7,7.0,0.1992,0
15.3,0.0,82.7,7.0,0.1992,0
13.3,0.0,96.8,7.0,0.0,0
18.4,0.0,12.1,7.0,0.1875,1
15.9,0.0,12.1,7.0,0.2188,0
13.0,0.0,82.7,7.0,0.1992,0
15.3,0.0,82.7,7.0,0.1992,0
16.2,0.0,82.7,7.0,0.1949,1
16.1,0.0,82.7,7.0,0.1949,1
16.2,0.0,82.7,7.0,0.1992,0
16.8,0.0,82.7,7.0,0.1992,0
16.8,0.0,82.7,7.0,0.1992,0
16.8,0.0,82.7,7.0,0.1992,0
16.8,0.0,82.7,7.0,0.1992,0
16.8,0.0,82.7,7.0,0.1992,0
16.8,0.0,82.7,7.0,0.1992,0
16.8,0.0,82.7,7.0,0.1992,0
16.8,0.0,82.7,7.0,0.1992,0
16.8,0.0,82.7,7.0,0.1992,0
16.8,0.0,82.7,7.0,0.1949,1
16.8,0.0,82.7,7.0,0.1949,1
16.8,0.0,82.7,7.0,0.1992,0
16.2,0.0,82.7,7.0,0.1949,1
16.1,0.0,82.7,7.0,0.1992,0
16.1,0.0,82.7,7.0,0.1992,0
16.1,0.0,82.7,7.0,0.1949,1
15.6,0.0,61.3,7.0,0.3333,0
18.4,0.0,12.1,7.0,0.1875,1
18.4,0.0,12.1,7.0,0.2188,0
16.3,0.0,12.1,7.0,0.1875,1
19.1,0.0,66.7,9.0,0.2636,0
19.7,0.0,75.6,7.0,0.2921,0
19.7,0.0,75.6,7.0,0.2921,0
19.7,0.0,75.6,7.0,0.2921,0
17.5,0.0,88.5,7.0,0.1053,1
18.9,0.0,70.4,7.0,0.2636,0
18.9,0.0,70.0,8.0,0.2636,1
14.7,0.0,88.5,7.0,0.1053,1
12.7,0.0,0.0,7.0,0.2157,1
12.7,0.0,0.0,7.0,0.2157,1
18.5,0.0,59.1,7.0,0.4186,0
14.6,0.0,91.4,7.0,0.1228,1
18.5,0.0,59.1,8.0,0.3953,1
17.8,0.0,72.6,9.0,0.2234,1
17.8,0.0,72.6,9.0,0.2234,1
15.0,0.0,92.2,7.0,0.0787,0
18.7,0.0,98.8,7.0,0.0,0
16.5,0.0,92.2,7.0,0.0787,0
12.7,0.0,0.0,7.0,0.2353,0
15.0,0.0,83.3,7.0,0.1429,1
18.5,0.0,59.1,7.0,0.4186,0
18.5,0.0,59.1,7.0,0.4186,0
18.5,0.0,59.1,7.0,0.4186,0
18.5,0.0,59.1,7.0,0.4186,0
18.5,0.0,59.1,7.0,0.4186,0
17.8,0.0,100.0,7.0,0.0,0
17.8,0.0,100.0,7.0,0.0,0
16.7,0.0,100.0,7.0,0.0,0
17.8,0.0,100.0,7.0,0.0,0
17.8,0.0,100.0,7.0,0.0,0
17.8,0.0,100.0,7.0,0.0,0
18.5,0.0,59.1,7.0,0.3953,1
18.5,0.0,59.1,7.0,0.3953,1
18.5,0.0,59.1,7.0,0.3953,1
18.7,0.0,92.2,7.0,0.0787,0
18.7,0.0,92.2,7.0,0.0787,0
18.7,0.0,92.2,7.0,0.0787,0
18.7,0.0,92.2,7.0,0.0787,0
18.7,0.0,92.2,7.0,0.0787,0
15.1,0.0,89.2,7.0,0.0978,0
14.1,0.0,76.5,7.0,0.2636,0
18.7,0.0,92.2,7.0,0.0787,0
18.7,0.0,92.2,7.0,0.0787,0
18.7,0.0,92.2,7.0,0.0787,0
18.7,0.0,92.2,7.0,0.0787,0
18.7,0.0,92.2,7.0,0.0787,0
15.8,0.0,35.3,7.0,0.2636,1
18.7,0.0,92.2,7.0,0.0787,0
18.7,0.0,92.2,7.0,0.0787,0
18.7,0.0,92.2,7.0,0.0787,0
18.7,0.0,92.2,7.0,0.0787,0
18.7,0.0,92.2,7.0,0.0787,0
13.5,0.0,35.3,7.0,0.2636,1
19.5,0.0,100.0,7.0,0.2636,0
13.5,0.0,100.0,7.0,0.2636,0
13.8,0.0,100.0,7.0,0.2636,0
18.3,0.0,64.9,7.0,0.3333,0
18.3,0.0,64.9,7.0,0.3333,0
18.3,0.0,64.9,7.0,0.3333,0
18.3,0.0,64.9,7.0,0.3333,0
18.7,0.0,92.2,7.0,0.0787,0
18.7,0.0,92.2,7.0,0.0787,0
12.3,0.0,46.1,7.0,0.4267,1
12.3,0.0,46.1,7.0,0.4267,1
12.3,0.0,46.1,7.0,0.4267,1
17.5,0.0,63.0,7.0,0.1509,0
12.4,0.0,50.7,7.0,0.1515,0
17.5,0.0,63.0,7.0,0.1509,0
12.7,0.0,50.7,7.0,0.1515,0
14.4,0.0,50.7,7.0,0.1515,0
15.1,0.0,50.7,7.0,0.1515,0
15.1,0.0,28.6,7.0,0.1458,1
15.1,0.0,28.6,7.0,0.1667,0
15.1,0.0,28.6,7.0,0.1667,0
15.1,0.0,28.6,7.0,0.1458,1
15.1,0.0,28.6,7.0,0.1667,0
15.1,0.0,28.6,7.0,0.1667,0
15.8,0.0,89.2,7.0,0.0435,0
15.7,1.0,74.6,7.0,0.4286,0
17.3,0.0,74.6,7.0,0.4143,1
16.7,0.0,74.6,7.0,0.4143,1
17.6,0.0,74.6,7.0,0.4143,1
17.3,0.0,74.6,7.0,0.4286,0
17.3,0.0,74.6,7.0,0.4286,0
13.3,0.0,35.7,7.0,0.2636,0
13.3,0.0,35.7,7.0,0.2636,0
13.3,0.0,35.7,7.0,0.2636,0
13.3,0.0,35.7,7.0,0.2636,0
13.3,0.0,35.7,7.0,0.2636,0
13.3,0.0,35.7,7.0,0.2636,0
18.1,0.0,55.9,7.0,0.4706,0
13.3,0.0,35.7,7.0,0.2636,0
18.9,0.0,98.2,7.0,0.0228,0
15.1,0.0,100.0,7.0,0.0,0
18.9,0.0,98.2,7.0,0.0228,0
14.9,0.0,98.2,7.0,0.0228,0
14.9,0.0,98.2,7.0,0.0228,0
16.8,0.0,69.0,7.0,0.2195,0
18.3,0.0,100.0,7.0,0.1083,0
18.3,0.0,100.0,7.0,0.1083,0
18.3,0.0,100.0,7.0,0.1083,0
18.3,0.0,100.0,7.0,0.1083,0
18.3,0.0,100.0,7.0,0.1083,0
18.3,0.0,100.0,7.0,0.1083,0
18.3,0.0,100.0,7.0,0.1083,0
18.3,0.0,100.0,7.0,0.1083,0
18.3,0.0,100.0,7.0,0.1083,0
18.3,0.0,100.0,7.0,0.1083,0
18.0,0.0,98.2,7.0,0.0228,0
13.3,0.0,35.7,7.0,0.2636,0
18.1,0.0,90.0,7.0,0.1628,0
17.9,0.0,90.0,7.0,0.1628,0
17.9,0.0,90.0,7.0,0.1628,0
16.7,0.0,90.0,7.0,0.1628,0
17.5,0.0,90.0,7.0,0.1628,0
12.1,0.0,98.2,7.0,0.0228,0
18.3,0.0,100.0,7.0,0.1083,0
18.3,0.0,100.0,7.0,0.1083,0
18.3,0.0,100.0,7.0,0.1083,0
18.3,0.0,100.0,7.0,0.1083,0
18.3,0.0,100.0,7.0,0.1083,0
18.3,0.0,100.0,7.0,0.1083,0
18.3,0.0,100.0,7.0,0.1083,0
18.3,0.0,100.0,7.0,0.1083,0
18.3,0.0,100.0,7.0,0.1083,0
18.3,0.0,100.0,7.0,0.1083,0
16.7,0.0,98.2,7.0,0.0228,0
15.5,0.0,98.2,7.0,0.0228,0
17.0,0.0,98.2,7.0,0.0228,0
12.6,0.0,0.0,7.0,0.2636,0
18.3,0.0,100.0,7.0,0.1083,0
18.3,0.0,100.0,7.0,0.1083,0
18.3,0.0,100.0,7.0,0.1083,0
18.3,0.0,100.0,7.0,0.1083,0
18.3,0.0,100.0,7.0,0.1083,0
18.3,0.0,100.0,7.0,0.1083,0
18.3,0.0,100.0,7.0,0.1083,0
18.3,0.0,100.0,7.0,0.1083,0
18.3,0.0,100.0,7.0,0.1083,0
18.3,0.0,100.0,7.0,0.1083,0
18.6,0.0,59.5,7.0,0.3902,0
18.6,0.0,59.5,7.0,0.3902,0
18.0,0.0,66.7,7.0,0.2636,1
17.6,0.0,59.5,7.0,0.3902,0
16.0,0.0,76.9,7.0,0.7156,1
16.0,0.0,76.9,7.0,0.7156,1
16.0,0.0,76.9,7.0,0.7156,1
16.0,0.0,76.9,7.0,0.7156,1
16.0,0.0,76.9,7.0,0.7156,1
16.0,0.0,76.9,7.0,0.7156,1
16.0,0.0,76.9,7.0,0.7156,1
12.8,0.0,100.0,7.0,0.2636,0
13.7,0.0,100.0,7.0,0.2636,0
13.7,0.0,100.0,7.0,0.2636,0
16.0,0.0,76.9,7.0,0.7156,1
16.0,0.0,76.9,7.0,0.7156,1
16.0,0.0,76.9,7.0,0.7156,1
16.0,0.0,76.9,7.0,0.7156,1
16.0,0.0,76.9,7.0,0.7156,1
16.0,0.0,76.9,7.0,0.7156,1
16.0,0.0,76.9,7.0,0.7156,1
16.0,0.0,76.9,7.0,0.7156,1
16.0,0.0,76.9,7.0,0.7156,1
16.0,0.0,76.9,7.0,0.7156,1
16.0,0.0,76.9,7.0,0.7156,1
16.0,0.0,76.9,7.0,0.7163,0
18.6,0.0,76.9,7.0,0.7163,0
16.0,0.0,76.9,7.0,0.7156,1
16.0,0.0,76.9,7.0,0.7156,1
16.0,0.0,76.9,7.0,0.7156,1
16.0,0.0,76.9,7.0,0.7156,1
13.8,0.0,7.7,7.0,0.2636,0
16.0,0.0,76.9,7.0,0.7156,1
16.0,0.0,76.9,7.0,0.7156,1
16.0,0.0,76.9,7.0,0.7156,1
16.0,0.0,76.9,7.0,0.7156,1
16.0,0.0,76.9,7.0,0.7156,1
16.0,0.0,76.9,7.0,0.7156,1
16.0,0.0,76.9,7.0,0.7156,1
16.0,0.0,76.9,7.0,0.7156,1
18.6,0.0,76.9,7.0,0.7163,0
16.0,0.0,76.9,7.0,0.7156,1
16.0,0.0,76.9,7.0,0.7156,1
16.0,0.0,76.9,7.0,0.7156,1
16.0,0.0,76.9,7.0,0.7156,1
16.0,0.0,76.9,7.0,0.7156,1
16.0,0.0,76.9,7.0,0.7156,1
18.6,0.0,76.9,7.0,0.7163,0
16.0,0.0,76.9,7.0,0.7156,1
16.0,0.0,76.9,7.0,0.7156,1
16.0,0.0,76.9,7.0,0.7156,1
16.0,0.0,76.9,7.0,0.7156,1
16.0,0.0,76.9,7.0,0.7156,1
16.0,0.0,76.9,7.0,0.7156,1
16.0,0.0,76.9,7.0,0.7156,1
16.0,0.0,76.9,7.0,0.7156,1
16.0,0.0,76.9,7.0,0.7156,1
16.0,0.0,76.9,7.0,0.7156,1
16.0,0.0,76.9,7.0,0.7156,1
16.0,0.0,76.9,7.0,0.7156,1
16.0,0.0,76.9,7.0,0.7156,1
16.0,0.0,76.9,7.0,0.7156,1
16.0,0.0,76.9,7.0,0.7156,1
16.0,0.0,76.9,7.0,0.7156,1
16.0,0.0,76.9,7.0,0.7156,1
16.0,0.0,76.9,7.0,0.7156,1
16.0,0.0,76.9,7.0,0.7156,1
14.4,0.0,14.3,7.0,0.439,0
17.9,0.0,14.3,7.0,0.4146,1
16.0,0.0,76.9,7.0,0.7156,1
16.0,0.0,76.9,7.0,0.7156,1
16.0,0.0,76.9,7.0,0.7156,1
16.0,0.0,76.9,7.0,0.7156,1
16.0,0.0,76.9,7.0,0.7156,1
16.0,0.0,76.9,7.0,0.7156,1
16.0,0.0,76.9,7.0,0.7156,1
16.0,0.0,76.9,7.0,0.7156,1
17.6,0.0,79.5,7.0,0.2632,0
17.6,0.0,79.5,7.0,0.2632,0
17.6,0.0,79.5,7.0,0.2368,1
17.6,0.0,79.5,7.0,0.2632,0
17.6,0.0,79.5,7.0,0.2632,0
17.6,0.0,79.5,7.0,0.2632,0
17.6,0.0,79.5,7.0,0.2632,0
17.6,0.0,79.5,7.0,0.2632,0
17.6,0.0,79.5,7.0,0.2632,0
17.6,0.0,79.5,7.0,0.2368,1
17.6,0.0,79.5,7.0,0.2632,0
17.6,0.0,79.5,7.0,0.2632,0
16.0,0.0,76.9,7.0,0.7156,1
17.6,0.0,79.5,7.0,0.2632,0
17.6,0.0,79.5,7.0,0.2632,0
17.6,0.0,79.5,7.0,0.2632,0
17.6,0.0,79.5,7.0,0.2632,0
17.6,0.0,79.5,7.0,0.2632,0
17.6,0.0,79.5,7.0,0.2632,0
17.6,0.0,79.5,7.0,0.2632,0
17.6,0.0,79.5,7.0,0.2632,0
17.6,0.0,79.5,7.0,0.2632,0
17.6,0.0,79.5,7.0,0.2368,1
17.6,0.0,79.5,7.0,0.2368,1
17.6,0.0,79.5,7.0,0.2632,0
17.6,0.0,79.5,7.0,0.2632,0
17.6,0.0,79.5,7.0,0.2632,0
17.6,0.0,79.5,7.0,0.2632,0
17.6,0.0,79.5,7.0,0.2632,0
17.6,0.0,79.5,7.0,0.2368,1
16.0,0.0,76.9,7.0,0.7156,1
16.0,0.0,76.9,7.0,0.7156,1
16.0,0.0,76.9,7.0,0.7156,1
16.0,0.0,76.9,7.0,0.7156,1
16.0,0.0,76.9,7.0,0.7156,1
16.0,0.0,76.9,7.0,0.7156,1
16.0,0.0,76.9,7.0,0.7156,1
16.0,0.0,76.9,7.0,0.7156,1
16.0,0.0,76.9,7.0,0.7156,1
16.0,0.0,76.9,7.0,0.7156,1
16.0,0.0,76.9,7.0,0.7156,1
16.0,0.0,76.9,7.0,0.7156,1
15.1,0.0,89.2,7.0,0.0978,0
15.1,0.0,89.2,7.0,0.0978,0
16.0,0.0,76.9,7.0,0.7156,1
16.0,0.0,76.9,7.0,0.7156,1
16.0,0.0,76.9,7.0,0.7156,1
16.0,0.0,76.9,7.0,0.7156,1
16.0,0.0,76.9,7.0,0.7156,1
16.0,0.0,76.9,7.0,0.7156,1
17.7,0.0,55.9,7.0,0.4706,0
16.0,0.0,76.9,7.0,0.7156,1
16.0,0.0,76.9,7.0,0.7156,1
17.7,0.0,55.9,7.0,0.4706,0
16.0,0.0,76.9,7.0,0.7156,1
16.0,0.0,76.9,7.0,0.7156,1
17.7,0.0,55.9,7.0,0.4706,0
16.0,0.0,76.9,7.0,0.7156,1
17.7,0.0,55.9,7.0,0.4706,0
16.0,0.0,76.9,7.0,0.7156,1
16.0,0.0,76.9,7.0,0.7156,1
16.0,0.0,76.9,7.0,0.7156,1
16.0,0.0,76.9,7.0,0.7156,1
17.7,0.0,55.9,7.0,0.4652,1
16.0,0.0,76.9,7.0,0.7156,1
16.0,0.0,76.9,7.0,0.7156,1
16.0,0.0,76.9,7.0,0.7156,1
17.7,0.0,55.9,7.0,0.4652,1
16.0,0.0,76.9,7.0,0.7156,1
16.0,0.0,76.9,7.0,0.7156,1
18.4,0.0,100.0,7.0,0.2636,0
19.1,1.0,100.0,7.0,0.1083,0
14.3,0.0,9.6,7.0,0.902,1
14.3,0.0,9.6,7.0,0.902,1
14.3,0.0,9.6,7.0,0.902,1
14.3,0.0,9.6,7.0,0.902,1
17.7,0.0,55.9,7.0,0.4652,1
14.3,0.0,9.6,7.0,0.902,1
14.3,0.0,9.6,7.0,0.902,1
17.7,0.0,55.9,7.0,0.4652,1
17.7,0.0,55.9,7.0,0.4706,0
14.3,0.0,9.6,7.0,0.9216,0
19.0,0.0,50.0,7.0,0.3483,0
19.0,0.0,50.0,7.0,0.3371,1
19.0,0.0,50.0,7.0,0.3483,0
19.0,0.0,50.0,7.0,0.3483,0
19.0,0.0,50.0,7.0,0.3371,1
19.0,0.0,50.0,7.0,0.3483,0
19.0,0.0,50.0,7.0,0.3483,0
19.0,0.0,50.0,7.0,0.3483,0
19.0,0.0,50.0,7.0,0.3483,0
19.0,0.0,50.0,7.0,0.3483,0
19.0,0.0,50.0,7.0,0.3483,0
19.0,0.0,50.0,7.0,0.3483,0
14.3,0.0,9.6,7.0,0.902,1
14.3,0.0,9.6,7.0,0.902,1
14.3,0.0,9.6,7.0,0.902,1
14.3,0.0,9.6,7.0,0.9216,0
18.3,0.0,66.7,7.0,0.2636,0
14.3,0.0,9.6,7.0,0.902,1
14.3,0.0,9.6,7.0,0.902,1
14.3,0.0,9.6,7.0,0.902,1
14.3,0.0,9.6,7.0,0.902,1
14.3,0.0,9.6,7.0,0.902,1
14.2,0.0,9.6,7.0,0.902,1
14.2,0.0,9.6,7.0,0.902,1
19.0,0.0,50.0,7.0,0.3483,0
19.0,0.0,50.0,7.0,0.3483,0
19.0,0.0,50.0,7.0,0.3483,0
19.0,0.0,50.0,7.0,0.3483,0
19.0,0.0,50.0,7.0,0.3371,1
19.0,0.0,50.0,7.0,0.3483,0
19.0,0.0,50.0,7.0,0.3483,0
19.0,0.0,50.0,7.0,0.3483,0
19.0,0.0,50.0,7.0,0.3483,0
19.0,0.0,50.0,7.0,0.3483,0
19.0,0.0,50.0,7.0,0.3483,0
14.2,0.0,9.6,7.0,0.902,1
14.2,0.0,9.6,7.0,0.902,1
14.2,0.0,9.6,7.0,0.902,1
14.2,0.0,9.6,7.0,0.902,1
12.6,0.0,91.7,7.0,0.0169,0
14.2,0.0,9.6,7.0,0.902,1
14.2,0.0,9.6,7.0,0.902,1
14.2,0.0,9.6,7.0,0.902,1
14.2,0.0,9.6,7.0,0.9216,0
16.9,0.0,83.8,7.0,0.0058,0
14.2,0.0,9.6,7.0,0.902,1
14.2,0.0,9.6,7.0,0.9216,0
14.2,0.0,9.6,7.0,0.902,1
14.2,0.0,9.6,7.0,0.902,1
13.1,0.0,40.0,7.0,0.4684,0
13.1,0.0,40.0,7.0,0.4557,1
13.1,0.0,40.0,7.0,0.4557,1
13.1,0.0,40.0,7.0,0.4557,1
13.1,0.0,40.0,7.0,0.4684,0
13.1,0.0,40.0,7.0,0.4684,0
13.1,0.0,40.0,7.0,0.4557,1
13.0,0.0,40.0,7.0,0.4557,1
13.1,0.0,40.0,7.0,0.4557,1
13.1,0.0,40.0,7.0,0.4557,1
13.1,0.0,40.0,7.0,0.4684,0
13.1,0.0,40.0,7.0,0.4684,0
13.1,0.0,40.0,7.0,0.4684,0
13.1,0.0,40.0,7.0,0.4684,0
19.0,0.0,50.0,7.0,0.3483,0
14.2,0.0,9.6,7.0,0.902,1
14.2,0.0,9.6,7.0,0.902,1
14.2,0.0,9.6,7.0,0.902,1
14.2,0.0,9.6,7.0,0.902,1
14.2,0.0,9.6,7.0,0.902,1
14.2,0.0,9.6,7.0,0.902,1
14.2,0.0,9.6,7.0,0.9216,0
14.2,0.0,9.6,7.0,0.902,1
14.2,0.0,9.6,7.0,0.902,1
14.2,0.0,9.6,7.0,0.902,1
14.2,0.0,9.6,7.0,0.902,1
17.5,0.0,63.0,7.0,0.1321,1
14.2,0.0,9.6,7.0,0.902,1
17.5,0.0,63.0,7.0,0.1509,0
14.2,0.0,9.6,7.0,0.902,1
14.2,0.0,9.6,7.0,0.902,1
14.2,0.0,9.6,7.0,0.902,1
14.2,0.0,9.6,7.0,0.902,1
14.2,0.0,9.6,7.0,0.902,1
14.2,0.0,9.6,7.0,0.902,1
14.2,0.0,9.6,7.0,0.902,1
14.2,0.0,9.6,7.0,0.902,1
14.2,0.0,9.6,7.0,0.902,1
14.2,0.0,9.6,7.0,0.902,1
19.2,0.0,82.0,7.0,0.1448,0
12.7,0.0,16.0,7.0,0.2636,0
17.9,0.0,0.0,7.0,0.2636,0
18.3,0.0,0.0,7.0,0.2636,0
18.1,0.0,84.6,7.0,0.2299,0
17.4,0.0,84.6,7.0,0.2299,0
18.6,0.0,0.0,7.0,0.2636,0
18.1,0.0,84.6,7.0,0.2299,0
18.1,0.0,84.6,7.0,0.2299,0
15.4,0.0,0.0,7.0,0.2636,0
13.3,0.0,0.0,7.0,0.2636,0
17.4,0.0,84.6,7.0,0.2285,1
17.4,0.0,84.6,7.0,0.2299,0
14.0,0.0,18.4,8.0,0.3243,0
12.4,0.0,0.0,7.0,0.2636,0
19.4,0.0,95.2,7.0,0.0097,0
19.4,0.0,95.2,7.0,0.0097,0
14.9,0.0,91.7,7.0,0.0169,0
14.9,0.0,91.7,7.0,0.0169,0
18.1,0.0,35.7,7.0,0.2636,1
15.3,0.0,26.3,7.0,0.2973,0
12.0,0.0,64.3,7.0,0.2636,0
14.8,0.0,95.2,7.0,0.0097,0
17.1,0.0,95.2,7.0,0.0097,0
15.1,0.0,95.3,7.0,0.0,0
15.1,0.0,95.3,7.0,0.0,0
12.6,0.0,98.2,7.0,0.0228,0
19.3,0.0,82.0,7.0,0.1448,0
16.0,0.0,76.9,7.0,0.7156,1
16.0,0.0,76.9,7.0,0.7156,1
16.0,0.0,76.9,7.0,0.7156,1
16.0,0.0,76.9,7.0,0.7156,1
16.0,0.0,76.9,7.0,0.7156,1
16.0,0.0,76.9,7.0,0.7156,1
16.0,0.0,76.9,7.0,0.7156,1
16.0,0.0,76.9,7.0,0.7156,1
16.0,0.0,76.9,7.0,0.7156,1
14.9,0.0,98.2,7.0,0.0228,0
14.1,0.0,98.2,7.0,0.0228,0
16.0,0.0,76.9,7.0,0.7156,1
16.0,0.0,76.9,7.0,0.7156,1
16.0,0.0,76.9,7.0,0.7156,1
16.0,0.0,76.9,7.0,0.7156,1
16.0,0.0,76.9,7.0,0.7156,1
16.0,0.0,76.9,7.0,0.7156,1
16.0,0.0,76.9,7.0,0.7156,1
16.0,0.0,76.9,7.0,0.7156,1
16.0,0.0,76.9,7.0,0.7156,1
16.0,0.0,76.9,7.0,0.7156,1
16.0,0.0,76.9,7.0,0.7156,1
16.0,0.0,76.9,7.0,0.7156,1
16.0,0.0,76.9,7.0,0.7156,1
16.0,0.0,76.9,7.0,0.7156,1
16.0,0.0,76.9,7.0,0.7156,1
16.0,0.0,76.9,7.0,0.7156,1
16.0,0.0,76.9,7.0,0.7156,1
16.0,0.0,76.9,7.0,0.7156,1
16.0,0.0,76.9,7.0,0.7156,1
16.0,0.0,76.9,7.0,0.7156,1
16.0,0.0,76.9,7.0,0.7156,1
16.0,0.0,76.9,7.0,0.7156,1
16.0,0.0,76.9,7.0,0.7156,1
16.0,0.0,76.9,7.0,0.7156,1
16.0,0.0,76.9,7.0,0.7156,1
16.0,0.0,76.9,7.0,0.7156,1
16.0,0.0,76.9,7.0,0.7156,1
13.9,0.0,98.2,7.0,0.0228,0
16.0,0.0,76.9,7.0,0.7156,1
16.0,0.0,76.9,7.0,0.7156,1
16.0,0.0,76.9,7.0,0.7156,1
19.1,3.0,82.0,7.0,0.1705,0
14.9,0.0,98.2,7.0,0.0228,0
16.0,0.0,76.9,7.0,0.7156,1
16.0,0.0,76.9,7.0,0.7156,1
16.0,0.0,76.9,7.0,0.7156,1
16.0,0.0,76.9,7.0,0.7156,1
16.0,0.0,76.9,7.0,0.7156,1
16.0,0.0,76.9,7.0,0.7156,1
16.0,0.0,76.9,7.0,0.7156,1
16.0,0.0,76.9,7.0,0.7156,1
16.0,0.0,76.9,7.0,0.7156,1
16.0,0.0,76.9,7.0,0.7156,1
16.0,0.0,76.9,7.0,0.7156,1
16.0,0.0,76.9,7.0,0.7156,1
16.0,0.0,76.9,7.0,0.7156,1
18.0,0.0,66.7,7.0,0.2636,0
16.0,0.0,76.9,7.0,0.7156,1
16.0,0.0,76.9,7.0,0.7156,1
16.0,0.0,76.9,7.0,0.7156,1
16.0,0.0,76.9,7.0,0.7156,1
16.0,0.0,76.9,7.0,0.7156,1
16.0,0.0,76.9,7.0,0.7156,1
16.0,0.0,76.9,7.0,0.7156,1
16.0,0.0,76.9,7.0,0.7156,1
16.0,0.0,76.9,7.0,0.7156,1
16.0,0.0,76.9,7.0,0.7156,1
16.0,0.0,76.9,7.0,0.7156,1
16.0,0.0,76.9,7.0,0.7156,1
16.0,0.0,76.9,7.0,0.7156,1
16.0,0.0,76.9,7.0,0.7156,1
16.0,0.0,76.9,7.0,0.7156,1
16.0,0.0,76.9,7.0,0.7156,1
16.0,0.0,76.9,7.0,0.7156,1
16.0,0.0,76.9,7.0,0.7156,1
16.0,0.0,76.9,7.0,0.7156,1
16.0,0.0,76.9,7.0,0.7156,1
16.0,0.0,76.9,7.0,0.7156,1
16.0,0.0,76.9,7.0,0.7156,1
16.0,0.0,76.9,7.0,0.7156,1
16.0,0.0,76.9,7.0,0.7156,1
16.0,0.0,76.9,7.0,0.7163,0
16.0,0.0,76.9,7.0,0.7156,1
16.0,0.0,76.9,7.0,0.7156,1
16.0,0.0,76.9,7.0,0.7156,1
16.0,0.0,76.9,7.0,0.7156,1
16.0,0.0,76.9,7.0,0.7156,1
16.0,0.0,76.9,7.0,0.7156,1
16.0,0.0,76.9,7.0,0.7156,1
16.0,0.0,76.9,7.0,0.7156,1
16.0,0.0,76.9,7.0,0.7156,1
16.0,0.0,76.9,7.0,0.7156,1
16.0,0.0,76.9,7.0,0.7156,1
16.0,0.0,76.9,7.0,0.7156,1
16.0,0.0,76.9,7.0,0.7156,1
16.0,0.0,76.9,7.0,0.7156,1
16.0,0.0,76.9,7.0,0.7156,1
16.0,0.0,76.9,7.0,0.7156,1
16.0,0.0,76.9,7.0,0.7156,1
16.0,0.0,76.9,7.0,0.7156,1
16.0,0.0,76.9,7.0,0.7156,1
16.0,0.0,76.9,7.0,0.7156,1
16.0,0.0,76.9,7.0,0.7156,1
16.0,0.0,76.9,7.0,0.7156,1
16.6,0.0,12.1,7.0,0.1875,1
16.0,0.0,76.9,7.0,0.7156,1
16.0,0.0,76.9,7.0,0.7156,1
16.0,0.0,76.9,7.0,0.7156,1
16.0,0.0,76.9,7.0,0.7156,1
16.0,0.0,76.9,7.0,0.7156,1
16.0,0.0,76.9,7.0,0.7156,1
19.2,0.0,98.2,7.0,0.0228,0
16.0,0.0,76.9,7.0,0.7156,1
16.0,0.0,76.9,7.0,0.7156,1
16.0,0.0,76.9,7.0,0.7156,1
16.0,0.0,76.9,7.0,0.7156,1
16.0,0.0,76.9,7.0,0.7156,1
18.2,0.0,12.1,7.0,0.2188,0
16.0,0.0,76.9,7.0,0.7156,1
16.0,0.0,76.9,7.0,0.7156,1
16.0,0.0,76.9,7.0,0.7156,1
18.4,0.0,12.1,7.0,0.2188,0
16.0,0.0,76.9,7.0,0.7156,1
18.2,0.0,12.1,7.0,0.2188,0
16.0,0.0,76.9,7.0,0.7156,1
18.9,0.0,98.2,7.0,0.0228,0
16.0,0.0,76.9,7.0,0.7156,1
16.0,0.0,76.9,7.0,0.7156,1
16.0,0.0,76.9,7.0,0.7156,1
17.5,0.0,85.7,7.0,0.1441,0
17.5,0.0,85.7,7.0,0.1441,0
16.0,0.0,76.9,7.0,0.7156,1
16.0,0.0,76.9,7.0,0.7156,1
17.8,0.0,12.1,7.0,0.2188,0
16.0,0.0,76.9,7.0,0.7156,1
16.0,0.0,76.9,7.0,0.7156,1
16.0,0.0,76.9,7.0,0.7156,1
16.0,0.0,76.9,7.0,0.7156,1
16.0,0.0,76.9,7.0,0.7156,1
16.0,0.0,76.9,7.0,0.7156,1
16.0,0.0,76.9,7.0,0.7156,1
16.0,0.0,76.9,7.0,0.7156,1
16.0,0.0,76.9,7.0,0.7156,1
14.7,0.0,89.2,7.0,0.0978,0
16.0,0.0,76.9,7.0,0.7156,1
19.4,0.0,99.0,7.0,0.0352,0
19.4,0.0,99.0,7.0,0.0352,0
19.4,0.0,99.0,7.0,0.0352,0
19.4,0.0,99.0,7.0,0.0352,0
19.4,0.0,99.0,7.0,0.0352,0
19.4,0.0,99.0,7.0,0.0352,0
19.4,0.0,99.0,7.0,0.0352,0
19.4,0.0,99.0,7.0,0.0352,0
19.4,0.0,99.0,7.0,0.0352,0
19.4,0.0,99.0,7.0,0.0352,0
19.4,0.0,99.0,7.0,0.0352,0
19.4,0.0,99.0,7.0,0.0352,0
19.4,0.0,99.0,7.0,0.0352,0
19.4,0.0,99.0,7.0,0.0352,0
19.4,0.0,99.0,7.0,0.0352,0
19.4,0.0,99.0,7.0,0.0352,0
19.4,0.0,99.0,7.0,0.0352,0
19.4,0.0,99.0,7.0,0.0352,0
19.4,0.0,99.0,7.0,0.0352,0
19.4,0.0,99.0,7.0,0.0352,0
19.4,0.0,99.0,7.0,0.0352,0
19.4,0.0,99.0,7.0,0.0352,0
19.4,0.0,99.0,7.0,0.0352,0
19.4,0.0,99.0,7.0,0.0352,0
19.4,0.0,99.0,7.0,0.0352,0
19.4,0.0,99.0,7.0,0.0352,0
19.4,0.0,99.0,7.0,0.0352,0
19.4,0.0,99.0,7.0,0.0352,0
19.4,0.0,99.0,7.0,0.0352,0
16.0,0.0,76.9,7.0,0.7156,1
16.0,0.0,76.9,7.0,0.7156,1
16.0,0.0,76.9,7.0,0.7156,1
16.0,0.0,76.9,7.0,0.7156,1
16.0,0.0,76.9,7.0,0.7156,1
16.0,0.0,76.9,7.0,0.7156,1
16.0,0.0,76.9,7.0,0.7156,1
16.0,0.0,76.9,7.0,0.7156,1
16.0,0.0,76.9,7.0,0.7156,1
18.9,0.0,7.7,7.0,0.2636,0
18.9,0.0,7.7,7.0,0.2636,0
16.0,0.0,76.9,7.0,0.7156,1
17.7,0.0,90.8,7.0,0.0533,1
16.2,0.0,90.8,7.0,0.0667,0
17.7,0.0,90.8,7.0,0.0667,0
17.7,0.0,90.8,7.0,0.0667,0
17.7,0.0,90.8,7.0,0.0667,0
12.1,0.0,100.0,7.0,0.0,0
12.3,0.0,100.0,7.0,0.0,0
14.9,0.0,91.7,7.0,0.0169,0
18.1,0.0,84.6,7.0,0.2299,0
16.6,0.0,64.4,7.0,0.3483,0
16.5,0.0,64.4,7.0,0.3483,0
16.5,0.0,64.4,7.0,0.3371,1
16.7,0.0,64.4,7.0,0.3483,0
17.0,0.0,64.4,7.0,0.3483,0
16.6,0.0,64.4,7.0,0.3371,1
16.8,0.0,64.4,7.0,0.3371,1
17.0,0.0,64.4,7.0,0.3483,0
16.8,0.0,64.4,7.0,0.3483,0
14.5,0.0,26.7,7.0,0.2636,0
14.9,0.0,91.7,7.0,0.0169,0
13.3,0.0,35.7,7.0,0.2636,1
14.9,0.0,91.7,7.0,0.0169,0
12.8,0.0,91.7,7.0,0.0169,0
19.5,0.0,76.9,7.0,0.7163,0
19.5,0.0,76.9,7.0,0.7163,0
14.9,0.0,91.7,7.0,0.0169,0
15.0,0.0,58.7,7.0,0.3707,1
13.9,0.0,58.7,7.0,0.3756,0
14.9,0.0,91.7,7.0,0.0169,0
17.2,0.0,72.3,7.0,0.4706,1
17.2,0.0,72.3,7.0,0.4745,0
17.2,0.0,72.3,7.0,0.4745,0
17.2,0.0,72.3,7.0,0.4745,0
17.2,0.0,72.3,7.0,0.4745,0
17.2,0.0,72.3,7.0,0.4745,0
17.2,0.0,72.3,7.0,0.4745,0
17.2,0.0,72.3,7.0,0.4745,0
17.2,0.0,72.3,7.0,0.4745,0
13.4,0.0,72.3,7.0,0.4706,1
14.9,0.0,91.7,8.0,0.0,1
13.4,0.0,72.3,7.0,0.4706,1
13.1,0.0,26.7,7.0,0.2636,0
13.1,0.0,26.7,7.0,0.2636,1
13.2,0.0,26.7,7.0,0.2636,1
13.1,0.0,26.7,7.0,0.2636,0
17.9,0.0,27.3,7.0,0.6937,0
17.9,0.0,27.3,7.0,0.6937,0
15.9,0.0,26.7,7.0,0.2636,0
15.9,0.0,26.7,7.0,0.2636,1
15.9,0.0,26.7,7.0,0.2636,0
15.9,0.0,26.7,7.0,0.2636,0
18.9,0.0,70.0,7.0,0.2636,0
16.2,0.0,98.2,7.0,0.0228,0
17.8,1.0,90.6,7.0,0.0794,0
12.6,0.0,26.7,7.0,0.2636,1
12.6,0.0,26.7,7.0,0.2636,1
12.6,0.0,26.7,7.0,0.2636,1
13.1,0.0,26.7,7.0,0.2636,1
18.3,0.0,98.2,7.0,0.0228,0
18.1,0.0,90.6,7.0,0.0635,1
15.3,0.0,76.9,7.0,0.7156,1
15.3,0.0,76.9,7.0,0.7156,1
15.3,0.0,76.9,7.0,0.7156,1
14.2,0.0,26.7,7.0,0.2636,0
12.7,0.0,0.0,7.0,0.2353,0
15.3,0.0,76.9,7.0,0.7156,1
15.3,0.0,76.9,7.0,0.7156,1
12.7,0.0,0.0,7.0,0.2157,1
12.7,0.0,0.0,7.0,0.2353,0
12.7,0.0,0.0,7.0,0.2157,1
12.7,0.0,0.0,7.0,0.2353,0
12.7,0.0,0.0,7.0,0.2353,0
12.7,0.0,0.0,7.0,0.2353,0
12.7,0.0,0.0,7.0,0.2157,1
12.7,0.0,0.0,7.0,0.2353,0
12.7,0.0,0.0,7.0,0.2157,1
12.7,0.0,0.0,7.0,0.2353,0
19.2,0.0,64.1,7.0,0.3333,1
12.7,0.0,0.0,7.0,0.2353,0
12.7,0.0,0.0,7.0,0.2353,0
15.3,0.0,76.9,7.0,0.7163,0
15.3,0.0,76.9,7.0,0.7156,1
12.7,0.0,0.0,7.0,0.2353,0
12.7,0.0,0.0,7.0,0.2353,0
12.7,0.0,0.0,7.0,0.2353,0
12.7,0.0,0.0,7.0,0.2157,1
12.6,0.0,100.0,7.0,0.2636,0
12.7,0.0,0.0,7.0,0.2353,0
12.7,0.0,0.0,7.0,0.2353,0
12.7,0.0,0.0,7.0,0.2353,0
12.7,0.0,0.0,7.0,0.2353,0
12.7,0.0,0.0,7.0,0.2353,0
17.8,0.0,72.6,7.0,0.2234,1
15.3,0.0,72.6,7.0,0.2234,1
16.5,0.0,72.6,7.0,0.234,0
15.3,0.0,72.6,7.0,0.234,0
16.5,0.0,72.6,7.0,0.234,0
16.5,0.0,72.6,7.0,0.234,0
14.0,0.0,72.6,7.0,0.234,0
16.5,0.0,72.6,7.0,0.234,0
14.5,0.0,0.0,7.0,0.2636,0
14.4,0.0,0.0,7.0,0.2636,0
13.7,0.0,0.0,7.0,0.2636,0
13.6,0.0,0.0,7.0,0.2636,1
13.7,0.0,0.0,7.0,0.2636,0
13.7,0.0,0.0,7.0,0.2636,0
13.7,0.0,0.0,7.0,0.2636,1
14.5,0.0,0.0,7.0,0.2636,0
14.4,0.0,0.0,7.0,0.2636,0
14.6,0.0,0.0,7.0,0.2636,0
15.0,0.0,72.6,7.0,0.234,0
15.3,0.0,72.6,7.0,0.234,0
17.8,0.0,72.6,7.0,0.234,0
16.1,0.0,67.0,7.0,0.5,0
17.8,0.0,72.6,7.0,0.234,0
17.1,0.0,72.6,7.0,0.234,0
12.4,0.0,72.6,7.0,0.234,0
16.3,0.0,62.9,7.0,0.2647,0
16.3,0.0,62.9,7.0,0.2647,0
16.3,0.0,62.9,7.0,0.2647,0
16.3,0.0,62.9,7.0,0.2647,0
16.3,0.0,62.9,7.0,0.2647,0
16.3,0.0,62.9,7.0,0.2647,0
16.3,0.0,62.9,7.0,0.2647,0
16.3,0.0,62.9,7.0,0.2647,0
16.3,0.0,62.9,7.0,0.2647,0
16.3,0.0,62.9,7.0,0.2647,0
16.3,0.0,62.9,7.0,0.2647,0
15.6,0.0,82.7,7.0,0.1992,0
16.0,0.0,82.7,7.0,0.1992,0
19.2,0.0,100.0,7.0,0.0286,0
17.0,0.0,98.2,7.0,0.0228,0
19.2,0.0,100.0,7.0,0.0286,0
19.2,0.0,100.0,7.0,0.0286,0
19.2,0.0,100.0,7.0,0.0286,0
16.2,0.0,21.9,7.0,0.1824,0
16.2,0.0,21.9,7.0,0.1824,0
19.2,0.0,100.0,7.0,0.0286,0
12.1,0.0,98.2,7.0,0.0228,0
18.9,0.0,61.4,7.0,0.0805,0
12.1,0.0,98.2,7.0,0.0228,0
18.7,0.0,61.4,7.0,0.0805,0
18.7,0.0,61.4,7.0,0.0805,0
18.7,0.0,61.4,7.0,0.0805,0
19.3,0.0,98.2,7.0,0.0228,0
16.2,0.0,21.9,7.0,0.1824,0
18.9,0.0,61.4,7.0,0.0805,0
16.2,0.0,21.9,7.0,0.1824,0
16.2,0.0,21.9,7.0,0.1824,0
16.2,0.0,21.9,7.0,0.1824,0
16.2,0.0,21.9,7.0,0.1824,0
12.8,0.0,98.2,7.0,0.0228,0
18.9,0.0,61.4,7.0,0.0805,0
17.8,0.0,98.2,7.0,0.0228,0
18.3,0.0,98.2,7.0,0.0228,0
16.2,0.0,21.9,7.0,0.1824,0
16.2,0.0,21.9,7.0,0.1824,0
16.2,0.0,21.9,7.0,0.1824,0
16.7,0.0,98.2,7.0,0.0228,0
18.9,0.0,61.4,7.0,0.0805,0
12.5,0.0,98.2,7.0,0.0228,0
16.2,0.0,21.9,7.0,0.1824,0
18.6,0.0,98.2,7.0,0.0228,0
15.3,0.0,76.9,7.0,0.7156,1
15.3,0.0,76.9,7.0,0.7156,1
15.3,0.0,76.9,7.0,0.7156,1
18.9,0.0,61.4,7.0,0.0805,0
15.3,0.0,76.9,7.0,0.7156,1
16.2,0.0,21.9,7.0,0.1824,0
16.2,0.0,21.9,7.0,0.1824,0
16.2,0.0,21.9,7.0,0.1824,0
13.0,0.0,98.2,7.0,0.0228,0
15.3,0.0,76.9,7.0,0.7156,1
16.2,0.0,21.9,7.0,0.1824,0
16.2,0.0,21.9,7.0,0.1824,0
15.3,0.0,76.9,7.0,0.7156,1
15.3,0.0,76.9,7.0,0.7156,1
16.2,0.0,21.9,7.0,0.1824,0
16.2,0.0,21.9,7.0,0.1824,0
16.2,0.0,21.9,7.0,0.1824,0
15.3,0.0,76.9,7.0,0.7156,1
19.4,0.0,98.2,7.0,0.0228,0
16.2,0.0,21.9,7.0,0.1824,0
16.2,0.0,21.9,7.0,0.1824,0
16.2,0.0,21.9,7.0,0.1824,0
15.3,0.0,76.9,7.0,0.7156,1
16.2,0.0,21.9,7.0,0.1824,0
16.2,0.0,21.9,7.0,0.1824,0
15.3,0.0,76.9,7.0,0.7156,1
15.3,0.0,76.9,7.0,0.7156,1
15.3,0.0,76.9,7.0,0.7156,1
12.8,0.0,91.7,7.0,0.0169,0
16.2,0.0,21.9,7.0,0.1824,0
16.2,0.0,21.9,7.0,0.1824,0
16.2,0.0,21.9,7.0,0.1824,0
16.2,0.0,21.9,7.0,0.1824,0
16.2,0.0,21.9,7.0,0.1824,0
15.3,0.0,76.9,7.0,0.7156,1
18.3,0.0,64.9,7.0,0.3333,0
15.3,0.0,76.9,7.0,0.7156,1
15.3,0.0,76.9,7.0,0.7156,1
15.3,0.0,76.9,7.0,0.7156,1
16.2,0.0,21.9,7.0,0.1824,0
16.2,0.0,21.9,7.0,0.1824,0
16.2,0.0,21.9,7.0,0.1824,0
16.2,0.0,21.9,7.0,0.1824,0
16.2,0.0,21.9,7.0,0.1824,0
16.2,0.0,21.9,7.0,0.1824,0
15.3,0.0,76.9,7.0,0.7156,1
15.3,0.0,76.9,7.0,0.7156,1
15.3,0.0,76.9,7.0,0.7156,1
16.2,0.0,21.9,7.0,0.1824,0
16.2,0.0,21.9,7.0,0.1824,0
16.2,0.0,21.9,7.0,0.1824,0
16.2,0.0,21.9,7.0,0.1824,0
16.2,0.0,21.9,7.0,0.1824,0
15.3,0.0,76.9,7.0,0.7156,1
15.3,0.0,76.9,7.0,0.7156,1
15.3,0.0,76.9,7.0,0.7156,1
16.2,0.0,21.9,7.0,0.1824,0
16.2,0.0,21.9,7.0,0.1824,0
16.2,0.0,21.9,7.0,0.1824,0
15.3,0.0,76.9,7.0,0.7156,1
15.3,0.0,76.9,7.0,0.7156,1
15.3,0.0,76.9,7.0,0.7156,1
16.2,0.0,21.9,7.0,0.1824,0
15.0,0.0,21.9,7.0,0.1824,0
16.2,0.0,21.9,7.0,0.1824,0
16.2,0.0,21.9,7.0,0.1824,0
15.3,0.0,76.9,7.0,0.7156,1
15.3,0.0,76.9,7.0,0.7156,1
15.3,0.0,76.9,7.0,0.7156,1
15.3,0.0,76.9,7.0,0.7156,1
15.3,0.0,76.9,7.0,0.7156,1
15.3,0.0,76.9,7.0,0.7156,1
15.3,0.0,76.9,7.0,0.7156,1
16.2,0.0,21.9,7.0,0.1824,0
16.2,0.0,21.9,7.0,0.1824,0
15.0,0.0,21.9,7.0,0.1824,0
16.2,0.0,21.9,7.0,0.1824,0
16.0,0.0,82.4,7.0,0.0778,0
18.6,0.0,82.4,7.0,0.0778,0
15.3,0.0,76.9,7.0,0.7156,1
15.3,0.0,76.9,7.0,0.7156,1
15.3,0.0,76.9,7.0,0.7156,1
15.3,0.0,76.9,7.0,0.7156,1
15.3,0.0,76.9,7.0,0.7156,1
15.3,0.0,76.9,7.0,0.7156,1
15.3,0.0,76.9,7.0,0.7156,1
15.0,0.0,21.9,7.0,0.1824,0
15.0,0.0,21.9,7.0,0.1824,0
15.3,0.0,76.9,7.0,0.7156,1
15.3,0.0,76.9,7.0,0.7156,1
15.3,0.0,76.9,7.0,0.7156,1
15.3,0.0,76.9,7.0,0.7156,1
15.3,0.0,76.9,7.0,0.7156,1
16.2,0.0,21.9,7.0,0.1824,0
16.2,0.0,21.9,7.0,0.1824,0
16.2,0.0,21.9,7.0,0.1824,0
16.2,0.0,21.9,7.0,0.1824,0
16.2,0.0,21.9,7.0,0.1824,0
15.3,0.0,76.9,7.0,0.7156,1
15.0,0.0,21.9,7.0,0.1824,0
16.2,0.0,21.9,7.0,0.1824,0
15.3,0.0,76.9,7.0,0.7156,1
15.3,0.0,76.9,7.0,0.7156,1
15.3,0.0,76.9,7.0,0.7156,1
15.3,0.0,76.9,7.0,0.7156,1
16.2,0.0,21.9,7.0,0.1824,0
15.0,0.0,21.9,7.0,0.1824,0
16.2,0.0,21.9,7.0,0.1824,0
16.2,0.0,21.9,7.0,0.1824,0
16.2,0.0,21.9,7.0,0.1824,0
15.3,0.0,76.9,7.0,0.7156,1
15.3,0.0,76.9,7.0,0.7156,1
15.3,0.0,76.9,7.0,0.7156,1
15.3,0.0,76.9,7.0,0.7156,1
15.7,0.0,98.2,7.0,0.0228,0
15.3,0.0,76.9,7.0,0.7156,1
15.3,0.0,76.9,7.0,0.7156,1
15.3,0.0,76.9,7.0,0.7156,1
15.3,0.0,76.9,7.0,0.7156,1
15.3,0.0,76.9,7.0,0.7156,1
16.2,0.0,21.9,7.0,0.1824,0
16.2,0.0,21.9,7.0,0.1824,0
16.2,0.0,21.9,7.0,0.1824,0
16.2,0.0,21.9,7.0,0.1824,0
15.3,0.0,76.9,7.0,0.7156,1
15.3,0.0,76.9,7.0,0.7156,1
15.3,0.0,76.9,7.0,0.7156,1
15.3,0.0,76.9,7.0,0.7156,1
15.3,0.0,76.9,7.0,0.7156,1
19.4,0.0,98.2,7.0,0.0228,0
15.3,0.0,76.9,7.0,0.7156,1
16.2,0.0,21.9,7.0,0.1824,0
15.3,0.0,76.9,7.0,0.7156,1
15.3,0.0,76.9,7.0,0.7156,1
15.3,0.0,76.9,7.0,0.7156,1
15.3,0.0,76.9,7.0,0.7156,1
19.4,0.0,98.2,7.0,0.0228,0
16.2,0.0,21.9,7.0,0.1824,0
16.2,0.0,21.9,7.0,0.1824,0
15.0,0.0,21.9,7.0,0.1824,0
15.0,0.0,21.9,7.0,0.1824,0
15.3,0.0,76.9,7.0,0.7156,1
17.4,0.0,70.5,7.0,0.2326,0
15.3,0.0,76.9,7.0,0.7156,1
15.3,0.0,76.9,7.0,0.7156,1
15.3,0.0,76.9,7.0,0.7156,1
15.3,0.0,76.9,7.0,0.7156,1
13.6,0.0,83.0,7.0,0.3103,1
15.3,0.0,76.9,7.0,0.7156,1
15.3,0.0,76.9,7.0,0.7156,1
15.3,0.0,76.9,7.0,0.7163,0
16.2,0.0,98.2,7.0,0.0228,0
17.0,0.0,83.0,7.0,0.3103,1
15.3,0.0,76.9,7.0,0.7156,1
15.3,0.0,76.9,7.0,0.7156,1
15.3,0.0,76.9,7.0,0.7156,1
16.2,0.0,98.2,7.0,0.0228,0
15.3,0.0,76.9,7.0,0.7156,1
15.3,0.0,76.9,7.0,0.7156,1
15.3,0.0,76.9,7.0,0.7156,1
15.3,0.0,76.9,7.0,0.7156,1
15.3,0.0,76.9,7.0,0.7156,1
15.3,0.0,76.9,7.0,0.7156,1
15.3,0.0,76.9,7.0,0.7156,1
15.3,0.0,76.9,7.0,0.7156,1
15.3,0.0,76.9,7.0,0.7156,1
15.3,0.0,76.9,7.0,0.7156,1
15.3,0.0,76.9,7.0,0.7156,1
15.3,0.0,76.9,7.0,0.7156,1
15.6,0.0,98.2,7.0,0.0228,0
15.3,0.0,76.9,7.0,0.7156,1
18.3,0.0,98.2,7.0,0.0228,0
15.3,0.0,76.9,7.0,0.7156,1
15.3,0.0,76.9,7.0,0.7156,1
15.3,0.0,76.9,7.0,0.7156,1
15.8,0.0,98.2,7.0,0.0228,0
16.2,0.0,98.2,7.0,0.0228,0
15.3,0.0,76.9,7.0,0.7156,1
15.3,0.0,76.9,7.0,0.7156,1
15.3,0.0,76.9,7.0,0.7156,1
15.3,0.0,76.9,7.0,0.7156,1
15.3,0.0,76.9,7.0,0.7156,1
15.3,0.0,76.9,7.0,0.7156,1
15.3,0.0,76.9,7.0,0.7156,1
15.3,0.0,76.9,7.0,0.7156,1
15.3,0.0,76.9,7.0,0.7156,1
15.3,0.0,76.9,7.0,0.7156,1
15.3,0.0,76.9,7.0,0.7156,1
15.3,0.0,76.9,7.0,0.7156,1
18.3,0.0,98.2,7.0,0.0228,0
15.3,0.0,76.9,7.0,0.7156,1
15.3,0.0,98.2,7.0,0.0228,0
14.0,0.0,72.6,9.0,0.234,0
19.4,0.0,98.2,7.0,0.0228,0
16.8,0.0,98.2,7.0,0.0228,0
15.1,0.0,53.2,7.0,0.0984,0
12.7,0.0,75.8,7.0,0.6923,1
15.3,0.0,76.9,7.0,0.7156,1
15.3,0.0,76.9,7.0,0.7156,1
15.3,0.0,76.9,7.0,0.7156,1
15.3,0.0,76.9,7.0,0.7156,1
15.3,0.0,76.9,7.0,0.7156,1
15.3,0.0,76.9,7.0,0.7156,1
15.3,0.0,76.9,7.0,0.7156,1
15.3,0.0,76.9,7.0,0.7156,1
17.5,0.0,82.0,7.0,0.1705,0
15.3,0.0,76.9,7.0,0.7156,1
15.3,0.0,76.9,7.0,0.7156,1
15.3,0.0,76.9,7.0,0.7156,1
15.3,0.0,76.9,7.0,0.7156,1
15.3,0.0,76.9,7.0,0.7156,1
15.3,0.0,76.9,7.0,0.7156,1
16.0,0.0,32.4,7.0,0.3832,0
13.5,0.0,32.4,7.0,0.3832,0
15.3,0.0,76.9,7.0,0.7156,1
15.3,0.0,76.9,7.0,0.7156,1
15.3,0.0,76.9,7.0,0.7156,1
15.3,0.0,76.9,7.0,0.7156,1
16.0,0.0,66.1,7.0,0.2318,0
15.3,0.0,76.9,7.0,0.7156,1
15.3,0.0,76.9,7.0,0.7156,1
15.3,0.0,76.9,7.0,0.7156,1
15.3,0.0,76.9,7.0,0.7156,1
15.3,0.0,76.9,7.0,0.7156,1
15.3,0.0,76.9,7.0,0.7156,1
15.3,0.0,76.9,7.0,0.7156,1
15.3,0.0,76.9,7.0,0.7156,1
15.3,0.0,76.9,7.0,0.7156,1
15.3,0.0,76.9,7.0,0.7156,1
15.3,0.0,76.9,7.0,0.7156,1
15.3,0.0,76.9,7.0,0.7156,1
15.3,0.0,76.9,7.0,0.7156,1
15.3,0.0,76.9,7.0,0.7156,1
16.0,0.0,66.1,7.0,0.2318,0
15.1,0.0,66.1,7.0,0.2318,0
15.1,0.0,66.1,7.0,0.2318,0
16.9,0.0,49.3,7.0,0.1176,0
16.9,0.0,49.3,7.0,0.1176,0
16.9,0.0,49.3,7.0,0.1176,0
16.9,0.0,49.3,7.0,0.1176,0
16.9,0.0,49.3,7.0,0.1176,0
16.9,0.0,49.3,7.0,0.1176,0
16.9,0.0,49.3,7.0,0.1176,0
16.9,0.0,49.3,7.0,0.1176,0
16.9,0.0,49.3,7.0,0.1176,0
16.9,0.0,49.3,7.0,0.1176,0
16.9,0.0,49.3,7.0,0.1176,0
16.9,0.0,49.3,7.0,0.1176,0
16.9,0.0,49.3,7.0,0.1176,0
16.9,0.0,49.3,7.0,0.1176,0
17.8,0.0,57.1,7.0,0.2636,0
18.4,0.0,89.2,7.0,0.1094,0
17.8,0.0,89.2,7.0,0.1094,0
14.1,0.0,78.3,7.0,0.1111,0
15.4,0.0,59.5,7.0,0.3902,0
17.4,0.0,59.5,7.0,0.3902,0
17.8,0.0,98.2,7.0,0.0228,0
18.4,0.0,98.2,7.0,0.0228,0
15.7,0.0,98.2,7.0,0.0228,0
15.6,0.0,98.2,7.0,0.0228,0
14.2,0.0,98.2,7.0,0.0228,0
17.0,0.0,98.2,7.0,0.0228,0
14.9,0.0,98.2,7.0,0.0228,0
15.7,0.0,98.2,7.0,0.0228,0
15.5,0.0,98.2,7.0,0.0228,0
17.0,0.0,98.2,7.0,0.0228,0
16.6,0.0,80.0,7.0,0.1351,0
19.0,0.0,93.2,7.0,0.0855,0
14.9,0.0,98.2,7.0,0.0228,0
17.4,0.0,42.5,7.0,0.1558,1
14.7,0.0,21.1,7.0,0.2636,0
18.9,0.0,7.7,7.0,0.2636,0
17.4,0.0,83.3,9.0,0.1714,0
18.6,0.0,42.5,7.0,0.1608,0
18.2,0.0,74.5,7.0,0.2153,1
18.0,0.0,74.5,7.0,0.2222,0
18.0,0.0,74.5,7.0,0.2222,0
18.0,0.0,74.5,7.0,0.2153,1
19.0,0.0,13.7,7.0,0.1044,1
13.0,0.0,32.4,7.0,0.3832,0
17.1,0.0,32.4,7.0,0.3738,1
17.1,0.0,32.4,7.0,0.3738,1
17.1,0.0,32.4,7.0,0.3738,1
15.3,0.0,76.9,7.0,0.7156,1
17.7,0.0,94.4,7.0,0.2636,0
18.6,0.0,81.8,7.0,0.2636,0
18.6,0.0,81.8,7.0,0.2636,0
18.6,0.0,81.8,7.0,0.2636,0
18.6,0.0,81.8,7.0,0.2636,0
18.4,0.0,63.4,7.0,0.35,0
18.7,0.0,63.4,7.0,0.325,1
18.6,0.0,63.4,7.0,0.325,1
17.8,0.0,41.6,7.0,0.3207,0
18.6,0.0,63.4,7.0,0.35,0
18.2,0.0,74.5,7.0,0.2222,0
18.2,0.0,74.5,7.0,0.2222,0
12.6,0.0,97.5,7.0,0.019,0
17.9,0.0,86.5,7.0,0.3056,1
17.9,0.0,86.5,7.0,0.3056,1
17.9,0.0,86.5,7.0,0.3056,1
17.9,0.0,86.5,7.0,0.3056,1
17.9,0.0,86.5,7.0,0.3056,1
17.9,0.0,86.5,7.0,0.3056,1
17.9,0.0,86.5,7.0,0.3056,1
17.9,0.0,86.5,7.0,0.3056,1
14.9,0.0,73.5,7.0,0.0366,0
14.9,0.0,73.5,7.0,0.0366,0
14.9,0.0,73.5,7.0,0.0366,0
14.9,0.0,73.5,7.0,0.0366,0
14.9,0.0,73.5,7.0,0.0366,0
14.9,0.0,73.5,7.0,0.0366,0
14.1,0.0,90.0,7.0,0.1628,0
16.7,0.0,90.0,7.0,0.155,1
18.6,0.0,90.0,7.0,0.1628,0
18.6,0.0,90.0,7.0,0.1628,0
18.6,0.0,90.0,7.0,0.1628,0
18.6,0.0,90.0,7.0,0.1628,0
18.6,0.0,90.0,7.0,0.1628,0
16.7,0.0,90.0,7.0,0.155,1
13.1,0.0,22.7,7.0,0.8308,1
13.1,0.0,22.7,7.0,0.8308,1
18.3,0.0,69.6,7.0,0.3556,0
18.4,0.0,69.6,7.0,0.3556,0
18.4,0.0,69.6,7.0,0.3556,0
18.4,0.0,69.6,7.0,0.3556,0
18.4,0.0,69.6,7.0,0.3333,1
18.4,0.0,69.6,7.0,0.3556,0
18.4,0.0,69.6,7.0,0.3556,0
18.4,0.0,69.6,7.0,0.3556,0
18.3,0.0,69.6,7.0,0.3556,0
18.3,0.0,69.6,7.0,0.3556,0
18.4,0.0,69.6,7.0,0.3556,0
18.4,0.0,69.6,7.0,0.3556,0
18.4,0.0,69.6,7.0,0.3556,0
18.4,0.0,69.6,7.0,0.3333,1
18.4,0.0,69.6,7.0,0.3333,1
18.4,0.0,69.6,7.0,0.3333,1
18.6,0.0,69.6,7.0,0.3556,0
18.6,0.0,69.6,7.0,0.3556,0
18.6,0.0,69.6,7.0,0.3556,0
18.6,0.0,69.6,7.0,0.3556,0
18.4,0.0,69.6,8.0,0.3556,0
18.4,0.0,69.6,8.0,0.3556,0
18.3,0.0,69.6,7.0,0.3556,0
18.4,0.0,69.6,8.0,0.3333,1
18.6,0.0,69.6,8.0,0.3556,0
14.9,0.0,29.4,7.0,0.2636,0
17.8,0.0,41.6,7.0,0.3207,0
15.9,0.0,61.2,7.0,0.1,1
16.2,0.0,61.2,7.0,0.1,1
18.1,0.0,61.2,7.0,0.1083,0
18.1,0.0,61.2,7.0,0.1083,0
18.1,0.0,61.2,7.0,0.1083,0
18.1,0.0,61.2,7.0,0.1083,0
16.8,0.0,98.2,7.0,0.0228,0
13.5,0.0,67.0,7.0,0.5,0
16.7,0.0,41.6,7.0,0.3207,0
16.7,0.0,41.6,7.0,0.3207,0
16.7,0.0,41.6,7.0,0.3207,0
16.7,0.0,41.6,7.0,0.3207,0
17.8,0.0,67.0,7.0,0.5,0
19.1,0.0,98.2,7.0,0.0228,0
18.2,0.0,41.6,7.0,0.3152,1
13.9,0.0,98.2,7.0,0.0228,0
17.2,0.0,50.0,7.0,0.122,0
18.6,0.0,6.0,7.0,0.2576,0
17.9,0.0,14.3,7.0,0.4146,1
18.2,0.0,41.6,7.0,0.3207,0
18.2,0.0,41.6,7.0,0.3207,0
18.2,0.0,41.6,7.0,0.3207,0
18.3,0.0,98.2,7.0,0.0228,0
16.4,0.0,41.6,7.0,0.3152,1
16.2,0.0,98.2,7.0,0.0228,0
12.4,0.0,87.8,7.0,0.1644,0
19.4,0.0,98.2,7.0,0.0228,0
17.6,0.0,14.3,7.0,0.1458,0
15.6,0.0,14.3,7.0,0.1458,0
17.0,0.0,98.2,7.0,0.0228,0
13.0,0.0,98.2,7.0,0.0228,0
12.6,0.0,98.2,7.0,0.0228,0
17.3,0.0,39.4,7.0,0.2315,0
12.0,0.0,87.8,7.0,0.1644,0
12.0,0.0,87.8,7.0,0.1644,0
12.0,0.0,87.8,7.0,0.1644,0
12.0,0.0,87.8,7.0,0.1644,0
18.6,0.0,91.7,7.0,0.2636,0
18.6,0.0,91.7,7.0,0.2636,0
18.6,0.0,91.7,7.0,0.2636,0
18.6,0.0,91.7,7.0,0.2636,0
18.6,0.0,91.7,7.0,0.2636,0
18.6,0.0,91.7,7.0,0.2636,0
17.9,0.0,74.5,7.0,0.2222,0
12.0,0.0,87.8,7.0,0.1644,0
17.6,0.0,14.3,7.0,0.4146,1
12.0,0.0,87.8,7.0,0.1644,0
17.9,0.0,14.3,7.0,0.439,0
17.9,0.0,14.3,7.0,0.439,0
18.2,0.0,41.6,7.0,0.3207,0
17.8,0.0,41.6,7.0,0.3207,0
18.2,0.0,41.6,7.0,0.3207,0
17.8,0.0,41.6,7.0,0.3207,0
18.2,0.0,41.6,7.0,0.3207,0
18.2,0.0,41.6,7.0,0.3207,0
16.0,0.0,21.7,7.0,0.2542,1
18.2,0.0,41.6,7.0,0.3207,0
18.2,0.0,41.6,7.0,0.3207,0
14.0,0.0,50.0,7.0,0.122,0
12.0,0.0,87.8,7.0,0.1644,0
12.0,0.0,87.8,7.0,0.1644,0
18.2,0.0,41.6,7.0,0.3207,0
12.0,0.0,87.8,7.0,0.1644,0
19.4,0.0,91.7,7.0,0.2636,0
12.0,0.0,87.8,7.0,0.1644,0
12.0,0.0,87.8,7.0,0.1644,0
19.5,0.0,98.2,7.0,0.0228,0
13.2,0.0,26.3,7.0,0.2162,1
13.2,0.0,26.3,7.0,0.2162,1
13.2,0.0,26.3,7.0,0.2162,1
12.4,0.0,100.0,7.0,0.2636,0
17.9,0.0,83.3,7.0,0.1714,0
17.9,0.0,83.3,7.0,0.1714,0
18.1,0.0,83.3,7.0,0.1714,0
16.0,0.0,21.7,7.0,0.2712,0
16.0,0.0,21.7,7.0,0.2542,1
16.0,0.0,21.7,7.0,0.2542,1
16.0,0.0,21.7,7.0,0.2712,0
16.0,0.0,21.7,7.0,0.2712,0
16.0,0.0,21.7,7.0,0.2712,0
16.0,0.0,21.7,7.0,0.2712,0
16.0,0.0,21.7,7.0,0.2712,0
16.8,0.0,83.0,7.0,0.3218,0
18.1,0.0,100.0,7.0,0.0421,0
17.6,0.0,88.3,7.0,0.2235,0
17.6,0.0,88.3,7.0,0.2235,0
17.6,0.0,88.3,7.0,0.2235,0
17.4,0.0,88.3,7.0,0.2235,0
18.5,0.0,88.3,7.0,0.2235,0
15.9,0.0,88.3,7.0,0.2235,0
17.6,0.0,88.3,7.0,0.2235,0
17.6,0.0,88.3,7.0,0.2235,0
18.1,0.0,100.0,7.0,0.0421,0
18.1,0.0,100.0,7.0,0.0421,0
18.1,0.0,100.0,7.0,0.0421,0
18.1,0.0,100.0,7.0,0.0421,0
18.1,0.0,100.0,7.0,0.0421,0
18.1,0.0,100.0,7.0,0.0421,0
18.1,0.0,100.0,7.0,0.0421,0
14.3,0.0,46.7,7.0,0.4519,1
14.2,0.0,46.7,7.0,0.4615,0
13.8,0.0,46.7,7.0,0.4519,1
14.0,0.0,46.7,7.0,0.4519,1
16.9,0.0,46.7,7.0,0.4615,0
14.2,0.0,46.7,7.0,0.4519,1
12.5,0.0,87.8,7.0,0.1644,0
15.3,0.0,46.7,7.0,0.4615,0
12.0,0.0,87.8,7.0,0.1644,0
16.0,0.0,46.7,7.0,0.4615,0
15.1,0.0,46.7,7.0,0.4615,0
12.0,0.0,87.8,7.0,0.1644,0
12.0,0.0,87.8,7.0,0.1644,0
12.0,0.0,87.8,7.0,0.1644,0
19.2,1.0,28.4,7.0,0.6618,1
19.5,0.0,89.8,7.0,0.1181,0
19.5,0.0,89.8,7.0,0.1181,0
19.5,0.0,89.8,7.0,0.1181,0
19.5,0.0,89.8,7.0,0.1181,0
19.5,0.0,89.8,7.0,0.1181,0
19.5,0.0,89.8,7.0,0.1181,0
19.5,0.0,89.8,7.0,0.1181,0
19.5,0.0,89.8,7.0,0.1181,0
19.5,0.0,89.8,7.0,0.1181,0
19.5,0.0,89.8,7.0,0.1181,0
19.5,0.0,89.8,7.0,0.1181,0
19.5,0.0,89.8,7.0,0.1181,0
19.5,0.0,89.8,7.0,0.1181,0
19.5,0.0,89.8,7.0,0.1181,0
18.8,0.0,100.0,8.0,0.2636,0
19.5,0.0,89.8,7.0,0.1181,0
19.5,0.0,89.8,7.0,0.1181,0
19.5,0.0,89.8,7.0,0.1181,0
19.5,0.0,89.8,7.0,0.1181,0
19.5,0.0,89.8,7.0,0.1181,0
19.5,0.0,89.8,7.0,0.1181,0
19.5,0.0,89.8,7.0,0.1181,0
19.5,0.0,89.8,7.0,0.1181,0
19.5,0.0,89.8,7.0,0.1181,0
19.5,0.0,89.8,7.0,0.1181,0
19.5,0.0,89.8,7.0,0.1181,0
16.2,0.0,39.4,7.0,0.2222,1
16.9,0.0,64.4,7.0,0.3483,0
16.9,0.0,64.4,7.0,0.3483,0
17.0,0.0,64.4,7.0,0.3371,1
16.9,0.0,64.4,7.0,0.3483,0
14.0,0.0,64.4,7.0,0.3483,0
16.5,0.0,64.4,7.0,0.3483,0
12.8,0.0,64.4,7.0,0.3483,0
16.8,0.0,64.4,7.0,0.3483,0
16.8,0.0,64.4,7.0,0.3483,0
16.9,0.0,64.4,7.0,0.3483,0
18.4,0.0,72.6,9.0,0.234,0
16.5,0.0,64.4,7.0,0.3371,1
16.5,0.0,64.4,7.0,0.3371,1
16.5,0.0,64.4,7.0,0.3371,1
16.5,0.0,64.4,7.0,0.3371,1
16.6,0.0,64.4,7.0,0.3371,1
16.6,0.0,64.4,7.0,0.3371,1
16.6,0.0,64.4,7.0,0.3371,1
16.6,0.0,64.4,7.0,0.3371,1
16.6,0.0,64.4,7.0,0.3371,1
16.6,0.0,64.4,7.0,0.3371,1
16.5,0.0,64.4,7.0,0.3371,1
16.6,0.0,64.4,7.0,0.3371,1
16.6,0.0,64.4,7.0,0.3371,1
16.6,0.0,64.4,7.0,0.3371,1
16.6,0.0,64.4,7.0,0.3371,1
16.6,0.0,64.4,7.0,0.3371,1
16.6,0.0,64.4,7.0,0.3371,1
16.6,0.0,64.4,7.0,0.3371,1
16.6,0.0,64.4,7.0,0.3371,1
16.6,0.0,64.4,7.0,0.3371,1
16.6,0.0,64.4,7.0,0.3371,1
16.6,0.0,64.4,7.0,0.3371,1
16.6,0.0,64.4,7.0,0.3371,1
16.6,0.0,64.4,7.0,0.3371,1
16.6,0.0,64.4,7.0,0.3371,1
18.7,0.0,22.4,7.0,0.125,1
16.3,0.0,39.4,7.0,0.2315,0
17.7,0.0,69.1,7.0,0.123,0
16.3,0.0,39.4,7.0,0.2315,0
18.3,0.0,84.4,7.0,0.2,0
18.3,0.0,84.4,7.0,0.2,0
18.3,0.0,84.4,7.0,0.2,0
18.3,0.0,84.4,7.0,0.2,0
12.6,0.0,84.4,7.0,0.2,0
12.6,0.0,84.4,7.0,0.2,0
12.6,0.0,84.4,7.0,0.1929,1
12.6,0.0,84.4,7.0,0.2,0
14.6,0.0,84.9,7.0,0.1154,0
16.8,0.0,84.9,7.0,0.1154,0
17.7,0.0,69.1,7.0,0.123,0
17.7,0.0,69.1,7.0,0.123,0
17.7,0.0,69.1,7.0,0.123,0
14.5,0.0,84.4,7.0,0.2,0
14.5,0.0,84.4,7.0,0.2,0
14.5,0.0,84.4,7.0,0.2,0
14.5,0.0,84.4,7.0,0.2,0
14.5,0.0,84.4,7.0,0.2,0
14.5,0.0,84.4,7.0,0.2,0
14.5,0.0,84.4,7.0,0.2,0
14.5,0.0,84.4,7.0,0.2,0
14.5,0.0,84.4,7.0,0.2,0
14.5,0.0,84.4,7.0,0.2,0
14.5,0.0,84.4,7.0,0.2,0
14.5,0.0,84.4,7.0,0.2,0
14.5,0.0,84.4,7.0,0.2,0
14.5,0.0,84.4,7.0,0.2,0
14.5,0.0,84.4,7.0,0.2,0
14.5,0.0,84.4,7.0,0.2,0
14.5,0.0,84.4,7.0,0.2,0
14.5,0.0,84.4,7.0,0.2,0
14.5,0.0,84.4,7.0,0.2,0
14.5,0.0,84.4,7.0,0.2,0
14.5,0.0,84.4,7.0,0.2,0
14.5,0.0,84.4,7.0,0.2,0
14.6,0.0,84.4,7.0,0.2,0
14.6,0.0,84.4,7.0,0.2,0
14.6,0.0,84.4,7.0,0.2,0
14.6,0.0,84.4,7.0,0.2,0
14.5,0.0,84.4,7.0,0.2,0
14.5,0.0,84.4,7.0,0.2,0
14.5,0.0,84.4,7.0,0.2,0
14.6,0.0,84.4,7.0,0.2,0
14.6,0.0,84.4,7.0,0.2,0
14.6,0.0,84.4,7.0,0.2,0
14.6,0.0,84.4,7.0,0.2,0
14.6,0.0,84.4,7.0,0.2,0
18.7,0.0,97.2,7.0,0.021,0
16.0,0.0,21.7,7.0,0.2542,1
16.0,0.0,21.7,7.0,0.2712,0
16.0,0.0,21.7,7.0,0.2712,0
18.7,0.0,97.2,7.0,0.021,0
16.0,0.0,21.7,7.0,0.2712,0
18.7,0.0,97.2,7.0,0.021,0
18.7,0.0,97.2,7.0,0.021,0
18.7,0.0,97.2,7.0,0.021,0
18.7,0.0,97.2,7.0,0.021,0
18.7,0.0,97.2,7.0,0.021,0
18.7,0.0,97.2,7.0,0.021,0
18.7,0.0,97.2,7.0,0.021,0
18.7,0.0,97.2,7.0,0.021,0
18.7,0.0,97.2,7.0,0.021,0
18.7,0.0,97.2,7.0,0.021,0
18.7,0.0,97.2,7.0,0.021,0
18.7,0.0,97.2,7.0,0.021,0
18.7,0.0,97.2,7.0,0.021,0
18.7,0.0,97.2,7.0,0.021,0
14.6,0.0,71.2,8.0,0.2157,0
14.3,0.0,71.2,7.0,0.2157,0
14.1,0.0,71.2,7.0,0.2157,0
14.4,0.0,21.7,8.0,0.2712,0
14.4,0.0,21.7,8.0,0.2712,0
18.7,0.0,97.2,7.0,0.021,0
18.7,0.0,97.2,7.0,0.021,0
14.4,0.0,21.7,7.0,0.2542,1
14.4,0.0,21.7,7.0,0.2712,0
14.4,0.0,21.7,7.0,0.2712,0
14.4,0.0,21.7,7.0,0.2712,0
18.7,0.0,97.2,7.0,0.021,0
18.7,0.0,97.2,7.0,0.021,0
18.7,0.0,97.2,7.0,0.021,0
18.7,0.0,97.2,7.0,0.021,0
18.7,0.0,97.2,7.0,0.021,0
18.7,0.0,97.2,7.0,0.021,0
18.7,0.0,97.2,7.0,0.021,0
18.7,0.0,97.2,7.0,0.021,0
18.7,0.0,97.2,7.0,0.021,0
18.7,0.0,97.2,7.0,0.021,0
18.7,0.0,97.2,7.0,0.021,0
18.7,0.0,97.2,7.0,0.021,0
18.7,0.0,97.2,7.0,0.021,0
18.7,0.0,97.2,7.0,0.021,0
18.7,0.0,97.2,7.0,0.021,0
17.8,0.0,14.3,7.0,0.1458,0
18.1,0.0,61.2,7.0,0.1083,0
17.1,0.0,72.3,7.0,0.4745,0
17.2,0.0,72.3,7.0,0.4745,0
12.7,0.0,40.0,7.0,0.2636,0
18.1,0.0,90.0,7.0,0.155,1
17.9,0.0,90.0,7.0,0.1628,0
18.1,0.0,90.0,7.0,0.1628,0
18.1,0.0,90.0,7.0,0.1628,0
16.5,0.0,74.4,7.0,0.3127,1
16.5,0.0,74.4,7.0,0.3127,1
17.0,0.0,74.4,7.0,0.3158,0
18.1,0.0,74.4,7.0,0.3158,0
18.1,0.0,74.4,7.0,0.3158,0
18.1,0.0,74.4,7.0,0.3158,0
18.1,0.0,74.4,7.0,0.3158,0
18.1,0.0,74.4,7.0,0.3158,0
18.1,0.0,74.4,7.0,0.3158,0
18.1,0.0,74.4,7.0,0.3158,0
18.1,0.0,74.4,7.0,0.3158,0
18.1,0.0,74.4,7.0,0.3158,0
18.1,0.0,74.4,7.0,0.3158,0
18.1,0.0,74.4,7.0,0.3158,0
18.1,0.0,74.4,7.0,0.3158,0
16.1,0.0,75.0,7.0,0.359,0
16.1,0.0,75.0,7.0,0.359,0
16.1,0.0,75.0,7.0,0.359,0
16.1,0.0,75.0,7.0,0.359,0
16.1,0.0,75.0,7.0,0.359,0
14.4,0.0,21.7,8.0,0.2712,0
14.4,0.0,21.7,7.0,0.2712,0
16.1,0.0,75.0,7.0,0.359,0
16.1,0.0,75.0,7.0,0.359,0
16.1,0.0,75.0,7.0,0.3333,1
16.1,0.0,75.0,7.0,0.3333,1
16.1,0.0,75.0,7.0,0.3333,1
14.4,0.0,21.7,7.0,0.2542,1
16.1,0.0,75.0,7.0,0.3333,1
16.1,0.0,75.0,7.0,0.3333,1
16.1,0.0,75.0,7.0,0.359,0
16.1,0.0,75.0,7.0,0.3333,1
16.1,0.0,75.0,7.0,0.3333,1
16.1,0.0,75.0,7.0,0.3333,1
16.1,0.0,75.0,7.0,0.359,0
16.1,0.0,75.0,7.0,0.359,0
16.1,0.0,75.0,7.0,0.359,0
16.1,0.0,75.0,7.0,0.359,0
16.1,0.0,75.0,7.0,0.359,0
14.4,0.0,21.7,7.0,0.2712,0
14.4,0.0,21.7,7.0,0.2712,0
14.4,0.0,21.7,7.0,0.2712,0
14.4,0.0,21.7,7.0,0.2712,0
14.4,0.0,21.7,7.0,0.2712,0
14.4,0.0,21.7,7.0,0.2712,0
18.1,0.0,0.0,7.0,0.1714,0
14.4,0.0,21.7,7.0,0.2712,0
15.8,0.0,60.9,7.0,0.6618,0
18.1,0.0,0.0,7.0,0.1714,0
14.4,0.0,21.7,7.0,0.2712,0
18.5,0.0,71.4,7.0,0.4182,0
18.7,0.0,60.9,7.0,0.6471,1
18.9,0.0,0.0,7.0,0.1714,0
14.4,0.0,21.7,7.0,0.2712,0
18.7,0.0,60.9,7.0,0.6471,1
17.8,0.0,0.0,7.0,0.1714,0
15.5,0.0,21.7,8.0,0.2542,1
18.5,0.0,71.4,7.0,0.4,1
18.5,0.0,71.4,7.0,0.4,1
18.5,0.0,71.4,7.0,0.4,1
18.5,0.0,71.4,7.0,0.4,1
18.5,0.0,71.4,7.0,0.4,1
18.5,0.0,71.4,7.0,0.4,1
18.5,0.0,71.4,7.0,0.4182,0
12.7,0.0,40.0,7.0,0.2636,0
13.6,0.0,40.0,7.0,0.2636,0
19.1,0.0,86.5,7.0,0.3333,0
17.8,0.0,46.7,7.0,0.4615,0
17.8,0.0,46.7,7.0,0.4615,0
13.6,0.0,42.5,7.0,0.1608,0
13.6,0.0,42.5,7.0,0.1608,0
16.1,0.0,46.7,7.0,0.4615,0
15.4,0.0,58.7,7.0,0.3707,1
15.4,0.0,58.7,7.0,0.3707,1
15.4,0.0,58.7,7.0,0.3707,1
15.4,0.0,58.7,7.0,0.3707,1
12.1,0.0,21.7,7.0,0.2712,0
12.1,0.0,21.7,7.0,0.2712,0
12.1,0.0,21.7,7.0,0.2712,0
12.1,0.0,21.7,7.0,0.2712,0
12.1,0.0,21.7,7.0,0.2542,1
15.3,0.0,100.0,7.0,0.2636,0
17.5,0.0,82.0,7.0,0.1705,0
17.5,0.0,82.0,7.0,0.1705,0
14.7,0.0,64.8,7.0,0.4488,0
14.7,0.0,64.8,7.0,0.4488,0
14.7,0.0,64.8,7.0,0.4488,0
16.0,0.0,64.8,7.0,0.4488,0
16.0,0.0,64.8,7.0,0.4488,0
16.2,0.0,42.5,9.0,0.1608,0
16.0,0.0,64.8,7.0,0.4409,1
12.1,0.0,21.7,7.0,0.2712,0
14.7,0.0,64.8,7.0,0.4488,0
12.1,0.0,21.7,7.0,0.2712,0
12.1,0.0,21.7,7.0,0.2712,0
12.1,0.0,21.7,7.0,0.2712,0
14.7,0.0,64.8,7.0,0.4488,0
14.7,0.0,64.8,7.0,0.4488,0
16.0,0.0,64.8,7.0,0.4488,0
12.1,0.0,21.7,8.0,0.2712,0
14.7,0.0,64.8,7.0,0.4488,0
12.1,0.0,41.3,7.0,0.3556,1
12.1,0.0,41.3,7.0,0.3778,0
13.0,0.0,64.8,7.0,0.4488,0
12.1,0.0,41.3,7.0,0.3778,0
14.7,0.0,64.8,7.0,0.4488,0
12.1,0.0,41.3,7.0,0.3778,0
14.7,0.0,64.8,7.0,0.4488,0
12.1,0.0,41.3,7.0,0.3778,0
12.4,0.0,100.0,7.0,0.2636,0
14.7,0.0,41.3,7.0,0.3556,1
14.7,0.0,41.3,7.0,0.3556,1
14.7,0.0,41.3,7.0,0.3556,1
14.7,0.0,41.3,7.0,0.3556,1
14.7,0.0,41.3,7.0,0.3778,0
14.7,0.0,87.8,7.0,0.0959,0
14.7,0.0,41.3,7.0,0.3556,1
14.7,0.0,41.3,7.0,0.3556,1
15.3,0.0,87.8,7.0,0.0959,0
16.9,0.0,100.0,7.0,0.2636,0
12.1,0.0,41.3,7.0,0.3778,0
14.4,0.0,21.7,7.0,0.2712,0
14.4,0.0,21.7,7.0,0.2542,1
14.7,0.0,41.3,7.0,0.3556,1
14.7,0.0,41.3,7.0,0.3778,0
16.0,0.0,21.7,7.0,0.2712,0
16.0,0.0,21.7,7.0,0.2542,1
16.0,0.0,21.7,7.0,0.2542,1
16.0,0.0,21.7,7.0,0.2712,0
16.0,0.0,21.7,7.0,0.2712,0
18.7,0.0,97.2,7.0,0.021,0
18.7,0.0,97.2,7.0,0.021,0
18.7,0.0,97.2,7.0,0.021,0
18.7,0.0,97.2,7.0,0.021,0
18.7,0.0,97.2,7.0,0.021,0
18.8,0.0,97.2,7.0,0.021,0
18.8,0.0,97.2,7.0,0.021,0
18.8,0.0,97.2,7.0,0.021,0
18.8,0.0,97.2,7.0,0.021,0
18.8,0.0,97.2,7.0,0.021,0
18.8,0.0,97.2,7.0,0.021,0
12.9,0.0,25.5,7.0,0.2708,0
15.5,0.0,25.5,7.0,0.2639,1
12.9,0.0,25.5,7.0,0.2708,0
15.5,0.0,25.5,7.0,0.2708,0
15.5,0.0,25.5,7.0,0.2708,0
12.9,0.0,25.5,7.0,0.2708,0
15.5,0.0,25.5,7.0,0.2708,0
15.5,0.0,25.5,7.0,0.2708,0
15.5,0.0,25.5,7.0,0.2708,0
15.5,0.0,25.5,7.0,0.2708,0
12.6,0.0,25.5,7.0,0.2708,0
15.5,0.0,25.5,7.0,0.2708,0
15.5,0.0,25.5,7.0,0.2708,0
15.5,0.0,25.5,7.0,0.2708,0
15.5,0.0,25.5,7.0,0.2708,0
15.5,0.0,25.5,7.0,0.2708,0
15.5,0.0,25.5,7.0,0.2708,0
15.5,0.0,25.5,7.0,0.2708,0
14.7,0.0,25.5,7.0,0.2639,1
15.5,0.0,25.5,7.0,0.2639,1
15.5,0.0,25.5,7.0,0.2708,0
15.5,0.0,25.5,7.0,0.2708,0
15.5,0.0,25.5,7.0,0.2708,0
17.3,0.0,86.2,7.0,0.3069,0
17.3,0.0,86.2,7.0,0.3069,0
17.3,0.0,86.2,7.0,0.3069,0
17.3,0.0,86.2,7.0,0.3069,0
17.3,0.0,86.2,7.0,0.3069,0
15.9,0.0,25.5,7.0,0.2708,0
17.3,0.0,86.2,7.0,0.3069,0
17.3,0.0,86.2,7.0,0.3069,0
17.3,0.0,86.2,7.0,0.3069,0
15.9,0.0,25.5,7.0,0.2708,0
15.9,0.0,25.5,7.0,0.2639,1
15.7,0.0,84.4,7.0,0.1929,1
17.2,0.0,14.3,7.0,0.2636,0
15.5,0.0,66.7,7.0,0.0488,0
14.5,0.0,66.7,7.0,0.0244,1
14.5,0.0,66.7,7.0,0.0488,0
15.5,0.0,66.7,7.0,0.0488,0
14.9,0.0,37.2,7.0,0.119,0
19.1,0.0,66.1,7.0,0.2273,1
18.5,0.0,13.7,7.0,0.1099,0
18.5,0.0,13.7,7.0,0.1099,0
15.6,0.0,26.0,7.0,0.0909,0
15.3,0.0,87.8,7.0,0.0959,0
18.2,0.0,40.0,7.0,0.2636,0
17.9,0.0,95.7,7.0,0.2636,0
17.9,0.0,95.7,7.0,0.2636,0
17.1,0.0,49.0,7.0,0.3289,0
14.8,2.0,82.0,7.0,0.1705,0
14.8,2.0,82.0,7.0,0.1705,0
18.6,0.0,66.1,7.0,0.2318,0
18.1,0.0,100.0,7.0,0.2636,0
17.0,0.0,47.2,7.0,0.0909,0
17.0,0.0,47.2,7.0,0.0909,0
17.0,0.0,47.2,7.0,0.0909,0
17.0,0.0,47.2,7.0,0.0909,0
17.0,0.0,47.2,7.0,0.0909,0
17.0,0.0,47.2,7.0,0.0909,0
17.0,0.0,47.2,7.0,0.0909,0
17.0,0.0,47.2,7.0,0.0909,0
17.0,0.0,47.2,7.0,0.0909,0
16.0,0.0,100.0,7.0,0.2636,0
16.0,0.0,100.0,7.0,0.2636,0
16.0,0.0,100.0,7.0,0.2636,0
16.0,0.0,100.0,7.0,0.2636,0
16.0,0.0,100.0,7.0,0.2636,0
15.4,0.0,39.1,9.0,0.2326,0
15.8,0.0,66.7,7.0,0.0244,1
16.0,0.0,100.0,7.0,0.2636,0
16.0,0.0,100.0,7.0,0.2636,0
16.0,0.0,100.0,7.0,0.2636,0
16.0,0.0,100.0,7.0,0.2636,0
16.0,0.0,100.0,7.0,0.2636,0
16.0,0.0,100.0,7.0,0.2636,0
13.8,0.0,100.0,7.0,0.0,0
13.8,0.0,100.0,7.0,0.0,0
14.7,0.0,87.8,7.0,0.0959,0
14.7,0.0,87.8,7.0,0.0959,0
13.5,0.0,87.8,7.0,0.0959,0
19.1,0.0,100.0,7.0,0.0,0
19.1,0.0,100.0,7.0,0.0,0
19.1,0.0,100.0,7.0,0.0,0
16.9,0.0,57.8,7.0,0.1,0
16.9,0.0,57.8,7.0,0.1,0
16.9,0.0,57.8,7.0,0.1,0
16.9,0.0,57.8,7.0,0.1,0
16.9,0.0,57.8,7.0,0.1,0
16.9,0.0,57.8,7.0,0.1,0
16.9,0.0,57.8,7.0,0.1,0
16.9,0.0,57.8,7.0,0.1,0
16.9,0.0,57.8,7.0,0.1,0
16.9,0.0,57.8,7.0,0.1,0
16.9,0.0,57.8,7.0,0.1,0
16.9,0.0,57.8,7.0,0.1,0
16.9,0.0,57.8,7.0,0.1,0
16.9,0.0,57.8,7.0,0.0952,1
13.5,0.0,87.8,7.0,0.0959,0
19.1,0.0,100.0,7.0,0.0,0
19.1,0.0,100.0,7.0,0.0,0
18.8,0.0,100.0,7.0,0.0,0
18.8,0.0,100.0,7.0,0.0,0
18.8,0.0,100.0,7.0,0.0,0
18.8,0.0,100.0,7.0,0.0,0
18.8,0.0,100.0,7.0,0.0,0
18.8,0.0,100.0,7.0,0.0,0
18.8,0.0,100.0,7.0,0.0,0
19.1,0.0,100.0,7.0,0.0,0
19.1,0.0,100.0,7.0,0.0,0
19.1,0.0,100.0,7.0,0.0,0
19.1,0.0,100.0,7.0,0.0,0
19.1,0.0,100.0,7.0,0.0,0
19.1,0.0,100.0,7.0,0.0,0
19.1,0.0,100.0,7.0,0.0,0
16.0,0.0,32.4,7.0,0.3832,0
17.1,0.0,32.4,7.0,0.3832,0
19.1,0.0,100.0,7.0,0.0,0
19.1,0.0,100.0,7.0,0.0,0
19.1,0.0,100.0,7.0,0.0,0
19.1,0.0,100.0,7.0,0.0,0
19.1,0.0,100.0,7.0,0.0,0
18.0,0.0,100.0,7.0,0.0,0
16.0,0.0,100.0,7.0,0.0,0
16.9,0.0,57.8,7.0,0.1,0
16.9,0.0,57.8,7.0,0.1,0
16.9,0.0,57.8,7.0,0.1,0
16.9,0.0,57.8,7.0,0.1,0
16.9,0.0,57.8,7.0,0.1,0
16.9,0.0,57.8,7.0,0.1,0
16.9,0.0,57.8,7.0,0.1,0
16.9,0.0,57.8,7.0,0.1,0
16.9,0.0,57.8,7.0,0.1,0
16.9,0.0,57.8,7.0,0.1,0
16.9,0.0,57.8,7.0,0.1,0
16.9,0.0,57.8,7.0,0.1,0
12.4,0.0,100.0,7.0,0.2636,0
14.1,0.0,29.2,7.0,0.6161,0
13.9,0.0,29.2,7.0,0.6161,0
17.0,0.0,29.2,7.0,0.6161,0
17.0,0.0,29.2,7.0,0.6161,0
17.0,0.0,29.2,7.0,0.6161,0
16.0,0.0,87.9,7.0,0.1713,0
13.5,0.0,73.5,7.0,0.0179,0
15.6,0.0,73.5,7.0,0.0179,0
16.0,0.0,73.5,7.0,0.0179,0
15.4,0.0,73.5,7.0,0.0179,0
17.6,0.0,89.5,7.0,0.2636,1
16.0,0.0,87.9,7.0,0.1713,0
17.0,0.0,47.2,7.0,0.0909,0
14.6,0.0,87.9,7.0,0.1713,0
17.0,0.0,47.2,7.0,0.0909,0
14.6,0.0,87.9,7.0,0.1713,0
14.6,0.0,87.9,7.0,0.1713,0
14.6,0.0,87.9,7.0,0.1657,1
14.6,0.0,87.9,7.0,0.1713,0
14.6,0.0,87.9,7.0,0.1713,0
14.6,0.0,87.9,7.0,0.1713,0
14.6,0.0,87.9,7.0,0.1713,0
17.6,0.0,40.0,7.0,0.2636,0
16.4,0.0,50.0,7.0,0.2636,1
16.3,0.0,32.4,7.0,0.3738,1
17.1,0.0,32.4,7.0,0.3832,0
17.0,0.0,47.2,7.0,0.0909,0
17.0,0.0,47.2,7.0,0.0909,0
17.0,0.0,47.2,7.0,0.0909,0
17.0,0.0,47.2,7.0,0.0909,0
17.0,0.0,47.2,7.0,0.0909,0
17.0,0.0,47.2,7.0,0.0909,0
17.0,0.0,47.2,7.0,0.0909,0
17.0,0.0,47.2,7.0,0.0909,0
17.4,0.0,70.5,7.0,0.2326,0
17.2,0.0,27.1,7.0,0.6809,1
17.2,0.0,27.1,7.0,0.6809,1
15.4,0.0,27.1,7.0,0.6809,1
17.2,0.0,27.1,7.0,0.6809,1
17.2,0.0,27.1,7.0,0.7021,0
14.5,0.0,27.1,7.0,0.6809,1
17.2,0.0,27.1,7.0,0.7021,0
17.2,0.0,27.1,7.0,0.7021,0
17.2,0.0,27.1,7.0,0.7021,0
18.4,0.0,78.8,7.0,0.3165,0
18.2,0.0,78.8,7.0,0.3165,0
18.0,0.0,78.8,7.0,0.3165,0
18.2,0.0,78.8,7.0,0.3165,0
17.0,0.0,27.1,7.0,0.6809,1
17.0,0.0,27.1,7.0,0.7021,0
17.2,0.0,27.1,7.0,0.6809,1
15.4,0.0,27.1,7.0,0.6809,1
12.6,0.0,27.1,7.0,0.7021,0
17.2,0.0,27.1,7.0,0.6809,1
17.2,0.0,27.1,7.0,0.7021,0
12.2,0.0,27.1,7.0,0.6809,1
17.2,0.0,27.1,7.0,0.6809,1
16.1,0.0,85.7,7.0,0.2636,0
15.4,0.0,65.4,7.0,0.2636,0
15.6,0.0,69.1,7.0,0.123,0
14.4,0.0,69.1,7.0,0.1148,1
15.6,0.0,69.1,7.0,0.123,0
15.6,0.0,69.1,7.0,0.123,0
14.4,0.0,69.1,7.0,0.123,0
13.6,0.0,69.1,7.0,0.123,0
13.3,0.0,61.2,7.0,0.375,0
13.3,0.0,61.2,7.0,0.3672,1
16.2,0.0,61.2,7.0,0.3672,1
16.2,0.0,61.2,7.0,0.375,0
13.3,0.0,61.2,7.0,0.3672,1
17.5,0.0,61.2,7.0,0.3672,1
18.1,0.0,61.2,7.0,0.375,0
18.5,0.0,61.2,7.0,0.3672,1
18.1,0.0,61.2,7.0,0.3672,1
18.5,0.0,61.2,7.0,0.375,0
17.9,0.0,80.9,7.0,0.1404,0
17.3,0.0,80.9,7.0,0.1316,1
15.6,0.0,80.9,7.0,0.1404,0
17.1,0.0,80.9,7.0,0.1404,0
18.5,0.0,66.7,7.0,0.2636,1
13.5,0.0,32.4,7.0,0.3832,0
13.5,0.0,32.4,7.0,0.3832,0
13.0,0.0,32.4,7.0,0.3832,0
13.5,0.0,32.4,7.0,0.3738,1
14.2,0.0,100.0,7.0,0.2636,0
13.5,0.0,32.4,7.0,0.3738,1
12.6,0.0,32.4,7.0,0.3738,1
12.6,0.0,32.4,7.0,0.3832,0
12.6,0.0,32.4,7.0,0.3832,0
17.4,0.0,6.0,7.0,0.2576,0
16.1,0.0,47.2,7.0,0.0909,0
16.1,0.0,47.2,7.0,0.0909,0
13.3,0.0,0.0,7.0,0.1429,0
17.1,0.0,47.2,7.0,0.0909,0
15.5,0.0,32.4,7.0,0.3738,1
14.7,0.0,71.1,7.0,0.8409,1
14.7,0.0,71.1,7.0,0.8409,1
14.7,0.0,71.1,7.0,0.8409,1
14.7,0.0,71.1,7.0,0.8636,0
14.7,0.0,71.1,7.0,0.8409,1
14.7,0.0,71.1,7.0,0.8409,1
14.7,0.0,71.1,7.0,0.8409,1
14.7,0.0,71.1,7.0,0.8409,1
14.7,0.0,71.1,7.0,0.8409,1
14.7,0.0,71.1,7.0,0.8409,1
14.7,0.0,71.1,7.0,0.8409,1
14.7,0.0,71.1,7.0,0.8409,1
14.7,0.0,71.1,7.0,0.8409,1
14.7,0.0,71.1,7.0,0.8409,1
16.1,0.0,47.2,7.0,0.0909,0
14.7,0.0,71.1,7.0,0.8409,1
14.7,0.0,71.1,7.0,0.8409,1
15.3,0.0,47.2,7.0,0.0909,0
15.3,0.0,47.2,7.0,0.0909,0
12.6,0.0,47.2,7.0,0.0909,0
16.9,1.0,0.0,7.0,0.2636,1
13.9,0.0,80.0,7.0,0.1216,1
18.4,0.0,57.9,7.0,0.4286,0
18.4,0.0,57.9,7.0,0.4286,0
13.9,0.0,80.0,7.0,0.1216,1
16.7,0.0,100.0,7.0,0.2636,0
16.7,0.0,100.0,7.0,0.2636,0
17.6,0.0,0.0,7.0,0.1429,1
15.5,0.0,70.4,7.0,0.2453,1
15.5,0.0,70.4,7.0,0.2642,0
15.5,0.0,70.4,7.0,0.2642,0
17.2,0.0,14.3,7.0,0.2636,1
17.7,0.0,61.5,7.0,0.2636,1
17.7,0.0,61.5,7.0,0.2636,1
16.5,1.0,50.0,7.0,0.2636,1
17.3,0.0,63.5,7.0,0.6548,1
16.9,0.0,57.8,7.0,0.1,0
16.9,0.0,57.8,7.0,0.1,0
16.9,0.0,57.8,7.0,0.1,0
16.9,0.0,59.1,7.0,0.4186,0
16.9,0.0,57.8,7.0,0.1,0
17.1,0.0,87.9,7.0,0.1713,0
17.1,0.0,87.9,7.0,0.1713,0
16.9,0.0,57.8,7.0,0.1,0
18.4,0.0,64.0,7.0,0.6452,0
18.5,0.0,59.1,7.0,0.4186,0
17.1,0.0,80.0,7.0,0.1351,0
17.1,0.0,87.9,7.0,0.1713,0
18.5,0.0,59.1,7.0,0.3953,1
18.5,0.0,59.1,7.0,0.3953,1
17.1,0.0,87.9,7.0,0.1713,0
17.1,0.0,87.9,7.0,0.1713,0
17.1,0.0,87.9,7.0,0.1713,0
18.5,0.0,59.1,7.0,0.3953,1
18.5,0.0,59.1,7.0,0.4186,0
18.5,0.0,59.1,7.0,0.4186,0
17.1,0.0,87.9,7.0,0.1713,0
17.1,0.0,87.9,7.0,0.1713,0
17.1,0.0,87.9,7.0,0.1713,0
18.5,0.0,59.1,7.0,0.4186,0
18.5,0.0,59.1,7.0,0.4186,0
18.5,0.0,59.1,7.0,0.3953,1
19.0,0.0,60.7,7.0,0.2963,0
18.5,0.0,59.1,7.0,0.4186,0
17.9,0.0,22.9,7.0,0.1064,0
18.5,0.0,59.1,7.0,0.4186,0
18.5,0.0,59.1,7.0,0.4186,0
19.0,0.0,60.7,7.0,0.2963,0
13.9,0.0,80.0,7.0,0.1216,1
17.9,0.0,22.9,7.0,0.1064,0
17.9,0.0,22.9,7.0,0.1064,0
17.9,0.0,22.9,7.0,0.1064,0
17.9,0.0,22.9,7.0,0.1064,0
15.3,0.0,22.9,7.0,0.1064,0
17.9,0.0,22.9,7.0,0.1064,0
15.3,0.0,22.9,7.0,0.1064,0
15.3,0.0,22.9,7.0,0.1064,0
15.1,0.0,72.2,7.0,0.2636,0
15.1,0.0,72.2,7.0,0.2636,0
15.1,0.0,72.2,7.0,0.2636,0
15.1,0.0,72.2,7.0,0.2636,0
15.1,0.0,72.2,7.0,0.2636,0
15.1,0.0,72.2,7.0,0.2636,0
15.1,0.0,72.2,7.0,0.2636,0
15.1,0.0,72.2,7.0,0.2636,0
15.1,0.0,72.2,7.0,0.2636,0
15.1,0.0,72.2,7.0,0.2636,1
15.1,0.0,72.2,7.0,0.2636,1
13.8,0.0,62.9,7.0,0.1698,0
14.0,0.0,62.9,7.0,0.1651,1
13.8,0.0,62.9,7.0,0.1651,1
19.2,0.0,92.5,7.0,0.519,0
19.2,0.0,92.5,7.0,0.519,0
12.5,0.0,0.0,7.0,0.2636,0
16.7,0.0,78.3,7.0,0.1111,0
16.7,0.0,78.3,7.0,0.1111,0
16.7,0.0,78.3,7.0,0.1111,0
16.0,0.0,78.3,7.0,0.1111,0
18.2,0.0,70.4,7.0,0.2636,0
16.5,0.0,29.2,7.0,0.6161,0
16.5,0.0,29.2,7.0,0.6161,0
16.5,0.0,29.2,7.0,0.6161,0
16.5,0.0,29.2,7.0,0.6161,0
16.5,0.0,29.2,7.0,0.6161,0
16.5,0.0,29.2,7.0,0.6161,0
16.5,0.0,29.2,7.0,0.6161,0
16.5,0.0,29.2,7.0,0.6161,0
16.3,0.0,29.2,7.0,0.6161,0
16.5,0.0,29.2,7.0,0.6161,0
16.5,0.0,29.2,7.0,0.6161,0
16.5,0.0,29.2,7.0,0.6161,0
16.5,0.0,29.2,7.0,0.6161,0
18.5,0.0,46.7,7.0,0.4615,0
18.4,0.0,46.7,7.0,0.4615,0
17.6,0.0,86.2,7.0,0.3069,0
18.6,0.0,86.2,7.0,0.3069,0
18.6,0.0,86.2,7.0,0.3069,0
18.6,0.0,86.2,7.0,0.3069,0
18.6,0.0,86.2,7.0,0.3069,0
18.6,0.0,86.2,7.0,0.3069,0
18.6,0.0,86.2,7.0,0.3069,0
18.6,0.0,86.2,7.0,0.3069,0
17.1,0.0,87.9,7.0,0.1713,0
17.1,0.0,87.9,7.0,0.1713,0
14.0,0.0,87.9,7.0,0.1713,0
17.6,0.0,87.9,7.0,0.1713,0
17.6,0.0,87.9,7.0,0.1657,1
17.6,0.0,87.9,7.0,0.1713,0
17.6,0.0,87.9,7.0,0.1713,0
17.6,0.0,87.9,7.0,0.1713,0
12.8,0.0,68.0,7.0,0.2636,0
15.3,0.0,83.3,7.0,0.2636,1
16.3,0.0,88.0,7.0,0.2636,0
14.6,0.0,91.7,7.0,0.2636,0
15.1,0.0,89.2,7.0,0.0978,0
16.2,0.0,95.5,7.0,0.2636,0
16.2,0.0,95.5,7.0,0.2636,0
16.2,0.0,95.5,7.0,0.2636,0
16.2,0.0,95.5,7.0,0.2636,0
18.3,0.0,97.4,7.0,0.0325,0
17.9,0.0,97.4,7.0,0.0325,0
14.7,0.0,80.0,7.0,0.1351,0
16.6,0.0,80.0,7.0,0.1216,1
16.6,0.0,80.0,7.0,0.1351,0
14.4,0.0,80.0,7.0,0.1351,0
18.6,0.0,98.2,7.0,0.0228,0
16.6,0.0,80.0,7.0,0.1216,1
18.6,0.0,98.2,7.0,0.0228,0
18.7,0.0,98.2,7.0,0.0228,0
16.8,1.0,0.0,7.0,0.2636,1
17.1,0.0,87.9,7.0,0.1713,0
14.8,0.0,91.8,7.0,0.0417,0
17.1,0.0,87.9,7.0,0.1713,0
17.1,0.0,87.9,7.0,0.1713,0
17.1,0.0,87.9,7.0,0.1713,0
17.1,0.0,87.9,7.0,0.1713,0
17.1,0.0,87.9,7.0,0.1713,0
17.1,0.0,87.9,7.0,0.1713,0
17.1,0.0,87.9,7.0,0.1713,0
17.1,0.0,87.9,7.0,0.1713,0
17.1,0.0,87.9,7.0,0.1713,0
17.1,0.0,87.9,7.0,0.1713,0
17.1,0.0,87.9,7.0,0.1713,0
17.1,0.0,87.9,7.0,0.1713,0
17.1,0.0,87.9,7.0,0.1713,0
14.4,0.0,91.8,7.0,0.0417,0
17.1,0.0,87.9,7.0,0.1657,1
17.1,0.0,87.9,7.0,0.1713,0
17.1,0.0,87.9,7.0,0.1713,0
17.1,0.0,87.9,7.0,0.1713,0
16.5,0.0,87.9,7.0,0.1657,1
18.1,0.0,87.9,7.0,0.1713,0
18.1,0.0,87.9,7.0,0.1713,0
17.1,0.0,87.9,7.0,0.1713,0
17.1,0.0,87.9,7.0,0.1713,0
15.0,0.0,91.8,7.0,0.0417,0
18.1,0.0,87.9,7.0,0.1713,0
18.1,0.0,87.9,7.0,0.1713,0
18.1,0.0,87.9,7.0,0.1713,0
13.1,0.0,87.9,7.0,0.1713,0
18.1,0.0,87.9,7.0,0.1713,0
18.1,0.0,87.9,7.0,0.1713,0
18.1,0.0,87.9,7.0,0.1713,0
18.1,0.0,87.9,7.0,0.1713,0
18.1,0.0,87.9,7.0,0.1713,0
16.1,0.0,82.7,7.0,0.1992,0
16.1,0.0,39.4,7.0,0.2222,1
18.1,0.0,87.9,7.0,0.1713,0
17.6,0.0,87.9,7.0,0.1657,1
16.1,0.0,82.7,7.0,0.1949,1
17.1,0.0,87.9,7.0,0.1713,0
18.1,0.0,87.9,7.0,0.1657,1
17.6,0.0,27.3,7.0,0.2636,0
17.6,0.0,27.3,7.0,0.2636,0
17.6,0.0,27.3,7.0,0.2636,0
17.6,0.0,27.3,7.0,0.2636,1
17.6,0.0,27.3,7.0,0.2636,0
17.6,0.0,27.3,7.0,0.2636,0
17.6,0.0,27.3,7.0,0.2636,0
17.6,0.0,27.3,7.0,0.2636,0
17.7,0.0,40.0,7.0,0.2636,1
17.7,0.0,53.8,7.0,0.2636,0
17.7,0.0,53.8,7.0,0.2636,0
17.7,0.0,53.8,7.0,0.2636,0
13.9,0.0,53.8,7.0,0.2636,0
13.9,0.0,53.8,7.0,0.2636,0
12.6,0.0,53.8,7.0,0.2636,0
12.6,0.0,53.8,7.0,0.2636,0
16.3,0.0,42.5,7.0,0.578,0
16.3,0.0,42.5,7.0,0.578,0
15.0,0.0,42.5,7.0,0.5723,1
16.3,0.0,42.5,7.0,0.5723,1
16.3,0.0,42.5,7.0,0.5723,1
16.3,0.0,42.5,7.0,0.5723,1
16.3,0.0,42.5,7.0,0.578,0
16.3,0.0,42.5,7.0,0.5723,1
16.3,0.0,42.5,7.0,0.578,0
16.3,0.0,42.5,7.0,0.578,0
17.8,0.0,50.0,7.0,0.2113,0
17.2,0.0,50.7,7.0,0.1364,1
17.2,0.0,50.7,7.0,0.1364,1
14.9,0.0,91.7,7.0,0.0169,0
12.8,0.0,96.2,7.0,0.013,0
15.3,0.0,100.0,7.0,0.2636,0
15.3,0.0,100.0,7.0,0.2636,0
16.2,0.0,71.4,7.0,0.2636,0
16.4,0.0,90.9,7.0,0.0938,0
14.6,0.0,91.4,7.0,0.1404,0
16.3,0.0,42.5,7.0,0.578,0
16.3,0.0,42.5,7.0,0.578,0
16.3,0.0,42.5,7.0,0.578,0
16.3,0.0,42.5,7.0,0.5723,1
16.3,0.0,42.5,7.0,0.578,0
16.3,0.0,42.5,7.0,0.5723,1
17.0,0.0,87.9,7.0,0.1657,1
17.0,0.0,87.9,7.0,0.1713,0
14.6,0.0,87.9,7.0,0.1657,1
15.7,0.0,50.0,7.0,0.122,0
17.2,0.0,50.0,7.0,0.122,0
16.2,0.0,82.9,7.0,0.0588,0
17.2,0.0,50.0,7.0,0.122,0
17.2,0.0,50.0,7.0,0.122,0
17.2,0.0,50.0,7.0,0.122,0
17.3,0.0,50.0,7.0,0.0976,1
17.0,0.0,87.9,7.0,0.1713,0
15.6,0.0,50.0,7.0,0.0976,1
15.6,0.0,50.0,7.0,0.0976,1
15.3,0.0,50.0,7.0,0.122,0
15.3,0.0,50.0,7.0,0.122,0
13.8,0.0,89.2,7.0,0.0435,0
17.5,0.0,69.3,7.0,0.3882,0
17.5,0.0,69.3,7.0,0.3882,0
17.5,0.0,69.3,7.0,0.3882,0
17.5,0.0,69.3,7.0,0.3882,0
18.2,0.0,68.4,7.0,0.2636,0
17.5,0.0,69.3,7.0,0.3882,0
17.5,0.0,69.3,7.0,0.3882,0
17.9,0.0,69.3,7.0,0.3816,1
17.9,0.0,69.3,7.0,0.3816,1
17.9,0.0,69.3,7.0,0.3882,0
17.8,0.0,59.5,7.0,0.3902,0
17.9,0.0,69.3,7.0,0.3882,0
17.9,0.0,69.3,7.0,0.3882,0
17.9,0.0,69.3,7.0,0.3882,0
17.9,0.0,69.3,7.0,0.3882,0
17.9,0.0,69.3,7.0,0.3882,0
17.9,0.0,69.3,7.0,0.3882,0
17.9,0.0,69.3,7.0,0.3882,0
15.0,0.0,69.0,7.0,0.2195,0
14.6,0.0,87.9,7.0,0.1713,0
17.0,0.0,87.9,7.0,0.1713,0
17.0,0.0,87.9,7.0,0.1713,0
17.0,0.0,87.9,7.0,0.1713,0
17.0,0.0,87.9,7.0,0.1713,0
17.0,0.0,87.9,7.0,0.1713,0
17.2,0.0,50.0,7.0,0.122,0
14.6,0.0,87.9,7.0,0.1657,1
14.6,0.0,87.9,7.0,0.1657,1
14.6,0.0,87.9,7.0,0.1713,0
13.4,0.0,32.4,7.0,0.3832,0
13.4,0.0,32.4,7.0,0.3832,0
16.2,0.0,45.9,7.0,0.3,1
16.1,0.0,81.1,7.0,0.2149,0
16.2,0.0,45.9,7.0,0.3167,0
17.1,0.0,32.4,7.0,0.3832,0
16.3,0.0,32.4,7.0,0.3738,1
13.0,0.0,81.1,7.0,0.2066,1
17.7,0.0,82.9,7.0,0.0588,0
15.9,0.0,82.9,7.0,0.0588,0
17.7,0.0,82.9,7.0,0.0588,0
17.2,0.0,50.0,7.0,0.122,0
17.0,0.0,87.9,7.0,0.1713,0
17.0,0.0,87.9,7.0,0.1713,0
17.0,0.0,87.9,7.0,0.1713,0
17.0,0.0,87.9,7.0,0.1713,0
17.0,0.0,87.9,7.0,0.1713,0
15.6,0.0,91.7,7.0,0.2636,0
14.6,0.0,87.9,7.0,0.1657,1
17.0,0.0,87.9,7.0,0.1713,0
17.0,0.0,87.9,7.0,0.1657,1
17.0,0.0,87.9,7.0,0.1713,0
17.0,0.0,87.9,7.0,0.1657,1
17.0,0.0,87.9,7.0,0.1713,0
17.0,0.0,87.9,7.0,0.1713,0
17.0,0.0,87.9,7.0,0.1713,0
17.0,0.0,87.9,7.0,0.1657,1
17.0,0.0,87.9,7.0,0.1713,0
17.0,0.0,87.9,7.0,0.1657,1
17.0,0.0,87.9,7.0,0.1657,1
17.0,0.0,87.9,7.0,0.1657,1
13.0,0.0,87.9,7.0,0.1713,0
17.7,0.0,50.0,7.0,0.2636,1
17.7,0.0,50.0,8.0,0.2636,0
16.0,0.0,28.6,7.0,0.1667,0
16.0,0.0,28.6,7.0,0.1667,0
16.0,0.0,28.6,7.0,0.1667,0
17.9,1.0,0.0,8.0,0.2636,0
17.7,0.0,0.0,7.0,0.2636,1
14.1,0.0,70.5,7.0,0.2093,1
14.1,0.0,70.5,7.0,0.2326,0
14.1,0.0,70.5,7.0,0.2326,0
14.1,0.0,70.5,7.0,0.2326,0
14.1,0.0,70.5,7.0,0.2326,0
14.1,0.0,70.5,7.0,0.2326,0
14.1,0.0,70.5,7.0,0.2326,0
14.1,0.0,70.5,7.0,0.2093,1
14.1,0.0,70.5,7.0,0.2326,0
14.1,0.0,78.3,7.0,0.1111,0
14.1,0.0,78.3,7.0,0.1111,0
14.1,0.0,70.5,7.0,0.2326,0
14.1,0.0,70.5,7.0,0.2326,0
14.1,0.0,78.3,7.0,0.1111,0
15.8,0.0,70.5,7.0,0.2093,1
15.8,0.0,70.5,7.0,0.2093,1
14.1,0.0,70.5,7.0,0.2326,0
14.1,0.0,70.5,7.0,0.2326,0
14.1,0.0,70.5,7.0,0.2326,0
14.1,0.0,70.5,7.0,0.2326,0
14.1,0.0,70.5,7.0,0.2093,1
14.1,0.0,70.5,7.0,0.2326,0
14.1,0.0,70.5,7.0,0.2326,0
14.1,0.0,70.5,7.0,0.2326,0
14.1,0.0,70.5,7.0,0.2093,1
14.1,0.0,70.5,7.0,0.2326,0
14.1,0.0,70.5,7.0,0.2093,1
15.0,0.0,91.8,7.0,0.0417,0
15.0,0.0,91.8,7.0,0.0417,0
17.1,0.0,87.9,7.0,0.1657,1
16.5,0.0,80.8,7.0,0.2636,1
16.2,0.0,80.0,7.0,0.1351,0
13.5,0.0,75.5,7.0,0.0385,0
13.5,0.0,75.5,7.0,0.0385,0
13.5,0.0,75.5,8.0,0.0385,0
15.8,0.0,75.5,8.0,0.0385,0
15.8,0.0,75.5,8.0,0.0385,0
16.6,0.0,88.3,7.0,0.2176,1
17.4,0.0,88.3,7.0,0.2176,1
16.3,0.0,88.3,7.0,0.2235,0
17.6,0.0,88.3,7.0,0.2176,1
15.3,0.0,86.7,7.0,0.2636,0
15.8,0.0,75.5,7.0,0.0385,0
15.8,0.0,75.5,7.0,0.0385,0
15.3,0.0,75.5,7.0,0.0385,0
13.5,0.0,75.5,7.0,0.0385,0
13.3,0.0,75.5,7.0,0.0385,0
15.3,0.0,75.5,7.0,0.0192,1
15.3,0.0,75.5,7.0,0.0385,0
12.3,0.0,40.0,7.0,0.4684,0
12.3,0.0,40.0,7.0,0.4684,0
12.8,0.0,88.8,7.0,0.8344,0
13.1,0.0,26.3,7.0,0.2973,0
15.3,0.0,22.4,7.0,0.1458,0
16.7,0.0,22.4,7.0,0.1458,0
18.7,0.0,86.0,7.0,0.2653,0
16.2,0.0,39.4,7.0,0.2315,0
15.6,0.0,86.0,7.0,0.2653,0
18.8,0.0,86.0,7.0,0.2449,1
15.6,0.0,62.5,7.0,0.2636,0
15.6,0.0,62.5,7.0,0.2636,0
15.6,0.0,62.5,7.0,0.2636,0
15.6,0.0,62.5,7.0,0.2636,0
15.6,0.0,62.5,7.0,0.2636,0
15.6,0.0,62.5,7.0,0.2636,0
15.6,0.0,62.5,7.0,0.2636,0
15.4,0.0,86.0,7.0,0.2653,0
17.2,0.0,68.4,7.0,0.2636,1
17.2,0.0,68.4,7.0,0.2636,1
17.2,0.0,68.4,7.0,0.2636,1
17.2,0.0,68.4,7.0,0.2636,1
17.2,0.0,68.4,7.0,0.2636,1
17.2,0.0,68.4,7.0,0.2636,1
17.2,0.0,68.4,7.0,0.2636,1
17.2,0.0,68.4,7.0,0.2636,1
17.2,0.0,68.4,7.0,0.2636,1
17.2,0.0,68.4,7.0,0.2636,1
18.6,0.0,89.2,7.0,0.1094,0
17.6,0.0,87.9,7.0,0.1713,0
13.6,0.0,62.9,7.0,0.1651,1
13.8,0.0,62.9,7.0,0.1698,0
13.8,0.0,62.9,7.0,0.1698,0
13.8,0.0,62.9,7.0,0.1698,0
13.8,0.0,62.9,7.0,0.1698,0
14.4,0.0,62.9,7.0,0.1698,0
14.7,0.0,62.9,7.0,0.1698,0
18.1,0.0,87.9,7.0,0.1713,0
18.4,0.0,42.5,7.0,0.1558,1
17.4,0.0,42.5,7.0,0.1608,0
14.9,0.0,21.1,9.0,0.2636,0
16.1,0.0,21.1,7.0,0.2636,0
18.5,0.0,42.5,7.0,0.1608,0
17.0,0.0,74.4,7.0,0.3158,0
17.0,0.0,74.4,7.0,0.3158,0
17.0,0.0,74.4,7.0,0.3158,0
17.0,0.0,74.4,7.0,0.3158,0
17.0,0.0,74.4,7.0,0.3158,0
17.0,0.0,74.4,7.0,0.3158,0
17.0,0.0,74.4,7.0,0.3158,0
17.0,0.0,74.4,7.0,0.3158,0
17.0,0.0,74.4,7.0,0.3127,1
17.0,0.0,74.4,7.0,0.3158,0
17.0,0.0,74.4,7.0,0.3158,0
17.0,0.0,74.4,7.0,0.3158,0
17.0,0.0,74.4,7.0,0.3127,1
17.0,0.0,74.4,7.0,0.3127,1
17.0,0.0,74.4,7.0,0.3158,0
17.0,0.0,74.4,7.0,0.3158,0
16.5,0.0,74.4,7.0,0.3127,1
16.8,0.0,22.4,9.0,0.1458,0
14.1,0.0,70.5,9.0,0.2093,1
14.1,0.0,78.3,7.0,0.1111,0
13.5,0.0,22.4,7.0,0.1458,0
15.1,0.0,80.0,7.0,0.2636,0
14.6,0.0,80.0,7.0,0.2636,1
16.6,0.0,80.0,7.0,0.2636,0
14.8,0.0,26.3,7.0,0.2703,1
12.2,0.0,26.3,8.0,0.2973,0
14.5,0.0,66.7,7.0,0.0488,0
14.5,0.0,66.7,7.0,0.0488,0
15.5,0.0,66.7,7.0,0.0488,0
15.5,0.0,66.7,7.0,0.0488,0
14.5,0.0,66.7,7.0,0.0488,0
14.5,0.0,66.7,7.0,0.0488,0
14.7,0.0,66.7,7.0,0.0488,0
14.7,0.0,66.7,7.0,0.0488,0
14.7,0.0,66.7,7.0,0.0488,0
14.0,0.0,88.4,7.0,0.009,0
14.7,0.0,66.7,7.0,0.0488,0
14.0,0.0,88.4,7.0,0.009,0
18.4,0.0,73.5,7.0,0.0366,0
18.4,0.0,73.5,7.0,0.0366,0
18.4,0.0,73.5,7.0,0.0366,0
18.4,0.0,73.5,7.0,0.0366,0
18.4,0.0,73.5,7.0,0.0366,0
18.4,0.0,73.5,7.0,0.0366,0
18.4,0.0,73.5,7.0,0.0366,0
18.4,0.0,73.5,7.0,0.0366,0
18.4,0.0,73.5,7.0,0.0366,0
18.4,0.0,73.5,7.0,0.0366,0
18.4,0.0,73.5,7.0,0.0366,0
18.4,0.0,73.5,7.0,0.0366,0
18.4,0.0,73.5,7.0,0.0366,0
18.4,0.0,73.5,7.0,0.0366,0
18.4,0.0,73.5,7.0,0.0366,0
18.4,0.0,73.5,7.0,0.0366,0
18.4,0.0,73.5,7.0,0.0366,0
18.4,0.0,73.5,7.0,0.0366,0
18.4,0.0,73.5,7.0,0.0366,0
18.4,0.0,73.5,7.0,0.0366,0
18.4,0.0,73.5,7.0,0.0366,0
18.4,0.0,73.5,7.0,0.0366,0
18.4,0.0,73.5,7.0,0.0366,0
18.4,0.0,73.5,7.0,0.0366,0
18.4,0.0,73.5,7.0,0.0366,0
18.4,0.0,73.5,7.0,0.0366,0
14.9,0.0,66.1,7.0,0.2318,0
14.9,0.0,66.1,7.0,0.2318,0
17.8,0.0,66.1,7.0,0.2318,0
17.8,0.0,66.1,7.0,0.2318,0
18.4,0.0,73.5,7.0,0.0366,0
18.4,0.0,73.5,7.0,0.0366,0
18.4,0.0,73.5,7.0,0.0366,0
18.4,0.0,73.5,7.0,0.0366,0
18.4,0.0,73.5,7.0,0.0366,0
18.4,0.0,73.5,7.0,0.0366,0
18.4,0.0,73.5,7.0,0.0366,0
18.4,0.0,73.5,7.0,0.0366,0
18.4,0.0,73.5,7.0,0.0366,0
18.4,0.0,73.5,7.0,0.0366,0
18.4,0.0,73.5,7.0,0.0366,0
18.4,0.0,73.5,7.0,0.0366,0
18.4,0.0,73.5,7.0,0.0366,0
18.4,0.0,73.5,7.0,0.0366,0
18.4,0.0,73.5,7.0,0.0366,0
18.4,0.0,73.5,7.0,0.0366,0
18.4,0.0,73.5,7.0,0.0366,0
18.4,0.0,73.5,7.0,0.0366,0
18.4,0.0,73.5,7.0,0.0366,0
18.4,0.0,73.5,7.0,0.0366,0
18.4,0.0,73.5,7.0,0.0366,0
18.4,0.0,73.5,7.0,0.0366,0
18.4,0.0,73.5,7.0,0.0366,0
18.4,0.0,73.5,7.0,0.0366,0
18.4,0.0,73.5,7.0,0.0366,0
18.4,0.0,73.5,7.0,0.0366,0
15.8,0.0,50.0,7.0,0.0286,0
18.1,0.0,90.0,7.0,0.1628,0
14.7,0.0,100.0,7.0,0.2636,0
17.4,0.0,59.5,7.0,0.3659,1
17.4,0.0,59.5,7.0,0.3659,1
17.4,0.0,59.5,7.0,0.3902,0
17.1,0.0,72.0,7.0,0.2636,0
16.5,0.0,72.0,7.0,0.2636,0
17.1,0.0,72.0,7.0,0.2636,0
18.9,0.0,72.2,7.0,0.2286,0
18.2,0.0,72.2,7.0,0.2286,0
18.2,0.0,72.2,7.0,0.2286,0
18.2,0.0,72.2,7.0,0.2286,0
18.9,0.0,72.2,7.0,0.2286,0
17.6,0.0,57.1,7.0,0.2636,0
17.6,0.0,57.1,7.0,0.2636,0
17.6,0.0,57.1,7.0,0.2636,0
18.9,0.0,72.2,7.0,0.2286,0
18.9,0.0,72.2,7.0,0.2286,0
18.9,0.0,72.2,7.0,0.2286,0
18.5,0.0,72.2,7.0,0.2,1
18.9,0.0,72.2,7.0,0.2286,0
16.0,0.0,89.2,7.0,0.0435,0
16.0,0.0,89.2,7.0,0.0435,0
18.1,0.0,74.4,7.0,0.3158,0
14.5,0.0,60.7,7.0,0.2963,0
16.0,0.0,89.2,7.0,0.0435,0
16.0,0.0,89.2,7.0,0.0435,0
17.2,0.0,83.3,7.0,0.2636,0
15.5,0.0,25.5,7.0,0.2708,0
15.5,0.0,25.5,7.0,0.2639,1
15.5,0.0,25.5,7.0,0.2708,0
14.4,0.0,37.2,7.0,0.119,0
14.4,0.0,37.2,7.0,0.119,0
15.6,0.0,26.0,7.0,0.0909,0
14.6,0.0,26.0,7.0,0.0909,0
17.0,0.0,64.4,7.0,0.25,1
17.7,0.0,64.4,7.0,0.2727,0
17.6,0.0,64.4,7.0,0.2727,0
17.2,0.0,64.4,7.0,0.25,1
12.9,0.0,25.5,7.0,0.2708,0
17.2,0.0,64.4,7.0,0.2727,0
13.1,0.0,25.5,7.0,0.2708,0
12.9,0.0,25.5,7.0,0.2639,1
16.3,0.0,64.4,7.0,0.25,1
13.0,0.0,25.5,7.0,0.2708,0
15.5,0.0,25.5,7.0,0.2639,1
12.9,0.0,25.5,7.0,0.2708,0
15.5,0.0,25.5,7.0,0.2639,1
15.5,0.0,25.5,7.0,0.2708,0
15.5,0.0,25.5,7.0,0.2708,0
19.0,0.0,95.2,7.0,0.0097,0
19.0,0.0,95.2,7.0,0.0097,0
19.0,0.0,95.2,7.0,0.0097,0
19.0,0.0,95.2,7.0,0.0097,0
18.5,0.0,95.2,7.0,0.0097,0
14.2,0.0,100.0,7.0,0.2636,0
12.7,0.0,0.0,7.0,0.2353,0
14.8,0.0,76.1,7.0,0.1778,0
17.4,0.0,72.0,7.0,0.2041,0
15.8,0.0,76.1,7.0,0.1778,0
18.1,0.0,97.0,7.0,0.1018,0
18.3,0.0,97.0,7.0,0.1018,0
18.3,0.0,97.0,7.0,0.1018,0
18.3,0.0,97.0,7.0,0.1018,0
18.3,0.0,97.0,7.0,0.1018,0
18.3,0.0,97.0,7.0,0.1018,0
18.3,0.0,97.0,7.0,0.1018,0
18.3,0.0,97.0,7.0,0.1018,0
18.3,0.0,97.0,7.0,0.1018,0
18.3,0.0,97.0,7.0,0.1018,0
16.0,0.0,100.0,7.0,0.0,0
17.8,0.0,72.0,7.0,0.1837,1
12.0,0.0,95.5,7.0,0.2636,0
16.2,0.0,95.5,7.0,0.2636,0
16.2,0.0,95.5,7.0,0.2636,0
16.2,0.0,95.5,7.0,0.2636,0
16.2,0.0,95.5,7.0,0.2636,0
16.2,0.0,95.5,7.0,0.2636,0
16.9,0.0,83.8,7.0,0.0058,0
17.7,0.0,99.7,7.0,0.0094,0
16.9,0.0,83.8,7.0,0.0058,0
15.5,0.0,84.9,7.0,0.1154,0
16.5,0.0,84.9,7.0,0.1154,0
18.3,1.0,88.3,7.0,0.2235,0
16.9,0.0,25.5,7.0,0.2708,0
17.8,0.0,50.0,7.0,0.2636,0
16.9,0.0,25.5,7.0,0.2708,0
16.9,0.0,25.5,7.0,0.2708,0
16.9,0.0,25.5,7.0,0.2708,0
17.9,0.0,76.9,7.0,0.3178,1
17.9,0.0,76.9,7.0,0.3271,0
16.9,0.0,25.5,7.0,0.2708,0
17.4,1.0,89.2,7.0,0.1094,0
15.8,0.0,100.0,7.0,0.2636,0
18.4,0.0,76.9,7.0,0.3271,0
13.5,0.0,51.8,7.0,0.5273,0
18.1,0.0,69.1,7.0,0.123,0
17.2,0.0,64.1,7.0,0.3492,0
13.9,0.0,29.2,7.0,0.6161,0
15.4,0.0,59.7,7.0,0.4789,0
13.5,0.0,32.4,7.0,0.3832,0
13.5,0.0,32.4,7.0,0.3832,0
16.3,0.0,32.4,7.0,0.3832,0
13.4,0.0,32.4,7.0,0.3832,0
16.3,0.0,32.4,7.0,0.3832,0
17.2,0.0,83.3,7.0,0.2636,1
16.9,0.0,71.4,7.0,0.4,1
13.5,0.0,32.4,7.0,0.3832,0
13.5,0.0,32.4,7.0,0.3832,0
17.1,0.0,32.4,7.0,0.3832,0
16.3,0.0,32.4,7.0,0.3738,1
17.1,0.0,32.4,7.0,0.3832,0
17.1,0.0,32.4,7.0,0.3832,0
17.9,0.0,71.4,7.0,0.4,1
17.9,0.0,71.4,7.0,0.4182,0
17.9,0.0,71.4,7.0,0.4182,0
17.9,0.0,71.4,7.0,0.4182,0
17.9,0.0,71.4,7.0,0.4182,0
17.9,0.0,71.4,7.0,0.4182,0
16.9,0.0,71.4,7.0,0.4,1
17.9,0.0,71.4,7.0,0.4,1
17.9,0.0,71.4,7.0,0.4,1
17.9,0.0,71.4,8.0,0.4182,0
18.5,0.0,59.1,7.0,0.3953,1
18.5,0.0,59.1,7.0,0.4186,0
18.5,0.0,59.1,7.0,0.3953,1
13.5,0.0,32.4,7.0,0.3832,0
13.5,0.0,32.4,7.0,0.3832,0
14.7,0.0,25.5,7.0,0.2708,0
14.7,0.0,25.5,7.0,0.2639,1
18.5,0.0,59.1,7.0,0.3953,1
18.5,0.0,59.1,7.0,0.3953,1
18.6,0.0,59.1,7.0,0.3953,1
17.8,0.0,98.5,7.0,0.0368,0
17.6,0.0,98.5,7.0,0.0368,0
17.6,0.0,98.5,7.0,0.0368,0
17.6,0.0,98.5,7.0,0.0368,0
17.6,0.0,98.5,7.0,0.0368,0
17.6,0.0,98.5,7.0,0.0368,0
17.6,0.0,98.5,7.0,0.0368,0
17.8,0.0,98.5,7.0,0.0368,0
17.8,0.0,98.5,7.0,0.0368,0
17.6,0.0,98.5,7.0,0.0368,0
17.6,0.0,98.5,7.0,0.0368,0
17.8,0.0,98.5,7.0,0.0368,0
17.8,0.0,98.5,7.0,0.0368,0
17.8,0.0,98.5,7.0,0.0368,0
17.8,0.0,98.5,7.0,0.0368,0
17.8,0.0,98.5,7.0,0.0368,0
17.8,0.0,98.5,7.0,0.0368,0
17.8,0.0,98.5,7.0,0.0368,0
17.8,0.0,98.5,7.0,0.0368,0
17.8,0.0,98.5,7.0,0.0368,0
17.8,0.0,98.5,7.0,0.0368,0
14.9,0.0,91.7,7.0,0.0169,0
16.9,0.0,32.0,7.0,0.2636,0
16.5,0.0,42.5,7.0,0.5723,1
16.5,0.0,42.5,7.0,0.578,0
16.5,0.0,42.5,7.0,0.578,0
16.5,0.0,42.5,7.0,0.578,0
16.5,0.0,42.5,7.0,0.578,0
16.5,0.0,42.5,7.0,0.578,0
16.5,0.0,42.5,7.0,0.5723,1
16.5,0.0,42.5,7.0,0.578,0
16.2,0.0,42.5,7.0,0.5723,1
17.0,0.0,87.9,7.0,0.1713,0
18.0,0.0,66.7,7.0,0.2636,1
15.1,0.0,40.0,7.0,0.2636,0
17.7,0.0,59.7,7.0,0.4789,0
17.6,0.0,59.7,7.0,0.4789,0
14.8,0.0,59.7,7.0,0.4648,1
17.7,0.0,83.0,7.0,0.3218,0
14.9,0.0,91.7,7.0,0.0169,0
17.7,0.0,83.0,7.0,0.3218,0
17.7,0.0,83.0,7.0,0.3218,0
17.7,0.0,83.0,7.0,0.3218,0
17.7,0.0,83.0,7.0,0.3218,0
12.8,0.0,100.0,7.0,0.2636,0
18.6,0.0,39.1,7.0,0.2209,1
13.3,0.0,92.2,7.0,0.1951,0
13.3,0.0,92.2,7.0,0.1951,0
12.1,0.0,92.2,7.0,0.1951,0
12.1,0.0,92.2,7.0,0.1951,0
12.1,1.0,92.2,7.0,0.1951,0
18.6,0.0,86.5,7.0,0.3333,0
17.0,0.0,17.6,7.0,0.2636,0
17.9,0.0,76.1,7.0,0.538,1
14.7,0.0,76.1,7.0,0.5443,0
17.7,2.0,17.6,7.0,0.2636,0
17.0,0.0,17.6,7.0,0.2636,0
13.8,0.0,83.0,7.0,0.3218,0
16.0,0.0,83.0,7.0,0.3218,0
16.0,0.0,83.0,7.0,0.3103,1
17.1,1.0,68.4,9.0,0.2636,0
16.4,0.0,77.5,7.0,0.1795,0
17.9,0.0,76.1,7.0,0.5443,0
16.4,0.0,77.5,7.0,0.1795,0
16.4,0.0,77.5,7.0,0.1795,0
16.9,0.0,76.1,7.0,0.538,1
18.0,0.0,91.6,7.0,0.0588,0
18.0,0.0,91.6,7.0,0.0588,0
18.0,0.0,91.6,7.0,0.0588,0
18.0,0.0,91.6,7.0,0.0588,0
18.0,0.0,91.6,7.0,0.0588,0
18.0,0.0,91.6,7.0,0.0588,0
18.0,0.0,91.6,7.0,0.0588,0
18.0,0.0,91.6,7.0,0.0588,0
18.0,0.0,91.6,7.0,0.0588,0
18.0,0.0,91.6,7.0,0.0588,0
17.9,0.0,76.1,7.0,0.5443,0
17.0,0.0,46.7,7.0,0.4615,0
18.0,0.0,91.6,7.0,0.0588,0
18.0,0.0,91.6,7.0,0.0588,0
18.0,0.0,91.6,7.0,0.0588,0
18.0,0.0,91.6,7.0,0.0588,0
18.0,0.0,91.6,7.0,0.0588,0
18.0,0.0,91.6,7.0,0.0588,0
18.0,0.0,91.6,7.0,0.0588,0
18.0,0.0,91.6,7.0,0.0588,0
18.0,0.0,91.6,7.0,0.0588,0
18.0,0.0,91.6,7.0,0.0588,0
18.0,0.0,91.6,7.0,0.0588,0
18.0,0.0,91.6,7.0,0.0588,0
18.0,0.0,91.6,7.0,0.0588,0
18.0,0.0,91.6,7.0,0.0588,0
18.0,0.0,91.6,7.0,0.0588,0
18.0,0.0,91.6,7.0,0.0588,0
18.0,0.0,91.6,7.0,0.0588,0
18.0,0.0,91.6,7.0,0.0588,0
18.0,0.0,91.6,7.0,0.0588,0
18.0,0.0,91.6,7.0,0.0588,0
18.0,0.0,91.6,7.0,0.0588,0
18.0,0.0,91.6,7.0,0.0588,0
18.0,0.0,91.6,7.0,0.0588,0
18.0,0.0,91.6,7.0,0.0588,0
13.0,0.0,50.0,7.0,0.2636,0
18.0,0.0,91.6,7.0,0.0588,0
18.0,0.0,91.6,7.0,0.0588,0
18.0,0.0,91.6,7.0,0.0588,0
18.0,0.0,91.6,7.0,0.0588,0
18.0,0.0,91.6,7.0,0.0588,0
18.0,0.0,91.6,7.0,0.0588,0
18.0,0.0,91.6,7.0,0.0588,0
18.0,0.0,91.6,7.0,0.0588,0
16.3,0.0,12.1,7.0,0.2188,0
15.9,0.0,12.1,7.0,0.1875,1
16.2,0.0,12.1,7.0,0.2188,0
16.3,0.0,12.1,7.0,0.2188,0
16.3,0.0,12.1,7.0,0.2188,0
18.0,0.0,91.6,7.0,0.0588,0
18.0,0.0,91.6,7.0,0.0588,0
18.0,0.0,91.6,7.0,0.0588,0
18.0,0.0,91.6,7.0,0.0588,0
18.0,0.0,91.6,7.0,0.0588,0
18.0,0.0,91.6,7.0,0.0588,0
18.0,0.0,91.6,7.0,0.0588,0
18.0,0.0,91.6,7.0,0.0588,0
18.0,0.0,91.6,7.0,0.0588,0
18.0,0.0,91.6,7.0,0.0588,0
17.7,0.0,83.0,7.0,0.3103,1
16.3,0.0,12.1,7.0,0.2188,0
16.6,0.0,12.1,7.0,0.1875,1
17.7,0.0,83.0,7.0,0.3218,0
17.7,0.0,83.0,7.0,0.3218,0
17.7,0.0,83.0,7.0,0.3218,0
17.7,0.0,83.0,7.0,0.3103,1
17.7,0.0,83.0,7.0,0.3218,0
17.7,0.0,83.0,7.0,0.3218,0
15.4,0.0,91.6,7.0,0.0588,0
17.7,0.0,83.0,7.0,0.3218,0
17.7,0.0,83.0,7.0,0.3218,0
17.7,0.0,83.0,7.0,0.3218,0
13.7,0.0,47.2,7.0,0.0909,0
17.7,0.0,83.0,7.0,0.3103,1
17.7,0.0,83.0,7.0,0.3103,1
15.7,0.0,28.4,7.0,0.6667,0
15.7,0.0,28.4,7.0,0.6667,0
15.7,0.0,28.4,7.0,0.6618,1
15.7,0.0,28.4,7.0,0.6618,1
15.7,0.0,28.4,7.0,0.6667,0
15.7,0.0,28.4,7.0,0.6618,1
15.7,0.0,28.4,7.0,0.6667,0
15.7,0.0,28.4,7.0,0.6667,0
15.7,0.0,28.4,7.0,0.6667,0
15.7,0.0,28.4,7.0,0.6667,0
15.7,0.0,28.4,7.0,0.6667,0
15.7,0.0,28.4,7.0,0.6667,0
15.7,0.0,28.4,7.0,0.6618,1
15.7,0.0,28.4,7.0,0.6618,1
15.7,0.0,28.4,7.0,0.6618,1
15.7,0.0,28.4,7.0,0.6667,0
15.7,0.0,28.4,7.0,0.6667,0
15.7,0.0,28.4,7.0,0.6618,1
15.7,0.0,28.4,7.0,0.6667,0
15.7,0.0,28.4,7.0,0.6618,1
15.7,0.0,28.4,7.0,0.6618,1
15.7,0.0,28.4,7.0,0.6618,1
15.7,0.0,28.4,7.0,0.6618,1
15.7,0.0,28.4,7.0,0.6667,0
15.7,0.0,28.4,7.0,0.6618,1
15.7,0.0,28.4,7.0,0.6618,1
15.7,0.0,28.4,7.0,0.6618,1
15.7,0.0,28.4,7.0,0.6667,0
15.7,0.0,28.4,7.0,0.6667,0
15.7,0.0,28.4,7.0,0.6667,0
15.7,0.0,28.4,7.0,0.6618,1
15.7,0.0,28.4,7.0,0.6667,0
15.7,0.0,28.4,7.0,0.6667,0
15.7,0.0,28.4,7.0,0.6667,0
15.7,0.0,28.4,7.0,0.6667,0
15.7,0.0,28.4,7.0,0.6618,1
15.7,0.0,28.4,7.0,0.6618,1
17.7,0.0,83.0,7.0,0.3103,1
17.7,0.0,83.0,7.0,0.3218,0
18.3,1.0,88.3,7.0,0.2235,0
17.7,0.0,83.0,7.0,0.3218,0
17.7,0.0,83.0,7.0,0.3218,0
17.7,0.0,83.0,7.0,0.3218,0
18.3,0.0,88.3,7.0,0.2176,1
15.8,0.0,92.2,7.0,0.0787,0
15.8,0.0,92.2,7.0,0.0787,0
15.8,0.0,92.2,7.0,0.0787,0
15.8,0.0,92.2,7.0,0.0709,1
15.8,0.0,92.2,7.0,0.0787,0
15.8,0.0,92.2,7.0,0.0787,0
16.2,0.0,84.9,7.0,0.1154,0
16.5,0.0,84.9,7.0,0.1154,0
15.6,0.0,84.9,7.0,0.0962,1
16.2,0.0,84.9,7.0,0.1154,0
18.3,0.0,63.8,7.0,0.3869,0
18.3,0.0,63.8,7.0,0.3869,0
14.4,0.0,63.8,7.0,0.3796,1
12.4,0.0,25.0,7.0,0.2636,0
16.7,0.0,41.6,9.0,0.3207,0
17.8,0.0,63.8,7.0,0.3796,1
14.1,0.0,4.8,7.0,0.2636,1
16.5,0.0,63.8,7.0,0.3796,1
15.2,0.0,63.8,7.0,0.3869,0
18.1,0.0,63.8,7.0,0.3796,1
18.2,0.0,63.8,7.0,0.3869,0
17.8,0.0,63.8,7.0,0.3869,0
18.1,0.0,63.8,7.0,0.3796,1
12.8,0.0,4.8,7.0,0.2636,0
18.3,0.0,63.8,7.0,0.3796,1
16.5,0.0,63.8,7.0,0.3796,1
14.1,0.0,26.3,7.0,0.2973,0
16.6,0.0,93.2,7.0,0.0603,0
16.6,0.0,93.2,7.0,0.0603,0
16.9,0.0,78.7,7.0,0.1964,0
19.0,0.0,97.5,7.0,0.019,0
16.0,0.0,100.0,7.0,0.2636,0
13.8,0.0,89.2,7.0,0.0326,1
15.3,0.0,89.2,7.0,0.0435,0
15.1,0.0,89.2,7.0,0.0435,0
15.1,0.0,89.2,7.0,0.0435,0
17.8,0.0,89.2,7.0,0.0435,0
15.4,0.0,90.8,7.0,0.1134,1
15.5,0.0,66.7,7.0,0.0488,0
14.7,0.0,66.7,7.0,0.0488,0
14.7,0.0,66.7,7.0,0.0488,0
16.9,0.0,76.1,7.0,0.5443,0
14.7,0.0,66.7,7.0,0.0488,0
14.7,0.0,66.7,7.0,0.0488,0
14.5,0.0,100.0,7.0,0.2636,0
12.8,0.0,100.0,7.0,0.2636,0
16.9,0.0,71.4,7.0,0.4182,0
17.9,0.0,92.2,7.0,0.0787,0
14.7,0.0,66.7,7.0,0.0488,0
14.7,0.0,66.7,7.0,0.0488,0
14.7,0.0,66.7,7.0,0.0488,0
14.7,0.0,66.7,7.0,0.0488,0
14.7,0.0,66.7,7.0,0.0488,0
14.7,0.0,66.7,7.0,0.0488,0
15.1,0.0,5.1,7.0,0.6053,1
15.1,0.0,5.1,7.0,0.6053,1
15.1,0.0,5.1,7.0,0.6316,0
15.1,0.0,5.1,7.0,0.6053,1
14.5,0.0,5.1,7.0,0.6053,1
14.5,0.0,5.1,7.0,0.6316,0
14.5,0.0,5.1,7.0,0.6316,0
14.5,0.0,5.1,7.0,0.6053,1
14.5,0.0,5.1,7.0,0.6053,1
14.5,0.0,5.1,7.0,0.6316,0
14.5,0.0,5.1,7.0,0.6316,0
16.5,0.0,82.0,9.0,0.1705,0
16.1,0.0,82.7,7.0,0.1949,1
16.1,0.0,82.7,7.0,0.1949,1
16.1,0.0,82.7,7.0,0.1992,0
16.7,0.0,84.9,7.0,0.1154,0
16.7,0.0,84.9,7.0,0.1154,0
17.4,0.0,82.9,7.0,0.0588,0
17.4,0.0,89.2,7.0,0.0938,1
16.7,0.0,82.9,7.0,0.0588,0
14.9,0.0,29.4,7.0,1.0,1
14.9,0.0,29.4,7.0,1.0,1
14.9,0.0,29.4,7.0,1.0,1
14.9,0.0,29.4,7.0,1.0,1
14.9,0.0,29.4,7.0,1.0,1
14.9,0.0,29.4,7.0,1.0,1
14.9,0.0,29.4,7.0,1.0,1
14.9,0.0,29.4,7.0,1.0,1
14.9,0.0,29.4,7.0,1.0,1
14.9,0.0,29.4,7.0,1.0,1
14.9,0.0,29.4,7.0,1.0,1
14.9,0.0,29.4,7.0,1.0,1
14.9,0.0,29.4,7.0,1.0,1
16.5,0.0,80.8,7.0,0.2636,0
12.7,0.0,0.0,7.0,0.2353,0
12.7,0.0,0.0,7.0,0.2353,0
17.0,0.0,46.7,7.0,0.4615,0
17.0,0.0,46.7,7.0,0.4615,0
17.2,0.0,69.2,7.0,0.4706,0
16.8,0.0,69.2,7.0,0.4706,0
16.8,0.0,69.2,7.0,0.4706,0
18.4,0.0,42.5,7.0,0.1608,0
13.0,0.0,50.0,7.0,0.2636,0
13.0,0.0,50.0,7.0,0.2636,0
14.7,0.0,77.9,7.0,0.209,1
14.7,0.0,33.3,7.0,0.2636,1
15.6,0.0,59.7,7.0,0.4789,0
15.1,0.0,33.3,7.0,0.2636,1
14.7,0.0,77.9,7.0,0.209,1
14.7,0.0,77.9,7.0,0.209,1
14.7,0.0,77.9,7.0,0.209,1
15.5,0.0,54.5,7.0,0.2812,0
14.0,0.0,77.9,7.0,0.209,1
14.7,0.0,6.0,7.0,0.2576,0
17.4,0.0,6.0,7.0,0.2424,1
14.2,0.0,6.0,7.0,0.2424,1
16.5,0.0,6.0,7.0,0.2576,0
17.4,0.0,6.0,7.0,0.2424,1
14.8,0.0,47.2,7.0,0.0795,1
14.8,0.0,47.2,7.0,0.0795,1
12.6,0.0,47.2,7.0,0.0909,0
17.9,0.0,47.2,7.0,0.0909,0
16.1,0.0,75.8,7.0,0.2561,1
14.2,0.0,84.9,7.0,0.0962,1
17.7,0.0,69.1,7.0,0.123,0
18.5,0.0,40.0,7.0,0.0204,0
12.4,0.0,86.4,7.0,0.0887,0
16.7,1.0,4.8,9.0,0.2636,1
14.2,0.0,100.0,7.0,0.2636,0
16.5,0.0,33.9,7.0,0.2982,0
14.7,0.0,33.9,7.0,0.2982,0
14.7,0.0,33.9,7.0,0.2982,0
13.5,0.0,88.0,7.0,0.2636,0
15.8,0.0,76.9,7.0,0.7163,0
18.3,0.0,88.0,7.0,0.2636,1
14.7,0.0,33.9,7.0,0.2982,0
17.7,0.0,56.7,7.0,0.322,0
12.7,0.0,0.0,7.0,0.2636,1
17.2,0.0,77.5,7.0,0.1795,0
12.7,0.0,0.0,7.0,0.2636,1
17.7,0.0,56.7,7.0,0.322,0
16.2,0.0,0.0,7.0,0.2636,1
16.5,0.0,33.9,7.0,0.2982,0
14.8,0.0,47.2,7.0,0.0909,0
18.0,0.0,77.5,7.0,0.1795,0
16.5,0.0,33.9,7.0,0.2982,0
17.3,0.0,63.5,7.0,0.6667,0
16.5,0.0,81.0,7.0,0.0723,1
14.7,0.0,33.9,7.0,0.2982,0
17.7,0.0,69.1,7.0,0.123,0
16.9,0.0,83.8,7.0,0.0058,0
16.2,0.0,0.0,7.0,0.2636,1
13.0,0.0,95.0,9.0,0.2636,1
15.3,0.0,47.2,7.0,0.0909,0
17.4,0.0,6.0,7.0,0.2576,0
15.6,0.0,76.1,7.0,0.1778,0
15.6,0.0,76.1,7.0,0.1778,0
15.6,0.0,76.1,7.0,0.1778,0
17.4,0.0,76.1,7.0,0.1778,0
17.1,1.0,0.0,7.0,0.2636,0
17.1,0.0,0.0,7.0,0.2636,1
17.4,0.0,76.1,7.0,0.1778,0
17.1,0.0,0.0,7.0,0.2636,0
17.4,0.0,76.1,7.0,0.1778,0
17.4,0.0,76.1,7.0,0.1778,0
17.4,0.0,76.1,7.0,0.1778,0
17.4,0.0,72.0,7.0,0.2041,0
17.4,0.0,72.0,7.0,0.2041,0
15.6,0.0,76.1,7.0,0.1778,0
15.6,0.0,76.1,7.0,0.1778,0
15.6,0.0,76.1,7.0,0.1778,0
15.6,0.0,76.1,7.0,0.1778,0
15.6,0.0,76.1,7.0,0.1778,0
16.0,0.0,76.1,7.0,0.1778,0
16.0,0.0,76.1,7.0,0.1778,0
16.0,0.0,76.1,7.0,0.1778,0
16.0,0.0,76.1,7.0,0.1778,0
16.0,0.0,76.1,7.0,0.1778,0
15.9,0.0,76.1,7.0,0.1778,0
15.9,0.0,76.1,7.0,0.1778,0
15.9,0.0,76.1,7.0,0.1778,0
15.9,0.0,76.1,7.0,0.1778,0
15.9,0.0,76.1,7.0,0.1778,0
15.9,0.0,76.1,7.0,0.1778,0
15.9,0.0,76.1,7.0,0.1778,0
17.7,0.0,0.0,7.0,0.1714,0
17.7,0.0,0.0,7.0,0.1714,0
17.7,0.0,0.0,7.0,0.1714,0
17.6,0.0,7.7,7.0,0.2636,0
14.0,0.0,66.7,7.0,0.2636,0
14.0,0.0,66.7,7.0,0.2636,1
12.4,0.0,66.7,7.0,0.2636,0
15.5,0.0,47.1,9.0,0.7184,1
18.5,0.0,73.5,7.0,0.3267,0
18.5,0.0,73.5,7.0,0.3267,0
18.5,0.0,73.5,7.0,0.3267,0
18.5,0.0,73.5,7.0,0.3267,0
18.5,0.0,73.5,7.0,0.3267,0
18.5,0.0,73.5,7.0,0.3267,0
18.5,0.0,73.5,7.0,0.3267,0
18.5,0.0,73.5,7.0,0.3267,0
18.5,0.0,73.5,7.0,0.3267,0
18.5,0.0,73.5,7.0,0.3267,0
18.5,0.0,73.5,7.0,0.3267,0
18.5,0.0,73.5,7.0,0.3267,0
18.5,0.0,73.5,7.0,0.3267,0
18.5,0.0,73.5,7.0,0.3267,0
18.5,0.0,73.5,7.0,0.3267,0
14.4,0.0,37.2,7.0,0.119,0
12.5,0.0,17.6,7.0,0.2636,1
12.5,0.0,17.6,7.0,0.2636,1
12.5,0.0,17.6,7.0,0.2636,1
12.5,0.0,17.6,7.0,0.2636,1
14.2,0.0,17.6,7.0,0.2636,0
14.9,0.0,37.2,7.0,0.0952,1
16.5,0.0,37.2,7.0,0.119,0
12.2,0.0,37.2,7.0,0.119,0
12.2,0.0,37.2,7.0,0.119,0
13.5,0.0,28.6,7.0,0.1667,0
14.9,0.0,28.6,7.0,0.1667,0
13.3,0.0,32.4,7.0,0.3832,0
15.5,0.0,32.4,7.0,0.3832,0
13.3,0.0,32.4,7.0,0.3738,1
13.5,0.0,32.4,7.0,0.3832,0
13.5,0.0,32.4,7.0,0.3832,0
13.5,0.0,32.4,7.0,0.3832,0
13.5,0.0,32.4,7.0,0.3832,0
14.6,0.0,90.9,7.0,0.2368,0
15.1,0.0,37.5,7.0,0.2636,1
17.0,0.0,55.7,7.0,0.9487,1
15.0,0.0,75.0,7.0,0.2636,0
16.3,0.0,32.4,7.0,0.3738,1
16.3,0.0,32.4,7.0,0.3832,0
17.0,0.0,32.4,7.0,0.3832,0
13.5,0.0,32.4,7.0,0.3738,1
13.0,0.0,32.4,7.0,0.3832,0
15.0,0.0,41.7,7.0,0.2636,0
15.0,0.0,41.7,7.0,0.2636,0
15.0,0.0,41.7,7.0,0.2636,0
15.0,0.0,41.7,7.0,0.2636,0
15.0,0.0,41.7,7.0,0.2636,0
15.0,0.0,41.7,7.0,0.2636,0
15.0,0.0,41.7,7.0,0.2636,0
15.1,0.0,76.9,7.0,0.7163,0
15.1,0.0,76.9,7.0,0.7156,1
15.2,0.0,76.9,7.0,0.7163,0
15.2,0.0,76.9,7.0,0.7163,0
15.2,0.0,76.9,7.0,0.7163,0
15.2,0.0,76.9,7.0,0.7163,0
15.2,0.0,76.9,7.0,0.7163,0
15.2,0.0,76.9,7.0,0.7163,0
15.2,0.0,76.9,7.0,0.7163,0
18.2,0.0,64.5,7.0,0.3913,0
18.2,0.0,64.5,7.0,0.3913,0
13.5,0.0,50.0,7.0,0.2113,0
18.2,0.0,64.5,7.0,0.3913,0
13.5,0.0,50.0,7.0,0.2113,0
18.2,0.0,64.5,7.0,0.3913,0
13.1,0.0,50.0,7.0,0.2113,0
18.2,0.0,64.5,7.0,0.3913,0
18.2,0.0,64.5,7.0,0.3913,0
18.2,0.0,64.5,7.0,0.3913,0
16.5,0.0,59.2,7.0,0.395,0
16.5,0.0,59.2,7.0,0.395,0
17.3,0.0,59.2,7.0,0.395,0
17.0,0.0,59.2,7.0,0.3866,1
16.5,0.0,59.2,7.0,0.395,0
17.0,0.0,59.2,8.0,0.395,0
16.5,0.0,59.2,8.0,0.395,0
14.5,0.0,43.8,7.0,0.4545,1
14.9,0.0,64.7,7.0,0.2636,0
18.4,0.0,98.2,7.0,0.0228,0
12.7,0.0,0.0,7.0,0.2353,0
12.7,0.0,0.0,7.0,0.2353,0
12.7,0.0,0.0,7.0,0.2353,0
12.7,0.0,0.0,7.0,0.2157,1
18.1,0.0,75.0,7.0,0.2558,0
18.1,0.0,75.0,7.0,0.2558,0
18.1,0.0,75.0,8.0,0.2558,0
18.1,0.0,75.0,8.0,0.2558,0
18.1,0.0,75.0,7.0,0.2558,0
18.1,0.0,75.0,7.0,0.2558,0
18.1,0.0,75.0,7.0,0.2558,0
18.1,0.0,75.0,7.0,0.2558,0
18.1,0.0,75.0,7.0,0.2558,0
18.1,0.0,75.0,8.0,0.2558,0
18.1,0.0,75.0,7.0,0.2558,0
18.5,0.0,100.0,7.0,0.2636,0
18.6,0.0,79.5,7.0,0.0,0
14.0,0.0,76.1,7.0,0.538,1
12.7,0.0,0.0,7.0,0.2353,0
16.0,0.0,83.0,7.0,0.3103,1
12.7,0.0,0.0,7.0,0.2353,0
16.0,0.0,83.0,7.0,0.3103,1
14.0,0.0,76.1,7.0,0.538,1
17.2,0.0,70.0,7.0,0.2636,0
16.7,0.0,83.8,7.0,0.0058,0
16.7,0.0,83.8,7.0,0.0058,0
16.7,0.0,83.8,7.0,0.0058,0
16.7,0.0,83.8,7.0,0.0058,0
16.7,0.0,83.8,7.0,0.0058,0
16.7,0.0,83.8,7.0,0.0058,0
16.7,0.0,83.8,7.0,0.0058,0
16.7,0.0,83.8,7.0,0.0058,0
16.7,0.0,83.8,7.0,0.0058,0
16.7,0.0,83.8,7.0,0.0058,0
16.7,0.0,83.8,7.0,0.0058,0
16.7,0.0,83.8,7.0,0.0058,0
16.7,0.0,83.8,7.0,0.0058,0
16.7,0.0,83.8,7.0,0.0058,0
16.7,0.0,83.8,7.0,0.0058,0
16.7,0.0,83.8,7.0,0.0058,0
16.7,0.0,83.8,7.0,0.0058,0
16.8,0.0,83.8,7.0,0.0058,0
16.8,0.0,83.8,7.0,0.0058,0
16.7,0.0,83.8,7.0,0.0058,0
16.7,0.0,83.8,7.0,0.0058,0
16.7,0.0,83.8,7.0,0.0058,0
16.7,0.0,83.8,7.0,0.0058,0
16.8,0.0,83.8,7.0,0.0058,0
16.8,0.0,83.8,7.0,0.0058,0
16.8,0.0,83.8,7.0,0.0058,0
16.8,0.0,83.8,7.0,0.0058,0
16.8,0.0,83.8,7.0,0.0058,0
16.8,0.0,83.8,7.0,0.0058,0
16.8,0.0,83.8,7.0,0.0058,0
16.8,0.0,83.8,7.0,0.0058,0
16.8,0.0,83.8,7.0,0.0058,0
16.8,0.0,83.8,7.0,0.0058,0
16.8,0.0,83.8,7.0,0.0058,0
16.8,0.0,83.8,7.0,0.0058,0
16.8,0.0,83.8,7.0,0.0058,0
16.8,0.0,83.8,7.0,0.0058,0
16.8,0.0,83.8,7.0,0.0058,0
16.8,0.0,83.8,7.0,0.0058,0
16.8,0.0,83.8,7.0,0.0058,0
16.8,0.0,83.8,7.0,0.0058,0
16.8,0.0,83.8,7.0,0.0058,0
16.8,0.0,83.8,7.0,0.0058,0
16.8,0.0,83.8,7.0,0.0058,0
16.8,0.0,83.8,7.0,0.0058,0
16.8,0.0,83.8,7.0,0.0058,0
16.8,0.0,83.8,7.0,0.0058,0
16.8,0.0,83.8,7.0,0.0058,0
16.8,0.0,83.8,7.0,0.0058,0
16.8,0.0,83.8,7.0,0.0058,0
16.8,0.0,83.8,7.0,0.0058,0
16.8,0.0,83.8,7.0,0.0058,0
16.1,0.0,83.8,7.0,0.0058,0
12.7,0.0,0.0,7.0,0.2353,0
13.9,0.0,100.0,7.0,0.2636,0
17.2,0.0,100.0,7.0,0.2636,0
15.2,0.0,43.9,8.0,0.1546,0
14.7,0.0,57.1,7.0,0.2636,0
15.3,0.0,83.0,7.0,0.3218,0
15.0,0.0,69.0,7.0,0.1951,1
17.2,0.0,70.4,7.0,0.2636,0
15.3,0.0,83.0,7.0,0.3218,0
15.3,0.0,83.0,7.0,0.3218,0
15.3,0.0,83.0,7.0,0.3218,0
17.9,0.0,57.1,7.0,0.2636,1
13.1,0.0,50.0,7.0,0.2113,0
13.1,0.0,50.0,7.0,0.1972,1
13.1,0.0,50.0,7.0,0.2113,0
16.2,0.0,50.0,7.0,0.1972,1
15.3,0.0,83.0,7.0,0.3218,0
15.3,0.0,83.0,7.0,0.3218,0
15.3,0.0,83.0,7.0,0.3218,0
15.3,0.0,83.0,7.0,0.3218,0
15.3,0.0,83.0,7.0,0.3218,0
15.3,0.0,83.0,7.0,0.3218,0
15.3,0.0,83.0,7.0,0.3218,0
15.3,0.0,83.0,7.0,0.3218,0
13.0,0.0,32.4,7.0,0.3738,1
13.5,0.0,32.4,7.0,0.3832,0
15.3,0.0,83.0,7.0,0.3218,0
13.5,0.0,32.4,7.0,0.3832,0
13.5,0.0,32.4,7.0,0.3832,0
13.5,0.0,32.4,7.0,0.3738,1
16.5,0.0,70.2,7.0,0.2611,0
15.8,2.0,50.0,7.0,0.2636,1
16.5,0.0,59.2,8.0,0.395,0
16.5,0.0,59.2,8.0,0.3866,1
12.3,0.0,25.5,7.0,0.2639,1
12.3,0.0,25.5,7.0,0.2639,1
16.5,0.0,59.2,8.0,0.395,0
16.5,0.0,59.2,8.0,0.3866,1
16.5,0.0,59.2,8.0,0.395,0
16.5,0.0,59.2,8.0,0.3866,1
12.3,0.0,25.5,7.0,0.2639,1
16.5,0.0,59.2,8.0,0.395,0
12.3,0.0,25.5,7.0,0.2639,1
16.5,0.0,59.2,7.0,0.395,0
16.5,0.0,59.2,7.0,0.3866,1
16.5,0.0,59.2,7.0,0.395,0
16.5,0.0,59.2,7.0,0.3866,1
16.5,0.0,59.2,7.0,0.395,0
17.0,0.0,59.2,7.0,0.395,0
12.3,0.0,25.5,7.0,0.2639,1
16.5,0.0,59.2,7.0,0.3866,1
16.5,0.0,59.2,7.0,0.395,0
12.3,0.0,25.5,7.0,0.2708,0
17.3,0.0,59.2,7.0,0.395,0
12.3,0.0,25.5,7.0,0.2708,0
16.5,0.0,59.2,7.0,0.395,0
17.3,0.0,59.2,7.0,0.3866,1
12.3,0.0,25.5,7.0,0.2708,0
12.3,0.0,25.5,7.0,0.2708,0
12.3,0.0,25.5,7.0,0.2708,0
12.3,0.0,25.5,7.0,0.2708,0
17.5,0.0,62.2,7.0,0.0309,0
17.5,0.0,62.2,7.0,0.0309,0
17.5,0.0,62.2,7.0,0.0309,0
17.5,0.0,62.2,7.0,0.0309,0
17.5,0.0,62.2,7.0,0.0309,0
18.1,0.0,62.2,7.0,0.0309,0
17.5,0.0,62.2,7.0,0.0309,0
16.2,0.0,21.3,7.0,0.6833,1
14.8,0.0,21.3,7.0,0.7,0
14.8,0.0,21.3,7.0,0.7,0
14.8,0.0,21.3,7.0,0.7,0
13.3,0.0,96.8,7.0,0.0,0
12.3,0.0,25.5,7.0,0.2708,0
12.3,0.0,25.5,7.0,0.2708,0
12.3,0.0,25.5,7.0,0.2708,0
12.3,0.0,25.5,7.0,0.2708,0
12.3,0.0,25.5,7.0,0.2708,0
12.3,0.0,25.5,7.0,0.2708,0
12.3,0.0,25.5,7.0,0.2708,0
17.3,0.0,59.2,7.0,0.395,0
18.1,0.0,86.5,7.0,0.3333,0
18.5,0.0,73.5,7.0,0.3267,0
15.2,0.0,73.5,7.0,0.3267,0
18.5,0.0,73.5,7.0,0.3267,0
18.5,0.0,73.5,7.0,0.3267,0
17.1,0.0,100.0,7.0,0.2636,0
12.7,0.0,0.0,7.0,0.2353,0
12.7,0.0,0.0,7.0,0.2157,1
12.7,0.0,0.0,7.0,0.2636,0
12.7,0.0,0.0,7.0,0.2353,0
12.7,0.0,0.0,7.0,0.2353,0
12.7,0.0,0.0,7.0,0.2353,0
14.0,0.0,79.5,7.0,0.0,0
13.5,0.0,79.5,7.0,0.0,0
12.7,0.0,0.0,7.0,0.2353,0
12.7,0.0,0.0,7.0,0.2353,0
12.7,0.0,0.0,7.0,0.2157,1
12.7,0.0,0.0,7.0,0.2157,1
12.7,0.0,0.0,7.0,0.2157,1
12.7,0.0,0.0,7.0,0.2353,0
14.7,0.0,77.9,7.0,0.2239,0
15.1,0.0,89.2,7.0,0.0978,0
15.3,0.0,75.0,7.0,0.359,0
15.3,0.0,75.0,7.0,0.359,0
13.1,0.0,37.2,7.0,0.0952,1
13.1,0.0,37.2,7.0,0.119,0
17.9,0.0,37.2,7.0,0.119,0
16.7,0.0,37.2,7.0,0.119,0
16.5,0.0,37.2,7.0,0.119,0
15.6,0.0,37.2,7.0,0.119,0
16.5,0.0,37.2,7.0,0.119,0
15.6,0.0,37.2,7.0,0.119,0
15.1,0.0,89.2,7.0,0.0978,0
15.1,0.0,89.2,7.0,0.0978,0
15.1,0.0,89.2,7.0,0.0978,0
15.0,0.0,89.2,7.0,0.0978,0
15.0,0.0,89.2,7.0,0.0978,0
15.0,0.0,89.2,7.0,0.0978,0
14.9,0.0,92.1,7.0,0.2258,0
17.4,0.0,92.1,7.0,0.2097,1
17.4,0.0,92.1,7.0,0.2258,0
17.4,0.0,92.1,7.0,0.2097,1
17.4,0.0,92.1,7.0,0.2097,1
17.4,0.0,92.1,7.0,0.2258,0
17.4,0.0,92.1,7.0,0.2258,0
17.9,1.0,100.0,7.0,0.2636,0
13.7,0.0,77.9,7.0,0.209,1
17.9,0.0,100.0,7.0,0.2636,0
17.2,0.0,27.1,7.0,0.6809,1
13.7,0.0,77.9,7.0,0.2239,0
12.1,0.0,21.7,7.0,0.2712,0
13.7,0.0,77.9,7.0,0.2239,0
12.1,0.0,21.7,7.0,0.2712,0
12.1,0.0,21.7,7.0,0.2542,1
12.1,0.0,21.7,7.0,0.2542,1
12.1,0.0,21.7,7.0,0.2712,0
13.7,0.0,77.9,7.0,0.209,1
13.7,0.0,77.9,7.0,0.2239,0
13.7,0.0,77.9,7.0,0.209,1
14.1,0.0,47.6,7.0,0.2636,0
14.1,0.0,47.6,7.0,0.2636,0
14.1,0.0,47.6,7.0,0.2636,0
14.0,0.0,47.6,7.0,0.2636,0
13.7,0.0,47.6,7.0,0.2636,1
18.3,0.0,100.0,7.0,0.2636,0
14.1,0.0,47.6,7.0,0.2636,0
14.1,0.0,47.6,7.0,0.2636,0
14.1,0.0,47.6,7.0,0.2636,0
13.7,0.0,100.0,7.0,0.2636,0
13.7,0.0,100.0,7.0,0.2636,0
13.7,0.0,100.0,7.0,0.2636,0
13.7,0.0,100.0,7.0,0.2636,0
18.3,0.0,100.0,7.0,0.2636,0
18.3,0.0,100.0,7.0,0.2636,0
18.3,0.0,100.0,7.0,0.2636,0
18.3,0.0,100.0,7.0,0.2636,0
18.3,0.0,100.0,7.0,0.2636,0
18.3,0.0,100.0,7.0,0.2636,0
13.7,0.0,100.0,7.0,0.2636,0
18.3,0.0,100.0,7.0,0.2636,0
18.3,0.0,100.0,7.0,0.2636,0
18.3,0.0,100.0,7.0,0.2636,0
18.3,0.0,100.0,7.0,0.2636,0
13.7,0.0,100.0,7.0,0.2636,0
14.7,0.0,33.3,7.0,0.2636,0
14.9,0.0,33.3,7.0,0.2636,0
17.4,0.0,89.8,7.0,0.1181,0
17.4,0.0,89.8,7.0,0.1181,0
17.4,0.0,89.8,7.0,0.1181,0
12.2,0.0,26.3,7.0,0.2973,0
12.2,0.0,26.3,7.0,0.2973,0
12.2,0.0,26.3,7.0,0.2973,0
12.2,0.0,26.3,7.0,0.2703,1
15.0,0.0,69.0,7.0,0.2195,0
17.4,0.0,100.0,7.0,0.2636,0
17.0,0.0,78.6,7.0,0.2636,0
12.6,0.0,100.0,7.0,0.2636,0
12.4,0.0,100.0,7.0,0.2636,0
17.3,0.0,59.2,7.0,0.395,0
14.5,0.0,43.8,7.0,0.4545,1
14.5,0.0,43.8,7.0,0.4545,1
14.5,0.0,43.8,7.0,0.4545,1
14.5,0.0,43.8,7.0,0.4545,1
17.8,0.0,70.6,7.0,0.2636,1
17.8,0.0,70.6,7.0,0.2636,0
13.6,0.0,97.7,7.0,0.0,0
13.6,0.0,97.7,7.0,0.0,0
13.6,0.0,97.7,7.0,0.0,0
13.6,0.0,97.7,7.0,0.0,0
13.6,0.0,97.7,7.0,0.0,0
13.6,0.0,97.7,7.0,0.0,0
13.6,0.0,97.7,7.0,0.0,0
13.6,0.0,97.7,7.0,0.0,0
13.6,0.0,97.7,7.0,0.0,0
13.6,0.0,97.7,7.0,0.0,0
13.6,0.0,97.7,7.0,0.0,0
13.6,0.0,97.7,7.0,0.0,0
18.1,0.0,76.9,7.0,0.3271,0
13.1,0.0,29.2,7.0,0.6071,1
15.3,0.0,29.2,7.0,0.6071,1
17.3,0.0,60.9,7.0,0.6618,0
18.5,0.0,99.0,7.0,0.0352,0
18.5,0.0,99.0,7.0,0.0352,0
18.5,0.0,99.0,7.0,0.0352,0
18.5,0.0,99.0,7.0,0.0352,0
18.5,0.0,99.0,7.0,0.0352,0
18.5,0.0,99.0,7.0,0.0352,0
18.5,0.0,99.0,7.0,0.0352,0
18.5,0.0,99.0,7.0,0.0352,0
18.5,0.0,99.0,7.0,0.0352,0
18.5,0.0,99.0,7.0,0.0352,0
18.5,0.0,99.0,7.0,0.0352,0
18.5,0.0,99.0,7.0,0.0352,0
18.5,0.0,99.0,7.0,0.0352,0
18.5,0.0,99.0,7.0,0.0352,0
18.5,0.0,99.0,7.0,0.0352,0
18.5,0.0,99.0,7.0,0.0352,0
18.5,0.0,99.0,7.0,0.0352,0
18.5,0.0,99.0,7.0,0.0352,0
18.5,0.0,99.0,7.0,0.0352,0
18.5,0.0,99.0,7.0,0.0352,0
18.5,0.0,99.0,7.0,0.0352,0
15.1,0.0,100.0,7.0,0.2636,0
17.6,0.0,7.7,7.0,0.2636,1
15.3,0.0,29.2,7.0,0.6071,1
15.3,0.0,29.2,7.0,0.6071,1
15.3,0.0,29.2,7.0,0.6071,1
18.3,0.0,62.7,7.0,0.3276,0
14.1,0.0,29.2,7.0,0.6071,1
15.5,0.0,47.1,9.0,0.7184,1
16.3,0.0,29.2,7.0,0.6071,1
14.1,0.0,29.2,7.0,0.6071,1
14.1,0.0,29.2,7.0,0.6071,1
14.1,0.0,29.2,7.0,0.6071,1
13.5,0.0,32.4,7.0,0.3832,0
14.1,0.0,29.2,7.0,0.6071,1
14.1,0.0,29.2,7.0,0.6071,1
14.1,0.0,29.2,7.0,0.6071,1
14.1,0.0,29.2,7.0,0.6071,1
14.9,0.0,66.1,7.0,0.2273,1
15.8,0.0,66.1,7.0,0.2318,0
16.0,0.0,66.1,7.0,0.2273,1
17.1,0.0,66.1,7.0,0.2318,0
17.1,0.0,66.1,7.0,0.2318,0
17.8,0.0,78.8,7.0,0.3165,0
17.9,0.0,95.2,7.0,0.0097,0
18.1,0.0,84.6,7.0,0.2299,0
18.1,0.0,84.6,7.0,0.2299,0
17.9,0.0,63.8,7.0,0.3796,1
17.9,0.0,63.8,7.0,0.3796,1
12.2,0.0,26.3,7.0,0.2973,0
13.8,0.0,62.9,7.0,0.1698,0
13.8,0.0,62.9,7.0,0.1698,0
13.8,0.0,62.9,7.0,0.1698,0
13.8,0.0,62.9,7.0,0.1698,0
18.1,0.0,35.7,7.0,0.2636,1
18.1,0.0,35.7,7.0,0.2636,1
14.1,0.0,29.2,7.0,0.6071,1
14.1,0.0,29.2,7.0,0.6071,1
14.1,0.0,29.2,7.0,0.6071,1
14.1,0.0,29.2,7.0,0.6071,1
13.7,0.0,29.2,7.0,0.6071,1
18.3,0.0,63.8,7.0,0.3869,0
18.4,0.0,63.8,7.0,0.3869,0
18.4,0.0,63.8,7.0,0.3869,0
17.9,0.0,63.8,7.0,0.3869,0
18.3,0.0,63.8,7.0,0.3869,0
17.0,0.0,83.0,7.0,0.3218,0
17.0,0.0,44.4,7.0,0.2636,0
17.0,0.0,44.4,7.0,0.2636,1
15.9,0.0,66.1,7.0,0.2273,1
17.0,0.0,44.4,7.0,0.2636,1
15.6,0.0,50.0,7.0,0.0286,0
17.5,0.0,37.8,7.0,0.5085,0
18.1,0.0,37.8,7.0,0.5085,0
16.3,0.0,100.0,7.0,0.2636,0
16.3,0.0,100.0,7.0,0.2636,0
16.2,0.0,63.6,8.0,0.2636,0
16.3,0.0,100.0,7.0,0.2636,0
16.3,0.0,100.0,7.0,0.2636,0
16.3,0.0,100.0,7.0,0.2636,0
16.3,0.0,100.0,7.0,0.2636,0
16.3,0.0,100.0,7.0,0.2636,0
17.4,0.0,100.0,7.0,0.2636,1
13.5,0.0,32.4,7.0,0.3738,1
13.5,0.0,32.4,7.0,0.3738,1
16.3,0.0,32.4,7.0,0.3738,1
16.3,0.0,32.4,7.0,0.3738,1
15.5,0.0,32.4,7.0,0.3738,1
15.5,0.0,32.4,7.0,0.3738,1
15.5,0.0,32.4,7.0,0.3738,1
12.4,0.0,32.4,7.0,0.3832,0
12.4,0.0,32.4,7.0,0.3738,1
12.0,0.0,75.0,7.0,0.2636,0
17.4,0.0,100.0,7.0,0.2636,1
14.3,0.0,100.0,7.0,0.2636,0
14.3,0.0,100.0,7.0,0.2636,0
17.9,0.0,69.3,7.0,0.3816,1
18.1,0.0,69.3,7.0,0.3882,0
14.3,0.0,100.0,7.0,0.2636,0
14.3,0.0,100.0,7.0,0.2636,0
17.9,0.0,69.3,7.0,0.3882,0
17.9,0.0,69.3,7.0,0.3816,1
17.9,0.0,69.3,7.0,0.3816,1
17.9,0.0,69.3,7.0,0.3882,0
17.9,0.0,69.3,7.0,0.3882,0
17.9,0.0,69.3,7.0,0.3882,0
14.7,0.0,62.9,7.0,0.1698,0
14.7,0.0,62.9,7.0,0.1698,0
14.7,0.0,62.9,7.0,0.1651,1
14.7,0.0,62.9,7.0,0.1651,1
14.7,0.0,62.9,7.0,0.1698,0
14.7,0.0,62.9,7.0,0.1651,1
13.8,0.0,62.9,7.0,0.1698,0
14.7,0.0,62.9,7.0,0.1651,1
14.7,0.0,62.9,7.0,0.1698,0
14.7,0.0,62.9,7.0,0.1698,0
14.7,0.0,62.9,7.0,0.1698,0
14.7,0.0,62.9,7.0,0.1651,1
14.7,0.0,62.9,7.0,0.1698,0
14.7,0.0,62.9,7.0,0.1698,0
14.7,0.0,62.9,7.0,0.1698,0
14.6,0.0,62.9,7.0,0.1698,0
14.7,0.0,62.9,7.0,0.1698,0
14.7,0.0,62.9,7.0,0.1698,0
17.6,0.0,94.0,7.0,0.435,0
17.9,0.0,69.3,7.0,0.3882,0
16.3,0.0,12.1,7.0,0.2188,0
17.9,0.0,69.3,7.0,0.3882,0
14.1,0.0,53.2,8.0,0.0984,0
13.5,0.0,12.1,7.0,0.2188,0
15.9,0.0,12.1,7.0,0.2188,0
12.1,0.0,12.1,7.0,0.2188,0
13.5,0.0,12.1,7.0,0.2188,0
15.3,0.0,100.0,7.0,0.2636,0
15.3,0.0,100.0,7.0,0.2636,0
18.3,0.0,90.8,7.0,0.1406,0
18.3,0.0,90.8,7.0,0.1406,0
18.3,0.0,90.8,7.0,0.1406,0
18.3,0.0,90.8,7.0,0.1406,0
18.3,0.0,90.8,7.0,0.125,1
18.3,0.0,90.8,7.0,0.125,1
18.1,0.0,60.9,7.0,0.1333,0
18.1,0.0,60.9,7.0,0.1333,0
18.1,0.0,60.9,7.0,0.1333,0
18.1,0.0,60.9,7.0,0.1333,0
18.1,0.0,60.9,7.0,0.1333,0
18.1,0.0,60.9,7.0,0.1333,0
18.1,0.0,60.9,7.0,0.1333,0
18.1,0.0,60.9,7.0,0.1333,0
18.1,0.0,60.9,7.0,0.1333,0
18.1,0.0,60.9,7.0,0.1333,0
18.1,0.0,60.9,7.0,0.1333,0
18.1,0.0,60.9,7.0,0.1333,0
18.1,0.0,60.9,7.0,0.1333,0
18.1,0.0,60.9,7.0,0.1333,0
18.1,0.0,60.9,7.0,0.1333,0
18.1,0.0,60.9,7.0,0.1333,0
18.1,0.0,60.9,7.0,0.1333,0
18.1,0.0,60.9,7.0,0.1333,0
18.1,0.0,60.9,7.0,0.1333,0
18.1,0.0,60.9,7.0,0.1333,0
18.1,0.0,60.9,7.0,0.1333,0
18.1,0.0,60.9,7.0,0.1333,0
18.1,0.0,60.9,7.0,0.1333,0
17.6,0.0,0.0,7.0,0.2636,1
18.6,0.0,91.2,7.0,0.0606,0
17.9,0.0,81.8,7.0,0.2636,0
15.9,0.0,75.0,7.0,0.2636,0
17.7,0.0,63.4,7.0,0.35,0
18.1,0.0,63.4,7.0,0.325,1
17.7,0.0,63.4,7.0,0.325,1
17.9,0.0,63.4,7.0,0.325,1
14.4,0.0,66.7,8.0,0.2636,0
13.7,0.0,66.7,7.0,0.2636,0
13.7,0.0,66.7,8.0,0.2636,0
14.6,0.0,66.7,8.0,0.2636,0
14.6,0.0,66.7,8.0,0.2636,0
13.3,0.0,66.7,7.0,0.2636,1
13.3,0.0,66.7,7.0,0.2636,0
14.6,0.0,86.2,7.0,0.302,1
14.6,0.0,86.2,7.0,0.302,1
14.6,0.0,86.2,7.0,0.302,1
14.6,0.0,86.2,7.0,0.302,1
14.6,0.0,86.2,7.0,0.302,1
17.3,0.0,23.5,8.0,0.2636,1
14.7,0.0,62.9,7.0,0.1651,1
14.7,0.0,62.9,7.0,0.1698,0
14.7,0.0,62.9,7.0,0.1698,0
14.7,0.0,62.9,7.0,0.1698,0
14.7,0.0,62.9,7.0,0.1698,0
14.7,0.0,62.9,7.0,0.1698,0
14.7,0.0,62.9,7.0,0.1698,0
13.8,0.0,62.9,7.0,0.1698,0
14.7,0.0,62.9,7.0,0.1651,1
12.8,0.0,62.9,7.0,0.1651,1
14.6,0.0,62.9,7.0,0.1698,0
14.4,0.0,62.9,7.0,0.1698,0
17.9,0.0,91.6,7.0,0.0588,0
17.9,0.0,91.6,7.0,0.0588,0
17.9,0.0,91.6,7.0,0.0588,0
17.9,0.0,91.6,7.0,0.0588,0
17.9,0.0,91.6,7.0,0.0588,0
17.9,0.0,91.6,7.0,0.0588,0
17.9,0.0,91.6,7.0,0.0588,0
17.9,0.0,91.6,7.0,0.0588,0
17.9,0.0,91.6,7.0,0.0588,0
17.9,0.0,91.6,7.0,0.0588,0
17.9,0.0,91.6,7.0,0.0588,0
17.9,0.0,91.6,7.0,0.0588,0
17.9,0.0,91.6,7.0,0.0588,0
17.9,0.0,91.6,7.0,0.0588,0
17.9,0.0,91.6,7.0,0.0588,0
17.9,0.0,91.6,7.0,0.0588,0
17.9,0.0,91.6,7.0,0.0588,0
17.9,0.0,91.6,7.0,0.0588,0
17.9,0.0,91.6,7.0,0.0588,0
17.9,0.0,91.6,7.0,0.0588,0
17.9,0.0,91.6,7.0,0.0588,0
17.9,0.0,91.6,7.0,0.0588,0
17.9,0.0,91.6,7.0,0.0588,0
17.9,0.0,91.6,7.0,0.0588,0
17.9,0.0,91.6,7.0,0.0588,0
14.7,0.0,62.9,7.0,0.1651,1
14.7,0.0,62.9,7.0,0.1698,0
14.7,0.0,62.9,7.0,0.1698,0
17.6,0.0,16.0,7.0,0.2636,0
15.5,0.0,16.0,7.0,0.2636,0
14.5,0.0,16.0,7.0,0.2636,0
14.3,0.0,16.0,7.0,0.2636,0
14.2,0.0,16.0,7.0,0.2636,1
12.9,0.0,66.7,7.0,0.2636,1
15.0,0.0,50.0,7.0,0.0286,0
17.6,0.0,47.1,7.0,0.7184,1
17.2,0.0,50.0,7.0,0.0976,1
14.0,0.0,92.6,7.0,0.2636,0
18.0,0.0,100.0,7.0,0.2636,0
17.5,0.0,45.9,7.0,0.3167,0
16.2,0.0,45.9,7.0,0.3,1
15.6,0.0,45.9,8.0,0.3167,0
16.2,0.0,45.9,7.0,0.3,1
13.7,0.0,5.0,7.0,0.0707,0
13.7,0.0,5.0,7.0,0.0707,0
16.2,0.0,45.9,7.0,0.3167,0
16.2,0.0,45.9,7.0,0.3167,0
16.2,0.0,45.9,7.0,0.3,1
16.2,0.0,45.9,7.0,0.3167,0
13.7,0.0,45.9,7.0,0.3167,0
17.8,0.0,47.1,7.0,0.2636,0
14.0,0.0,0.0,7.0,0.2636,1
18.1,0.0,95.2,7.0,0.0097,0
17.9,0.0,95.2,7.0,0.0097,0
14.9,0.0,95.2,7.0,0.0097,0
16.8,0.0,95.2,7.0,0.0097,0
14.1,0.0,21.9,7.0,0.1824,0
14.4,0.0,6.9,7.0,0.2636,0
14.3,0.0,21.9,7.0,0.1824,0
17.0,0.0,21.9,7.0,0.1761,1
17.0,0.0,21.9,7.0,0.1824,0
17.4,0.0,46.7,7.0,0.4519,1
18.1,0.0,55.9,7.0,0.4706,0
16.8,1.0,95.5,7.0,0.2636,0
17.4,0.0,70.5,7.0,0.2326,0
17.1,0.0,72.6,7.0,0.234,0
12.8,0.0,60.9,7.0,0.6618,0
17.3,0.0,64.1,7.0,0.3492,0
17.3,0.0,60.9,7.0,0.6471,1
14.9,0.0,66.7,7.0,0.2636,0
18.1,0.0,55.9,7.0,0.4706,0
17.4,0.0,89.8,7.0,0.1181,0
17.4,0.0,89.8,7.0,0.1181,0
18.1,0.0,55.9,7.0,0.4706,0
15.8,0.0,66.7,7.0,0.2636,0
17.3,0.0,64.1,7.0,0.3333,1
18.1,0.0,55.9,7.0,0.4706,0
18.1,0.0,55.9,7.0,0.4706,0
18.1,0.0,55.9,7.0,0.4706,0
17.4,0.0,89.8,7.0,0.1102,1
17.4,0.0,89.8,7.0,0.1102,1
17.4,0.0,89.8,7.0,0.1181,0
18.1,0.0,55.9,7.0,0.4706,0
18.1,0.0,55.9,7.0,0.4706,0
17.4,0.0,89.8,7.0,0.1181,0
17.4,0.0,89.8,7.0,0.1181,0
18.1,0.0,55.9,7.0,0.4706,0
12.7,0.0,80.0,7.0,0.2636,0
13.8,0.0,80.0,7.0,0.2636,0
16.2,0.0,60.7,7.0,0.2963,0
15.4,0.0,84.6,7.0,0.2299,0
17.4,0.0,89.8,7.0,0.1102,1
17.4,0.0,89.8,7.0,0.1102,1
16.2,0.0,80.0,9.0,0.2636,0
15.4,0.0,84.6,7.0,0.2299,0
16.2,0.0,60.7,7.0,0.2963,0
12.1,0.0,70.5,7.0,0.2326,0
15.4,0.0,84.6,7.0,0.2299,0
15.4,0.0,84.6,7.0,0.2299,0
15.4,0.0,84.6,7.0,0.2299,0
17.4,0.0,89.8,7.0,0.1102,1
17.4,0.0,89.8,7.0,0.1102,1
17.4,0.0,89.8,7.0,0.1102,1
17.4,0.0,89.8,7.0,0.1102,1
15.4,0.0,84.6,7.0,0.2299,0
15.4,0.0,84.6,7.0,0.2299,0
15.4,0.0,84.6,7.0,0.2299,0
15.4,0.0,84.6,7.0,0.2299,0
15.4,0.0,84.6,7.0,0.2299,0
12.9,0.0,84.6,7.0,0.2285,1
15.4,0.0,84.6,7.0,0.2299,0
15.4,0.0,84.6,7.0,0.2299,0
15.4,0.0,84.6,7.0,0.2299,0
15.4,0.0,84.6,7.0,0.2299,0
15.4,0.0,84.6,7.0,0.2299,0
16.8,0.0,90.0,7.0,0.2636,0
17.1,0.0,27.3,7.0,0.2636,1
17.1,0.0,27.3,7.0,0.2636,1
17.1,0.0,27.3,7.0,0.2636,1
17.1,0.0,27.3,7.0,0.2636,1
17.1,0.0,27.3,7.0,0.2636,0
17.1,0.0,27.3,7.0,0.2636,0
17.1,0.0,27.3,7.0,0.2636,0
17.1,0.0,27.3,7.0,0.2636,0
15.4,0.0,27.3,7.0,0.2636,0
15.4,0.0,27.3,7.0,0.2636,0
17.1,0.0,27.3,7.0,0.2636,0
17.1,0.0,27.3,7.0,0.2636,0
17.1,0.0,27.3,7.0,0.2636,0
17.1,0.0,27.3,7.0,0.2636,0
16.3,0.0,70.2,7.0,0.2611,0
17.7,0.0,53.8,7.0,0.2636,0
13.0,0.0,41.6,7.0,0.3207,0
13.0,0.0,41.6,7.0,0.3207,0
16.2,0.0,41.6,7.0,0.3152,1
16.2,0.0,41.6,7.0,0.3152,1
16.2,0.0,41.6,7.0,0.3152,1
16.2,0.0,41.6,7.0,0.3152,1
14.2,0.0,41.6,7.0,0.3152,1
16.2,0.0,60.7,7.0,0.2963,0
16.2,0.0,60.7,7.0,0.2963,0
16.2,0.0,60.7,7.0,0.2963,0
15.8,0.0,16.7,7.0,0.2636,1
16.2,0.0,60.7,7.0,0.2963,0
16.2,0.0,60.7,7.0,0.2963,0
16.2,0.0,60.7,7.0,0.2963,0
16.2,0.0,60.7,7.0,0.2963,0
17.9,0.0,74.5,7.0,0.2222,0
17.9,0.0,74.5,7.0,0.2222,0
17.9,0.0,74.5,7.0,0.2222,0
17.9,0.0,74.5,7.0,0.2222,0
17.9,0.0,74.5,7.0,0.2222,0
17.2,0.0,69.2,7.0,0.4706,0
13.9,0.0,97.6,7.0,0.05,0
14.1,0.0,69.3,7.0,0.3816,1
16.9,0.0,69.3,7.0,0.3816,1
14.9,0.0,14.3,8.0,0.2636,0
16.1,0.0,75.0,7.0,0.359,0
16.1,0.0,75.0,7.0,0.359,0
14.9,0.0,14.3,8.0,0.2636,0
16.9,0.0,69.3,7.0,0.3816,1
15.3,0.0,69.3,7.0,0.3816,1
15.7,0.0,69.3,7.0,0.3882,0
15.3,0.0,75.0,7.0,0.3333,1
15.3,0.0,75.0,7.0,0.3333,1
16.1,0.0,75.0,7.0,0.359,0
15.3,0.0,75.0,7.0,0.3333,1
13.3,0.0,83.6,8.0,0.1198,0
13.3,0.0,83.6,8.0,0.1198,0
13.3,0.0,83.6,8.0,0.1198,0
13.3,0.0,83.6,8.0,0.1198,0
13.3,0.0,83.6,8.0,0.117,1
13.3,0.0,83.6,8.0,0.117,1
13.3,0.0,83.6,7.0,0.1198,0
13.3,0.0,83.6,8.0,0.117,1
13.1,0.0,83.6,8.0,0.1198,0
13.1,0.0,83.6,8.0,0.117,1
13.1,0.0,83.6,7.0,0.1198,0
17.9,0.0,97.0,7.0,0.1018,0
17.9,0.0,97.0,7.0,0.1018,0
17.9,0.0,97.0,7.0,0.1018,0
17.9,0.0,97.0,7.0,0.1018,0
17.9,0.0,97.0,7.0,0.1018,0
17.9,0.0,97.0,7.0,0.1018,0
17.9,0.0,97.0,7.0,0.1018,0
17.9,0.0,97.0,7.0,0.1018,0
17.9,0.0,97.0,7.0,0.1018,0
17.9,0.0,97.0,7.0,0.1018,0
17.9,0.0,97.0,7.0,0.1018,0
17.9,0.0,97.0,7.0,0.1018,0
17.9,0.0,97.0,7.0,0.1018,0
17.9,0.0,97.0,7.0,0.1018,0
17.9,0.0,97.0,7.0,0.1018,0
17.9,0.0,97.0,7.0,0.1018,0
17.9,0.0,97.0,7.0,0.1018,0
17.9,0.0,97.0,7.0,0.1018,0
17.9,0.0,97.0,7.0,0.1018,0
17.9,0.0,97.0,7.0,0.1018,0
17.9,0.0,97.0,7.0,0.1018,0
17.9,0.0,97.0,7.0,0.1018,0
13.1,0.0,83.6,7.0,0.1198,0
13.1,0.0,83.6,7.0,0.1198,0
13.1,0.0,83.6,7.0,0.117,1
13.1,0.0,83.6,7.0,0.117,1
15.8,0.0,83.6,8.0,0.1198,0
15.8,0.0,83.6,8.0,0.1198,0
15.8,0.0,83.6,7.0,0.117,1
15.8,0.0,83.6,7.0,0.1198,0
15.8,0.0,83.6,7.0,0.117,1
13.3,0.0,83.6,7.0,0.117,1
13.3,0.0,83.6,8.0,0.117,1
13.3,0.0,83.6,7.0,0.1198,0
13.3,0.0,83.6,7.0,0.117,1
13.3,0.0,83.6,8.0,0.117,1
13.3,0.0,83.6,8.0,0.117,1
13.3,0.0,83.6,7.0,0.117,1
13.3,0.0,83.6,7.0,0.117,1
13.3,0.0,83.6,8.0,0.1198,0
13.3,0.0,83.6,7.0,0.117,1
13.3,0.0,83.6,8.0,0.117,1
13.3,0.0,83.6,7.0,0.117,1
13.3,0.0,83.6,8.0,0.117,1
13.3,0.0,83.6,7.0,0.1198,0
13.3,0.0,83.6,8.0,0.117,1
13.3,0.0,83.6,7.0,0.1198,0
13.3,0.0,83.6,8.0,0.117,1
13.3,0.0,83.6,8.0,0.117,1
13.3,0.0,83.6,8.0,0.117,1
13.3,0.0,83.6,8.0,0.1198,0
13.2,0.0,90.8,7.0,0.125,1
14.9,0.0,14.3,7.0,0.2636,1
14.9,0.0,14.3,7.0,0.2636,0
14.6,0.0,35.7,7.0,0.2636,0
14.6,0.0,35.7,7.0,0.2636,0
14.6,0.0,35.7,7.0,0.2636,0
14.6,0.0,35.7,7.0,0.2636,1
17.8,0.0,70.6,7.0,0.2636,0
12.5,0.0,5.3,7.0,0.1892,0
12.5,0.0,5.3,7.0,0.1892,0
15.5,0.0,54.5,7.0,0.2812,0
15.5,0.0,54.5,7.0,0.25,1
17.8,0.0,50.0,7.0,0.2113,0
15.8,0.0,54.5,7.0,0.2812,0
18.3,0.0,63.8,7.0,0.3869,0
15.1,0.0,80.9,7.0,0.1404,0
15.1,0.0,80.9,7.0,0.1404,0
18.3,0.0,63.8,7.0,0.3796,1
18.0,0.0,63.8,7.0,0.3796,1
12.7,2.0,43.8,7.0,0.4659,0
18.1,0.0,63.8,7.0,0.3796,1
14.1,1.0,21.1,7.0,0.2636,1
14.7,0.0,54.5,7.0,0.2812,0
13.8,0.0,7.7,7.0,0.2636,0
13.8,0.0,16.7,7.0,0.2636,1
16.9,0.0,92.1,7.0,0.2097,1
17.4,0.0,92.1,7.0,0.2097,1
17.4,0.0,92.1,7.0,0.2258,0
13.8,0.0,7.7,7.0,0.2636,0
15.9,0.0,76.3,7.0,0.0,0
16.5,0.0,73.5,7.0,0.0366,0
16.5,0.0,73.5,7.0,0.0366,0
16.5,0.0,73.5,7.0,0.0366,0
16.5,0.0,73.5,7.0,0.0366,0
16.5,0.0,73.5,7.0,0.0366,0
16.5,0.0,73.5,7.0,0.0366,0
16.5,0.0,73.5,7.0,0.0366,0
16.5,0.0,73.5,7.0,0.0366,0
14.2,0.0,22.4,7.0,0.1458,0
14.2,0.0,22.4,7.0,0.1458,0
14.2,0.0,22.4,7.0,0.1458,0
14.2,0.0,22.4,7.0,0.125,1
13.1,0.0,22.4,7.0,0.1458,0
16.9,0.0,92.1,7.0,0.2258,0
14.9,0.0,92.1,7.0,0.2258,0
14.9,0.0,92.1,7.0,0.2097,1
16.9,0.0,92.1,7.0,0.2258,0
15.8,0.0,96.4,7.0,0.0734,0
13.8,0.0,7.7,7.0,0.2636,0
14.5,0.0,27.1,7.0,0.6809,1
17.0,0.0,27.1,7.0,0.6809,1
14.5,0.0,27.1,7.0,0.6809,1
14.5,0.0,27.1,7.0,0.6809,1
14.5,0.0,27.1,7.0,0.6809,1
13.5,0.0,27.1,7.0,0.6809,1
17.2,0.0,27.1,7.0,0.6809,1
17.2,0.0,27.1,7.0,0.6809,1
15.8,0.0,96.4,7.0,0.0734,0
15.4,0.0,27.1,7.0,0.7021,0
17.2,0.0,27.1,7.0,0.6809,1
17.2,0.0,27.1,7.0,0.7021,0
17.2,0.0,27.1,7.0,0.6809,1
16.5,0.0,80.8,7.0,0.2636,0
15.8,0.0,96.4,7.0,0.0734,0
17.1,0.0,76.0,7.0,0.2245,1
17.1,0.0,76.0,7.0,0.2449,0
18.5,0.0,93.2,7.0,0.0855,0
18.5,0.0,93.2,7.0,0.0855,0
17.9,0.0,86.2,7.0,0.3069,0
12.2,0.0,86.2,7.0,0.3069,0
14.2,0.0,80.0,7.0,0.2636,1
18.1,0.0,70.2,7.0,0.2611,0
18.1,0.0,70.2,7.0,0.2611,0
18.1,0.0,70.2,7.0,0.2611,0
18.1,0.0,70.2,7.0,0.2611,0
18.1,0.0,70.2,7.0,0.2611,0
14.7,0.0,74.5,7.0,0.2153,1
14.7,0.0,74.5,7.0,0.2222,0
14.7,0.0,74.5,9.0,0.2222,0
17.6,0.0,74.5,7.0,0.2222,0
17.0,0.0,74.5,7.0,0.2153,1
17.6,0.0,74.5,7.0,0.2153,1
17.6,0.0,74.5,7.0,0.2222,0
15.8,0.0,96.4,7.0,0.0734,0
18.0,0.0,70.2,7.0,0.2611,0
18.0,0.0,70.2,7.0,0.2611,0
16.7,0.0,96.4,7.0,0.0734,0
16.7,0.0,96.4,7.0,0.0734,0
18.0,0.0,70.2,7.0,0.2611,0
18.0,0.0,70.2,7.0,0.2611,0
17.1,0.0,76.0,7.0,0.2449,0
17.1,0.0,76.0,8.0,0.2245,1
18.0,0.0,70.2,7.0,0.2611,0
18.0,0.0,70.2,7.0,0.2611,0
17.1,0.0,76.0,8.0,0.2245,1
17.1,0.0,76.0,8.0,0.2245,1
15.8,0.0,96.4,7.0,0.0734,0
18.0,0.0,70.2,7.0,0.2611,0
18.0,0.0,70.2,7.0,0.2611,0
17.1,0.0,76.0,8.0,0.2245,1
18.0,0.0,70.2,7.0,0.2611,0
18.0,0.0,70.2,7.0,0.2611,0
17.1,0.0,76.0,7.0,0.2449,0
17.1,0.0,76.0,7.0,0.2449,0
17.1,0.0,76.0,7.0,0.2449,0
17.1,0.0,76.0,7.0,0.2449,0
18.0,0.0,70.2,7.0,0.2611,0
18.0,0.0,70.2,7.0,0.2611,0
17.1,0.0,76.0,7.0,0.2449,0
17.1,0.0,76.0,7.0,0.2449,0
18.0,0.0,70.2,7.0,0.2611,0
18.0,0.0,70.2,7.0,0.2611,0
17.1,0.0,76.0,7.0,0.2449,0
17.1,0.0,76.0,7.0,0.2449,0
17.1,0.0,76.0,7.0,0.2449,0
17.1,0.0,76.0,7.0,0.2449,0
17.1,0.0,76.0,7.0,0.2449,0
17.1,0.0,76.0,7.0,0.2449,0
17.1,0.0,76.0,7.0,0.2449,0
17.1,0.0,76.0,7.0,0.2449,0
17.1,0.0,76.0,7.0,0.2449,0
17.1,0.0,76.0,7.0,0.2449,0
17.1,0.0,76.0,7.0,0.2449,0
17.1,0.0,76.0,7.0,0.2449,0
14.0,0.0,76.1,7.0,0.538,1
17.1,0.0,76.0,7.0,0.2449,0
17.1,0.0,76.0,7.0,0.2449,0
17.1,0.0,76.0,7.0,0.2449,0
14.1,1.0,21.1,7.0,0.2636,1
17.4,2.0,21.1,7.0,0.2636,1
14.1,0.0,21.1,7.0,0.2636,0
14.1,0.0,21.1,7.0,0.2636,0
14.1,0.0,21.1,7.0,0.2636,1
13.1,0.0,83.6,7.0,0.1198,0
14.0,0.0,76.1,7.0,0.538,1
12.8,0.0,78.8,7.0,0.3125,0
16.5,0.0,0.0,7.0,0.2636,0
16.5,0.0,0.0,7.0,0.2636,0
14.4,0.0,100.0,7.0,0.2636,0
16.5,0.0,86.2,7.0,0.302,1
16.5,0.0,86.2,7.0,0.302,1
16.5,0.0,86.2,7.0,0.302,1
16.5,0.0,86.2,7.0,0.302,1
14.1,0.0,86.2,7.0,0.3069,0
16.1,0.0,82.7,7.0,0.1949,1
16.1,0.0,82.7,7.0,0.1992,0
16.1,0.0,82.7,7.0,0.1992,0
13.0,0.0,82.7,7.0,0.1992,0
18.1,1.0,75.0,7.0,0.2636,0
12.7,0.0,89.2,9.0,0.0938,1
18.0,0.0,70.2,7.0,0.2611,0
18.0,0.0,70.2,7.0,0.2611,0
17.2,0.0,96.4,7.0,0.0734,0
18.0,0.0,70.2,7.0,0.2611,0
18.0,0.0,70.2,7.0,0.2611,0
18.0,0.0,70.2,7.0,0.2611,0
18.0,0.0,70.2,7.0,0.2611,0
18.0,0.0,70.2,7.0,0.2611,0
18.0,0.0,70.2,7.0,0.2611,0
18.0,0.0,70.2,7.0,0.2611,0
18.0,0.0,70.2,7.0,0.2611,0
15.5,0.0,60.7,7.0,0.2922,1
18.0,0.0,70.2,7.0,0.2611,0
18.0,0.0,70.2,7.0,0.2611,0
18.0,0.0,70.2,7.0,0.2611,0
18.0,0.0,70.2,7.0,0.2611,0
18.0,0.0,70.2,7.0,0.2611,0
18.0,0.0,70.2,7.0,0.2611,0
15.5,0.0,54.5,9.0,0.2812,0
15.6,0.0,54.5,7.0,0.2812,0
15.6,0.0,54.5,7.0,0.2812,0
15.6,0.0,54.5,7.0,0.2812,0
18.0,0.0,70.2,7.0,0.2611,0
18.0,0.0,70.2,7.0,0.2611,0
15.5,0.0,54.5,7.0,0.2812,0
18.0,0.0,70.2,7.0,0.2611,0
18.0,0.0,70.2,7.0,0.2611,0
18.0,0.0,70.2,7.0,0.2611,0
18.0,0.0,70.2,7.0,0.2611,0
15.3,0.0,100.0,7.0,0.2636,0
13.7,0.0,97.5,7.0,0.019,0
15.6,0.0,54.5,7.0,0.25,1
18.0,0.0,70.2,7.0,0.2611,0
18.0,0.0,70.2,7.0,0.2611,0
16.7,0.0,93.2,7.0,0.0603,0
18.0,0.0,70.2,7.0,0.2611,0
18.0,0.0,70.2,7.0,0.2611,0
16.7,0.0,93.2,7.0,0.0603,0
16.7,0.0,93.2,7.0,0.0603,0
17.2,0.0,96.4,7.0,0.0734,0
16.7,0.0,93.2,7.0,0.0517,1
16.7,0.0,96.4,7.0,0.0734,0
12.6,0.0,93.2,7.0,0.0603,0
18.0,0.0,70.2,7.0,0.2611,0
18.0,0.0,70.2,7.0,0.2611,0
13.9,0.0,22.4,7.0,0.1458,0
15.1,0.0,22.4,7.0,0.1458,0
15.1,0.0,22.4,7.0,0.1458,0
13.9,0.0,22.4,7.0,0.1458,0
13.2,0.0,22.4,7.0,0.1458,0
15.8,0.0,22.4,7.0,0.1458,0
15.1,0.0,22.4,7.0,0.1458,0
15.8,0.0,22.4,7.0,0.125,1
15.8,0.0,96.4,7.0,0.0734,0
16.7,0.0,22.4,7.0,0.1458,0
16.1,0.0,16.7,7.0,0.2636,1
16.6,0.0,96.4,7.0,0.0734,0
15.8,0.0,96.4,7.0,0.0734,0
15.8,0.0,96.4,7.0,0.0734,0
14.8,0.0,86.7,7.0,0.2636,0
12.0,0.0,83.6,7.0,0.1198,0
14.2,0.0,22.4,7.0,0.1458,0
14.8,0.0,86.7,7.0,0.2636,1
14.8,0.0,86.7,7.0,0.2636,1
16.3,0.0,68.4,7.0,0.2636,0
12.0,0.0,83.6,7.0,0.1198,0
16.3,0.0,68.4,7.0,0.2636,0
15.6,0.0,54.5,7.0,0.25,1
17.8,0.0,27.3,7.0,0.6875,1
17.8,0.0,27.3,7.0,0.6875,1
17.8,0.0,27.3,7.0,0.6875,1
17.8,0.0,27.3,7.0,0.6875,1
17.8,0.0,27.3,7.0,0.6875,1
17.8,0.0,27.3,7.0,0.6875,1
17.8,0.0,27.3,7.0,0.6875,1
17.8,0.0,27.3,7.0,0.6875,1
17.8,0.0,27.3,7.0,0.6875,1
17.8,0.0,27.3,7.0,0.6875,1
17.8,0.0,27.3,7.0,0.6875,1
15.0,0.0,27.3,7.0,0.6875,1
15.0,0.0,27.3,7.0,0.6875,1
15.0,0.0,27.3,7.0,0.6875,1
15.0,0.0,27.3,7.0,0.6875,1
15.3,0.0,27.3,7.0,0.6875,1
15.3,0.0,27.3,7.0,0.6875,1
15.8,0.0,27.3,7.0,0.6937,0
15.8,0.0,27.3,7.0,0.6937,0
15.8,0.0,27.3,7.0,0.6875,1
13.7,0.0,72.3,7.0,0.4706,1
13.7,0.0,72.3,7.0,0.4706,1
17.2,0.0,72.3,7.0,0.4745,0
16.3,0.0,68.4,7.0,0.2636,0
17.9,0.0,94.0,7.0,0.435,0
16.3,0.0,68.4,7.0,0.2636,0
13.6,0.0,94.0,7.0,0.435,0
16.3,0.0,68.4,7.0,0.2636,0
16.3,0.0,68.4,7.0,0.2636,0
15.3,0.0,27.3,7.0,0.6937,0
15.3,0.0,27.3,7.0,0.6875,1
15.8,0.0,96.4,7.0,0.0734,0
17.4,0.0,63.8,7.0,0.3869,0
17.9,0.0,63.8,7.0,0.3869,0
15.8,0.0,96.4,7.0,0.0734,0
17.2,0.0,96.4,7.0,0.0734,0
17.2,0.0,96.4,7.0,0.0734,0
17.2,0.0,96.4,7.0,0.0734,0
12.5,0.0,68.4,7.0,0.2636,0
14.6,0.0,77.8,7.0,0.2636,1
16.0,0.0,83.0,7.0,0.3218,0
16.0,0.0,83.0,7.0,0.3103,1
15.3,0.0,83.0,7.0,0.3103,1
16.1,0.0,81.1,7.0,0.2149,0
16.0,0.0,83.0,7.0,0.3103,1
17.2,0.0,96.4,7.0,0.0734,0
16.0,0.0,83.0,7.0,0.3103,1
16.7,0.0,96.4,7.0,0.0734,0
14.7,0.0,77.8,7.0,0.2636,0
14.9,0.0,86.7,7.0,0.2636,0
15.8,0.0,96.4,7.0,0.0734,0
15.8,0.0,96.4,7.0,0.0734,0
18.1,0.0,70.2,7.0,0.2611,0
18.1,0.0,70.2,7.0,0.2611,0
18.1,0.0,70.2,7.0,0.2611,0
18.1,0.0,70.2,7.0,0.2611,0
18.1,0.0,70.2,7.0,0.2611,0
18.1,0.0,70.2,7.0,0.2611,0
18.1,0.0,70.2,7.0,0.2611,0
18.1,0.0,70.2,7.0,0.2611,0
18.1,0.0,70.2,7.0,0.2611,0
15.6,0.0,77.8,7.0,0.2636,0
13.0,0.0,77.8,7.0,0.2636,1
15.8,0.0,96.4,7.0,0.0734,0
15.8,0.0,96.4,7.0,0.0642,1
17.2,0.0,96.4,7.0,0.0734,0
15.6,0.0,77.8,7.0,0.2636,0
14.2,0.0,100.0,7.0,0.2636,0
14.8,0.0,86.7,7.0,0.2636,0
18.1,0.0,70.2,7.0,0.2611,0
18.1,0.0,70.2,7.0,0.2611,0
18.1,0.0,70.2,7.0,0.2611,0
18.1,0.0,70.2,7.0,0.2611,0
18.1,0.0,70.2,7.0,0.2611,0
18.0,0.0,70.2,7.0,0.2611,0
18.1,0.0,70.2,7.0,0.2611,0
18.1,0.0,70.2,7.0,0.2556,1
18.1,0.0,70.2,7.0,0.2556,1
14.8,0.0,86.7,7.0,0.2636,0
16.1,0.0,73.7,7.0,0.2636,0
16.5,0.0,77.8,7.0,0.2636,0
14.4,0.0,96.4,7.0,0.0734,0
16.5,0.0,77.8,7.0,0.2636,0
14.9,0.0,86.7,7.0,0.2636,0
17.2,0.0,100.0,7.0,0.2636,0
15.8,0.0,96.4,7.0,0.0734,0
15.4,0.0,29.4,7.0,1.0,1
12.0,0.0,83.6,7.0,0.1198,0
12.0,0.0,83.6,7.0,0.1198,0
16.5,0.0,77.8,7.0,0.2636,0
15.4,0.0,29.4,7.0,1.0,1
16.5,0.0,77.8,7.0,0.2636,0
15.4,0.0,29.4,7.0,1.0,1
15.7,0.0,80.0,7.0,0.2636,1
15.4,0.0,29.4,7.0,1.0,1
15.4,0.0,29.4,7.0,1.0,1
15.4,0.0,29.4,7.0,1.0,1
15.4,0.0,29.4,7.0,1.0,1
15.4,0.0,29.4,7.0,1.0,1
15.4,0.0,29.4,7.0,1.0,1
15.4,0.0,29.4,7.0,1.0,1
15.4,0.0,29.4,7.0,1.0,1
12.0,0.0,83.6,7.0,0.1198,0
15.2,0.0,76.5,7.0,0.2636,0
13.0,0.0,76.5,7.0,0.2636,0
15.2,0.0,76.5,7.0,0.2636,1
15.2,0.0,76.5,7.0,0.2636,1
15.2,0.0,76.5,7.0,0.2636,1
17.9,0.0,92.2,7.0,0.0787,0
15.2,0.0,76.5,7.0,0.2636,1
18.2,0.0,96.7,7.0,0.1685,0
16.5,0.0,62.9,7.0,0.2647,0
16.3,0.0,86.0,7.0,0.2653,0
16.3,0.0,86.0,7.0,0.2653,0
16.3,0.0,86.0,7.0,0.2653,0
15.0,0.0,52.6,7.0,0.2636,0
15.0,0.0,52.6,7.0,0.2636,0
16.1,0.0,86.0,7.0,0.2653,0
16.1,0.0,86.0,7.0,0.2653,0
16.7,0.0,86.0,7.0,0.2653,0
16.7,0.0,86.0,7.0,0.2653,0
16.7,0.0,86.0,7.0,0.2653,0
16.7,0.0,86.0,7.0,0.2653,0
16.1,0.0,86.0,7.0,0.2653,0
16.7,0.0,88.3,7.0,0.2235,0
16.7,0.0,88.3,7.0,0.2235,0
16.7,0.0,88.3,7.0,0.2235,0
15.8,0.0,96.4,7.0,0.0734,0
15.8,0.0,96.4,7.0,0.0734,0
15.8,0.0,96.4,7.0,0.0734,0
16.1,0.0,73.7,7.0,0.2636,0
14.7,0.0,82.0,7.0,0.1705,0
16.1,0.0,73.7,7.0,0.2636,1
16.1,0.0,73.7,7.0,0.2636,0
16.1,0.0,73.7,7.0,0.2636,0
16.1,0.0,73.7,7.0,0.2636,0
17.6,0.0,74.5,7.0,0.2153,1
17.6,0.0,74.5,7.0,0.2153,1
17.6,0.0,74.5,7.0,0.2222,0
17.6,0.0,74.5,7.0,0.2222,0
16.1,0.0,73.7,7.0,0.2636,0
14.2,0.0,43.8,7.0,0.4659,0
17.4,0.0,89.8,7.0,0.1181,0
17.4,0.0,89.8,7.0,0.1181,0
17.4,0.0,89.8,7.0,0.1102,1
17.4,0.0,89.8,7.0,0.1102,1
13.7,0.0,62.9,7.0,0.1698,0
17.4,0.0,89.8,7.0,0.1181,0
17.4,0.0,89.8,7.0,0.1181,0
17.2,0.0,63.5,7.0,0.6548,1
17.2,0.0,63.5,7.0,0.6548,1
13.5,0.0,100.0,7.0,0.2636,0
15.8,0.0,96.4,7.0,0.0734,0
17.2,0.0,63.5,7.0,0.6548,1
17.2,0.0,63.5,7.0,0.6548,1
18.3,1.0,84.4,7.0,0.2,0
17.2,0.0,63.5,7.0,0.6548,1
17.2,0.0,63.5,7.0,0.6548,1
17.2,0.0,63.5,7.0,0.6548,1
17.2,0.0,63.5,7.0,0.6548,1
17.2,0.0,63.5,7.0,0.6548,1
16.2,0.0,37.5,7.0,0.2636,0
17.2,0.0,63.5,7.0,0.6548,1
17.2,0.0,63.5,7.0,0.6548,1
16.2,0.0,37.5,7.0,0.2636,0
17.2,0.0,63.5,7.0,0.6548,1
17.2,0.0,63.5,7.0,0.6548,1
17.2,0.0,63.5,7.0,0.6548,1
15.8,0.0,100.0,7.0,0.2636,0
13.9,0.0,100.0,7.0,0.2636,0
17.8,0.0,100.0,7.0,0.2636,0
12.4,0.0,100.0,7.0,0.2636,0
18.2,0.0,92.5,7.0,0.1899,0
18.2,0.0,92.5,7.0,0.1772,1
18.2,0.0,92.5,7.0,0.1899,0
18.2,0.0,92.5,7.0,0.1899,0
13.0,0.0,14.3,7.0,0.1458,0
18.2,0.0,92.5,7.0,0.1899,0
18.2,0.0,92.5,7.0,0.1899,0
15.7,0.0,14.3,7.0,0.1458,0
18.2,0.0,92.5,7.0,0.1899,0
18.2,0.0,92.5,7.0,0.1772,1
16.1,0.0,14.3,7.0,0.1458,0
18.2,0.0,92.5,7.0,0.1899,0
18.2,0.0,92.5,7.0,0.1899,0
18.2,0.0,92.5,7.0,0.1772,1
17.9,0.0,91.6,7.0,0.0588,0
17.9,0.0,91.6,7.0,0.0588,0
17.9,0.0,91.6,7.0,0.0588,0
17.9,0.0,91.6,7.0,0.0588,0
17.9,0.0,91.6,7.0,0.0588,0
18.2,0.0,92.5,7.0,0.1899,0
18.2,0.0,92.5,7.0,0.1899,0
18.2,0.0,92.5,7.0,0.1899,0
14.1,0.0,14.3,7.0,0.4146,1
14.4,0.0,14.3,7.0,0.439,0
18.2,0.0,92.5,7.0,0.1899,0
18.2,0.0,92.5,7.0,0.1772,1
18.2,0.0,92.5,7.0,0.1899,0
18.2,0.0,92.5,7.0,0.1899,0
18.2,0.0,92.5,7.0,0.1899,0
18.2,0.0,92.5,7.0,0.1899,0
18.2,0.0,92.5,7.0,0.1772,1
18.2,0.0,92.5,7.0,0.1899,0
17.2,0.0,98.7,7.0,0.0405,0
17.2,0.0,98.7,7.0,0.0405,0
17.2,0.0,98.7,7.0,0.0405,0
17.2,0.0,98.7,7.0,0.0405,0
16.2,0.0,98.7,7.0,0.0405,0
17.2,0.0,98.7,7.0,0.0405,0
17.2,0.0,98.7,7.0,0.0405,0
17.2,0.0,98.7,7.0,0.0405,0
17.2,0.0,98.7,7.0,0.0405,0
17.2,0.0,98.7,7.0,0.0405,0
17.2,0.0,98.7,7.0,0.0405,0
17.0,0.0,98.7,7.0,0.0405,0
17.2,0.0,98.7,7.0,0.0405,0
17.0,0.0,98.7,7.0,0.0405,0
15.3,0.0,25.0,7.0,0.2636,0
15.3,0.0,25.0,7.0,0.2636,0
15.3,0.0,25.0,7.0,0.2636,0
15.3,0.0,25.0,7.0,0.2636,0
12.0,0.0,25.0,7.0,0.2636,0
15.3,0.0,25.0,7.0,0.2636,0
15.3,0.0,25.0,7.0,0.2636,0
18.2,0.0,92.5,7.0,0.1899,0
15.8,0.0,96.4,7.0,0.0734,0
18.2,0.0,92.5,7.0,0.1899,0
18.2,0.0,92.5,7.0,0.1899,0
17.9,0.0,91.6,7.0,0.0588,0
17.9,0.0,91.6,7.0,0.0588,0
17.9,0.0,91.6,7.0,0.0588,0
17.9,0.0,91.6,7.0,0.0588,0
18.2,0.0,92.5,7.0,0.1899,0
15.5,0.0,21.1,7.0,0.2636,0
16.1,0.0,73.7,7.0,0.2636,1
18.2,0.0,92.5,7.0,0.1899,0
18.2,0.0,92.5,7.0,0.1899,0
16.3,0.0,21.1,7.0,0.2636,0
14.9,0.0,21.1,7.0,0.2636,0
18.2,0.0,92.5,7.0,0.1772,1
17.0,0.0,42.5,7.0,0.1608,0
18.2,0.0,92.5,7.0,0.1899,0
18.2,0.0,92.5,7.0,0.1899,0
18.2,0.0,92.5,7.0,0.1899,0
13.7,0.0,100.0,7.0,0.2636,0
13.7,0.0,42.5,7.0,0.1608,0
17.4,0.0,42.5,7.0,0.1608,0
18.2,0.0,92.5,7.0,0.1899,0
18.2,0.0,92.5,7.0,0.1899,0
17.4,0.0,42.5,7.0,0.1608,0
18.2,0.0,92.5,7.0,0.1899,0
12.6,0.0,21.1,7.0,0.2636,0
14.9,0.0,57.9,7.0,0.4286,0
18.2,0.0,92.5,7.0,0.1899,0
18.2,0.0,92.5,7.0,0.1899,0
12.2,0.0,100.0,7.0,0.2636,0
12.2,0.0,100.0,7.0,0.2636,0
12.2,0.0,75.0,7.0,0.2636,0
17.8,0.0,42.5,7.0,0.1608,0
13.6,0.0,42.5,7.0,0.1558,1
18.1,0.0,42.5,7.0,0.1608,0
18.1,0.0,42.5,7.0,0.1608,0
17.8,0.0,42.5,7.0,0.1558,1
16.5,0.0,80.8,7.0,0.2636,0
12.6,0.0,21.1,7.0,0.2636,0
13.9,0.0,21.1,7.0,0.2636,0
13.8,0.0,21.1,7.0,0.2636,0
12.6,0.0,21.1,7.0,0.2636,0
12.6,0.0,21.1,7.0,0.2636,0
14.7,0.0,21.1,7.0,0.2636,1
17.0,0.0,98.7,7.0,0.0405,0
17.0,0.0,98.7,7.0,0.0405,0
17.0,0.0,98.7,7.0,0.0405,0
17.0,0.0,98.7,7.0,0.0405,0
17.0,0.0,98.7,7.0,0.0405,0
17.9,0.0,91.6,7.0,0.0588,0
17.0,0.0,26.8,7.0,0.036,0
16.0,0.0,26.8,7.0,0.036,0
15.5,0.0,26.8,7.0,0.036,0
15.5,0.0,26.8,7.0,0.036,0
15.5,0.0,26.8,7.0,0.036,0
15.5,0.0,26.8,7.0,0.036,0
15.5,0.0,26.8,7.0,0.036,0
15.5,0.0,26.8,7.0,0.036,0
15.5,0.0,26.8,7.0,0.036,0
15.5,0.0,26.8,7.0,0.036,0
15.5,0.0,26.8,7.0,0.036,0
15.5,0.0,26.8,7.0,0.036,0
17.9,0.0,91.6,7.0,0.0588,0
14.7,0.0,26.8,7.0,0.036,0
12.0,0.0,100.0,7.0,0.2636,0
14.9,0.0,59.7,7.0,0.4648,1
14.1,0.0,28.4,7.0,0.6618,1
14.1,0.0,28.4,7.0,0.6618,1
14.1,0.0,28.4,7.0,0.6618,1
14.1,0.0,28.4,7.0,0.6618,1
14.1,0.0,28.4,7.0,0.6618,1
14.1,0.0,28.4,7.0,0.6618,1
14.1,0.0,28.4,7.0,0.6618,1
14.1,0.0,28.4,7.0,0.6618,1
14.1,0.0,28.4,7.0,0.6618,1
14.1,0.0,28.4,7.0,0.6667,0
14.1,0.0,28.4,7.0,0.6618,1
14.1,0.0,28.4,7.0,0.6618,1
14.1,0.0,28.4,7.0,0.6618,1
14.1,0.0,28.4,7.0,0.6618,1
14.1,0.0,28.4,7.0,0.6618,1
14.1,0.0,28.4,7.0,0.6618,1
14.1,0.0,28.4,7.0,0.6618,1
14.1,0.0,28.4,7.0,0.6618,1
14.1,0.0,28.4,7.0,0.6618,1
14.1,0.0,28.4,7.0,0.6618,1
14.1,0.0,28.4,7.0,0.6618,1
14.1,0.0,28.4,7.0,0.6618,1
14.1,0.0,28.4,7.0,0.6618,1
14.1,0.0,28.4,7.0,0.6618,1
14.1,0.0,28.4,7.0,0.6618,1
14.1,0.0,28.4,7.0,0.6618,1
14.1,0.0,28.4,7.0,0.6618,1
14.1,0.0,28.4,7.0,0.6618,1
14.1,0.0,28.4,7.0,0.6618,1
14.1,0.0,28.4,7.0,0.6618,1
14.1,0.0,28.4,7.0,0.6618,1
14.1,0.0,28.4,7.0,0.6618,1
14.1,0.0,28.4,7.0,0.6618,1
12.2,0.0,73.5,7.0,0.0179,0
15.6,0.0,73.5,7.0,0.0179,0
16.5,0.0,73.5,7.0,0.0244,1
16.5,0.0,73.5,7.0,0.0366,0
16.5,0.0,73.5,7.0,0.0244,1
16.9,0.0,73.5,7.0,0.0366,0
16.9,0.0,73.5,7.0,0.0366,0
16.9,0.0,73.5,7.0,0.0244,1
16.9,0.0,73.5,7.0,0.0366,0
14.9,0.0,50.0,7.0,0.0286,0
15.4,0.0,35.7,7.0,0.2636,1
14.4,0.0,82.7,7.0,0.1992,0
12.0,0.0,84.6,7.0,0.2299,0
14.1,0.0,28.4,7.0,0.6618,1
14.1,0.0,28.4,7.0,0.6667,0
14.1,0.0,28.4,7.0,0.6667,0
14.1,0.0,28.4,7.0,0.6618,1
14.1,0.0,28.4,7.0,0.6667,0
14.1,0.0,28.4,7.0,0.6667,0
14.1,0.0,28.4,7.0,0.6667,0
14.1,0.0,28.4,7.0,0.6618,1
14.1,0.0,28.4,7.0,0.6667,0
14.1,0.0,28.4,7.0,0.6667,0
14.1,0.0,28.4,7.0,0.6618,1
14.1,0.0,28.4,7.0,0.6667,0
14.1,0.0,28.4,7.0,0.6667,0
14.1,0.0,28.4,7.0,0.6667,0
14.1,0.0,28.4,7.0,0.6618,1
14.1,0.0,28.4,7.0,0.6618,1
14.1,0.0,28.4,7.0,0.6618,1
14.1,0.0,28.4,7.0,0.6667,0
14.1,0.0,28.4,7.0,0.6667,0
14.1,0.0,28.4,7.0,0.6618,1
17.4,0.0,89.8,7.0,0.1181,0
17.4,0.0,89.8,7.0,0.1102,1
17.4,0.0,89.8,7.0,0.1181,0
17.4,0.0,89.8,7.0,0.1102,1
17.4,0.0,89.8,7.0,0.1181,0
14.1,1.0,21.1,9.0,0.2636,1
17.4,0.0,89.8,7.0,0.1102,1
17.4,0.0,89.8,7.0,0.1181,0
17.0,0.0,64.4,7.0,0.3483,0
17.0,0.0,64.4,7.0,0.3483,0
16.9,0.0,64.4,7.0,0.3483,0
16.9,0.0,64.4,7.0,0.3483,0
16.9,0.0,64.4,7.0,0.3483,0
17.0,0.0,83.0,7.0,0.3218,0
17.0,0.0,83.0,7.0,0.3218,0
16.5,0.0,40.0,7.0,0.2636,1
16.8,0.0,40.0,7.0,0.2636,1
17.8,0.0,50.0,7.0,0.1972,1
17.8,0.0,50.0,7.0,0.2113,0
14.1,0.0,61.6,7.0,0.1122,0
14.1,0.0,61.6,7.0,0.1122,0
14.1,0.0,61.6,7.0,0.102,1
14.1,0.0,61.6,7.0,0.102,1
14.1,0.0,61.6,7.0,0.102,1
13.5,0.0,87.8,7.0,0.0959,0
13.5,0.0,87.8,7.0,0.0959,0
13.5,0.0,87.8,7.0,0.0959,0
13.6,0.0,100.0,7.0,0.2636,0
13.6,0.0,100.0,7.0,0.2636,0
13.6,0.0,100.0,7.0,0.2636,0
13.6,0.0,100.0,7.0,0.2636,0
13.6,0.0,100.0,7.0,0.2636,0
13.6,0.0,100.0,7.0,0.2636,0
13.6,0.0,100.0,7.0,0.2636,0
13.6,0.0,100.0,7.0,0.2636,0
13.6,0.0,100.0,7.0,0.2636,0
13.6,0.0,100.0,7.0,0.2636,0
13.6,0.0,100.0,7.0,0.2636,0
13.3,0.0,87.8,7.0,0.0959,0
13.5,0.0,87.8,7.0,0.0959,0
14.0,0.0,100.0,7.0,0.2636,0
13.5,0.0,87.8,7.0,0.0959,0
14.0,0.0,87.8,7.0,0.0959,0
13.6,0.0,100.0,7.0,0.2636,0
13.6,0.0,100.0,7.0,0.2636,0
13.6,0.0,100.0,7.0,0.2636,0
13.6,0.0,100.0,7.0,0.2636,0
13.6,0.0,100.0,7.0,0.2636,0
13.6,0.0,100.0,7.0,0.2636,0
13.6,0.0,100.0,7.0,0.2636,0
13.6,0.0,100.0,7.0,0.2636,0
13.6,0.0,100.0,7.0,0.2636,0
13.5,0.0,87.8,7.0,0.0959,0
16.5,0.0,80.8,7.0,0.2636,0
13.5,0.0,87.8,7.0,0.0822,1
13.5,0.0,87.8,7.0,0.0959,0
17.0,0.0,47.1,7.0,0.2636,0
12.2,0.0,100.0,7.0,0.2636,0
12.2,1.0,29.2,7.0,0.6071,1
17.4,0.0,42.5,7.0,0.1608,0
14.6,0.0,42.5,7.0,0.1608,0
17.4,0.0,42.5,7.0,0.1608,0
17.4,0.0,42.5,7.0,0.1608,0
17.4,0.0,42.5,7.0,0.1608,0
14.5,0.0,42.5,7.0,0.1558,1
17.4,0.0,42.5,7.0,0.1608,0
15.5,0.0,92.9,7.0,0.2636,1
15.5,0.0,92.9,7.0,0.2636,0
14.6,0.0,62.9,7.0,0.1698,0
14.6,0.0,62.9,7.0,0.1698,0
14.6,0.0,62.9,7.0,0.1698,0
16.6,0.0,76.9,7.0,0.3271,0
17.0,0.0,64.5,7.0,0.3913,0
13.3,0.0,69.1,7.0,0.123,0
16.1,0.0,55.7,7.0,0.9487,1
14.1,0.0,26.3,7.0,0.2973,0
15.6,0.0,54.5,7.0,0.2812,0
14.9,0.0,37.2,8.0,0.119,0
14.0,0.0,37.2,7.0,0.119,0
16.7,0.0,37.2,7.0,0.0952,1
16.7,0.0,37.2,8.0,0.119,0
14.0,0.0,87.8,7.0,0.0959,0
14.0,0.0,87.8,7.0,0.0959,0
14.0,0.0,37.2,7.0,0.119,0
16.7,0.0,37.2,7.0,0.119,0
15.6,0.0,26.0,8.0,0.0909,0
13.3,0.0,87.8,7.0,0.0959,0
16.5,0.0,26.0,8.0,0.0909,0
14.0,0.0,87.8,7.0,0.0959,0
13.5,0.0,87.8,7.0,0.0959,0
14.0,0.0,87.8,7.0,0.0959,0
15.6,0.0,26.0,7.0,0.0909,0
14.6,0.0,87.8,7.0,0.0959,0
13.3,0.0,87.8,7.0,0.0959,0
15.3,0.0,87.8,7.0,0.0959,0
15.6,0.0,26.0,7.0,0.0909,0
14.9,0.0,13.7,7.0,0.1099,0
18.3,0.0,59.1,7.0,0.4186,0
18.3,0.0,59.1,7.0,0.4186,0
13.3,3.0,88.8,7.0,0.8344,0
17.4,3.0,82.0,7.0,0.1705,0
17.7,0.0,94.4,8.0,0.2636,0
16.9,0.0,92.1,7.0,0.2097,1
16.9,0.0,92.1,7.0,0.2258,0
14.9,0.0,92.1,7.0,0.2258,0
16.9,0.0,92.1,7.0,0.2097,1
14.9,0.0,92.1,7.0,0.2097,1
14.9,0.0,92.1,7.0,0.2258,0
15.1,0.0,93.4,7.0,0.0132,0
15.1,0.0,93.4,7.0,0.0132,0
15.1,0.0,93.4,7.0,0.0132,0
15.1,0.0,93.4,7.0,0.0132,0
15.1,0.0,93.4,7.0,0.0132,0
15.1,0.0,93.4,7.0,0.0132,0
15.1,0.0,93.4,7.0,0.0132,0
15.1,0.0,93.4,7.0,0.0132,0
15.1,0.0,93.4,7.0,0.0132,0
12.7,0.0,55.6,9.0,0.2636,0
12.2,0.0,100.0,7.0,0.2636,0
16.5,0.0,89.2,7.0,0.1094,0
16.5,0.0,89.2,7.0,0.1094,0
16.5,0.0,89.2,7.0,0.1094,0
16.5,0.0,89.2,7.0,0.1094,0
16.5,0.0,89.2,7.0,0.1094,0
16.5,0.0,89.2,7.0,0.1094,0
16.5,0.0,89.2,7.0,0.1094,0
16.5,0.0,89.2,7.0,0.1094,0
16.5,0.0,89.2,7.0,0.1094,0
16.5,0.0,89.2,7.0,0.1094,0
16.5,0.0,89.2,7.0,0.1094,0
16.5,0.0,89.2,7.0,0.1094,0
16.5,0.0,89.2,7.0,0.1094,0
16.5,0.0,89.2,7.0,0.1094,0
13.3,0.0,26.0,7.0,0.5972,1
13.3,0.0,26.0,7.0,0.5972,1
13.3,0.0,26.0,7.0,0.5972,1
14.2,0.0,26.0,7.0,0.5972,1
13.3,0.0,26.0,7.0,0.6111,0
16.0,0.0,26.0,7.0,0.5972,1
16.5,0.0,89.2,7.0,0.1094,0
16.5,0.0,89.2,7.0,0.1094,0
16.5,0.0,89.2,7.0,0.1094,0
17.8,0.0,89.2,7.0,0.1094,0
17.8,0.0,89.2,7.0,0.1094,0
17.8,0.0,89.2,7.0,0.1094,0
17.8,0.0,89.2,7.0,0.1094,0
17.8,0.0,89.2,7.0,0.1094,0
17.8,0.0,89.2,7.0,0.1094,0
17.8,0.0,89.2,7.0,0.1094,0
17.8,0.0,89.2,7.0,0.1094,0
17.8,0.0,89.2,7.0,0.1094,0
17.8,0.0,89.2,7.0,0.1094,0
17.8,0.0,89.2,7.0,0.1094,0
17.8,0.0,89.2,7.0,0.1094,0
17.8,0.0,89.2,7.0,0.1094,0
17.8,0.0,89.2,7.0,0.1094,0
17.8,0.0,89.2,7.0,0.1094,0
17.8,0.0,89.2,7.0,0.1094,0
17.8,0.0,89.2,7.0,0.1094,0
17.8,0.0,89.2,7.0,0.1094,0
17.8,0.0,89.2,7.0,0.1094,0
17.8,0.0,89.2,7.0,0.1094,0
17.8,0.0,89.2,7.0,0.1094,0
17.0,0.0,89.2,7.0,0.1094,0
17.0,0.0,89.2,7.0,0.1094,0
17.0,0.0,89.2,7.0,0.1094,0
17.0,0.0,89.2,7.0,0.1094,0
17.0,0.0,89.2,7.0,0.1094,0
17.0,0.0,89.2,7.0,0.1094,0
17.0,0.0,89.2,7.0,0.1094,0
14.1,1.0,100.0,7.0,0.2636,0
17.8,0.0,89.2,7.0,0.1094,0
17.8,0.0,89.2,7.0,0.1094,0
17.8,0.0,89.2,7.0,0.1094,0
17.8,0.0,89.2,7.0,0.1094,0
17.8,0.0,89.2,7.0,0.0938,1
17.8,0.0,89.2,7.0,0.0938,1
17.8,0.0,89.2,7.0,0.0938,1
17.8,0.0,89.2,7.0,0.0938,1
17.8,0.0,89.2,7.0,0.1094,0
17.4,0.0,89.2,7.0,0.1094,0
17.4,0.0,89.2,7.0,0.0938,1
16.3,0.0,68.4,7.0,0.2636,0
13.3,0.0,60.0,7.0,0.2636,1
13.9,0.0,60.0,7.0,0.2636,0
13.9,0.0,60.0,7.0,0.2636,1
13.9,0.0,60.0,7.0,0.2636,1
13.9,0.0,60.0,7.0,0.2636,1
13.9,0.0,60.0,7.0,0.2636,0
13.9,0.0,60.0,7.0,0.2636,1
13.9,0.0,60.0,7.0,0.2636,0
16.5,0.0,42.5,7.0,0.1608,0
16.5,0.0,42.5,7.0,0.1608,0
16.5,0.0,42.5,7.0,0.1608,0
16.6,0.0,42.5,7.0,0.1608,0
16.3,0.0,42.5,7.0,0.1608,0
16.3,0.0,42.5,7.0,0.1608,0
14.6,0.0,26.0,7.0,0.0909,0
14.6,0.0,26.0,7.0,0.0909,0
14.9,0.0,26.0,7.0,0.0909,0
14.9,0.0,26.0,7.0,0.0909,0
14.9,0.0,26.0,7.0,0.0909,0
14.9,0.0,26.0,7.0,0.0909,0
16.5,0.0,26.0,7.0,0.0909,0
16.7,0.0,42.5,7.0,0.1608,0
14.5,0.0,21.1,7.0,0.2636,0
16.3,0.0,42.5,7.0,0.1608,0
16.5,0.0,42.5,7.0,0.1608,0
16.5,0.0,42.5,7.0,0.1608,0
16.5,0.0,42.5,7.0,0.1608,0
16.5,0.0,42.5,7.0,0.1608,0
16.3,0.0,42.5,7.0,0.1608,0
16.3,0.0,42.5,7.0,0.1608,0
16.5,0.0,42.5,7.0,0.1608,0
12.1,0.0,42.5,7.0,0.1608,0
16.5,0.0,42.5,7.0,0.1608,0
16.5,0.0,42.5,7.0,0.1608,0
16.5,0.0,42.5,7.0,0.1608,0
16.5,0.0,42.5,7.0,0.1608,0
16.8,0.0,42.5,7.0,0.1608,0
17.4,0.0,42.5,7.0,0.1608,0
17.4,0.0,42.5,7.0,0.1608,0
17.4,0.0,42.5,7.0,0.1608,0
17.4,0.0,42.5,7.0,0.1608,0
17.4,0.0,42.5,7.0,0.1608,0
17.4,0.0,42.5,7.0,0.1608,0
13.3,0.0,42.5,7.0,0.1608,0
14.3,0.0,26.0,8.0,0.6111,0
12.0,0.0,60.0,8.0,0.2636,0
13.3,0.0,60.0,7.0,0.2636,1
14.0,0.0,21.1,7.0,0.2636,0
13.3,0.0,60.0,7.0,0.2636,1
16.3,0.0,64.4,7.0,0.2727,0
17.9,0.0,95.2,7.0,0.0097,0
17.9,0.0,97.0,7.0,0.1018,0
17.9,0.0,97.0,7.0,0.1018,0
13.7,0.0,40.0,7.0,0.2636,0
17.0,0.0,57.1,7.0,0.4407,0
17.4,0.0,89.8,7.0,0.1102,1
17.4,0.0,89.8,7.0,0.1181,0
17.4,0.0,89.8,7.0,0.1181,0
17.0,0.0,37.8,7.0,0.5085,0
15.0,0.0,37.8,7.0,0.5085,0
17.0,0.0,37.8,7.0,0.5085,0
16.3,0.0,50.0,7.0,0.2636,0
15.1,0.0,50.0,7.0,0.2636,1
16.3,0.0,50.0,7.0,0.2636,0
12.1,0.0,100.0,7.0,0.2636,0
12.1,0.0,100.0,7.0,0.2636,0
15.1,0.0,42.9,7.0,0.2636,0
13.7,0.0,90.8,8.0,0.1237,0
13.7,0.0,90.8,8.0,0.1237,0
13.7,0.0,90.8,8.0,0.1237,0
13.7,0.0,90.8,8.0,0.1237,0
13.7,0.0,90.8,8.0,0.1237,0
13.7,0.0,90.8,8.0,0.1237,0
13.7,0.0,90.8,7.0,0.1237,0
13.7,0.0,90.8,7.0,0.1237,0
14.6,0.0,42.5,7.0,0.1608,0
14.6,0.0,42.5,7.0,0.1608,0
14.6,0.0,42.5,7.0,0.1608,0
14.6,0.0,42.5,7.0,0.1608,0
14.6,0.0,42.5,7.0,0.1608,0
18.1,0.0,69.3,7.0,0.3882,0
18.1,0.0,69.3,7.0,0.3882,0
16.0,0.0,44.4,7.0,0.2636,0
18.1,0.0,69.3,7.0,0.3816,1
18.1,0.0,69.3,7.0,0.3882,0
18.1,0.0,69.3,7.0,0.3882,0
16.5,0.0,48.7,7.0,0.4183,1
18.1,0.0,69.3,7.0,0.3882,0
18.1,0.0,69.3,7.0,0.3882,0
18.1,0.0,69.3,7.0,0.3882,0
18.1,0.0,69.3,7.0,0.3882,0
17.0,1.0,90.0,7.0,0.1628,0
18.1,0.0,69.3,7.0,0.3882,0
18.1,0.0,69.3,7.0,0.3882,0
18.1,0.0,69.3,7.0,0.3816,1
18.1,0.0,69.3,7.0,0.3882,0
18.1,0.0,69.3,7.0,0.3882,0
18.1,0.0,69.3,7.0,0.3882,0
18.2,0.0,69.3,7.0,0.3816,1
18.2,0.0,69.3,7.0,0.3882,0
18.2,0.0,69.3,7.0,0.3882,0
16.7,0.0,43.9,7.0,0.1546,0
15.2,0.0,43.9,7.0,0.1546,0
14.4,0.0,62.9,7.0,0.1698,0
14.0,0.0,62.9,7.0,0.1698,0
14.4,0.0,62.9,7.0,0.1698,0
14.7,0.0,62.9,7.0,0.1698,0
14.7,0.0,62.9,7.0,0.1698,0
16.7,0.0,60.0,7.0,0.2636,0
16.7,0.0,60.0,7.0,0.2636,0
16.7,0.0,60.0,7.0,0.2636,0
16.6,0.0,60.0,7.0,0.2636,1
17.9,0.0,63.4,7.0,0.35,0
16.1,0.0,44.4,8.0,0.2636,0
16.1,0.0,44.4,8.0,0.2636,0
15.4,0.0,94.4,7.0,0.2636,0
17.9,0.0,44.4,8.0,0.2636,0
13.7,0.0,42.5,7.0,0.1608,0
16.3,0.0,64.4,7.0,0.2727,0
16.5,0.0,95.0,7.0,0.1919,0
16.3,0.0,64.4,7.0,0.2727,0
16.3,0.0,64.4,7.0,0.2727,0
16.3,0.0,64.4,7.0,0.2727,0
16.3,0.0,64.4,7.0,0.2727,0
18.1,0.0,100.0,8.0,0.2636,0
16.2,0.0,68.6,7.0,0.1739,0
16.3,0.0,64.4,7.0,0.2727,0
16.2,0.0,68.6,7.0,0.1739,0
16.3,0.0,64.4,7.0,0.2727,0
16.3,0.0,64.4,7.0,0.2727,0
16.3,0.0,64.4,7.0,0.2727,0
16.3,0.0,39.4,7.0,0.2222,1
16.3,0.0,64.4,7.0,0.2727,0
15.9,0.0,84.6,8.0,0.2299,0
17.4,0.0,84.6,7.0,0.2285,1
17.9,0.0,91.6,7.0,0.0588,0
17.9,0.0,91.6,7.0,0.0588,0
17.9,0.0,91.6,7.0,0.0588,0
17.9,0.0,91.6,7.0,0.0588,0
17.9,0.0,91.6,7.0,0.0588,0
15.6,0.0,66.7,7.0,0.2636,1
13.3,0.0,66.7,7.0,0.2636,0
13.3,0.0,66.7,7.0,0.2636,0
15.6,0.0,66.7,7.0,0.2636,0
15.5,0.0,42.9,7.0,0.2636,0
15.5,0.0,42.9,7.0,0.2636,1
15.8,0.0,88.3,7.0,0.2235,0
16.7,0.0,88.3,7.0,0.2235,0
12.5,1.0,7.1,7.0,0.2636,0
16.5,0.0,48.7,7.0,0.4248,0
16.5,0.0,48.7,7.0,0.4248,0
12.4,0.0,48.7,7.0,0.4248,0
13.3,0.0,48.7,7.0,0.4183,1
13.3,0.0,48.7,7.0,0.4248,0
13.3,0.0,48.7,7.0,0.4248,0
16.0,0.0,87.9,7.0,0.1657,1
17.6,0.0,76.9,7.0,0.3271,0
14.0,0.0,26.0,7.0,0.0909,0
15.6,0.0,26.0,7.0,0.0909,0
15.3,0.0,33.3,7.0,0.2636,1
16.4,0.0,96.5,7.0,0.0235,0
16.4,0.0,96.5,7.0,0.0235,0
17.5,0.0,96.5,7.0,0.0235,0
13.3,0.0,46.2,7.0,0.2222,1
13.8,0.0,7.7,7.0,0.2636,0
16.7,0.0,4.8,7.0,0.2636,0
17.8,0.0,64.9,7.0,0.3333,0
13.8,0.0,7.7,7.0,0.2636,0
16.7,0.0,4.8,7.0,0.2636,0
17.7,0.0,0.0,7.0,0.1714,0
16.7,0.0,90.0,7.0,0.1628,0
17.4,0.0,90.0,7.0,0.155,1
17.0,0.0,90.0,7.0,0.1628,0
17.0,0.0,90.0,7.0,0.1628,0
17.0,0.0,90.0,7.0,0.1628,0
17.0,0.0,90.0,7.0,0.1628,0
17.0,0.0,90.0,7.0,0.1628,0
17.4,0.0,90.0,7.0,0.1628,0
16.0,0.0,18.8,7.0,0.2636,0
16.0,0.0,18.8,7.0,0.2636,0
14.7,0.0,0.0,7.0,0.2632,0
14.7,0.0,0.0,7.0,0.2632,0
14.7,0.0,0.0,7.0,0.2632,0
14.7,0.0,0.0,7.0,0.2632,0
17.8,0.0,98.0,7.0,0.04,0
17.8,0.0,98.0,7.0,0.04,0
17.8,0.0,98.0,7.0,0.04,0
16.7,0.0,4.8,7.0,0.2636,0
16.9,0.0,81.0,7.0,0.0843,0
16.9,0.0,81.0,7.0,0.0843,0
16.8,0.0,81.0,7.0,0.0843,0
16.9,0.0,81.0,7.0,0.0843,0
16.9,0.0,81.0,7.0,0.0843,0
16.7,0.0,4.8,7.0,0.2636,0
14.4,0.0,80.0,7.0,0.1351,0
14.4,0.0,80.0,7.0,0.1351,0
16.7,0.0,4.8,7.0,0.2636,0
17.1,0.0,80.0,7.0,0.1351,0
17.1,0.0,80.0,7.0,0.1351,0
16.7,0.0,4.8,7.0,0.2636,0
14.4,0.0,80.0,7.0,0.1351,0
14.4,0.0,80.0,7.0,0.1351,0
14.4,0.0,80.0,7.0,0.1351,0
16.7,0.0,4.8,7.0,0.2636,0
14.4,0.0,80.0,7.0,0.1351,0
17.1,0.0,80.0,7.0,0.1351,0
16.7,0.0,4.8,7.0,0.2636,0
16.7,0.0,4.8,7.0,0.2636,0
16.7,0.0,4.8,7.0,0.2636,0
16.9,0.0,92.1,7.0,0.2258,0
17.4,0.0,92.1,7.0,0.2258,0
16.7,0.0,4.8,7.0,0.2636,0
15.6,0.0,66.7,7.0,0.2636,0
16.7,0.0,4.8,7.0,0.2636,0
16.7,0.0,4.8,7.0,0.2636,0
16.7,0.0,4.8,7.0,0.2636,0
15.3,0.0,4.8,7.0,0.2636,0
15.1,0.0,22.4,7.0,0.1458,0
15.1,0.0,22.4,7.0,0.125,1
14.3,0.0,46.2,7.0,0.2333,0
15.3,0.0,22.4,7.0,0.125,1
15.3,0.0,22.4,7.0,0.125,1
17.1,0.0,80.0,7.0,0.1351,0
17.1,0.0,80.0,7.0,0.1351,0
17.1,0.0,80.0,7.0,0.1351,0
17.1,0.0,80.0,7.0,0.1351,0
17.1,0.0,80.0,7.0,0.1351,0
17.1,0.0,80.0,7.0,0.1351,0
17.1,0.0,80.0,7.0,0.1351,0
14.6,0.0,91.4,8.0,0.1404,0
17.1,0.0,80.0,7.0,0.1351,0
17.1,0.0,80.0,7.0,0.1351,0
17.5,0.0,80.0,7.0,0.1351,0
17.5,0.0,80.0,7.0,0.1351,0
17.5,0.0,96.5,7.0,0.0235,0
17.5,0.0,96.5,7.0,0.0235,0
17.5,0.0,96.5,7.0,0.0235,0
16.4,0.0,96.5,7.0,0.0235,0
15.9,0.0,96.5,7.0,0.0235,0
15.4,0.0,71.4,7.0,0.4,1
16.2,0.0,71.4,7.0,0.4182,0
13.8,0.0,71.4,7.0,0.4,1
16.5,0.0,73.7,7.0,0.2636,0
17.1,0.0,55.6,7.0,0.2636,0
12.7,0.0,83.0,7.0,0.3103,1
18.3,0.0,66.7,7.0,0.2636,0
17.9,0.0,100.0,7.0,0.2636,0
17.5,0.0,96.5,7.0,0.0235,0
17.5,0.0,96.5,7.0,0.0235,0
15.9,0.0,96.5,9.0,0.0118,1
17.5,0.0,96.5,7.0,0.0235,0
17.5,0.0,96.5,7.0,0.0235,0
17.5,0.0,96.5,7.0,0.0235,0
17.0,0.0,55.7,7.0,0.9487,1
16.8,0.0,86.5,7.0,0.3333,0
16.8,0.0,86.5,7.0,0.3333,0
16.8,0.0,86.5,7.0,0.3333,0
16.8,0.0,86.5,7.0,0.3333,0
16.8,0.0,86.5,7.0,0.3333,0
16.8,0.0,86.5,7.0,0.3333,0
16.8,0.0,86.5,7.0,0.3333,0
16.8,0.0,86.5,7.0,0.3333,0
16.8,0.0,86.5,7.0,0.3333,0
16.8,0.0,86.5,7.0,0.3333,0
17.5,0.0,96.5,7.0,0.0235,0
17.0,0.0,55.7,7.0,0.9487,1
17.5,0.0,96.5,7.0,0.0235,0
17.5,0.0,96.5,7.0,0.0235,0
17.0,0.0,55.7,7.0,0.9487,1
16.6,1.0,88.3,7.0,0.2235,0
17.0,0.0,55.7,7.0,0.9487,1
16.6,0.0,88.3,7.0,0.2235,0
13.7,0.0,96.5,7.0,0.0235,0
17.0,0.0,55.7,7.0,0.9487,1
14.6,0.0,62.9,7.0,0.1698,0
17.0,0.0,55.7,7.0,0.9487,1
16.4,0.0,96.5,7.0,0.0235,0
17.0,0.0,55.7,7.0,0.9487,1
13.7,0.0,62.9,7.0,0.1698,0
14.6,0.0,62.9,7.0,0.1698,0
14.6,0.0,62.9,7.0,0.1698,0
15.9,0.0,66.7,8.0,0.2636,1
15.9,0.0,66.7,7.0,0.2636,1
16.5,0.0,84.9,7.0,0.1453,1
12.7,0.0,75.8,7.0,0.6923,1
12.7,0.0,75.8,7.0,0.6923,1
12.7,0.0,75.8,7.0,0.6923,1
12.7,0.0,75.8,7.0,0.6923,1
13.9,0.0,75.8,7.0,0.7077,0
12.7,0.0,75.8,7.0,0.6923,1
13.9,0.0,75.8,7.0,0.7077,0
13.9,0.0,75.8,7.0,0.7077,0
13.9,0.0,75.8,7.0,0.7077,0
12.7,0.0,75.8,7.0,0.6923,1
12.7,0.0,75.8,7.0,0.6923,1
13.9,0.0,76.9,7.0,0.7163,0
13.9,0.0,76.9,7.0,0.7163,0
13.9,0.0,76.9,7.0,0.7163,0
15.3,0.0,76.9,7.0,0.7156,1
17.6,0.0,0.0,7.0,0.2636,0
16.3,0.0,46.2,7.0,0.2333,0
17.9,0.0,73.7,7.0,0.2636,0
16.9,0.0,64.4,7.0,0.3483,0
16.9,0.0,64.4,7.0,0.3483,0
17.0,0.0,64.4,7.0,0.3483,0
16.4,0.0,39.1,8.0,0.2326,0
16.1,0.0,58.1,7.0,0.6293,1
13.6,0.0,83.0,7.0,0.3218,0
15.1,0.0,89.2,7.0,0.0978,0
13.9,0.0,76.9,7.0,0.7163,0
13.9,0.0,76.9,7.0,0.7163,0
13.9,0.0,76.9,7.0,0.7163,0
13.9,0.0,76.9,7.0,0.7163,0
13.9,0.0,76.9,7.0,0.7163,0
17.0,0.0,47.1,7.0,0.2636,1
13.9,0.0,76.9,7.0,0.7163,0
16.3,0.0,39.4,7.0,0.2315,0
14.0,0.0,0.0,7.0,0.2636,1
13.9,0.0,76.9,7.0,0.7163,0
14.9,0.0,88.8,7.0,0.2143,0
14.9,0.0,88.8,7.0,0.2143,0
13.9,0.0,76.9,7.0,0.7163,0
13.9,0.0,76.9,7.0,0.7163,0
13.9,0.0,76.9,7.0,0.7163,0
13.9,0.0,76.9,7.0,0.7163,0
13.9,0.0,76.9,7.0,0.7163,0
13.9,0.0,76.9,7.0,0.7163,0
13.9,0.0,76.9,7.0,0.7163,0
13.9,0.0,76.9,7.0,0.7163,0
13.9,0.0,76.9,7.0,0.7163,0
13.9,0.0,76.9,7.0,0.7163,0
13.9,0.0,76.9,7.0,0.7163,0
17.9,0.0,69.3,7.0,0.3816,1
17.9,0.0,69.3,7.0,0.3882,0
13.9,0.0,76.9,7.0,0.7163,0
17.9,0.0,69.3,7.0,0.3882,0
17.9,0.0,69.3,7.0,0.3882,0
17.9,0.0,69.3,7.0,0.3882,0
17.0,0.0,75.6,7.0,0.2921,0
13.9,0.0,76.9,7.0,0.7163,0
13.9,0.0,76.9,7.0,0.7163,0
18.0,0.0,46.7,7.0,0.4615,0
13.9,0.0,76.9,7.0,0.7163,0
13.9,0.0,76.9,7.0,0.7163,0
13.9,0.0,76.9,7.0,0.7163,0
13.9,0.0,76.9,7.0,0.7163,0
13.9,0.0,76.9,7.0,0.7163,0
13.9,0.0,76.9,7.0,0.7163,0
13.9,0.0,76.9,7.0,0.7163,0
14.6,0.0,100.0,7.0,0.2636,0
13.9,0.0,76.9,7.0,0.7163,0
13.9,0.0,76.9,7.0,0.7163,0
13.9,0.0,76.9,7.0,0.7163,0
13.9,0.0,76.9,7.0,0.7163,0
13.9,0.0,76.9,7.0,0.7163,0
13.9,0.0,76.9,7.0,0.7163,0
15.1,0.0,29.4,7.0,0.2636,0
13.9,0.0,76.9,7.0,0.7163,0
13.9,0.0,76.9,7.0,0.7163,0
14.0,0.0,72.6,7.0,0.234,0
14.0,0.0,72.6,7.0,0.234,0
12.4,0.0,72.6,7.0,0.2234,1
13.9,0.0,76.9,7.0,0.7163,0
13.0,0.0,79.5,7.0,0.0,0
13.9,0.0,76.9,7.0,0.7163,0
13.9,0.0,76.9,7.0,0.7163,0
13.9,0.0,76.9,7.0,0.7163,0
13.9,0.0,76.9,7.0,0.7163,0
13.9,0.0,79.5,7.0,0.0,0
13.9,0.0,76.9,7.0,0.7163,0
13.9,0.0,76.9,7.0,0.7163,0
13.9,0.0,76.9,7.0,0.7163,0
13.9,0.0,76.9,7.0,0.7163,0
13.9,0.0,76.9,7.0,0.7163,0
13.9,0.0,76.9,7.0,0.7163,0
13.9,0.0,76.9,7.0,0.7163,0
13.9,0.0,76.9,7.0,0.7163,0
13.9,0.0,76.9,7.0,0.7163,0
13.9,0.0,76.9,7.0,0.7163,0
13.9,0.0,76.9,7.0,0.7163,0
13.9,0.0,76.9,7.0,0.7163,0
13.9,0.0,76.9,7.0,0.7163,0
13.9,0.0,76.9,7.0,0.7163,0
13.9,0.0,76.9,7.0,0.7163,0
13.9,0.0,76.9,7.0,0.7163,0
13.9,0.0,76.9,7.0,0.7163,0
13.9,0.0,76.9,7.0,0.7163,0
13.9,0.0,76.9,7.0,0.7163,0
13.9,0.0,76.9,7.0,0.7163,0
13.9,0.0,76.9,7.0,0.7163,0
17.1,0.0,76.0,7.0,0.2245,1
12.4,0.0,72.6,7.0,0.234,0
12.4,0.0,72.6,7.0,0.2234,1
12.4,0.0,72.6,7.0,0.234,0
12.4,0.0,72.6,7.0,0.234,0
17.1,0.0,76.0,7.0,0.2245,1
13.3,0.0,83.6,7.0,0.1198,0
16.8,0.0,92.3,7.0,0.2636,0
13.1,0.0,83.6,7.0,0.117,1
15.3,0.0,72.6,7.0,0.234,0
17.1,0.0,72.6,7.0,0.2234,1
13.9,0.0,76.9,7.0,0.7163,0
14.0,0.0,72.6,7.0,0.234,0
16.8,0.0,92.3,7.0,0.2636,0
15.8,0.0,83.6,7.0,0.1198,0
15.8,0.0,83.6,7.0,0.117,1
16.8,0.0,92.3,7.0,0.2636,0
13.9,0.0,76.9,7.0,0.7163,0
15.6,0.0,97.7,7.0,0.0,0
16.8,0.0,92.3,7.0,0.2636,0
13.9,0.0,76.9,7.0,0.7163,0
13.9,0.0,76.9,7.0,0.7163,0
17.4,0.0,18.4,7.0,0.3243,0
13.9,0.0,76.9,7.0,0.7163,0
17.4,0.0,18.4,7.0,0.3243,0
17.4,0.0,18.4,7.0,0.3243,0
14.6,0.0,41.9,7.0,0.1429,0
12.7,0.0,41.9,7.0,0.1429,0
14.0,0.0,18.4,7.0,0.2973,1
14.0,0.0,18.4,7.0,0.3243,0
14.5,0.0,20.0,7.0,0.2636,1
14.5,0.0,20.0,7.0,0.2636,1
16.5,0.0,84.9,7.0,0.1481,0
16.5,0.0,84.9,7.0,0.1453,1
16.5,0.0,84.9,7.0,0.1453,1
16.5,0.0,84.9,7.0,0.1481,0
13.0,0.0,28.4,7.0,0.6618,1
13.0,0.0,28.4,7.0,0.6618,1
13.0,0.0,28.4,7.0,0.6618,1
13.0,0.0,28.4,7.0,0.6667,0
13.0,0.0,28.4,7.0,0.6618,1
13.0,0.0,28.4,7.0,0.6667,0
13.0,0.0,28.4,7.0,0.6618,1
13.0,0.0,28.4,7.0,0.6618,1
13.0,0.0,28.4,7.0,0.6618,1
13.0,0.0,28.4,7.0,0.6618,1
13.0,0.0,28.4,7.0,0.6618,1
13.0,0.0,28.4,7.0,0.6618,1
13.0,0.0,28.4,7.0,0.6667,0
13.0,0.0,28.4,7.0,0.6618,1
13.0,0.0,28.4,7.0,0.6618,1
13.0,0.0,28.4,7.0,0.6618,1
13.0,0.0,28.4,7.0,0.6618,1
13.0,0.0,28.4,7.0,0.6618,1
13.0,0.0,28.4,7.0,0.6618,1
13.0,0.0,28.4,7.0,0.6618,1
13.0,0.0,28.4,7.0,0.6667,0
13.0,0.0,28.4,7.0,0.6618,1
13.0,0.0,28.4,7.0,0.6618,1
13.0,0.0,28.4,7.0,0.6618,1
13.0,0.0,28.4,7.0,0.6618,1
13.0,0.0,28.4,7.0,0.6618,1
13.0,0.0,28.4,7.0,0.6618,1
17.9,0.0,86.5,7.0,0.3333,0
17.6,0.0,86.5,7.0,0.3333,0
13.9,0.0,76.9,7.0,0.7163,0
13.9,0.0,76.9,7.0,0.7163,0
13.9,0.0,76.9,7.0,0.7163,0
13.9,0.0,76.9,7.0,0.7163,0
13.9,0.0,76.9,7.0,0.7163,0
13.9,0.0,76.9,7.0,0.7163,0
13.9,0.0,76.9,7.0,0.7163,0
13.9,0.0,76.9,7.0,0.7163,0
13.9,0.0,76.9,7.0,0.7163,0
13.9,0.0,76.9,7.0,0.7163,0
13.9,0.0,76.9,7.0,0.7163,0
13.9,0.0,76.9,7.0,0.7163,0
13.9,0.0,76.9,7.0,0.7163,0
13.9,0.0,76.9,7.0,0.7163,0
14.1,0.0,79.5,7.0,0.2632,0
13.9,0.0,76.9,7.0,0.7163,0
13.1,0.0,84.9,7.0,0.1154,0
13.9,0.0,76.9,7.0,0.7163,0
13.9,0.0,76.9,7.0,0.7163,0
13.9,0.0,76.9,7.0,0.7163,0
13.1,0.0,84.9,7.0,0.1154,0
13.9,0.0,76.9,7.0,0.7163,0
13.9,0.0,76.9,7.0,0.7163,0
13.9,0.0,76.9,7.0,0.7163,0
13.9,0.0,76.9,7.0,0.7163,0
13.9,0.0,76.9,7.0,0.7163,0
13.9,0.0,76.9,7.0,0.7163,0
13.9,0.0,76.9,7.0,0.7163,0
13.9,0.0,76.9,7.0,0.7163,0
13.9,0.0,76.9,7.0,0.7163,0
13.9,0.0,76.9,7.0,0.7163,0
13.9,0.0,76.9,7.0,0.7163,0
13.9,0.0,76.9,7.0,0.7163,0
12.1,0.0,93.2,7.0,0.0855,0
13.9,0.0,76.9,7.0,0.7163,0
14.0,0.0,93.2,7.0,0.0855,0
13.9,0.0,76.9,7.0,0.7163,0
13.9,0.0,76.9,7.0,0.7163,0
14.0,0.0,93.2,7.0,0.0855,0
12.1,0.0,36.7,7.0,0.3729,0
17.4,0.0,36.7,7.0,0.3559,1
15.7,0.0,36.7,7.0,0.3559,1
16.2,0.0,36.7,7.0,0.3729,0
14.9,0.0,36.7,7.0,0.3729,0
14.9,0.0,36.7,7.0,0.3729,0
14.0,0.0,36.7,7.0,0.3729,0
14.0,0.0,36.7,7.0,0.3729,0
17.5,0.0,36.7,7.0,0.3729,0
15.3,0.0,36.7,7.0,0.3729,0
14.0,0.0,36.7,7.0,0.3559,1
15.7,0.0,36.7,7.0,0.3729,0
17.5,0.0,36.7,7.0,0.3729,0
16.5,0.0,36.7,7.0,0.3729,0
15.7,0.0,36.7,7.0,0.3729,0
15.9,0.0,36.7,7.0,0.3729,0
15.1,0.0,36.7,7.0,0.3559,1
15.1,0.0,36.7,7.0,0.3729,0
15.1,0.0,36.7,7.0,0.3729,0
15.1,0.0,36.7,7.0,0.3559,1
15.1,0.0,36.7,7.0,0.3729,0
15.1,0.0,36.7,7.0,0.3729,0
15.1,0.0,36.7,7.0,0.3559,1
13.9,0.0,76.9,7.0,0.7163,0
15.5,0.0,93.2,7.0,0.0855,0
12.6,0.0,91.8,7.0,0.0417,0
13.9,0.0,76.9,7.0,0.7163,0
15.3,0.0,75.8,7.0,0.6923,1
15.3,0.0,75.8,7.0,0.6923,1
15.3,0.0,75.8,7.0,0.6923,1
15.3,0.0,75.8,7.0,0.7077,0
12.8,0.0,78.8,7.0,0.3125,0
13.5,0.0,91.8,7.0,0.0417,0
17.7,0.0,91.7,7.0,0.2636,0
14.5,0.0,91.8,7.0,0.0417,0
16.8,0.0,40.0,7.0,0.2636,0
15.1,0.0,57.1,7.0,0.2636,1
15.1,0.0,57.1,7.0,0.2636,0
15.1,0.0,57.1,7.0,0.2636,0
15.1,0.0,57.1,7.0,0.2636,0
15.1,0.0,57.1,7.0,0.2636,0
15.1,0.0,57.1,7.0,0.2636,0
15.5,0.0,57.1,7.0,0.2636,0
15.5,0.0,57.1,7.0,0.2636,0
15.5,0.0,57.1,7.0,0.2636,0
15.5,0.0,57.1,7.0,0.2636,0
15.5,0.0,57.1,7.0,0.2636,1
18.0,1.0,91.7,7.0,0.2636,1
16.8,0.0,40.0,7.0,0.2636,1
16.2,0.0,60.7,7.0,0.2963,0
15.8,0.0,83.6,7.0,0.117,1
14.4,0.0,76.0,7.0,0.2245,1
13.5,0.0,87.9,7.0,0.1713,0
17.0,0.0,87.9,7.0,0.1713,0
14.0,0.0,87.9,7.0,0.1713,0
14.2,0.0,87.9,7.0,0.1713,0
13.5,0.0,87.9,7.0,0.1657,1
17.0,0.0,87.9,7.0,0.1713,0
17.0,0.0,87.9,7.0,0.1713,0
12.4,0.0,87.9,7.0,0.1713,0
16.6,0.0,87.9,7.0,0.1713,0
16.6,0.0,87.9,7.0,0.1713,0
16.6,0.0,87.9,7.0,0.1713,0
16.6,0.0,87.9,7.0,0.1713,0
16.6,0.0,87.9,7.0,0.1713,0
16.6,0.0,87.9,7.0,0.1713,0
12.4,0.0,87.9,7.0,0.1713,0
13.9,0.0,87.9,7.0,0.1713,0
14.2,0.0,87.9,7.0,0.1713,0
14.2,0.0,87.9,7.0,0.1713,0
14.2,0.0,87.9,7.0,0.1713,0
17.7,0.0,0.0,7.0,0.3548,0
14.2,0.0,87.9,7.0,0.1713,0
17.7,0.0,0.0,7.0,0.3548,0
15.6,0.0,14.3,7.0,0.1458,0
17.7,0.0,0.0,7.0,0.3548,0
14.2,0.0,87.9,7.0,0.1713,0
15.9,0.0,36.7,7.0,0.3729,0
17.0,0.0,86.2,7.0,0.3069,0
17.0,0.0,86.2,7.0,0.3069,0
17.0,0.0,86.2,7.0,0.3069,0
17.7,0.0,0.0,7.0,0.3226,1
17.7,0.0,0.0,7.0,0.3226,1
17.7,0.0,0.0,7.0,0.3548,0
17.7,0.0,0.0,7.0,0.3548,0
17.7,0.0,0.0,7.0,0.3548,0
12.4,0.0,61.5,7.0,0.2636,0
18.3,0.0,100.0,7.0,0.0,0
12.4,0.0,61.5,7.0,0.2636,0
18.3,0.0,100.0,7.0,0.0,0
12.4,0.0,61.5,7.0,0.2636,1
12.3,0.0,61.5,7.0,0.2636,0
16.6,0.0,42.5,7.0,0.1608,0
14.2,0.0,100.0,7.0,0.0,0
12.4,0.0,61.5,7.0,0.2636,0
16.5,0.0,42.5,7.0,0.1608,0
12.4,0.0,61.5,7.0,0.2636,0
14.4,0.0,100.0,7.0,0.0,0
16.3,0.0,42.5,7.0,0.1608,0
16.3,0.0,42.5,7.0,0.1608,0
16.7,1.0,88.3,7.0,0.2235,0
12.4,0.0,61.5,7.0,0.2636,0
12.4,0.0,61.5,7.0,0.2636,0
12.4,0.0,61.5,7.0,0.2636,0
12.4,0.0,61.5,7.0,0.2636,0
16.2,1.0,88.3,7.0,0.2235,0
16.6,0.0,88.3,7.0,0.2235,0
12.4,0.0,61.5,7.0,0.2636,0
12.4,0.0,61.5,7.0,0.2636,0
15.6,0.0,64.8,7.0,0.4409,1
15.6,0.0,64.8,7.0,0.4409,1
15.6,0.0,64.8,7.0,0.4409,1
15.6,0.0,64.8,7.0,0.4409,1
15.6,0.0,64.8,7.0,0.4409,1
15.6,0.0,64.8,7.0,0.4409,1
14.2,0.0,64.8,7.0,0.4409,1
14.2,0.0,64.8,7.0,0.4409,1
12.0,0.0,41.3,7.0,0.3778,0
17.7,0.0,82.9,7.0,0.0588,0
17.7,0.0,82.9,7.0,0.0588,0
17.8,0.0,64.5,7.0,0.3913,0
17.8,0.0,78.8,7.0,0.3038,1
14.2,0.0,6.0,7.0,0.2424,1
12.9,0.0,47.2,7.0,0.0909,0
12.8,0.0,47.2,7.0,0.0909,0
12.4,0.0,61.5,7.0,0.2636,0
12.4,0.0,61.5,7.0,0.2636,0
12.3,0.0,61.5,7.0,0.2636,0
12.4,0.0,61.5,7.0,0.2636,0
14.5,0.0,16.0,7.0,0.2636,0
12.4,0.0,61.5,7.0,0.2636,0
12.4,0.0,61.5,7.0,0.2636,0
12.4,0.0,61.5,7.0,0.2636,0
12.4,0.0,61.5,7.0,0.2636,0
12.4,0.0,61.5,7.0,0.2636,0
13.7,0.0,47.2,7.0,0.0909,0
16.7,0.0,88.3,7.0,0.2176,1
16.2,0.0,88.3,7.0,0.2235,0
16.2,0.0,100.0,7.0,0.0,0
16.2,0.0,100.0,7.0,0.0,0
16.2,0.0,100.0,7.0,0.0,0
16.2,0.0,100.0,7.0,0.0,0
16.2,0.0,100.0,7.0,0.0,0
16.2,0.0,100.0,7.0,0.0,0
16.2,0.0,100.0,7.0,0.0,0
16.2,0.0,100.0,7.0,0.0,0
16.2,0.0,100.0,7.0,0.0,0
16.2,0.0,100.0,7.0,0.0,0
16.2,0.0,100.0,7.0,0.0,0
16.2,0.0,100.0,7.0,0.0,0
16.2,0.0,100.0,7.0,0.0,0
16.2,0.0,100.0,7.0,0.0,0
16.2,0.0,100.0,7.0,0.0,0
16.2,0.0,100.0,7.0,0.0,0
16.2,0.0,100.0,7.0,0.0,0
16.2,0.0,100.0,7.0,0.0,0
16.2,0.0,100.0,7.0,0.0,0
15.1,0.0,55.6,7.0,0.2636,0
16.3,0.0,39.4,7.0,0.2315,0
13.3,0.0,47.2,7.0,0.0909,0
16.5,0.0,6.0,7.0,0.2576,0
17.8,0.0,35.7,7.0,0.2636,1
16.0,0.0,84.2,7.0,0.2636,1
13.3,1.0,75.5,7.0,0.0385,0
12.4,0.0,61.5,7.0,0.2636,0
12.4,0.0,61.5,7.0,0.2636,0
12.4,0.0,61.5,7.0,0.2636,0
12.4,0.0,61.5,7.0,0.2636,0
13.5,0.0,51.8,7.0,0.5091,1
13.3,0.0,75.5,7.0,0.0385,0
13.3,0.0,75.5,7.0,0.0385,0
13.3,0.0,75.5,7.0,0.0385,0
13.3,0.0,75.5,7.0,0.0385,0
12.4,0.0,61.5,7.0,0.2636,0
17.0,0.0,73.7,9.0,0.2636,0
16.0,0.0,87.9,7.0,0.1713,0
14.6,0.0,87.9,7.0,0.1713,0
12.2,0.0,87.9,7.0,0.1713,0
12.1,0.0,73.7,7.0,0.2636,0
16.5,0.0,87.9,7.0,0.1713,0
15.4,0.0,73.7,7.0,0.2636,0
16.5,0.0,87.9,7.0,0.1713,0
15.1,0.0,73.7,7.0,0.2636,0
15.4,0.0,73.7,7.0,0.2636,0
13.8,0.0,73.7,7.0,0.2636,0
15.4,0.0,73.7,7.0,0.2636,0
14.9,0.0,73.7,7.0,0.2636,0
16.5,0.0,87.9,7.0,0.1713,0
16.2,0.0,87.9,7.0,0.1713,0
16.2,0.0,87.9,7.0,0.1713,0
13.3,0.0,73.7,7.0,0.2636,0
13.1,0.0,87.9,7.0,0.1713,0
14.2,0.0,73.7,7.0,0.2636,0
16.5,0.0,87.9,7.0,0.1713,0
16.5,0.0,87.9,7.0,0.1713,0
16.2,0.0,87.9,7.0,0.1713,0
16.5,0.0,87.9,7.0,0.1657,1
16.5,0.0,87.9,7.0,0.1713,0
16.9,0.0,49.3,7.0,0.1176,0
16.5,0.0,87.9,7.0,0.1713,0
16.2,0.0,87.9,7.0,0.1713,0
16.2,0.0,87.9,7.0,0.1713,0
14.1,0.0,12.1,7.0,0.875,0
14.1,0.0,29.2,7.0,0.6161,0
14.1,0.0,29.2,7.0,0.6161,0
16.2,0.0,90.8,7.0,0.0667,0
15.0,0.0,91.8,7.0,0.0208,1
12.5,0.0,100.0,7.0,0.2636,0
16.0,0.0,87.9,7.0,0.1657,1
12.0,0.0,100.0,7.0,0.2636,0
12.5,0.0,100.0,7.0,0.2636,0
15.3,0.0,58.7,7.0,0.3707,1
15.3,0.0,58.7,7.0,0.3707,1
15.3,0.0,58.7,7.0,0.3707,1
15.3,0.0,58.7,7.0,0.3756,0
15.3,0.0,58.7,7.0,0.3707,1
15.0,0.0,58.7,7.0,0.3707,1
14.8,0.0,58.7,7.0,0.3707,1
17.3,0.0,23.5,7.0,0.2636,1
17.3,0.0,23.5,7.0,0.2636,1
17.3,0.0,23.5,7.0,0.2636,1
16.8,0.0,23.5,7.0,0.2636,0
17.2,0.0,23.5,7.0,0.2636,0
17.2,0.0,23.5,7.0,0.2636,1
17.2,0.0,23.5,7.0,0.2636,1
17.2,0.0,23.5,7.0,0.2636,1
16.5,0.0,81.0,7.0,0.0843,0
17.2,0.0,23.5,7.0,0.2636,1
17.2,1.0,23.5,7.0,0.2636,1
17.9,1.0,23.5,7.0,0.2636,0
13.3,0.0,96.8,7.0,0.0,0
14.7,0.0,88.5,7.0,0.1158,0
14.7,0.0,88.5,7.0,0.1158,0
17.6,0.0,57.9,7.0,0.4286,0
17.8,0.0,57.9,7.0,0.4286,0
13.9,0.0,76.9,7.0,0.7163,0
13.9,0.0,76.9,7.0,0.7163,0
13.9,0.0,76.9,7.0,0.7163,0
13.9,0.0,76.9,7.0,0.7163,0
13.9,0.0,76.9,7.0,0.7163,0
13.9,0.0,76.9,7.0,0.7163,0
13.9,0.0,76.9,7.0,0.7163,0
13.9,0.0,76.9,7.0,0.7163,0
13.9,0.0,76.9,7.0,0.7163,0
13.9,0.0,76.9,7.0,0.7163,0
13.9,0.0,76.9,7.0,0.7163,0
13.9,0.0,76.9,7.0,0.7163,0
13.9,0.0,76.9,7.0,0.7163,0
13.9,0.0,76.9,7.0,0.7163,0
13.9,0.0,76.9,7.0,0.7163,0
13.9,0.0,76.9,7.0,0.7163,0
13.9,0.0,76.9,7.0,0.7163,0
13.9,0.0,76.9,7.0,0.7163,0
13.9,0.0,76.9,7.0,0.7163,0
13.9,0.0,76.9,7.0,0.7163,0
13.9,0.0,76.9,7.0,0.7163,0
13.9,0.0,76.9,7.0,0.7163,0
13.9,0.0,76.9,7.0,0.7163,0
13.9,0.0,76.9,7.0,0.7163,0
13.9,0.0,76.9,7.0,0.7163,0
13.9,0.0,76.9,7.0,0.7163,0
13.9,0.0,76.9,7.0,0.7163,0
13.9,0.0,76.9,7.0,0.7163,0
13.9,0.0,76.9,7.0,0.7163,0
13.9,0.0,76.9,7.0,0.7163,0
13.9,0.0,76.9,7.0,0.7163,0
13.9,0.0,76.9,7.0,0.7163,0
13.9,0.0,76.9,7.0,0.7163,0
13.9,0.0,76.9,7.0,0.7163,0
13.9,0.0,76.9,7.0,0.7163,0
13.9,0.0,76.9,7.0,0.7163,0
13.9,0.0,76.9,7.0,0.7163,0
14.0,0.0,76.9,7.0,0.7163,0
14.0,0.0,76.9,7.0,0.7163,0
14.0,0.0,76.9,7.0,0.7163,0
14.0,0.0,76.9,7.0,0.7163,0
14.0,0.0,76.9,7.0,0.7163,0
14.0,0.0,76.9,7.0,0.7163,0
14.0,0.0,76.9,7.0,0.7163,0
14.0,0.0,76.9,7.0,0.7163,0
14.0,0.0,76.9,7.0,0.7163,0
14.0,0.0,76.9,7.0,0.7163,0
14.0,0.0,76.9,7.0,0.7163,0
14.0,0.0,76.9,7.0,0.7163,0
14.0,0.0,76.9,7.0,0.7163,0
14.0,0.0,76.9,7.0,0.7163,0
14.0,0.0,76.9,7.0,0.7163,0
14.9,0.0,35.7,7.0,0.2636,1
13.5,0.0,80.0,7.0,0.1351,0
14.0,0.0,76.9,7.0,0.7163,0
14.0,0.0,76.9,7.0,0.7163,0
14.0,0.0,76.9,7.0,0.7163,0
13.3,0.0,26.3,7.0,0.2703,1
15.3,0.0,76.9,7.0,0.7156,1
15.3,0.0,76.9,7.0,0.7156,1
15.3,0.0,76.9,7.0,0.7156,1
15.3,0.0,76.9,7.0,0.7156,1
15.3,0.0,76.9,7.0,0.7156,1
15.3,0.0,76.9,7.0,0.7156,1
15.3,0.0,76.9,7.0,0.7156,1
15.3,0.0,76.9,7.0,0.7156,1
15.3,0.0,76.9,7.0,0.7156,1
16.7,0.0,93.3,7.0,0.2636,0
14.1,1.0,29.2,7.0,0.6161,0
13.3,0.0,83.6,7.0,0.1198,0
14.3,0.0,21.1,7.0,0.2636,0
17.8,0.0,42.5,7.0,0.1608,0
14.0,0.0,80.0,7.0,0.1216,1
14.0,0.0,76.9,7.0,0.7163,0
14.6,0.0,42.5,7.0,0.1558,1
14.0,0.0,76.9,7.0,0.7163,0
14.0,0.0,76.9,7.0,0.7163,0
13.3,0.0,80.0,7.0,0.1351,0
17.8,0.0,42.5,7.0,0.1608,0
17.8,0.0,42.5,7.0,0.1558,1
17.8,0.0,42.5,7.0,0.1558,1
17.6,0.0,42.5,7.0,0.1608,0
17.6,0.0,42.5,7.0,0.1558,1
14.0,0.0,76.9,7.0,0.7163,0
14.0,0.0,76.9,7.0,0.7163,0
17.4,0.0,42.5,7.0,0.1608,0
17.4,0.0,42.5,7.0,0.1608,0
17.4,0.0,42.5,7.0,0.1608,0
17.4,0.0,42.5,7.0,0.1608,0
14.0,0.0,76.9,7.0,0.7163,0
14.0,0.0,76.9,7.0,0.7163,0
14.0,0.0,76.9,7.0,0.7163,0
14.0,0.0,76.9,7.0,0.7163,0
14.0,0.0,76.9,7.0,0.7163,0
13.3,0.0,35.7,7.0,0.2636,1
14.0,0.0,76.9,7.0,0.7163,0
14.0,0.0,76.9,7.0,0.7163,0
12.7,0.0,35.7,7.0,0.2636,0
14.0,0.0,76.9,7.0,0.7163,0
14.0,0.0,76.9,7.0,0.7163,0
14.0,0.0,80.0,7.0,0.1351,0
14.0,0.0,76.9,7.0,0.7163,0
14.0,0.0,76.9,7.0,0.7163,0
14.7,0.0,42.5,7.0,0.1558,1
13.1,0.0,42.5,7.0,0.1608,0
14.0,0.0,76.9,7.0,0.7163,0
14.0,0.0,76.9,7.0,0.7163,0
13.6,0.0,21.1,7.0,0.2636,0
14.0,0.0,76.9,7.0,0.7163,0
14.0,0.0,76.9,7.0,0.7163,0
14.0,0.0,76.9,7.0,0.7163,0
14.0,0.0,76.9,7.0,0.7163,0
14.0,0.0,76.9,7.0,0.7163,0
18.1,0.0,93.0,7.0,0.0476,0
14.0,0.0,76.9,7.0,0.7163,0
14.0,0.0,76.9,7.0,0.7163,0
14.0,0.0,76.9,7.0,0.7163,0
14.0,0.0,76.9,7.0,0.7163,0
14.0,0.0,76.9,7.0,0.7163,0
14.0,0.0,76.9,7.0,0.7163,0
14.0,0.0,76.9,7.0,0.7163,0
14.0,0.0,76.9,7.0,0.7163,0
14.0,0.0,76.9,7.0,0.7163,0
14.0,0.0,76.9,7.0,0.7163,0
14.0,0.0,76.9,7.0,0.7163,0
14.0,0.0,76.9,7.0,0.7163,0
14.0,0.0,76.9,7.0,0.7163,0
14.0,0.0,76.9,7.0,0.7163,0
14.5,0.0,5.1,8.0,0.6053,1
14.5,0.0,5.1,7.0,0.6053,1
14.5,0.0,5.1,7.0,0.6053,1
14.0,0.0,76.9,7.0,0.7163,0
14.0,0.0,76.9,7.0,0.7163,0
14.0,0.0,76.9,7.0,0.7163,0
14.0,0.0,76.9,7.0,0.7163,0
14.0,0.0,76.9,7.0,0.7163,0
14.5,0.0,5.1,7.0,0.6316,0
14.0,0.0,76.9,7.0,0.7163,0
14.0,0.0,76.9,7.0,0.7163,0
17.7,0.0,61.5,7.0,0.2636,1
14.0,0.0,76.9,7.0,0.7163,0
14.0,0.0,76.9,7.0,0.7163,0
14.0,0.0,76.9,7.0,0.7163,0
12.6,0.0,90.6,7.0,0.0296,0
14.0,0.0,76.9,7.0,0.7163,0
14.0,0.0,76.9,7.0,0.7163,0
16.3,0.0,90.6,7.0,0.0296,0
14.0,0.0,76.9,7.0,0.7163,0
14.0,0.0,76.9,7.0,0.7163,0
14.0,0.0,76.9,7.0,0.7163,0
16.3,0.0,90.6,7.0,0.0296,0
14.0,0.0,76.9,7.0,0.7163,0
16.1,0.0,90.6,7.0,0.0296,0
14.0,0.0,76.9,7.0,0.7163,0
14.0,0.0,76.9,7.0,0.7163,0
16.3,0.0,90.6,7.0,0.0237,1
14.0,0.0,76.9,7.0,0.7163,0
14.0,0.0,76.9,7.0,0.7163,0
14.0,0.0,76.9,7.0,0.7163,0
14.0,0.0,76.9,7.0,0.7163,0
14.0,0.0,76.9,7.0,0.7163,0
14.0,0.0,76.9,7.0,0.7163,0
14.0,0.0,76.9,7.0,0.7163,0
14.0,0.0,76.9,7.0,0.7163,0
14.0,0.0,76.9,7.0,0.7163,0
14.0,0.0,76.9,7.0,0.7163,0
14.0,0.0,76.9,7.0,0.7163,0
14.0,0.0,76.9,7.0,0.7163,0
15.2,0.0,90.6,7.0,0.0296,0
14.0,0.0,76.9,7.0,0.7163,0
14.0,0.0,76.9,7.0,0.7163,0
14.0,0.0,76.9,7.0,0.7163,0
14.0,0.0,76.9,7.0,0.7163,0
14.0,0.0,76.9,7.0,0.7163,0
14.0,0.0,76.9,7.0,0.7163,0
14.0,0.0,76.9,7.0,0.7163,0
14.0,0.0,76.9,7.0,0.7163,0
14.0,0.0,76.9,7.0,0.7163,0
14.0,0.0,76.9,7.0,0.7163,0
17.0,0.0,92.1,7.0,0.0533,1
14.0,0.0,76.9,7.0,0.7163,0
17.0,0.0,74.5,7.0,0.2222,0
17.0,0.0,74.5,7.0,0.2222,0
12.7,0.0,74.5,7.0,0.2222,0
13.7,0.0,74.5,7.0,0.2222,0
14.4,0.0,74.5,7.0,0.2222,0
15.9,0.0,90.6,7.0,0.0296,0
17.0,0.0,92.1,7.0,0.0533,1
14.0,0.0,76.9,7.0,0.7163,0
14.0,0.0,76.9,7.0,0.7163,0
14.0,0.0,76.9,7.0,0.7163,0
14.0,0.0,76.9,7.0,0.7163,0
14.0,0.0,76.9,7.0,0.7163,0
14.0,0.0,76.9,7.0,0.7163,0
14.0,0.0,76.9,7.0,0.7163,0
14.0,0.0,76.9,7.0,0.7163,0
14.0,0.0,76.9,7.0,0.7163,0
14.0,0.0,76.9,7.0,0.7163,0
14.0,0.0,76.9,7.0,0.7163,0
14.0,0.0,76.9,7.0,0.7163,0
14.0,0.0,76.9,7.0,0.7163,0
14.0,0.0,76.9,7.0,0.7163,0
14.0,0.0,76.9,7.0,0.7163,0
16.7,0.0,84.6,7.0,0.2299,0
14.0,0.0,76.9,7.0,0.7163,0
16.3,0.0,90.6,7.0,0.0296,0
14.0,0.0,76.9,7.0,0.7163,0
14.0,0.0,76.9,7.0,0.7163,0
17.0,0.0,92.1,7.0,0.0533,1
16.1,0.0,90.6,7.0,0.0296,0
14.9,0.0,90.6,7.0,0.0296,0
14.9,0.0,90.6,7.0,0.0296,0
14.0,0.0,76.9,7.0,0.7163,0
14.0,0.0,76.9,7.0,0.7163,0
14.0,0.0,76.9,7.0,0.7163,0
14.0,0.0,76.9,7.0,0.7163,0
15.3,0.0,90.6,7.0,0.0296,0
14.0,0.0,76.9,7.0,0.7163,0
14.0,0.0,76.9,7.0,0.7163,0
14.0,0.0,76.9,7.0,0.7163,0
14.0,0.0,76.9,7.0,0.7163,0
14.0,0.0,76.9,7.0,0.7163,0
14.0,0.0,76.9,7.0,0.7163,0
14.0,0.0,76.9,7.0,0.7163,0
14.0,0.0,76.9,7.0,0.7163,0
14.0,0.0,76.9,7.0,0.7163,0
14.0,0.0,76.9,7.0,0.7163,0
14.0,0.0,76.9,7.0,0.7163,0
14.0,0.0,76.9,7.0,0.7163,0
14.0,0.0,76.9,7.0,0.7163,0
14.0,0.0,76.9,7.0,0.7163,0
14.0,0.0,76.9,7.0,0.7163,0
14.0,0.0,76.9,7.0,0.7163,0
12.7,0.0,0.0,7.0,0.2636,0
13.3,0.0,82.7,7.0,0.1949,1
16.1,0.0,82.7,7.0,0.1992,0
15.1,0.0,66.7,7.0,0.2636,0
16.1,0.0,66.7,7.0,0.2636,0
16.1,0.0,66.7,7.0,0.2636,0
15.3,0.0,73.7,7.0,0.2636,0
12.8,0.0,73.7,7.0,0.2636,0
12.6,0.0,73.7,7.0,0.2636,0
15.3,0.0,73.7,7.0,0.2636,1
15.1,0.0,73.7,7.0,0.2636,0
12.1,0.0,73.7,7.0,0.2636,0
15.6,0.0,73.7,7.0,0.2636,0
13.7,0.0,45.9,7.0,0.3,1
12.1,0.0,45.0,7.0,0.2821,1
15.9,0.0,88.4,7.0,0.009,0
15.9,0.0,88.4,7.0,0.009,0
15.9,0.0,88.4,7.0,0.009,0
15.9,0.0,88.4,7.0,0.009,0
15.9,0.0,88.4,7.0,0.009,0
15.9,0.0,88.4,7.0,0.009,0
15.9,0.0,88.4,7.0,0.009,0
15.9,0.0,88.4,7.0,0.009,0
16.6,0.0,80.0,7.0,0.2636,0
12.4,0.0,80.0,7.0,0.2636,0
15.6,0.0,90.9,7.0,0.2636,1
16.5,0.0,90.9,7.0,0.2636,0
16.6,0.0,90.9,7.0,0.2636,0
16.6,0.0,90.9,7.0,0.2636,0
16.8,0.0,80.0,7.0,0.2636,0
15.6,0.0,80.0,7.0,0.2636,0
15.6,0.0,80.0,7.0,0.2636,0
16.3,0.0,80.0,7.0,0.2636,0
15.6,0.0,80.0,7.0,0.2636,0
15.6,0.0,80.0,7.0,0.2636,0
16.5,0.0,80.0,7.0,0.2636,0
15.6,0.0,80.0,7.0,0.2636,1
15.6,0.0,80.0,7.0,0.2636,0
15.6,0.0,80.0,7.0,0.2636,0
15.6,0.0,80.0,7.0,0.2636,0
16.5,0.0,80.0,7.0,0.2636,0
14.2,0.0,80.0,7.0,0.2636,0
16.8,0.0,90.9,7.0,0.2636,0
16.8,0.0,80.0,7.0,0.2636,1
16.8,0.0,90.9,7.0,0.2636,1
16.6,0.0,93.3,7.0,0.2636,0
16.6,0.0,90.9,7.0,0.2636,0
15.8,0.0,5.0,7.0,0.0606,1
15.8,0.0,5.0,7.0,0.0707,0
15.8,0.0,5.0,7.0,0.0606,1
15.8,0.0,5.0,7.0,0.0606,1
15.8,0.0,5.0,7.0,0.0707,0
15.8,0.0,5.0,7.0,0.0606,1
12.9,0.0,84.6,7.0,0.2285,1
17.8,0.0,88.8,7.0,0.8344,0
17.8,0.0,88.8,7.0,0.8344,0
17.8,0.0,88.8,7.0,0.8344,0
17.8,0.0,88.8,7.0,0.8344,0
17.8,0.0,88.8,7.0,0.8344,0
17.8,0.0,88.8,7.0,0.8344,0
16.9,0.0,61.3,7.0,0.3919,0
16.9,0.0,61.3,7.0,0.3784,1
16.9,0.0,61.3,7.0,0.3919,0
16.9,0.0,61.3,7.0,0.3919,0
16.9,0.0,61.3,7.0,0.3919,0
16.9,0.0,61.3,7.0,0.3919,0
16.3,0.0,70.5,7.0,0.2326,0
17.9,0.0,44.4,7.0,0.2636,1
17.0,0.0,47.1,8.0,0.2636,0
16.9,0.0,47.1,8.0,0.2636,1
17.8,0.0,88.8,7.0,0.8344,0
17.8,0.0,88.8,7.0,0.8344,0
17.8,0.0,88.8,7.0,0.8344,0
16.9,0.0,61.9,7.0,0.3855,0
16.9,0.0,61.9,7.0,0.3855,0
14.4,0.0,61.9,7.0,0.3855,0
16.9,0.0,61.9,7.0,0.3735,1
16.9,0.0,61.9,7.0,0.3855,0
14.6,0.0,61.9,7.0,0.3855,0
17.9,0.0,69.3,7.0,0.3882,0
17.9,0.0,69.3,7.0,0.3882,0
17.9,0.0,69.3,7.0,0.3882,0
17.9,0.0,69.3,7.0,0.3882,0
17.9,0.0,69.3,7.0,0.3882,0
14.0,0.0,76.9,7.0,0.7163,0
14.7,0.0,61.3,7.0,0.3784,1
14.7,0.0,61.3,7.0,0.3784,1
14.0,0.0,61.3,7.0,0.3919,0
14.0,0.0,61.3,7.0,0.3919,0
14.0,0.0,61.3,7.0,0.3919,0
15.3,0.0,61.3,7.0,0.3919,0
15.3,0.0,61.3,7.0,0.3919,0
15.9,0.0,96.5,7.0,0.0235,0
14.6,0.0,96.5,7.0,0.0235,0
16.4,0.0,84.9,7.0,0.1453,1
16.4,0.0,84.9,7.0,0.1453,1
16.4,0.0,84.9,7.0,0.1453,1
16.4,0.0,84.9,8.0,0.1453,1
16.4,0.0,84.9,8.0,0.1453,1
16.4,0.0,84.9,7.0,0.1481,0
15.7,0.0,84.9,7.0,0.1481,0
16.1,0.0,84.9,7.0,0.1481,0
16.1,0.0,84.9,7.0,0.1481,0
16.4,0.0,84.9,7.0,0.1453,1
16.4,0.0,84.9,7.0,0.1481,0
16.4,0.0,84.9,7.0,0.1481,0
16.4,0.0,84.9,7.0,0.1481,0
16.4,0.0,84.9,7.0,0.1481,0
16.4,0.0,84.9,7.0,0.1481,0
16.4,0.0,84.9,7.0,0.1481,0
16.4,0.0,84.9,7.0,0.1481,0
16.4,0.0,84.9,7.0,0.1481,0
16.4,0.0,84.9,7.0,0.1481,0
16.4,0.0,84.9,7.0,0.1481,0
15.9,0.0,96.5,7.0,0.0235,0
16.4,0.0,96.5,7.0,0.0235,0
16.4,0.0,96.5,7.0,0.0235,0
16.4,0.0,96.5,7.0,0.0235,0
17.5,0.0,96.5,7.0,0.0235,0
17.2,0.0,100.0,7.0,0.0,0
17.2,0.0,100.0,7.0,0.0,0
17.2,0.0,100.0,7.0,0.0,0
17.2,0.0,100.0,7.0,0.0,0
17.2,0.0,100.0,7.0,0.0,0
17.2,0.0,100.0,7.0,0.0,0
17.2,0.0,100.0,7.0,0.0,0
17.2,0.0,100.0,7.0,0.0,0
17.2,0.0,100.0,7.0,0.0,0
16.4,0.0,96.5,7.0,0.0235,0
14.6,0.0,62.9,7.0,0.1698,0
16.4,0.0,84.9,7.0,0.1481,0
16.2,0.0,84.9,7.0,0.1481,0
16.4,0.0,84.9,7.0,0.1481,0
16.4,0.0,84.9,7.0,0.1481,0
16.4,0.0,84.9,7.0,0.1481,0
16.4,0.0,84.9,7.0,0.1481,0
16.4,0.0,84.9,7.0,0.1481,0
16.4,0.0,84.9,7.0,0.1481,0
16.4,0.0,84.9,7.0,0.1481,0
16.4,0.0,84.9,7.0,0.1481,0
16.4,0.0,84.9,7.0,0.1481,0
16.4,0.0,84.9,7.0,0.1481,0
16.4,0.0,84.9,7.0,0.1481,0
16.4,0.0,84.9,7.0,0.1481,0
16.4,0.0,84.9,7.0,0.1481,0
16.4,0.0,84.9,7.0,0.1481,0
16.4,0.0,84.9,7.0,0.1481,0
16.4,0.0,84.9,7.0,0.1481,0
16.4,0.0,84.9,7.0,0.1481,0
16.4,0.0,84.9,7.0,0.1481,0
16.4,0.0,84.9,7.0,0.1481,0
16.4,0.0,84.9,7.0,0.1481,0
16.4,0.0,84.9,7.0,0.1481,0
16.4,0.0,84.9,7.0,0.1481,0
14.1,0.0,80.0,7.0,0.1216,1
14.4,0.0,80.0,7.0,0.1351,0
14.4,0.0,80.0,7.0,0.1351,0
16.4,0.0,84.9,7.0,0.1481,0
16.4,0.0,84.9,7.0,0.1481,0
16.4,0.0,84.9,7.0,0.1481,0
16.4,0.0,84.9,7.0,0.1481,0
16.4,0.0,84.9,7.0,0.1481,0
16.4,0.0,84.9,7.0,0.1481,0
16.4,0.0,84.9,7.0,0.1481,0
16.4,0.0,84.9,7.0,0.1481,0
16.4,0.0,84.9,7.0,0.1481,0
16.4,0.0,84.9,7.0,0.1481,0
16.4,0.0,84.9,7.0,0.1481,0
16.4,0.0,84.9,7.0,0.1481,0
16.4,0.0,84.9,7.0,0.1481,0
16.4,0.0,84.9,7.0,0.1481,0
16.4,0.0,84.9,7.0,0.1481,0
16.4,0.0,84.9,7.0,0.1481,0
16.4,0.0,84.9,7.0,0.1481,0
16.4,0.0,84.9,7.0,0.1481,0
16.4,0.0,84.9,7.0,0.1481,0
16.4,0.0,84.9,7.0,0.1481,0
16.4,0.0,84.9,7.0,0.1481,0
16.4,0.0,84.9,7.0,0.1481,0
16.4,0.0,84.9,7.0,0.1481,0
16.4,0.0,84.9,7.0,0.1481,0
16.4,0.0,84.9,7.0,0.1481,0
16.4,0.0,84.9,7.0,0.1481,0
16.4,0.0,84.9,7.0,0.1481,0
16.4,0.0,84.9,7.0,0.1481,0
16.4,0.0,84.9,7.0,0.1481,0
16.4,0.0,84.9,7.0,0.1481,0
16.4,0.0,84.9,7.0,0.1481,0
16.4,0.0,84.9,7.0,0.1481,0
16.4,0.0,84.9,7.0,0.1481,0
16.4,0.0,84.9,7.0,0.1481,0
16.4,0.0,84.9,7.0,0.1481,0
16.4,0.0,84.9,7.0,0.1481,0
16.4,0.0,84.9,7.0,0.1481,0
16.4,0.0,84.9,7.0,0.1481,0
16.4,0.0,84.9,7.0,0.1481,0
16.4,0.0,84.9,7.0,0.1481,0
16.4,0.0,84.9,7.0,0.1481,0
16.4,0.0,84.9,7.0,0.1481,0
12.4,0.0,45.0,7.0,0.3077,0
16.1,0.0,84.9,7.0,0.1481,0
16.1,0.0,84.9,7.0,0.1481,0
16.1,0.0,84.9,7.0,0.1481,0
16.1,0.0,84.9,7.0,0.1481,0
16.1,0.0,84.9,7.0,0.1481,0
16.1,0.0,84.9,7.0,0.1481,0
16.1,0.0,84.9,7.0,0.1481,0
16.1,0.0,84.9,7.0,0.1481,0
12.4,0.0,45.0,7.0,0.3077,0
12.4,0.0,45.0,7.0,0.3077,0
12.4,0.0,45.0,7.0,0.3077,0
15.6,0.0,72.0,7.0,0.1837,1
12.4,0.0,45.0,7.0,0.2821,1
12.4,0.0,45.0,7.0,0.2821,1
16.5,0.0,84.9,7.0,0.1481,0
16.5,0.0,84.9,7.0,0.1481,0
16.5,0.0,84.9,7.0,0.1481,0
16.5,0.0,84.9,7.0,0.1481,0
16.5,0.0,84.9,7.0,0.1481,0
16.5,0.0,84.9,7.0,0.1481,0
16.5,0.0,84.9,7.0,0.1481,0
16.5,0.0,84.9,7.0,0.1481,0
16.5,0.0,84.9,7.0,0.1481,0
16.5,0.0,84.9,7.0,0.1481,0
16.5,0.0,84.9,7.0,0.1481,0
16.5,0.0,84.9,7.0,0.1481,0
16.5,0.0,84.9,7.0,0.1481,0
16.5,0.0,84.9,7.0,0.1481,0
16.5,0.0,84.9,7.0,0.1481,0
16.5,0.0,84.9,7.0,0.1481,0
16.5,0.0,84.9,7.0,0.1481,0
16.5,0.0,84.9,7.0,0.1481,0
16.5,0.0,84.9,7.0,0.1481,0
16.5,0.0,84.9,7.0,0.1481,0
16.5,0.0,84.9,7.0,0.1481,0
16.5,0.0,84.9,7.0,0.1481,0
16.5,0.0,84.9,7.0,0.1481,0
16.5,0.0,84.9,7.0,0.1453,1
16.5,0.0,84.9,7.0,0.1481,0
16.5,0.0,84.9,7.0,0.1481,0
16.5,0.0,84.9,7.0,0.1481,0
16.5,0.0,84.9,7.0,0.1481,0
16.5,0.0,84.9,7.0,0.1481,0
16.5,0.0,84.9,7.0,0.1481,0
16.5,0.0,84.9,7.0,0.1481,0
16.5,0.0,84.9,7.0,0.1481,0
16.5,0.0,84.9,7.0,0.1481,0
16.5,0.0,84.9,7.0,0.1481,0
16.5,0.0,84.9,7.0,0.1481,0
16.5,0.0,84.9,7.0,0.1481,0
16.5,0.0,84.9,7.0,0.1481,0
16.5,0.0,84.9,7.0,0.1481,0
16.5,0.0,84.9,7.0,0.1481,0
16.5,0.0,84.9,7.0,0.1481,0
16.5,0.0,84.9,7.0,0.1481,0
16.5,0.0,84.9,7.0,0.1481,0
16.5,0.0,84.9,7.0,0.1481,0
16.5,0.0,84.9,7.0,0.1481,0
16.5,0.0,84.9,7.0,0.1481,0
16.5,0.0,84.9,7.0,0.1481,0
16.5,0.0,84.9,7.0,0.1481,0
16.5,0.0,84.9,7.0,0.1481,0
16.5,0.0,84.9,7.0,0.1481,0
16.5,0.0,84.9,7.0,0.1481,0
12.6,0.0,47.2,7.0,0.0909,0
16.1,0.0,84.9,7.0,0.1481,0
14.6,0.0,84.9,7.0,0.1481,0
16.1,0.0,84.9,7.0,0.1481,0
16.1,0.0,84.9,7.0,0.1481,0
16.1,0.0,84.9,7.0,0.1481,0
16.1,0.0,84.9,7.0,0.1481,0
16.1,0.0,84.9,7.0,0.1481,0
16.1,0.0,84.9,7.0,0.1481,0
16.1,0.0,84.9,7.0,0.1481,0
16.1,0.0,84.9,7.0,0.1481,0
16.1,0.0,84.9,7.0,0.1481,0
16.1,0.0,84.9,7.0,0.1481,0
16.1,0.0,84.9,7.0,0.1481,0
16.1,0.0,84.9,7.0,0.1481,0
16.1,0.0,84.9,7.0,0.1481,0
16.1,0.0,84.9,7.0,0.1481,0
16.1,0.0,84.9,7.0,0.1481,0
16.1,0.0,84.9,7.0,0.1481,0
16.1,0.0,84.9,7.0,0.1481,0
16.1,0.0,84.9,7.0,0.1481,0
16.1,0.0,84.9,7.0,0.1481,0
16.1,0.0,84.9,7.0,0.1481,0
16.1,0.0,84.9,7.0,0.1481,0
16.1,0.0,84.9,7.0,0.1481,0
16.1,0.0,84.9,7.0,0.1481,0
15.7,0.0,84.9,7.0,0.1481,0
14.6,0.0,84.9,7.0,0.1481,0
16.1,0.0,84.9,7.0,0.1481,0
16.1,0.0,84.9,7.0,0.1481,0
16.1,0.0,84.9,7.0,0.1481,0
16.1,0.0,84.9,7.0,0.1481,0
16.1,0.0,84.9,7.0,0.1481,0
15.7,0.0,84.9,7.0,0.1481,0
15.7,0.0,84.9,7.0,0.1481,0
15.7,0.0,84.9,7.0,0.1481,0
16.1,0.0,84.9,7.0,0.1481,0
16.1,0.0,84.9,7.0,0.1481,0
16.1,0.0,84.9,7.0,0.1481,0
16.1,0.0,84.9,7.0,0.1481,0
16.1,0.0,84.9,7.0,0.1481,0
16.1,0.0,84.9,7.0,0.1481,0
16.1,0.0,84.9,7.0,0.1481,0
17.8,0.0,99.0,7.0,0.0352,0
17.8,0.0,99.0,7.0,0.0352,0
17.8,0.0,99.0,7.0,0.0352,0
17.8,0.0,99.0,7.0,0.0352,0
17.8,0.0,99.0,7.0,0.0352,0
17.8,0.0,99.0,7.0,0.0352,0
17.8,0.0,99.0,7.0,0.0352,0
17.8,0.0,99.0,7.0,0.0352,0
17.8,0.0,99.0,7.0,0.0352,0
17.8,0.0,99.0,7.0,0.0352,0
17.8,0.0,99.0,7.0,0.0352,0
17.8,0.0,99.0,7.0,0.0352,0
17.8,0.0,99.0,7.0,0.0352,0
17.8,0.0,99.0,7.0,0.0352,0
17.8,0.0,99.0,7.0,0.0352,0
17.8,0.0,99.0,7.0,0.0352,0
17.8,0.0,99.0,7.0,0.0352,0
17.8,0.0,99.0,7.0,0.0352,0
17.8,0.0,99.0,7.0,0.0352,0
17.8,0.0,99.0,7.0,0.0352,0
17.8,0.0,99.0,7.0,0.0352,0
17.8,0.0,99.0,7.0,0.0352,0
17.8,0.0,99.0,7.0,0.0352,0
17.8,0.0,99.0,7.0,0.0352,0
17.8,0.0,99.0,7.0,0.0352,0
17.8,0.0,99.0,7.0,0.0352,0
17.8,0.0,99.0,7.0,0.0352,0
17.8,0.0,99.0,7.0,0.0352,0
17.8,0.0,99.0,7.0,0.0352,0
17.8,0.0,99.0,7.0,0.0352,0
17.8,0.0,99.0,7.0,0.0352,0
17.8,0.0,75.6,7.0,0.2809,1
17.8,0.0,75.6,7.0,0.2921,0
17.8,0.0,75.6,7.0,0.2921,0
17.8,0.0,75.6,7.0,0.2809,1
17.8,0.0,75.6,7.0,0.2809,1
17.8,0.0,75.6,7.0,0.2921,0
17.8,0.0,75.6,7.0,0.2921,0
17.8,0.0,75.6,7.0,0.2921,0
17.8,0.0,75.6,7.0,0.2921,0
17.8,0.0,75.6,7.0,0.2921,0
17.8,0.0,75.6,7.0,0.2809,1
17.8,0.0,75.6,7.0,0.2809,1
16.0,0.0,100.0,7.0,0.0,0
16.0,0.0,100.0,7.0,0.0,0
16.0,0.0,100.0,7.0,0.0,0
16.0,0.0,100.0,7.0,0.0,0
16.0,0.0,100.0,7.0,0.0,0
16.0,0.0,100.0,7.0,0.0,0
17.8,0.0,75.6,7.0,0.2921,0
17.8,0.0,75.6,7.0,0.2921,0
17.8,0.0,75.6,7.0,0.2921,0
15.3,0.0,100.0,7.0,0.0,0
17.8,0.0,75.6,7.0,0.2921,0
16.0,0.0,100.0,7.0,0.0,0
16.0,0.0,100.0,7.0,0.0,0
16.0,0.0,100.0,7.0,0.0,0
16.0,0.0,100.0,7.0,0.0,0
16.0,0.0,100.0,7.0,0.0,0
16.0,0.0,100.0,7.0,0.0,0
16.0,0.0,100.0,7.0,0.0,0
16.0,0.0,100.0,7.0,0.0,0
16.0,0.0,100.0,7.0,0.0,0
16.0,0.0,100.0,7.0,0.0,0
16.0,0.0,100.0,7.0,0.0,0
16.0,0.0,100.0,7.0,0.0,0
16.0,0.0,100.0,7.0,0.0,0
16.0,0.0,100.0,7.0,0.0,0
16.0,0.0,100.0,7.0,0.0,0
14.2,0.0,100.0,7.0,0.0,0
16.0,0.0,100.0,7.0,0.0,0
15.3,0.0,100.0,7.0,0.0,0
15.3,0.0,100.0,7.0,0.0,0
14.2,0.0,100.0,7.0,0.0,0
14.2,0.0,100.0,7.0,0.0,0
14.2,0.0,100.0,7.0,0.0,0
16.0,0.0,100.0,7.0,0.0,0
16.0,0.0,100.0,7.0,0.0,0
16.0,0.0,100.0,7.0,0.0,0
14.2,0.0,100.0,7.0,0.0,0
14.2,0.0,100.0,7.0,0.0,0
14.2,0.0,100.0,7.0,0.0,0
15.3,0.0,100.0,7.0,0.0,0
16.0,0.0,100.0,7.0,0.0,0
17.7,1.0,0.0,9.0,0.2636,1
15.3,0.0,75.5,7.0,0.0385,0
15.3,0.0,75.5,7.0,0.0385,0
15.3,0.0,75.5,7.0,0.0385,0
17.8,0.0,75.6,7.0,0.2921,0
17.8,0.0,75.6,7.0,0.2921,0
17.8,0.0,75.6,7.0,0.2921,0
17.8,0.0,75.6,7.0,0.2921,0
17.8,0.0,75.6,7.0,0.2921,0
17.8,0.0,75.6,7.0,0.2921,0
17.8,0.0,75.6,7.0,0.2921,0
17.8,0.0,2.9,7.0,0.1304,0
17.8,0.0,2.9,7.0,0.1304,0
17.8,0.0,2.9,7.0,0.1304,0
17.8,0.0,2.9,7.0,0.1304,0
17.8,0.0,2.9,7.0,0.1159,1
17.8,0.0,2.9,7.0,0.1304,0
17.8,0.0,2.9,7.0,0.1304,0
17.8,0.0,2.9,7.0,0.1304,0
17.8,0.0,2.9,7.0,0.1159,1
17.8,0.0,2.9,7.0,0.1304,0
17.8,0.0,2.9,7.0,0.1304,0
13.0,0.0,28.4,7.0,0.6618,1
13.0,0.0,28.4,7.0,0.6618,1
13.0,0.0,28.4,7.0,0.6618,1
15.3,0.0,100.0,7.0,0.2636,0
16.9,0.0,69.3,7.0,0.3882,0
13.0,0.0,28.4,7.0,0.6618,1
15.6,0.0,93.2,7.0,0.0603,0
16.0,0.0,69.3,7.0,0.3816,1
16.9,0.0,69.3,7.0,0.3882,0
13.0,0.0,28.4,7.0,0.6618,1
16.9,0.0,69.3,7.0,0.3816,1
13.0,0.0,28.4,7.0,0.6667,0
12.6,0.0,83.6,7.0,0.1198,0
12.6,0.0,83.6,7.0,0.1198,0
12.6,0.0,83.6,7.0,0.1198,0
12.6,0.0,83.6,7.0,0.1198,0
12.6,0.0,83.6,7.0,0.1198,0
12.6,0.0,83.6,7.0,0.1198,0
12.6,0.0,83.6,7.0,0.1198,0
12.6,0.0,83.6,7.0,0.1198,0
12.6,0.0,83.6,7.0,0.1198,0
12.6,0.0,83.6,7.0,0.1198,0
12.6,0.0,83.6,7.0,0.1198,0
12.6,0.0,83.6,7.0,0.1198,0
12.6,0.0,83.6,7.0,0.1198,0
12.6,0.0,83.6,7.0,0.1198,0
12.6,0.0,83.6,7.0,0.1198,0
12.6,0.0,83.6,7.0,0.1198,0
12.6,0.0,83.6,7.0,0.1198,0
12.6,0.0,83.6,7.0,0.1198,0
12.6,0.0,83.6,7.0,0.1198,0
12.6,0.0,83.6,7.0,0.1198,0
12.6,0.0,83.6,7.0,0.1198,0
12.6,0.0,83.6,7.0,0.1198,0
12.6,0.0,83.6,7.0,0.1198,0
12.6,0.0,83.6,7.0,0.1198,0
12.6,0.0,83.6,7.0,0.1198,0
12.6,0.0,83.6,7.0,0.1198,0
12.6,0.0,83.6,7.0,0.1198,0
12.6,0.0,83.6,7.0,0.1198,0
12.6,0.0,83.6,7.0,0.1198,0
12.6,0.0,83.6,7.0,0.1198,0
12.6,0.0,83.6,7.0,0.1198,0
12.6,0.0,83.6,7.0,0.1198,0
12.6,0.0,83.6,7.0,0.1198,0
12.6,0.0,83.6,7.0,0.1198,0
12.6,0.0,83.6,7.0,0.1198,0
12.6,0.0,83.6,7.0,0.1198,0
12.6,0.0,83.6,7.0,0.1198,0
12.6,0.0,83.6,7.0,0.1198,0
12.6,0.0,83.6,7.0,0.1198,0
12.6,0.0,83.6,7.0,0.1198,0
12.6,0.0,83.6,7.0,0.1198,0
12.6,0.0,83.6,7.0,0.1198,0
12.6,0.0,83.6,7.0,0.1198,0
12.6,0.0,83.6,7.0,0.1198,0
12.6,0.0,83.6,7.0,0.1198,0
12.6,0.0,83.6,7.0,0.1198,0
12.6,0.0,83.6,7.0,0.1198,0
12.6,0.0,83.6,7.0,0.1198,0
12.6,0.0,83.6,7.0,0.1198,0
12.6,0.0,83.6,7.0,0.1198,0
12.6,0.0,83.6,7.0,0.1198,0
12.6,0.0,83.6,7.0,0.1198,0
12.6,0.0,83.6,7.0,0.1198,0
12.6,0.0,83.6,7.0,0.1198,0
12.6,0.0,83.6,7.0,0.1198,0
12.6,0.0,83.6,7.0,0.1198,0
12.6,0.0,83.6,7.0,0.1198,0
12.6,0.0,83.6,7.0,0.1198,0
12.6,0.0,83.6,7.0,0.1198,0
12.6,0.0,83.6,7.0,0.1198,0
12.6,0.0,83.6,7.0,0.1198,0
12.6,0.0,83.6,7.0,0.1198,0
12.6,0.0,83.6,7.0,0.1198,0
12.6,0.0,83.6,7.0,0.1198,0
12.6,0.0,83.6,7.0,0.1198,0
12.6,0.0,83.6,7.0,0.1198,0
12.6,0.0,83.6,7.0,0.1198,0
15.1,0.0,89.2,7.0,0.087,1
17.8,0.0,2.9,7.0,0.1304,0
17.8,0.0,2.9,7.0,0.1304,0
17.8,0.0,2.9,7.0,0.1304,0
17.8,0.0,2.9,7.0,0.1304,0
17.8,0.0,2.9,7.0,0.1304,0
17.8,0.0,2.9,7.0,0.1304,0
17.8,0.0,2.9,7.0,0.1304,0
17.8,0.0,2.9,7.0,0.1304,0
17.8,0.0,2.9,7.0,0.1159,1
17.8,0.0,2.9,7.0,0.1304,0
17.8,0.0,2.9,7.0,0.1304,0
17.8,0.0,2.9,7.0,0.1304,0
17.8,0.0,2.9,7.0,0.1159,1
17.8,0.0,2.9,7.0,0.1304,0
17.8,0.0,2.9,7.0,0.1304,0
17.8,0.0,2.9,7.0,0.1304,0
17.8,0.0,2.9,7.0,0.1304,0
17.8,0.0,2.9,7.0,0.1304,0
17.8,0.0,2.9,7.0,0.1304,0
17.8,0.0,2.9,7.0,0.1304,0
17.8,0.0,2.9,7.0,0.1304,0
17.8,0.0,2.9,7.0,0.1304,0
17.8,0.0,2.9,7.0,0.1304,0
16.0,0.0,69.3,7.0,0.3816,1
16.9,0.0,69.3,7.0,0.3816,1
16.9,0.0,69.3,7.0,0.3816,1
16.4,0.0,2.9,7.0,0.1159,1
16.4,0.0,2.9,7.0,0.1304,0
16.4,0.0,2.9,7.0,0.1304,0
16.4,0.0,2.9,7.0,0.1304,0
16.4,0.0,2.9,7.0,0.1304,0
16.4,0.0,2.9,7.0,0.1304,0
16.4,0.0,2.9,7.0,0.1304,0
16.4,0.0,2.9,7.0,0.1304,0
16.4,0.0,2.9,7.0,0.1304,0
16.4,0.0,2.9,7.0,0.1304,0
16.4,0.0,2.9,7.0,0.1159,1
16.4,0.0,2.9,7.0,0.1159,1
16.4,0.0,2.9,7.0,0.1304,0
16.4,0.0,2.9,7.0,0.1304,0
16.4,0.0,2.9,7.0,0.1159,1
16.4,0.0,2.9,7.0,0.1159,1
16.4,0.0,98.8,7.0,0.0,0
18.0,0.0,92.5,7.0,0.1899,0
17.1,0.0,64.8,7.0,0.4488,0
15.6,0.0,64.8,7.0,0.4409,1
18.0,0.0,92.5,7.0,0.1899,0
17.1,0.0,64.8,7.0,0.4409,1
17.1,0.0,64.8,7.0,0.4488,0
17.1,0.0,64.8,7.0,0.4488,0
17.1,0.0,64.8,7.0,0.4409,1
18.0,0.0,92.5,7.0,0.1772,1
17.2,0.0,76.9,8.0,0.3271,0
17.1,0.0,64.8,7.0,0.4409,1
18.0,0.0,92.5,7.0,0.1899,0
17.1,0.0,64.8,7.0,0.4409,1
17.1,0.0,64.8,7.0,0.4409,1
13.9,0.0,91.4,7.0,0.1228,1
17.2,0.0,76.9,8.0,0.3271,0
17.1,0.0,64.8,7.0,0.4409,1
18.0,0.0,92.5,7.0,0.1772,1
17.1,0.0,64.8,7.0,0.4409,1
12.0,2.0,89.1,7.0,0.2,0
17.1,0.0,64.8,7.0,0.4488,0
18.0,0.0,92.5,7.0,0.1772,1
17.1,0.0,64.8,7.0,0.4488,0
17.1,0.0,64.8,7.0,0.4488,0
12.6,0.0,100.0,7.0,0.2636,0
17.1,0.0,64.8,7.0,0.4488,0
17.2,0.0,76.9,8.0,0.3271,0
17.1,0.0,64.8,7.0,0.4409,1
17.2,0.0,76.9,8.0,0.3271,0
18.0,0.0,92.5,7.0,0.1899,0
17.1,0.0,64.8,7.0,0.4409,1
12.6,0.0,100.0,7.0,0.2636,0
17.1,0.0,64.8,7.0,0.4488,0
17.2,0.0,76.9,8.0,0.3271,0
12.6,0.0,100.0,7.0,0.2636,0
17.1,0.0,64.8,7.0,0.4488,0
17.2,0.0,76.9,8.0,0.3271,0
18.0,0.0,92.5,7.0,0.1772,1
17.1,0.0,64.8,7.0,0.4488,0
18.0,0.0,92.5,7.0,0.1772,1
17.2,0.0,76.9,8.0,0.3271,0
15.6,0.0,64.8,7.0,0.4409,1
18.0,0.0,92.5,7.0,0.1772,1
13.9,0.0,91.4,7.0,0.1228,1
17.1,0.0,64.8,7.0,0.4409,1
17.2,0.0,76.9,7.0,0.3271,0
18.0,0.0,92.5,7.0,0.1899,0
15.6,0.0,64.8,7.0,0.4409,1
17.2,0.0,76.9,7.0,0.3271,0
18.0,0.0,92.5,7.0,0.1899,0
17.2,0.0,76.9,7.0,0.3271,0
14.7,0.0,64.8,7.0,0.4409,1
18.0,0.0,92.5,7.0,0.1899,0
14.7,0.0,64.8,7.0,0.4409,1
17.2,0.0,76.9,7.0,0.3271,0
14.7,0.0,64.8,7.0,0.4409,1
17.2,0.0,76.9,7.0,0.3271,0
16.2,0.0,78.2,7.0,0.4074,0
18.0,0.0,92.5,7.0,0.1899,0
17.1,0.0,64.8,7.0,0.4409,1
14.6,0.0,64.8,7.0,0.4409,1
18.0,0.0,92.5,7.0,0.1899,0
16.2,0.0,78.2,7.0,0.4074,0
14.2,0.0,64.8,7.0,0.4409,1
18.0,0.0,92.5,7.0,0.1899,0
14.2,0.0,64.8,7.0,0.4409,1
13.6,0.0,64.8,7.0,0.4409,1
13.6,0.0,64.8,7.0,0.4488,0
17.0,0.0,92.5,7.0,0.1899,0
16.7,0.0,64.8,7.0,0.4488,0
15.6,0.0,64.8,7.0,0.4488,0
15.6,0.0,64.8,7.0,0.4488,0
15.7,0.0,25.0,7.0,0.2636,0
15.1,0.0,66.1,7.0,0.2318,0
15.6,0.0,64.8,7.0,0.4409,1
15.1,0.0,66.1,7.0,0.2318,0
15.6,0.0,64.8,7.0,0.4488,0
16.5,0.0,90.0,7.0,0.1628,0
16.9,0.0,67.6,7.0,0.0556,0
16.9,0.0,67.6,7.0,0.0556,0
14.9,0.0,83.6,7.0,0.1198,0
14.9,0.0,83.6,7.0,0.1198,0
14.9,0.0,83.6,7.0,0.1198,0
14.9,0.0,83.6,7.0,0.1198,0
14.9,0.0,83.6,7.0,0.1198,0
14.9,0.0,83.6,7.0,0.1198,0
14.9,0.0,83.6,7.0,0.1198,0
14.9,0.0,83.6,7.0,0.1198,0
14.9,0.0,83.6,7.0,0.1198,0
14.9,0.0,83.6,7.0,0.1198,0
14.9,0.0,83.6,7.0,0.1198,0
14.9,0.0,83.6,7.0,0.1198,0
14.9,0.0,83.6,7.0,0.1198,0
14.9,0.0,83.6,7.0,0.1198,0
14.9,0.0,83.6,7.0,0.1198,0
14.9,0.0,83.6,7.0,0.1198,0
14.9,0.0,83.6,7.0,0.1198,0
14.9,0.0,83.6,7.0,0.1198,0
14.9,0.0,83.6,7.0,0.1198,0
14.9,0.0,83.6,7.0,0.1198,0
14.9,0.0,83.6,7.0,0.1198,0
14.9,0.0,83.6,7.0,0.1198,0
14.9,0.0,83.6,7.0,0.1198,0
14.9,0.0,83.6,7.0,0.1198,0
14.9,0.0,83.6,7.0,0.1198,0
14.9,0.0,83.6,7.0,0.1198,0
14.9,0.0,83.6,7.0,0.1198,0
14.9,0.0,83.6,7.0,0.1198,0
14.9,0.0,83.6,7.0,0.1198,0
14.9,0.0,83.6,7.0,0.1198,0
14.9,0.0,83.6,7.0,0.1198,0
14.9,0.0,83.6,7.0,0.1198,0
14.9,0.0,83.6,7.0,0.1198,0
14.9,0.0,83.6,7.0,0.1198,0
14.9,0.0,83.6,7.0,0.1198,0
14.9,0.0,83.6,7.0,0.1198,0
14.9,0.0,83.6,7.0,0.1198,0
14.9,0.0,83.6,7.0,0.1198,0
14.9,0.0,83.6,7.0,0.1198,0
14.9,0.0,83.6,7.0,0.1198,0
14.9,0.0,83.6,7.0,0.1198,0
14.9,0.0,83.6,7.0,0.1198,0
14.9,0.0,83.6,7.0,0.1198,0
14.9,0.0,83.6,7.0,0.1198,0
14.9,0.0,83.6,7.0,0.1198,0
14.9,0.0,83.6,7.0,0.1198,0
14.9,0.0,83.6,7.0,0.1198,0
14.9,0.0,83.6,7.0,0.1198,0
14.9,0.0,83.6,7.0,0.1198,0
14.9,0.0,83.6,7.0,0.1198,0
14.9,0.0,83.6,7.0,0.1198,0
14.9,0.0,83.6,7.0,0.1198,0
14.9,0.0,83.6,7.0,0.1198,0
14.9,0.0,83.6,7.0,0.1198,0
14.9,0.0,83.6,7.0,0.1198,0
14.9,0.0,83.6,7.0,0.1198,0
14.9,0.0,83.6,7.0,0.1198,0
14.9,0.0,83.6,7.0,0.1198,0
14.9,0.0,83.6,7.0,0.1198,0
14.9,0.0,83.6,7.0,0.1198,0
14.9,0.0,83.6,7.0,0.1198,0
14.9,0.0,83.6,7.0,0.1198,0
14.9,0.0,83.6,7.0,0.1198,0
14.9,0.0,83.6,7.0,0.1198,0
14.9,0.0,83.6,7.0,0.1198,0
14.9,0.0,83.6,7.0,0.1198,0
14.9,0.0,83.6,7.0,0.1198,0
14.9,0.0,83.6,7.0,0.1198,0
14.9,0.0,83.6,7.0,0.1198,0
14.9,0.0,83.6,7.0,0.1198,0
14.9,0.0,83.6,7.0,0.1198,0
14.9,0.0,83.6,7.0,0.1198,0
14.9,0.0,83.6,7.0,0.1198,0
14.9,0.0,83.6,7.0,0.1198,0
14.9,0.0,83.6,7.0,0.1198,0
14.9,0.0,83.6,7.0,0.1198,0
14.9,0.0,83.6,7.0,0.1198,0
14.9,0.0,83.6,7.0,0.1198,0
14.9,0.0,83.6,7.0,0.117,1
14.9,0.0,83.6,7.0,0.1198,0
16.5,0.0,87.9,7.0,0.1713,0
12.4,0.0,87.9,7.0,0.1713,0
13.8,0.0,90.0,9.0,0.1628,0
16.9,0.0,7.7,7.0,0.2636,0
16.9,0.0,7.7,7.0,0.2636,0
16.2,0.0,78.2,7.0,0.3889,1
16.5,0.0,74.4,7.0,0.3158,0
16.8,0.0,38.1,7.0,0.6265,1
12.0,0.0,100.0,7.0,0.2636,0
12.5,0.0,17.6,7.0,0.2636,1
12.5,0.0,17.6,7.0,0.2636,1
12.4,0.0,45.0,7.0,0.2821,1
14.6,0.0,96.5,7.0,0.0235,0
14.6,0.0,96.5,7.0,0.0235,0
14.6,0.0,96.5,7.0,0.0235,0
14.6,0.0,96.5,7.0,0.0235,0
14.6,0.0,96.5,7.0,0.0235,0
14.6,0.0,96.5,7.0,0.0235,0
14.6,0.0,96.5,7.0,0.0235,0
17.5,0.0,96.5,7.0,0.0235,0
17.5,0.0,96.5,7.0,0.0235,0
15.5,0.0,32.7,7.0,0.367,0
15.5,0.0,32.7,7.0,0.367,0
15.5,0.0,32.7,7.0,0.367,0
14.2,0.0,32.7,7.0,0.3578,1
17.5,0.0,96.5,7.0,0.0235,0
17.5,0.0,96.5,7.0,0.0235,0
14.4,0.0,80.0,7.0,0.1351,0
17.1,0.0,80.0,7.0,0.1351,0
13.7,0.0,32.7,9.0,0.3578,1
16.4,0.0,96.5,7.0,0.0118,1
14.1,0.0,80.0,7.0,0.1351,0
16.4,0.0,96.5,7.0,0.0235,0
14.6,0.0,62.9,7.0,0.1698,0
14.6,0.0,62.9,7.0,0.1698,0
14.6,0.0,62.9,7.0,0.1698,0
14.6,0.0,62.9,7.0,0.1698,0
15.3,0.0,76.9,7.0,0.7156,1
15.3,0.0,76.9,7.0,0.7156,1
16.9,0.0,69.3,7.0,0.3882,0
12.6,0.0,83.6,7.0,0.1198,0
12.6,0.0,83.6,7.0,0.1198,0
12.6,0.0,83.6,7.0,0.1198,0
12.6,0.0,83.6,7.0,0.1198,0
12.6,0.0,83.6,7.0,0.1198,0
12.6,0.0,83.6,7.0,0.1198,0
12.6,0.0,83.6,7.0,0.1198,0
12.6,0.0,83.6,7.0,0.1198,0
12.6,0.0,83.6,7.0,0.1198,0
12.6,0.0,83.6,7.0,0.1198,0
12.6,0.0,83.6,7.0,0.1198,0
12.6,0.0,83.6,7.0,0.1198,0
12.6,0.0,83.6,7.0,0.1198,0
12.6,0.0,83.6,7.0,0.1198,0
12.6,0.0,83.6,7.0,0.1198,0
12.6,0.0,83.6,7.0,0.1198,0
12.6,0.0,83.6,7.0,0.1198,0
12.6,0.0,83.6,7.0,0.1198,0
12.6,0.0,83.6,7.0,0.1198,0
12.6,0.0,83.6,7.0,0.1198,0
12.6,0.0,83.6,7.0,0.1198,0
12.6,0.0,83.6,7.0,0.1198,0
12.6,0.0,83.6,7.0,0.1198,0
12.6,0.0,83.6,7.0,0.1198,0
12.6,0.0,83.6,7.0,0.1198,0
12.6,0.0,83.6,7.0,0.1198,0
12.6,0.0,83.6,7.0,0.1198,0
12.6,0.0,83.6,7.0,0.1198,0
12.6,0.0,83.6,7.0,0.1198,0
12.6,0.0,83.6,7.0,0.1198,0
12.6,0.0,83.6,7.0,0.1198,0
12.6,0.0,83.6,7.0,0.1198,0
12.6,0.0,83.6,7.0,0.1198,0
12.6,0.0,83.6,7.0,0.1198,0
12.6,0.0,83.6,7.0,0.1198,0
12.6,0.0,83.6,7.0,0.1198,0
12.6,0.0,83.6,7.0,0.1198,0
12.6,0.0,83.6,7.0,0.1198,0
12.6,0.0,83.6,7.0,0.1198,0
12.6,0.0,83.6,7.0,0.1198,0
12.6,0.0,83.6,7.0,0.1198,0
12.6,0.0,83.6,7.0,0.1198,0
12.6,0.0,83.6,7.0,0.1198,0
12.6,0.0,83.6,7.0,0.1198,0
12.6,0.0,83.6,7.0,0.1198,0
12.6,0.0,83.6,7.0,0.1198,0
12.6,0.0,83.6,7.0,0.1198,0
12.6,0.0,83.6,7.0,0.1198,0
12.6,0.0,83.6,7.0,0.1198,0
16.9,0.0,69.3,7.0,0.3882,0
16.9,0.0,69.3,7.0,0.3816,1
16.9,0.0,69.3,7.0,0.3882,0
16.9,0.0,69.3,7.0,0.3882,0
12.6,0.0,83.6,7.0,0.1198,0
12.6,0.0,83.6,7.0,0.1198,0
12.6,0.0,83.6,7.0,0.1198,0
12.6,0.0,83.6,7.0,0.1198,0
12.6,0.0,83.6,7.0,0.1198,0
12.6,0.0,83.6,7.0,0.1198,0
12.6,0.0,83.6,7.0,0.1198,0
12.6,0.0,83.6,7.0,0.1198,0
12.6,0.0,83.6,7.0,0.1198,0
12.6,0.0,83.6,7.0,0.1198,0
12.6,0.0,83.6,7.0,0.1198,0
12.6,0.0,83.6,7.0,0.1198,0
12.6,0.0,83.6,7.0,0.1198,0
14.5,0.0,82.0,7.0,0.1705,0
17.2,0.0,76.9,7.0,0.3178,1
17.8,0.0,95.6,7.0,0.0455,0
16.3,0.0,62.5,7.0,0.2636,0
16.3,0.0,62.5,7.0,0.2636,0
15.3,0.0,76.9,7.0,0.7156,1
15.3,0.0,76.9,7.0,0.7156,1
15.3,0.0,76.9,7.0,0.7156,1
15.3,0.0,76.9,7.0,0.7156,1
15.3,0.0,76.9,7.0,0.7156,1
15.3,0.0,76.9,7.0,0.7156,1
15.3,0.0,76.9,7.0,0.7156,1
15.3,0.0,76.9,7.0,0.7156,1
14.7,0.0,0.0,7.0,0.2632,0
14.7,0.0,0.0,7.0,0.2632,0
14.7,0.0,0.0,7.0,0.2368,1
14.7,0.0,0.0,7.0,0.2368,1
14.7,0.0,0.0,7.0,0.2368,1
12.4,0.0,45.0,7.0,0.3077,0
12.4,0.0,45.0,7.0,0.3077,0
12.9,0.0,100.0,7.0,0.2636,0
12.4,0.0,45.0,7.0,0.3077,0
12.8,0.0,60.9,7.0,0.6618,0
15.3,0.0,64.1,7.0,0.3492,0
16.0,0.0,64.1,7.0,0.3492,0
15.4,0.0,76.9,7.0,0.7156,1
15.4,0.0,76.9,7.0,0.7156,1
18.0,0.0,98.2,7.0,0.0228,0
17.3,0.0,64.1,7.0,0.3492,0
15.4,0.0,76.9,7.0,0.7156,1
17.3,0.0,64.1,7.0,0.3492,0
12.9,0.0,84.6,7.0,0.2285,1
12.9,0.0,84.6,7.0,0.2285,1
14.7,0.0,42.5,7.0,0.1608,0
12.9,0.0,84.6,7.0,0.2299,0
12.9,0.0,84.6,7.0,0.2299,0
12.9,0.0,84.6,7.0,0.2299,0
18.1,0.0,93.2,7.0,0.0855,0
12.9,0.0,84.6,7.0,0.2299,0
12.9,0.0,84.6,7.0,0.2299,0
15.8,0.0,76.3,7.0,0.0,0
15.8,0.0,76.3,7.0,0.0,0
16.0,0.0,69.3,7.0,0.3882,0
12.6,0.0,83.6,7.0,0.1198,0
12.6,0.0,83.6,7.0,0.1198,0
12.6,0.0,83.6,7.0,0.1198,0
12.6,0.0,83.6,7.0,0.1198,0
12.6,0.0,83.6,7.0,0.1198,0
12.6,0.0,83.6,7.0,0.1198,0
12.6,0.0,83.6,7.0,0.1198,0
12.6,0.0,83.6,7.0,0.1198,0
12.6,0.0,83.6,7.0,0.1198,0
12.6,0.0,83.6,7.0,0.1198,0
12.6,0.0,83.6,7.0,0.1198,0
12.6,0.0,83.6,7.0,0.1198,0
12.6,0.0,83.6,7.0,0.1198,0
12.6,0.0,83.6,7.0,0.1198,0
12.6,0.0,83.6,7.0,0.1198,0
12.6,0.0,83.6,7.0,0.1198,0
12.6,0.0,83.6,7.0,0.1198,0
12.6,0.0,83.6,7.0,0.1198,0
12.6,0.0,83.6,7.0,0.1198,0
12.6,0.0,83.6,7.0,0.1198,0
12.6,0.0,83.6,7.0,0.1198,0
12.6,0.0,83.6,7.0,0.1198,0
12.6,0.0,83.6,7.0,0.1198,0
12.6,0.0,83.6,7.0,0.1198,0
12.6,0.0,83.6,7.0,0.1198,0
12.6,0.0,83.6,7.0,0.1198,0
12.6,0.0,83.6,7.0,0.1198,0
12.6,0.0,83.6,7.0,0.1198,0
12.6,0.0,83.6,7.0,0.1198,0
12.6,0.0,83.6,7.0,0.1198,0
15.8,0.0,83.6,7.0,0.1198,0
15.8,0.0,83.6,7.0,0.1198,0
15.8,0.0,83.6,7.0,0.1198,0
15.8,0.0,83.6,7.0,0.1198,0
15.8,0.0,83.6,7.0,0.117,1
15.8,0.0,83.6,7.0,0.1198,0
15.8,0.0,83.6,7.0,0.117,1
12.9,0.0,84.6,7.0,0.2299,0
16.0,0.0,69.3,7.0,0.3882,0
16.0,0.0,69.3,7.0,0.3882,0
12.4,0.0,45.0,7.0,0.2821,1
16.0,0.0,84.6,7.0,0.2285,1
12.2,0.0,45.0,7.0,0.3077,0
16.0,0.0,84.6,7.0,0.2299,0
16.0,0.0,84.6,7.0,0.2299,0
16.1,0.0,42.5,7.0,0.1608,0
16.0,0.0,84.6,7.0,0.2299,0
12.4,0.0,45.0,7.0,0.3077,0
13.3,0.0,45.0,7.0,0.3077,0
13.3,0.0,45.0,7.0,0.3077,0
13.5,0.0,28.6,7.0,0.1667,0
16.0,0.0,64.1,7.0,0.3492,0
12.1,0.0,45.0,7.0,0.3077,0
12.2,0.0,45.0,7.0,0.3077,0
12.2,0.0,45.0,7.0,0.3077,0
16.0,0.0,60.9,7.0,0.6471,1
12.2,0.0,45.0,7.0,0.2821,1
16.4,0.0,32.4,7.0,0.3738,1
16.3,0.0,32.4,7.0,0.3738,1
16.3,0.0,32.4,7.0,0.3738,1
13.3,0.0,32.4,7.0,0.3738,1
13.5,0.0,32.4,7.0,0.3738,1
13.3,0.0,32.4,7.0,0.3738,1
13.5,0.0,32.4,7.0,0.3832,0
13.5,0.0,32.4,7.0,0.3738,1
13.5,0.0,32.4,7.0,0.3738,1
12.2,0.0,45.0,7.0,0.3077,0
16.9,0.0,69.3,7.0,0.3882,0
12.2,0.0,45.0,7.0,0.3077,0
15.4,0.0,76.9,7.0,0.7156,1
15.4,0.0,76.9,7.0,0.7156,1
15.4,0.0,76.9,7.0,0.7156,1
16.0,0.0,69.3,7.0,0.3882,0
15.4,0.0,76.9,7.0,0.7156,1
15.4,0.0,76.9,7.0,0.7156,1
16.0,0.0,69.3,7.0,0.3882,0
15.4,0.0,76.9,7.0,0.7156,1
15.4,0.0,76.9,7.0,0.7156,1
15.4,0.0,76.9,7.0,0.7156,1
16.0,0.0,69.3,7.0,0.3882,0
16.0,0.0,69.3,7.0,0.3882,0
16.0,0.0,69.3,7.0,0.3816,1
17.7,0.0,100.0,7.0,0.0,0
16.9,0.0,92.1,7.0,0.2258,0
17.4,0.0,80.6,8.0,0.0761,0
15.4,0.0,76.9,7.0,0.7156,1
15.1,1.0,75.0,7.0,0.2636,0
17.4,0.0,80.6,7.0,0.0761,0
17.4,0.0,80.6,7.0,0.0761,0
16.0,0.0,69.3,7.0,0.3882,0
14.5,0.0,43.8,7.0,0.4545,1
14.5,0.0,43.8,7.0,0.4545,1
14.5,0.0,43.8,7.0,0.4545,1
15.1,0.0,43.8,7.0,0.4545,1
14.5,0.0,43.8,7.0,0.4545,1
14.5,0.0,43.8,7.0,0.4545,1
14.5,0.0,43.8,7.0,0.4545,1
14.5,0.0,43.8,7.0,0.4545,1
14.5,0.0,43.8,7.0,0.4545,1
14.3,0.0,43.8,7.0,0.4545,1
14.5,0.0,43.8,7.0,0.4545,1
14.5,0.0,43.8,7.0,0.4545,1
14.2,0.0,43.8,7.0,0.4545,1
14.2,0.0,43.8,7.0,0.4545,1
14.5,0.0,43.8,7.0,0.4545,1
14.5,0.0,43.8,7.0,0.4545,1
14.5,0.0,43.8,7.0,0.4659,0
15.8,0.0,83.6,7.0,0.1198,0
17.4,0.0,80.6,7.0,0.0761,0
12.1,0.0,0.0,7.0,0.2636,0
17.4,0.0,80.6,7.0,0.0761,0
14.4,0.0,80.0,7.0,0.1216,1
13.6,0.0,83.0,7.0,0.3103,1
17.4,0.0,80.6,8.0,0.0761,0
13.6,0.0,83.0,7.0,0.3103,1
16.4,0.0,69.3,7.0,0.3816,1
16.9,0.0,69.3,7.0,0.3882,0
17.7,0.0,0.0,7.0,0.3548,0
16.0,0.0,69.3,7.0,0.3816,1
16.9,0.0,69.3,7.0,0.3882,0
17.4,0.0,80.6,7.0,0.0761,0
13.9,0.0,43.8,7.0,0.4659,0
13.9,0.0,43.8,7.0,0.4659,0
13.9,0.0,43.8,7.0,0.4659,0
13.9,0.0,43.8,7.0,0.4659,0
13.9,0.0,43.8,7.0,0.4659,0
13.9,0.0,43.8,7.0,0.4659,0
13.9,0.0,43.8,7.0,0.4659,0
13.9,0.0,43.8,7.0,0.4659,0
13.9,0.0,43.8,7.0,0.4659,0
13.9,0.0,43.8,7.0,0.4659,0
13.9,0.0,43.8,7.0,0.4659,0
13.9,0.0,43.8,7.0,0.4659,0
13.1,0.0,43.8,7.0,0.4659,0
14.0,0.0,29.2,7.0,0.6071,1
16.0,1.0,95.2,7.0,0.0097,0
16.6,0.0,90.0,7.0,0.1628,0
16.8,0.0,86.5,7.0,0.3333,0
16.6,0.0,90.0,7.0,0.155,1
17.0,0.0,90.0,7.0,0.1628,0
17.0,0.0,90.0,7.0,0.1628,0
16.5,0.0,97.1,7.0,0.0909,0
16.5,0.0,97.1,7.0,0.0909,0
17.6,0.0,76.9,7.0,0.7163,0
15.4,0.0,76.9,7.0,0.7156,1
16.1,0.0,82.7,7.0,0.1992,0
17.0,0.0,76.9,7.0,0.3271,0
15.4,0.0,76.9,7.0,0.7156,1
15.4,0.0,76.9,7.0,0.7156,1
14.5,0.0,77.3,7.0,0.2636,0
15.4,0.0,76.9,7.0,0.7156,1
15.4,0.0,76.9,7.0,0.7156,1
15.4,0.0,76.9,7.0,0.7156,1
14.5,0.0,77.3,7.0,0.2636,0
15.4,0.0,76.9,7.0,0.7156,1
14.5,0.0,77.3,7.0,0.2636,0
14.5,0.0,77.3,7.0,0.2636,0
15.4,0.0,76.9,7.0,0.7156,1
15.4,0.0,76.9,7.0,0.7156,1
16.1,0.0,82.7,7.0,0.1992,0
15.4,0.0,76.9,7.0,0.7156,1
15.4,0.0,76.9,7.0,0.7156,1
15.4,0.0,76.9,7.0,0.7156,1
15.4,0.0,76.9,7.0,0.7156,1
15.4,0.0,76.9,7.0,0.7156,1
15.4,0.0,76.9,7.0,0.7156,1
15.4,0.0,76.9,7.0,0.7156,1
15.4,0.0,76.9,7.0,0.7156,1
15.4,0.0,76.9,7.0,0.7156,1
15.4,0.0,76.9,7.0,0.7156,1
15.4,0.0,76.9,7.0,0.7156,1
15.4,0.0,76.9,7.0,0.7156,1
13.5,0.0,28.6,7.0,0.1667,0
13.5,0.0,28.6,7.0,0.1667,0
13.5,0.0,28.6,7.0,0.1667,0
15.4,0.0,76.9,7.0,0.7156,1
15.4,0.0,76.9,7.0,0.7156,1
14.4,0.0,77.1,7.0,0.2647,1
15.4,0.0,76.9,7.0,0.7156,1
15.4,0.0,76.9,7.0,0.7156,1
14.9,0.0,77.1,7.0,0.2941,0
14.9,0.0,77.1,7.0,0.2941,0
15.4,0.0,76.9,7.0,0.7156,1
14.9,0.0,77.1,7.0,0.2941,0
15.4,0.0,76.9,7.0,0.7156,1
15.4,0.0,76.9,7.0,0.7156,1
14.4,0.0,77.1,7.0,0.2941,0
15.4,0.0,76.9,7.0,0.7156,1
15.4,0.0,76.9,7.0,0.7156,1
14.4,0.0,77.1,7.0,0.2941,0
15.4,0.0,76.9,7.0,0.7156,1
14.9,0.0,77.1,7.0,0.2647,1
14.4,0.0,14.3,7.0,0.125,1
14.4,0.0,77.1,7.0,0.2941,0
15.4,0.0,76.9,7.0,0.7156,1
13.5,0.0,77.1,7.0,0.2941,0
12.2,0.0,45.0,7.0,0.3077,0
15.4,0.0,76.9,7.0,0.7156,1
14.4,0.0,77.1,7.0,0.2941,0
13.3,0.0,14.3,7.0,0.1458,0
15.4,0.0,76.9,7.0,0.7156,1
13.5,0.0,77.1,7.0,0.2647,1
12.2,0.0,45.0,7.0,0.2821,1
15.4,0.0,76.9,7.0,0.7156,1
13.5,0.0,77.1,7.0,0.2941,0
15.4,0.0,76.9,7.0,0.7156,1
14.9,0.0,77.1,7.0,0.2941,0
15.4,0.0,76.9,7.0,0.7156,1
13.5,0.0,77.1,7.0,0.2941,0
15.4,0.0,76.9,7.0,0.7156,1
15.6,0.0,14.3,7.0,0.1458,0
15.4,0.0,76.9,7.0,0.7156,1
13.5,0.0,77.1,7.0,0.2647,1
14.4,0.0,77.1,7.0,0.2941,0
15.4,0.0,76.9,7.0,0.7156,1
14.4,0.0,77.1,7.0,0.2941,0
15.4,0.0,76.9,7.0,0.7156,1
15.4,0.0,76.9,7.0,0.7156,1
14.4,0.0,77.1,7.0,0.2941,0
15.4,0.0,76.9,7.0,0.7156,1
12.4,0.0,45.0,7.0,0.3077,0
15.4,0.0,76.9,7.0,0.7156,1
14.4,0.0,77.1,7.0,0.2941,0
15.4,0.0,76.9,7.0,0.7156,1
14.9,0.0,77.1,7.0,0.2647,1
15.4,0.0,76.9,7.0,0.7156,1
14.9,0.0,77.1,7.0,0.2941,0
12.7,0.0,45.0,7.0,0.3077,0
14.9,0.0,77.1,7.0,0.2941,0
15.4,0.0,76.9,7.0,0.7156,1
15.4,0.0,76.9,7.0,0.7156,1
14.4,0.0,77.1,7.0,0.2941,0
15.4,0.0,76.9,7.0,0.7156,1
15.4,0.0,76.9,7.0,0.7156,1
13.5,0.0,77.1,7.0,0.2941,0
15.4,0.0,76.9,7.0,0.7156,1
14.9,0.0,77.1,7.0,0.2647,1
13.5,0.0,77.1,7.0,0.2941,0
15.4,0.0,76.9,7.0,0.7156,1
14.4,0.0,77.1,7.0,0.2941,0
14.4,0.0,77.1,7.0,0.2941,0
16.9,0.0,61.9,7.0,0.3735,1
14.4,0.0,77.1,7.0,0.2941,0
15.4,0.0,76.9,7.0,0.7156,1
14.9,0.0,77.1,7.0,0.2941,0
15.4,0.0,76.9,7.0,0.7156,1
15.4,0.0,76.9,7.0,0.7156,1
15.4,0.0,76.9,7.0,0.7156,1
15.4,0.0,76.9,7.0,0.7156,1
15.4,0.0,76.9,7.0,0.7156,1
15.4,0.0,76.9,7.0,0.7156,1
15.4,0.0,76.9,7.0,0.7156,1
15.4,0.0,76.9,7.0,0.7156,1
15.4,0.0,76.9,7.0,0.7156,1
13.7,0.0,84.9,7.0,0.1481,0
13.7,0.0,84.9,7.0,0.1453,1
13.7,0.0,84.9,7.0,0.1481,0
13.7,0.0,84.9,7.0,0.1481,0
13.7,0.0,84.9,7.0,0.1481,0
13.7,0.0,84.9,7.0,0.1481,0
13.7,0.0,84.9,7.0,0.1453,1
13.7,0.0,84.9,7.0,0.1481,0
13.7,0.0,84.9,7.0,0.1481,0
13.7,0.0,84.9,7.0,0.1481,0
13.7,0.0,84.9,7.0,0.1481,0
13.7,0.0,84.9,7.0,0.1481,0
13.7,0.0,84.9,7.0,0.1481,0
13.7,0.0,84.9,7.0,0.1481,0
13.7,0.0,84.9,7.0,0.1481,0
13.7,0.0,84.9,7.0,0.1481,0
13.7,0.0,84.9,7.0,0.1481,0
13.7,0.0,84.9,7.0,0.1481,0
13.7,0.0,84.9,7.0,0.1481,0
13.7,0.0,84.9,7.0,0.1481,0
13.7,0.0,84.9,7.0,0.1481,0
13.7,0.0,84.9,7.0,0.1481,0
13.7,0.0,84.9,7.0,0.1481,0
13.7,0.0,84.9,7.0,0.1481,0
13.7,0.0,84.9,7.0,0.1481,0
13.7,0.0,84.9,7.0,0.1481,0
13.7,0.0,84.9,7.0,0.1481,0
13.7,0.0,84.9,7.0,0.1481,0
13.7,0.0,84.9,7.0,0.1481,0
13.7,0.0,84.9,7.0,0.1481,0
13.7,0.0,84.9,7.0,0.1481,0
13.7,0.0,84.9,7.0,0.1481,0
13.7,0.0,84.9,7.0,0.1481,0
13.7,0.0,84.9,7.0,0.1481,0
13.7,0.0,84.9,7.0,0.1481,0
13.7,0.0,84.9,7.0,0.1481,0
13.7,0.0,84.9,7.0,0.1481,0
13.7,0.0,84.9,7.0,0.1481,0
13.7,0.0,84.9,7.0,0.1481,0
13.7,0.0,84.9,7.0,0.1481,0
13.7,0.0,84.9,7.0,0.1481,0
13.7,0.0,84.9,7.0,0.1481,0
13.7,0.0,84.9,7.0,0.1481,0
13.7,0.0,84.9,7.0,0.1481,0
13.7,0.0,84.9,7.0,0.1481,0
13.7,0.0,84.9,7.0,0.1481,0
13.7,0.0,84.9,7.0,0.1481,0
13.7,0.0,84.9,7.0,0.1481,0
13.7,0.0,84.9,7.0,0.1481,0
13.7,0.0,84.9,7.0,0.1481,0
13.7,0.0,84.9,7.0,0.1481,0
13.7,0.0,84.9,7.0,0.1481,0
13.7,0.0,84.9,7.0,0.1481,0
13.7,0.0,84.9,7.0,0.1481,0
13.7,0.0,84.9,7.0,0.1481,0
13.7,0.0,84.9,7.0,0.1481,0
13.7,0.0,84.9,7.0,0.1481,0
13.7,0.0,84.9,7.0,0.1481,0
13.7,0.0,84.9,7.0,0.1481,0
13.7,0.0,84.9,7.0,0.1481,0
13.7,0.0,84.9,7.0,0.1481,0
13.7,0.0,84.9,7.0,0.1481,0
15.4,0.0,76.9,7.0,0.7156,1
12.4,0.0,45.0,7.0,0.2821,1
12.5,0.0,45.0,7.0,0.3077,0
12.5,0.0,45.0,7.0,0.3077,0
15.4,0.0,76.9,7.0,0.7156,1
15.4,0.0,76.9,7.0,0.7156,1
15.4,0.0,76.9,7.0,0.7156,1
15.4,0.0,76.9,7.0,0.7156,1
15.4,0.0,76.9,7.0,0.7156,1
15.4,0.0,76.9,7.0,0.7156,1
12.4,0.0,45.0,7.0,0.2821,1
15.4,0.0,76.9,7.0,0.7156,1
12.5,0.0,45.0,7.0,0.3077,0
15.4,0.0,76.9,7.0,0.7156,1
16.8,0.0,16.7,7.0,0.2636,1
15.4,0.0,58.7,7.0,0.3756,0
15.0,0.0,58.7,7.0,0.3756,0
15.0,0.0,58.7,7.0,0.3756,0
15.4,0.0,58.7,7.0,0.3756,0
15.0,0.0,58.7,7.0,0.3756,0
15.0,0.0,58.7,7.0,0.3707,1
15.4,0.0,58.7,7.0,0.3756,0
14.9,0.0,58.7,7.0,0.3707,1
15.4,0.0,58.7,7.0,0.3756,0
15.4,0.0,58.7,7.0,0.3756,0
15.0,0.0,58.7,7.0,0.3707,1
15.0,0.0,58.7,7.0,0.3756,0
16.3,0.0,80.6,7.0,0.0761,0
17.0,0.0,47.1,8.0,0.2636,0
16.3,0.0,80.6,7.0,0.0761,0
15.4,0.0,76.9,7.0,0.7156,1
15.4,0.0,76.9,7.0,0.7156,1
16.3,0.0,80.6,7.0,0.0761,0
15.4,0.0,62.5,7.0,0.2636,0
16.6,0.0,42.5,7.0,0.1608,0
17.4,0.0,80.6,7.0,0.0761,0
14.7,0.0,0.0,7.0,0.2632,0
14.5,0.0,76.3,7.0,0.0,0
15.4,0.0,58.7,7.0,0.3756,0
15.4,0.0,58.7,7.0,0.3756,0
15.4,0.0,58.7,7.0,0.3756,0
15.4,0.0,58.7,7.0,0.3756,0
15.4,0.0,58.7,7.0,0.3756,0
15.4,0.0,58.7,7.0,0.3707,1
15.4,0.0,58.7,7.0,0.3707,1
15.4,0.0,58.7,7.0,0.3756,0
15.4,0.0,58.7,7.0,0.3707,1
15.4,0.0,58.7,7.0,0.3756,0
12.7,0.0,58.7,7.0,0.3756,0
15.0,0.0,58.7,7.0,0.3707,1
15.0,0.0,58.7,7.0,0.3756,0
15.0,0.0,58.7,7.0,0.3756,0
15.0,0.0,58.7,7.0,0.3756,0
17.4,0.0,80.6,7.0,0.0652,1
16.3,0.0,80.6,8.0,0.0761,0
16.9,0.0,42.5,7.0,0.1608,0
15.8,0.0,90.0,7.0,0.1628,0
14.8,0.0,80.6,7.0,0.0761,0
17.8,0.0,70.2,7.0,0.2611,0
17.4,0.0,80.6,7.0,0.0761,0
16.7,0.0,42.5,7.0,0.1608,0
17.4,0.0,80.6,7.0,0.0761,0
14.2,0.0,43.8,7.0,0.4659,0
12.7,0.0,43.8,7.0,0.4659,0
12.7,0.0,43.8,7.0,0.4659,0
14.2,0.0,43.8,7.0,0.4659,0
17.4,0.0,80.6,7.0,0.0761,0
13.0,0.0,100.0,7.0,0.2636,0
17.4,0.0,80.6,7.0,0.0761,0
17.4,0.0,80.6,7.0,0.0761,0
14.6,0.0,84.9,7.0,0.1481,0
14.6,0.0,84.9,7.0,0.1481,0
14.6,0.0,84.9,7.0,0.1481,0
14.6,0.0,84.9,7.0,0.1481,0
14.6,0.0,84.9,7.0,0.1481,0
14.6,0.0,84.9,7.0,0.1481,0
14.6,0.0,84.9,7.0,0.1481,0
14.6,0.0,84.9,7.0,0.1453,1
14.6,0.0,84.9,7.0,0.1481,0
14.6,0.0,84.9,7.0,0.1481,0
14.6,0.0,84.9,7.0,0.1481,0
14.6,0.0,84.9,7.0,0.1481,0
14.6,0.0,84.9,7.0,0.1481,0
14.6,0.0,84.9,7.0,0.1481,0
14.6,0.0,84.9,7.0,0.1481,0
14.6,0.0,84.9,7.0,0.1481,0
14.6,0.0,84.9,7.0,0.1481,0
14.6,0.0,84.9,7.0,0.1481,0
14.6,0.0,84.9,7.0,0.1481,0
14.6,0.0,84.9,7.0,0.1481,0
14.6,0.0,84.9,7.0,0.1481,0
14.6,0.0,84.9,7.0,0.1481,0
14.6,0.0,84.9,7.0,0.1481,0
14.6,0.0,84.9,7.0,0.1481,0
14.6,0.0,84.9,7.0,0.1481,0
14.6,0.0,84.9,7.0,0.1453,1
14.6,0.0,84.9,7.0,0.1481,0
14.6,0.0,84.9,7.0,0.1481,0
14.6,0.0,84.9,7.0,0.1481,0
14.6,0.0,84.9,7.0,0.1481,0
14.6,0.0,84.9,7.0,0.1481,0
14.6,0.0,84.9,7.0,0.1481,0
14.6,0.0,84.9,7.0,0.1481,0
14.6,0.0,84.9,7.0,0.1481,0
14.6,0.0,84.9,7.0,0.1481,0
14.6,0.0,84.9,7.0,0.1481,0
14.6,0.0,84.9,7.0,0.1481,0
14.6,0.0,84.9,7.0,0.1481,0
14.6,0.0,84.9,7.0,0.1481,0
14.6,0.0,84.9,7.0,0.1481,0
14.6,0.0,84.9,7.0,0.1481,0
14.6,0.0,84.9,7.0,0.1481,0
14.6,0.0,84.9,7.0,0.1481,0
14.6,0.0,84.9,7.0,0.1481,0
14.6,0.0,84.9,7.0,0.1481,0
14.6,0.0,84.9,7.0,0.1453,1
14.6,0.0,84.9,7.0,0.1481,0
15.1,0.0,79.5,7.0,0.0,0
15.1,0.0,79.5,7.0,0.0,0
13.2,0.0,79.5,7.0,0.0,0
13.2,0.0,79.5,7.0,0.0,0
13.2,0.0,79.5,7.0,0.0,0
13.2,0.0,79.5,7.0,0.0,0
13.2,0.0,79.5,7.0,0.0,0
13.2,0.0,79.5,7.0,0.0,0
17.4,0.0,80.6,7.0,0.0761,0
17.4,0.0,80.6,7.0,0.0761,0
17.4,0.0,80.6,7.0,0.0761,0
17.2,0.0,98.1,7.0,0.3452,0
17.2,0.0,98.1,7.0,0.3452,0
17.2,0.0,98.1,7.0,0.3452,0
17.2,0.0,98.1,7.0,0.3452,0
17.2,0.0,98.1,7.0,0.3452,0
17.2,0.0,98.1,7.0,0.3452,0
17.2,0.0,98.1,7.0,0.3452,0
17.2,0.0,98.1,7.0,0.3452,0
17.2,0.0,98.1,7.0,0.3452,0
17.2,0.0,98.1,7.0,0.3452,0
17.2,0.0,98.1,7.0,0.3452,0
17.2,0.0,98.1,7.0,0.3452,0
17.2,0.0,98.1,7.0,0.3452,0
17.2,0.0,98.1,7.0,0.3452,0
17.2,0.0,98.1,7.0,0.3452,0
17.2,0.0,98.1,7.0,0.3419,1
17.2,0.0,98.1,7.0,0.3452,0
17.2,0.0,98.1,7.0,0.3452,0
17.2,0.0,98.1,7.0,0.3452,0
17.2,0.0,98.1,7.0,0.3452,0
17.2,0.0,98.1,7.0,0.3452,0
17.2,0.0,98.1,7.0,0.3452,0
17.2,0.0,98.1,7.0,0.3452,0
17.2,0.0,98.1,7.0,0.3452,0
17.2,0.0,98.1,7.0,0.3452,0
17.2,0.0,98.1,7.0,0.3452,0
17.2,0.0,98.1,7.0,0.3452,0
17.2,0.0,98.1,7.0,0.3452,0
17.4,0.0,80.6,7.0,0.0761,0
13.2,0.0,79.5,7.0,0.0,0
17.4,0.0,80.6,7.0,0.0761,0
13.2,0.0,79.5,7.0,0.0,0
17.4,0.0,80.6,7.0,0.0761,0
13.2,0.0,79.5,7.0,0.0,0
17.4,0.0,80.6,7.0,0.0761,0
13.8,0.0,70.3,7.0,0.37,1
17.2,0.0,98.1,7.0,0.3452,0
17.2,0.0,98.1,7.0,0.3452,0
17.2,0.0,98.1,7.0,0.3452,0
17.2,0.0,98.1,7.0,0.3452,0
17.2,0.0,98.1,7.0,0.3452,0
17.2,0.0,98.1,7.0,0.3452,0
17.2,0.0,98.1,7.0,0.3452,0
17.2,0.0,98.1,7.0,0.3452,0
17.2,0.0,98.1,7.0,0.3452,0
17.2,0.0,98.1,7.0,0.3419,1
17.2,0.0,98.1,7.0,0.3452,0
17.2,0.0,98.1,7.0,0.3452,0
17.2,0.0,98.1,7.0,0.3419,1
17.2,0.0,98.1,7.0,0.3452,0
17.2,0.0,98.1,7.0,0.3452,0
17.2,0.0,98.1,7.0,0.3452,0
17.2,0.0,98.1,7.0,0.3452,0
17.2,0.0,98.1,7.0,0.3452,0
17.2,0.0,98.1,7.0,0.3452,0
17.2,0.0,98.1,7.0,0.3452,0
17.2,0.0,98.1,7.0,0.3419,1
17.2,0.0,98.1,7.0,0.3452,0
17.2,0.0,98.1,7.0,0.3452,0
17.2,0.0,98.1,7.0,0.3452,0
17.2,0.0,98.1,7.0,0.3452,0
12.9,0.0,70.3,7.0,0.37,1
12.6,0.0,45.0,7.0,0.3077,0
13.9,0.0,91.7,7.0,0.2636,0
12.6,0.0,45.0,7.0,0.3077,0
14.0,0.0,95.8,7.0,0.2636,1
12.4,0.0,45.0,7.0,0.3077,0
12.5,0.0,45.0,7.0,0.2821,1
14.8,0.0,32.7,7.0,0.367,0
15.3,0.0,32.7,7.0,0.367,0
16.5,0.0,32.7,8.0,0.3578,1
16.5,0.0,32.7,8.0,0.3578,1
15.3,0.0,32.7,7.0,0.367,0
16.5,0.0,32.7,7.0,0.367,0
16.5,0.0,32.7,8.0,0.367,0
16.5,0.0,32.7,7.0,0.3578,1
16.5,0.0,32.7,8.0,0.3578,1
16.5,0.0,32.7,7.0,0.3578,1
16.5,0.0,32.7,7.0,0.3578,1
16.5,0.0,32.7,7.0,0.3578,1
12.5,0.0,45.0,7.0,0.3077,0
14.7,0.0,45.2,7.0,0.5854,0
14.5,0.0,28.4,7.0,0.6618,1
14.5,0.0,28.4,7.0,0.6618,1
14.5,0.0,28.4,7.0,0.6618,1
14.5,0.0,28.4,7.0,0.6618,1
14.5,0.0,28.4,7.0,0.6618,1
14.5,0.0,28.4,7.0,0.6618,1
14.5,0.0,28.4,7.0,0.6618,1
14.5,0.0,28.4,7.0,0.6618,1
14.5,0.0,28.4,7.0,0.6618,1
14.5,0.0,28.4,7.0,0.6618,1
14.5,0.0,28.4,7.0,0.6618,1
14.5,0.0,28.4,7.0,0.6618,1
14.5,0.0,28.4,7.0,0.6618,1
14.5,0.0,28.4,7.0,0.6618,1
14.5,0.0,28.4,7.0,0.6618,1
14.5,0.0,28.4,7.0,0.6618,1
14.5,0.0,28.4,7.0,0.6618,1
14.5,0.0,28.4,7.0,0.6618,1
14.5,0.0,28.4,7.0,0.6618,1
14.5,0.0,28.4,7.0,0.6618,1
14.5,0.0,28.4,7.0,0.6618,1
14.5,0.0,28.4,7.0,0.6618,1
14.5,0.0,28.4,7.0,0.6618,1
14.5,0.0,28.4,7.0,0.6618,1
14.5,0.0,28.4,7.0,0.6618,1
14.5,0.0,28.4,7.0,0.6618,1
14.5,0.0,28.4,7.0,0.6618,1
14.5,0.0,28.4,7.0,0.6618,1
14.5,0.0,28.4,7.0,0.6618,1
14.5,0.0,28.4,7.0,0.6618,1
14.5,0.0,28.4,7.0,0.6618,1
14.5,0.0,28.4,7.0,0.6618,1
14.5,0.0,28.4,7.0,0.6618,1
14.5,0.0,28.4,7.0,0.6618,1
14.5,0.0,28.4,7.0,0.6618,1
14.5,0.0,28.4,7.0,0.6618,1
14.5,0.0,28.4,7.0,0.6618,1
14.5,0.0,28.4,7.0,0.6618,1
14.5,0.0,28.4,7.0,0.6618,1
14.5,0.0,28.4,7.0,0.6618,1
14.5,0.0,28.4,7.0,0.6618,1
12.4,0.0,45.0,7.0,0.2821,1
12.4,0.0,45.2,7.0,0.5854,0
16.2,0.0,61.2,7.0,0.3672,1
16.2,0.0,61.2,7.0,0.3672,1
15.2,0.0,61.2,7.0,0.375,0
15.2,0.0,61.2,7.0,0.375,0
15.2,0.0,61.2,7.0,0.375,0
16.2,0.0,61.2,7.0,0.3672,1
16.0,0.0,97.2,7.0,0.021,0
16.0,0.0,97.2,7.0,0.021,0
16.0,0.0,97.2,7.0,0.021,0
16.0,0.0,97.2,7.0,0.021,0
16.0,0.0,97.2,7.0,0.021,0
16.0,0.0,97.2,7.0,0.021,0
16.0,0.0,97.2,7.0,0.021,0
12.4,0.0,45.2,7.0,0.5854,0
15.5,0.0,45.2,7.0,0.5854,0
16.0,0.0,97.2,7.0,0.021,0
16.0,0.0,97.2,7.0,0.021,0
15.5,0.0,45.2,7.0,0.5854,0
15.5,0.0,45.2,7.0,0.561,1
16.0,0.0,97.2,7.0,0.021,0
16.0,0.0,97.2,7.0,0.021,0
16.0,0.0,97.2,7.0,0.021,0
16.0,0.0,97.2,7.0,0.021,0
15.8,0.0,45.2,7.0,0.5854,0
16.7,0.0,61.2,7.0,0.375,0
16.7,0.0,61.2,7.0,0.375,0
16.7,0.0,61.2,7.0,0.375,0
16.7,0.0,61.2,7.0,0.375,0
16.7,0.0,61.2,7.0,0.375,0
16.7,0.0,61.2,7.0,0.375,0
16.7,0.0,61.2,7.0,0.375,0
16.7,0.0,61.2,7.0,0.375,0
16.7,0.0,61.2,7.0,0.375,0
16.7,0.0,61.2,7.0,0.375,0
16.2,0.0,61.2,7.0,0.3672,1
13.3,0.0,61.2,7.0,0.3672,1
16.7,0.0,0.0,7.0,0.2636,1
16.7,0.0,0.0,7.0,0.2636,1
15.7,0.0,28.4,7.0,0.6667,0
15.7,0.0,28.4,7.0,0.6667,0
15.7,0.0,28.4,7.0,0.6667,0
15.7,0.0,28.4,7.0,0.6667,0
15.7,0.0,28.4,7.0,0.6667,0
15.7,0.0,28.4,7.0,0.6667,0
15.7,0.0,28.4,7.0,0.6667,0
15.7,0.0,28.4,7.0,0.6667,0
14.7,0.0,43.2,7.0,0.4444,1
14.7,0.0,43.2,7.0,0.4722,0
14.4,0.0,43.2,7.0,0.4444,1
14.0,0.0,43.2,7.0,0.4444,1
14.0,0.0,43.2,7.0,0.4722,0
14.0,0.0,43.2,7.0,0.4722,0
14.0,0.0,43.2,7.0,0.4444,1
14.0,0.0,43.2,7.0,0.4722,0
14.0,0.0,43.2,7.0,0.4444,1
14.0,0.0,43.2,7.0,0.4722,0
14.0,0.0,43.2,7.0,0.4722,0
14.0,0.0,43.2,7.0,0.4444,1
14.0,0.0,43.2,7.0,0.4444,1
14.0,0.0,43.2,7.0,0.4722,0
13.6,0.0,43.2,7.0,0.4444,1
13.6,0.0,43.2,7.0,0.4444,1
14.0,0.0,43.2,7.0,0.4444,1
14.0,0.0,43.2,7.0,0.4444,1
14.0,0.0,43.2,7.0,0.4722,0
14.0,0.0,43.2,7.0,0.4444,1
14.0,0.0,43.2,7.0,0.4722,0
14.0,0.0,43.2,7.0,0.4722,0
14.0,0.0,43.2,7.0,0.4722,0
14.0,0.0,43.2,7.0,0.4722,0
14.0,0.0,43.2,7.0,0.4722,0
14.0,0.0,43.2,7.0,0.4722,0
14.0,0.0,43.2,7.0,0.4722,0
14.0,0.0,43.2,7.0,0.4722,0
14.0,0.0,43.2,7.0,0.4444,1
14.7,0.0,74.5,7.0,0.2222,0
14.7,0.0,74.5,7.0,0.2153,1
14.7,0.0,74.5,7.0,0.2222,0
14.7,0.0,74.5,7.0,0.2222,0
14.7,0.0,74.5,7.0,0.2222,0
14.7,0.0,74.5,7.0,0.2222,0
14.7,0.0,74.5,7.0,0.2222,0
14.7,0.0,74.5,7.0,0.2222,0
14.7,0.0,74.5,7.0,0.2222,0
14.7,0.0,74.5,7.0,0.2153,1
14.7,0.0,74.5,7.0,0.2222,0
14.7,0.0,74.5,7.0,0.2222,0
14.7,0.0,74.5,7.0,0.2222,0
14.7,0.0,74.5,7.0,0.2222,0
14.7,0.0,74.5,7.0,0.2222,0
13.0,0.0,74.5,7.0,0.2222,0
14.4,0.0,74.5,7.0,0.2222,0
16.2,0.0,61.2,7.0,0.375,0
16.1,0.0,84.9,7.0,0.1453,1
16.1,0.0,84.9,8.0,0.1481,0
16.1,0.0,84.9,8.0,0.1453,1
15.7,0.0,84.9,8.0,0.1481,0
15.7,0.0,84.9,8.0,0.1453,1
16.1,0.0,84.9,8.0,0.1481,0
16.1,0.0,84.9,8.0,0.1453,1
16.1,0.0,84.9,8.0,0.1453,1
16.1,0.0,84.9,8.0,0.1453,1
16.1,0.0,84.9,8.0,0.1481,0
14.6,0.0,84.9,7.0,0.1453,1
14.6,0.0,84.9,7.0,0.1453,1
15.7,0.0,84.9,8.0,0.1481,0
14.6,0.0,84.9,8.0,0.1453,1
14.6,0.0,84.9,7.0,0.1481,0
14.6,0.0,84.9,8.0,0.1481,0
14.6,0.0,84.9,7.0,0.1481,0
14.0,0.0,61.2,7.0,0.3672,1
14.6,0.0,62.9,7.0,0.1698,0
14.0,0.0,62.9,7.0,0.1651,1
14.0,0.0,62.9,7.0,0.1698,0
14.0,0.0,62.9,7.0,0.1698,0
14.0,0.0,62.9,7.0,0.1698,0
14.0,0.0,62.9,7.0,0.1698,0
14.0,0.0,62.9,7.0,0.1698,0
14.0,0.0,62.9,7.0,0.1698,0
14.0,0.0,62.9,7.0,0.1651,1
13.4,0.0,62.9,7.0,0.1651,1
14.0,0.0,62.9,7.0,0.1698,0
13.5,0.0,62.9,7.0,0.1698,0
14.0,0.0,62.9,7.0,0.1698,0
16.2,0.0,61.2,7.0,0.3672,1
15.2,0.0,61.2,7.0,0.375,0
14.5,0.0,74.5,7.0,0.2222,0
14.5,0.0,74.5,7.0,0.2153,1
14.5,0.0,74.5,7.0,0.2222,0
14.5,0.0,74.5,7.0,0.2153,1
14.5,0.0,74.5,7.0,0.2222,0
14.5,0.0,74.5,7.0,0.2153,1
14.5,0.0,74.5,7.0,0.2222,0
14.5,0.0,74.5,7.0,0.2222,0
14.5,0.0,74.5,7.0,0.2153,1
14.5,0.0,74.5,7.0,0.2222,0
12.1,0.0,45.0,7.0,0.2821,1
12.7,0.0,55.6,9.0,0.2636,0
12.7,0.0,55.6,7.0,0.2636,0
14.4,0.0,42.9,7.0,0.2636,1
13.3,0.0,79.5,7.0,0.0,0
13.3,0.0,79.5,7.0,0.0,0
13.3,0.0,79.5,7.0,0.0,0
13.3,0.0,79.5,7.0,0.0,0
13.3,0.0,79.5,7.0,0.0,0
13.3,0.0,79.5,7.0,0.0,0
13.3,0.0,79.5,7.0,0.0,0
13.3,0.0,79.5,7.0,0.0,0
13.0,0.0,78.7,7.0,0.1905,1
18.0,0.0,91.7,7.0,0.2636,0
18.0,0.0,91.7,7.0,0.2636,0
14.5,0.0,89.1,7.0,0.2,0
14.0,0.0,29.4,7.0,1.0,1
14.0,0.0,29.4,7.0,1.0,1
14.0,0.0,29.4,7.0,1.0,1
14.1,0.0,29.4,7.0,1.0,1
14.0,0.0,29.4,7.0,1.0,1
13.0,0.0,61.3,8.0,0.3333,0
14.0,0.0,29.4,7.0,1.0,1
14.0,0.0,29.4,7.0,1.0,1
14.0,0.0,29.4,7.0,1.0,1
14.0,0.0,29.4,7.0,1.0,1
14.1,0.0,29.4,7.0,1.0,1
13.9,0.0,91.4,8.0,0.1228,1
16.9,0.0,93.3,8.0,0.2636,1
17.4,0.0,63.8,7.0,0.3796,1
13.3,0.0,61.2,7.0,0.375,0
12.7,0.0,28.4,7.0,0.6618,1
17.9,0.0,95.0,7.0,0.1919,0
14.6,0.0,66.7,7.0,0.2636,1
14.6,0.0,66.7,7.0,0.2636,0
14.7,0.0,45.2,7.0,0.561,1
13.9,0.0,97.6,7.0,0.05,0
15.5,0.0,32.7,7.0,0.367,0
15.5,0.0,32.7,7.0,0.367,0
15.8,0.0,89.5,7.0,0.0179,0
14.0,0.0,64.9,7.0,0.3333,0
17.0,0.0,32.7,7.0,0.367,0
17.0,0.0,32.7,8.0,0.367,0
15.8,0.0,89.5,7.0,0.0179,0
14.7,0.0,32.7,7.0,0.3578,1
16.5,0.0,32.7,7.0,0.367,0
14.2,0.0,32.7,7.0,0.3578,1
14.2,0.0,32.7,7.0,0.3578,1
17.0,0.0,64.9,7.0,0.3333,0
14.5,0.0,80.6,7.0,0.0761,0
14.5,0.0,20.0,7.0,0.2636,1
16.4,0.0,64.9,7.0,0.3333,0
16.0,0.0,64.9,7.0,0.3229,1
17.0,0.0,64.9,7.0,0.3333,0
17.0,0.0,64.9,7.0,0.3333,0
16.7,0.0,68.3,7.0,0.2,0
16.7,0.0,68.3,7.0,0.2,0
17.0,0.0,32.7,7.0,0.367,0
16.6,0.0,84.0,7.0,0.2081,1
16.6,0.0,84.0,7.0,0.2081,1
16.6,0.0,84.0,7.0,0.2081,1
16.6,0.0,84.0,7.0,0.2081,1
16.6,0.0,84.0,7.0,0.2081,1
16.5,0.0,84.9,7.0,0.1453,1
16.5,0.0,84.9,7.0,0.1453,1
16.5,0.0,84.9,7.0,0.1481,0
16.5,0.0,84.9,7.0,0.1453,1
16.5,0.0,84.9,7.0,0.1453,1
16.1,0.0,84.9,7.0,0.1481,0
16.1,0.0,84.9,7.0,0.1453,1
16.1,0.0,84.9,7.0,0.1453,1
16.1,0.0,84.9,7.0,0.1453,1
16.1,0.0,84.9,7.0,0.1453,1
16.1,0.0,84.9,7.0,0.1453,1
16.1,0.0,84.9,7.0,0.1453,1
16.1,0.0,84.9,7.0,0.1453,1
16.1,0.0,84.9,7.0,0.1481,0
16.1,0.0,84.9,7.0,0.1481,0
16.1,0.0,84.9,7.0,0.1481,0
16.1,0.0,84.9,7.0,0.1453,1
16.1,0.0,84.9,7.0,0.1481,0
16.1,0.0,84.9,7.0,0.1453,1
16.1,0.0,84.9,7.0,0.1453,1
16.1,0.0,84.9,7.0,0.1453,1
16.1,0.0,84.9,7.0,0.1453,1
16.1,0.0,84.9,7.0,0.1453,1
16.1,0.0,84.9,7.0,0.1453,1
14.1,0.0,80.0,7.0,0.1351,0
14.4,0.0,80.0,7.0,0.1351,0
17.0,0.0,57.1,7.0,0.4407,0
17.0,0.0,57.1,7.0,0.4407,0
13.0,0.0,76.1,7.0,0.538,1
16.9,0.0,62.8,7.0,0.0,0
16.9,0.0,62.8,7.0,0.0,0
16.9,0.0,62.8,7.0,0.0,0
16.9,0.0,62.8,7.0,0.0,0
16.9,0.0,62.8,7.0,0.0,0
16.9,0.0,62.8,7.0,0.0,0
16.9,0.0,62.8,7.0,0.0,0
16.7,0.0,75.0,7.0,0.2558,0
17.1,0.0,75.0,8.0,0.2326,1
17.1,0.0,75.0,7.0,0.2558,0
14.4,0.0,75.0,7.0,0.2558,0
17.1,0.0,75.0,7.0,0.2558,0
16.8,0.0,75.0,7.0,0.2558,0
17.1,0.0,75.0,7.0,0.2558,0
14.9,0.0,75.0,8.0,0.2326,1
16.8,0.0,75.0,7.0,0.2558,0
17.1,0.0,75.0,7.0,0.2558,0
17.1,0.0,75.0,7.0,0.2326,1
16.7,0.0,75.0,7.0,0.2558,0
16.8,0.0,75.0,7.0,0.2326,1
17.1,0.0,75.0,7.0,0.2558,0
16.7,0.0,75.0,7.0,0.2558,0
17.1,0.0,75.0,7.0,0.2326,1
17.0,0.0,47.1,7.0,0.2636,0
17.0,0.0,47.1,7.0,0.2636,1
17.0,0.0,47.1,7.0,0.2636,0
14.9,0.0,88.8,7.0,0.2143,0
14.9,0.0,88.8,7.0,0.2143,0
14.9,0.0,88.8,7.0,0.2143,0
17.9,0.0,93.2,7.0,0.0855,0
16.9,0.0,92.1,7.0,0.2258,0
16.9,0.0,92.1,7.0,0.2097,1
16.2,0.0,91.8,7.0,0.0417,0
17.0,0.0,89.2,7.0,0.1094,0
17.0,0.0,89.2,7.0,0.1094,0
17.0,0.0,64.9,7.0,0.3333,0
17.0,0.0,64.9,7.0,0.3333,0
17.0,0.0,64.9,7.0,0.3333,0
17.0,0.0,64.9,7.0,0.3333,0
17.0,0.0,64.9,7.0,0.3333,0
17.0,0.0,89.2,7.0,0.1094,0
17.7,0.0,82.9,7.0,0.0588,0
17.7,0.0,82.9,7.0,0.0588,0
17.7,0.0,82.9,7.0,0.0588,0
16.0,0.0,97.6,7.0,0.9756,1
16.0,0.0,97.6,7.0,0.9756,1
16.0,0.0,97.6,7.0,0.9756,1
17.2,0.0,76.9,7.0,0.3271,0
16.6,0.0,98.8,7.0,0.0,0
16.0,0.0,97.6,7.0,0.9756,1
16.0,0.0,97.6,7.0,0.9756,1
16.0,0.0,97.6,7.0,0.9756,1
16.0,0.0,97.6,7.0,0.9756,1
17.0,0.0,64.9,7.0,0.3333,0
17.0,0.0,64.9,7.0,0.3333,0
17.0,0.0,64.9,7.0,0.3333,0
16.0,0.0,97.6,7.0,0.9756,1
16.0,0.0,97.6,7.0,0.9756,1
16.0,0.0,97.6,7.0,0.9756,1
16.0,0.0,97.6,7.0,0.9756,1
16.0,0.0,97.6,7.0,0.9756,1
16.5,0.0,64.9,7.0,0.3333,0
16.5,0.0,64.9,7.0,0.3333,0
16.5,0.0,64.9,7.0,0.3333,0
16.5,0.0,64.9,7.0,0.3333,0
16.0,0.0,97.6,7.0,0.9756,1
16.0,0.0,97.6,7.0,0.9756,1
16.0,0.0,97.6,7.0,0.9756,1
16.0,0.0,97.6,7.0,0.9756,1
16.0,0.0,97.6,7.0,0.9756,1
16.0,0.0,97.6,7.0,0.9756,1
16.0,0.0,97.6,7.0,0.9756,1
16.0,0.0,97.6,7.0,0.9756,1
14.2,0.0,41.3,7.0,0.3556,1
14.6,0.0,88.8,7.0,0.2083,1
14.4,0.0,88.8,7.0,0.2143,0
14.9,0.0,88.8,7.0,0.2143,0
14.2,0.0,41.3,7.0,0.3778,0
14.6,0.0,88.8,7.0,0.2083,1
14.9,0.0,88.8,7.0,0.2083,1
14.2,0.0,41.3,7.0,0.3778,0
14.2,0.0,41.3,7.0,0.3778,0
16.0,0.0,97.6,7.0,0.9756,1
16.0,0.0,97.6,7.0,0.9756,1
16.0,0.0,97.6,7.0,0.9756,1
16.0,0.0,97.6,7.0,0.9756,1
16.0,0.0,97.6,7.0,0.9756,1
16.0,0.0,97.6,7.0,0.9756,1
16.0,0.0,97.6,7.0,0.9756,1
16.0,0.0,97.6,7.0,0.9756,1
16.0,0.0,97.6,7.0,0.9756,1
16.0,0.0,97.6,7.0,0.9756,1
16.0,0.0,97.6,7.0,0.9756,1
16.0,0.0,97.6,7.0,0.9756,1
16.0,0.0,97.6,7.0,0.9756,1
16.0,0.0,97.6,7.0,0.9756,1
16.0,0.0,97.6,7.0,0.9756,1
16.0,0.0,97.6,7.0,0.9756,1
16.0,0.0,97.6,7.0,0.9756,1
16.0,0.0,97.6,7.0,0.9756,1
16.0,0.0,97.6,7.0,0.9756,1
16.0,0.0,97.6,7.0,0.9756,1
16.0,0.0,97.6,7.0,0.9756,1
16.0,0.0,97.6,7.0,1.0,0
13.5,0.0,28.4,7.0,0.6667,0
13.5,0.0,28.4,7.0,0.6667,0
13.5,0.0,28.4,7.0,0.6667,0
13.5,0.0,28.4,7.0,0.6618,1
13.5,0.0,28.4,7.0,0.6667,0
13.5,0.0,28.4,7.0,0.6618,1
13.5,0.0,28.4,7.0,0.6667,0
16.9,0.0,62.8,7.0,0.0,0
16.9,0.0,62.8,7.0,0.0,0
16.9,0.0,62.8,7.0,0.0,0
14.3,0.0,26.0,7.0,0.5972,1
14.3,0.0,26.0,7.0,0.5972,1
13.3,0.0,26.0,7.0,0.5972,1
16.9,0.0,62.8,7.0,0.0,0
16.9,0.0,62.8,7.0,0.0,0
16.9,0.0,62.8,7.0,0.0,0
16.9,0.0,62.8,7.0,0.0,0
16.9,0.0,62.8,7.0,0.0,0
16.9,0.0,62.8,7.0,0.0,0
16.9,0.0,62.8,7.0,0.0,0
16.9,0.0,62.8,7.0,0.0,0
16.9,0.0,62.8,7.0,0.0,0
16.9,0.0,62.8,7.0,0.0,0
16.9,0.0,62.8,7.0,0.0,0
16.9,0.0,62.8,7.0,0.0,0
16.9,0.0,62.8,7.0,0.0,0
16.9,0.0,62.8,7.0,0.0,0
16.9,0.0,62.8,7.0,0.0,0
13.3,0.0,60.9,7.0,0.1333,0
15.9,0.0,60.9,7.0,0.1111,1
16.1,0.0,42.5,7.0,0.1608,0
16.5,0.0,42.5,7.0,0.1608,0
16.1,0.0,42.5,7.0,0.1608,0
16.5,0.0,42.5,7.0,0.1608,0
16.5,0.0,42.5,7.0,0.1608,0
16.5,0.0,42.5,7.0,0.1608,0
14.3,0.0,43.8,7.0,0.4545,1
14.3,0.0,43.8,7.0,0.4659,0
14.4,0.0,42.5,7.0,0.1608,0
15.5,0.0,42.5,7.0,0.1608,0
16.5,0.0,42.5,7.0,0.1608,0
16.5,0.0,42.5,7.0,0.1608,0
15.5,0.0,42.5,7.0,0.1558,1
13.7,0.0,42.5,7.0,0.1608,0
16.5,0.0,42.5,7.0,0.1608,0
13.7,0.0,42.5,7.0,0.1608,0
14.6,0.0,42.5,7.0,0.1608,0
14.7,0.0,0.0,7.0,0.2632,0
14.7,0.0,0.0,7.0,0.2632,0
14.7,0.0,0.0,7.0,0.2632,0
14.7,0.0,0.0,7.0,0.2632,0
17.9,0.0,95.2,7.0,0.0097,0
17.2,0.0,76.9,7.0,0.3271,0
14.2,0.0,73.5,7.0,0.0179,0
13.3,0.0,26.0,7.0,0.5972,1
15.0,0.0,26.0,7.0,0.5972,1
13.5,0.0,28.4,7.0,0.6618,1
13.5,0.0,28.4,7.0,0.6618,1
13.5,0.0,28.4,7.0,0.6618,1
13.5,0.0,28.4,7.0,0.6667,0
14.0,0.0,80.0,7.0,0.2636,0
16.4,0.0,95.2,7.0,0.0097,0
13.9,0.0,75.8,7.0,0.7077,0
13.1,0.0,75.8,7.0,0.7077,0
16.0,0.0,83.6,7.0,0.1198,0
16.0,0.0,83.6,7.0,0.1198,0
16.0,0.0,83.6,7.0,0.1198,0
16.0,0.0,83.6,7.0,0.1198,0
16.0,0.0,83.6,7.0,0.1198,0
16.0,0.0,83.6,7.0,0.1198,0
16.0,0.0,83.6,7.0,0.1198,0
14.7,0.0,33.9,7.0,0.2982,0
14.4,0.0,33.9,8.0,0.2982,0
14.7,0.0,33.9,7.0,0.2982,0
17.6,0.0,72.2,7.0,0.2286,0
16.9,0.0,13.7,7.0,0.1099,0
13.9,0.0,13.7,7.0,0.1099,0
16.9,0.0,13.7,7.0,0.1099,0
16.9,0.0,13.7,7.0,0.1099,0
14.9,0.0,100.0,7.0,0.2636,0
14.9,0.0,100.0,7.0,0.2636,0
14.9,0.0,100.0,7.0,0.2636,0
13.6,0.0,100.0,7.0,0.2636,0
14.9,0.0,100.0,7.0,0.2636,0
14.9,0.0,100.0,7.0,0.2636,0
14.9,0.0,100.0,7.0,0.2636,0
14.9,0.0,100.0,7.0,0.2636,0
13.6,0.0,100.0,7.0,0.2636,0
14.9,0.0,100.0,7.0,0.2636,0
13.6,0.0,100.0,7.0,0.2636,0
13.6,0.0,100.0,7.0,0.2636,0
16.9,0.0,13.7,7.0,0.1099,0
15.3,0.0,13.7,7.0,0.1099,0
15.3,0.0,13.7,7.0,0.1099,0
15.3,0.0,13.7,7.0,0.1099,0
15.0,0.0,58.7,7.0,0.3707,1
15.0,0.0,58.7,7.0,0.3707,1
16.2,0.0,57.1,7.0,0.2636,1
17.1,0.0,37.2,8.0,0.119,0
16.9,0.0,13.7,7.0,0.1099,0
17.9,0.0,93.2,7.0,0.0855,0
14.2,0.0,26.0,7.0,0.0909,0
15.6,0.0,26.0,7.0,0.0808,1
14.0,0.0,66.7,7.0,0.2636,0
15.1,0.0,42.9,9.0,0.2636,0
14.9,0.0,26.0,7.0,0.0909,0
14.9,0.0,26.0,7.0,0.0909,0
14.9,0.0,26.0,7.0,0.0909,0
14.9,0.0,26.0,7.0,0.0909,0
14.0,0.0,26.0,7.0,0.0909,0
15.0,0.0,66.7,7.0,0.2636,0
17.8,0.0,80.9,7.0,0.1404,0
17.9,0.0,80.9,7.0,0.1404,0
12.4,0.0,66.7,7.0,0.2636,0
17.0,0.0,92.1,7.0,0.0667,0
17.0,0.0,92.1,7.0,0.0667,0
17.0,0.0,92.1,7.0,0.0667,0
17.0,0.0,92.1,7.0,0.0667,0
14.4,0.0,66.7,7.0,0.2636,0
17.0,0.0,92.1,7.0,0.0667,0
17.0,0.0,92.1,7.0,0.0667,0
17.0,0.0,92.1,7.0,0.0667,0
17.0,0.0,92.1,7.0,0.0667,0
17.0,0.0,92.1,7.0,0.0667,0
17.0,0.0,92.1,7.0,0.0667,0
17.0,0.0,92.1,7.0,0.0667,0
17.0,0.0,92.1,7.0,0.0667,0
15.5,0.0,66.7,7.0,0.2636,1
13.6,0.0,66.7,7.0,0.2636,0
14.2,0.0,94.0,7.0,0.1566,0
16.2,0.0,80.8,7.0,0.1569,0
16.2,0.0,80.8,7.0,0.1569,0
16.1,0.0,81.1,7.0,0.2149,0
15.8,0.0,60.9,7.0,0.6471,1
14.1,0.0,81.1,7.0,0.2066,1
16.2,0.0,80.8,7.0,0.1569,0
16.0,0.0,64.1,7.0,0.3492,0
12.6,0.0,48.7,7.0,0.4183,1
16.0,0.0,60.9,7.0,0.6471,1
16.2,0.0,80.8,7.0,0.1569,0
15.3,0.0,80.8,7.0,0.1569,0
12.5,0.0,48.7,7.0,0.4183,1
16.1,0.0,81.1,7.0,0.2149,0
13.3,0.0,48.7,7.0,0.4183,1
13.0,0.0,81.1,7.0,0.2066,1
13.3,0.0,48.7,7.0,0.4183,1
12.5,0.0,48.7,7.0,0.4183,1
12.5,0.0,48.7,7.0,0.4248,0
16.9,0.0,47.1,7.0,0.2636,0
16.9,0.0,47.1,7.0,0.2636,1
15.1,0.0,47.1,7.0,0.2636,0
17.8,0.0,90.6,7.0,0.0794,0
17.8,0.0,90.6,7.0,0.0794,0
17.8,0.0,90.6,7.0,0.0794,0
17.8,0.0,90.6,7.0,0.0794,0
17.8,0.0,90.6,7.0,0.0794,0
17.8,0.0,90.6,7.0,0.0794,0
17.8,0.0,90.6,7.0,0.0794,0
17.8,0.0,90.6,7.0,0.0794,0
12.8,0.0,35.7,7.0,0.2636,0
17.8,0.0,90.6,7.0,0.0794,0
17.8,0.0,90.6,7.0,0.0794,0
17.8,0.0,90.6,7.0,0.0635,1
17.8,0.0,90.6,7.0,0.0794,0
17.8,0.0,90.6,7.0,0.0794,0
17.8,0.0,90.6,7.0,0.0794,0
17.8,0.0,90.6,7.0,0.0794,0
17.8,0.0,90.6,7.0,0.0794,0
17.8,0.0,90.6,7.0,0.0794,0
13.9,0.0,43.8,7.0,0.4659,0
13.9,0.0,43.8,7.0,0.4659,0
13.9,0.0,43.8,7.0,0.4659,0
12.5,0.0,29.2,7.0,0.6161,0
13.5,0.0,91.8,7.0,0.0417,0
14.2,0.0,80.8,7.0,0.2636,0
14.2,0.0,80.8,7.0,0.2636,0
14.2,0.0,80.8,7.0,0.2636,0
14.2,0.0,80.8,7.0,0.2636,0
16.0,0.0,83.6,7.0,0.1198,0
16.0,0.0,83.6,7.0,0.117,1
16.0,0.0,83.6,7.0,0.117,1
16.0,0.0,83.6,7.0,0.117,1
16.0,0.0,83.6,7.0,0.117,1
16.0,0.0,83.6,7.0,0.1198,0
16.0,0.0,83.6,8.0,0.117,1
16.0,0.0,83.6,7.0,0.1198,0
17.2,0.0,41.6,7.0,0.3207,0
16.0,0.0,83.6,7.0,0.117,1
16.0,0.0,83.6,7.0,0.117,1
16.0,0.0,83.6,7.0,0.1198,0
16.0,0.0,83.6,7.0,0.117,1
16.0,0.0,83.6,7.0,0.1198,0
16.0,0.0,83.6,7.0,0.117,1
16.0,0.0,83.6,7.0,0.1198,0
16.0,0.0,83.6,7.0,0.1198,0
16.5,0.0,64.9,7.0,0.3333,0
16.5,0.0,64.9,7.0,0.3229,1
16.5,0.0,64.9,7.0,0.3229,1
16.5,0.0,64.9,7.0,0.3229,1
15.4,0.0,64.4,7.0,0.2727,0
15.4,0.0,64.4,7.0,0.2727,0
15.6,0.0,93.3,7.0,0.2636,0
15.5,0.0,59.7,7.0,0.4789,0
16.5,0.0,97.1,7.0,0.3824,0
14.0,0.0,97.1,7.0,0.3824,0
15.6,0.0,97.1,7.0,0.3824,0
14.1,0.0,90.9,7.0,0.0938,0
14.1,0.0,90.9,7.0,0.0938,0
15.4,0.0,59.7,7.0,0.4789,0
15.4,0.0,59.7,7.0,0.4648,1
14.1,0.0,90.9,7.0,0.0938,0
14.1,0.0,90.9,7.0,0.0938,0
14.6,0.0,33.3,7.0,0.2636,1
14.9,0.0,59.7,7.0,0.4648,1
15.6,0.0,59.7,7.0,0.4789,0
15.6,0.0,59.7,7.0,0.4789,0
14.1,0.0,59.7,7.0,0.4648,1
16.8,0.0,14.3,7.0,0.2636,0
15.8,0.0,60.9,7.0,0.6471,1
14.5,0.0,64.1,7.0,0.3492,0
16.5,0.0,64.1,7.0,0.3333,1
13.9,0.0,60.9,7.0,0.6471,1
14.7,0.0,94.0,7.0,0.1446,1
14.7,0.0,94.0,7.0,0.1566,0
14.7,0.0,94.0,7.0,0.1566,0
16.8,0.0,0.0,7.0,0.3404,0
16.8,0.0,0.0,7.0,0.3191,1
16.8,0.0,0.0,7.0,0.3404,0
16.8,0.0,0.0,7.0,0.3404,0
16.9,0.0,89.8,7.0,0.1181,0
16.9,0.0,89.8,7.0,0.1181,0
15.9,0.0,82.0,7.0,0.2245,0
15.1,0.0,82.0,7.0,0.2041,1
15.9,0.0,82.0,7.0,0.2245,0
15.9,0.0,82.0,7.0,0.2041,1
15.9,0.0,82.0,7.0,0.2041,1
15.9,0.0,82.0,7.0,0.2245,0
15.9,0.0,82.0,7.0,0.2245,0
15.9,0.0,82.0,7.0,0.2245,0
15.9,0.0,82.0,7.0,0.2245,0
15.3,0.0,82.0,7.0,0.2245,0
15.3,0.0,82.0,7.0,0.2245,0
15.3,0.0,82.0,7.0,0.2245,0
15.1,0.0,82.0,7.0,0.2041,1
15.1,0.0,82.0,7.0,0.2245,0
15.9,0.0,82.0,7.0,0.2245,0
15.9,0.0,82.0,7.0,0.2041,1
15.9,0.0,82.0,7.0,0.2041,1
16.9,0.0,89.8,7.0,0.1181,0
16.9,0.0,89.8,7.0,0.1181,0
16.9,0.0,89.8,7.0,0.1181,0
16.9,0.0,89.8,7.0,0.1181,0
16.9,0.0,89.8,7.0,0.1181,0
17.2,0.0,28.6,7.0,0.2636,0
16.9,0.0,89.8,7.0,0.1181,0
16.9,0.0,89.8,7.0,0.1181,0
16.9,0.0,89.8,7.0,0.1181,0
16.9,0.0,89.8,7.0,0.1181,0
16.9,0.0,89.8,7.0,0.1181,0
16.9,0.0,89.8,7.0,0.1181,0
16.9,0.0,89.8,7.0,0.1181,0
17.0,0.0,96.7,7.0,0.1685,0
17.0,0.0,96.7,7.0,0.1685,0
17.0,0.0,96.7,7.0,0.1685,0
17.0,0.0,96.7,7.0,0.1685,0
17.0,0.0,96.7,7.0,0.1685,0
17.0,0.0,96.7,7.0,0.1685,0
17.0,0.0,96.7,7.0,0.1685,0
17.0,0.0,96.7,7.0,0.1573,1
17.0,0.0,96.7,7.0,0.1573,1
17.0,0.0,96.7,7.0,0.1573,1
16.9,0.0,89.8,7.0,0.1181,0
16.9,0.0,89.8,7.0,0.1181,0
15.0,0.0,55.3,7.0,0.3514,1
15.0,0.0,55.3,7.0,0.3514,1
16.5,0.0,64.9,7.0,0.3229,1
16.5,0.0,64.9,7.0,0.3229,1
14.7,0.0,88.5,7.0,0.1053,1
17.4,0.0,63.0,7.0,0.1509,0
17.4,0.0,63.0,7.0,0.1509,0
14.7,0.0,88.5,7.0,0.1158,0
16.5,0.0,64.9,7.0,0.3229,1
16.5,0.0,64.9,7.0,0.3229,1
16.5,0.0,64.9,7.0,0.3229,1
16.5,0.0,64.9,7.0,0.3229,1
12.7,0.0,55.6,7.0,0.2636,0
12.7,0.0,55.6,7.0,0.2636,0
16.5,0.0,64.9,7.0,0.3229,1
16.5,0.0,64.9,7.0,0.3229,1
16.5,0.0,64.9,7.0,0.3229,1
16.5,0.0,64.9,7.0,0.3229,1
17.0,0.0,64.9,7.0,0.3229,1
17.0,0.0,64.9,7.0,0.3229,1
17.0,0.0,64.9,7.0,0.3333,0
17.0,0.0,64.9,7.0,0.3229,1
14.2,0.0,42.5,7.0,0.1608,0
14.2,0.0,42.5,7.0,0.1608,0
12.7,0.0,55.6,7.0,0.2636,0
17.0,0.0,64.9,7.0,0.3333,0
17.0,0.0,64.9,7.0,0.3333,0
17.0,0.0,64.9,7.0,0.3229,1
17.8,0.0,90.6,7.0,0.0794,0
17.8,0.0,90.6,7.0,0.0794,0
17.8,0.0,90.6,7.0,0.0794,0
17.8,0.0,90.6,7.0,0.0794,0
17.8,0.0,90.6,7.0,0.0794,0
17.8,0.0,90.6,7.0,0.0794,0
17.8,0.0,90.6,7.0,0.0794,0
17.8,0.0,90.6,7.0,0.0794,0
17.8,0.0,90.6,7.0,0.0794,0
17.8,0.0,90.6,7.0,0.0794,0
17.8,0.0,90.6,7.0,0.0794,0
17.8,0.0,90.6,7.0,0.0794,0
17.8,0.0,90.6,7.0,0.0794,0
17.8,0.0,90.6,7.0,0.0794,0
17.8,0.0,90.6,7.0,0.0794,0
17.8,0.0,90.6,7.0,0.0794,0
17.8,0.0,90.6,7.0,0.0794,0
17.8,0.0,90.6,7.0,0.0794,0
17.8,0.0,90.6,7.0,0.0794,0
17.8,0.0,90.6,7.0,0.0794,0
17.0,0.0,64.9,7.0,0.3229,1
17.0,0.0,64.9,7.0,0.3229,1
17.0,0.0,64.9,7.0,0.3229,1
17.8,0.0,90.6,7.0,0.0794,0
17.8,0.0,90.6,7.0,0.0794,0
17.8,0.0,90.6,7.0,0.0794,0
17.8,0.0,90.6,7.0,0.0794,0
17.8,0.0,90.6,7.0,0.0794,0
16.1,0.0,81.1,7.0,0.2149,0
14.4,0.0,95.2,7.0,0.2636,1
14.1,0.0,81.1,7.0,0.2149,0
14.2,0.0,89.2,7.0,0.0435,0
14.4,0.0,89.2,7.0,0.0326,1
14.4,0.0,89.2,7.0,0.0435,0
14.2,0.0,89.2,7.0,0.0435,0
16.1,0.0,81.1,7.0,0.2066,1
16.0,0.0,90.6,7.0,0.0635,1
14.8,0.0,90.6,7.0,0.0635,1
17.2,0.0,100.0,7.0,0.0,0
17.2,0.0,100.0,7.0,0.0,0
17.2,0.0,100.0,7.0,0.0,0
17.2,0.0,100.0,7.0,0.0,0
17.2,0.0,100.0,7.0,0.0,0
17.2,0.0,100.0,7.0,0.0,0
15.6,0.0,90.9,7.0,0.2636,0
16.8,0.0,90.9,7.0,0.2636,0
17.2,0.0,100.0,7.0,0.0,0
17.7,0.0,0.0,7.0,0.3226,1
12.7,0.0,95.2,7.0,0.2636,0
12.7,0.0,95.2,7.0,0.2636,0
12.7,0.0,95.2,7.0,0.2636,0
12.7,0.0,95.2,7.0,0.2636,0
12.7,0.0,95.2,7.0,0.2636,0
17.7,0.0,0.0,7.0,0.3226,1
17.7,0.0,0.0,7.0,0.3226,1
17.2,0.0,100.0,7.0,0.0,0
17.2,0.0,100.0,7.0,0.0,0
17.2,0.0,100.0,7.0,0.0,0
17.2,0.0,100.0,7.0,0.0,0
17.2,0.0,100.0,7.0,0.0,0
17.2,0.0,100.0,7.0,0.0,0
17.4,0.0,63.8,7.0,0.3796,1
17.2,0.0,100.0,7.0,0.0,0
17.2,0.0,100.0,7.0,0.0,0
17.2,0.0,100.0,7.0,0.0,0
12.0,0.0,60.0,7.0,0.2636,0
14.2,0.0,80.8,7.0,0.2636,0
15.3,0.0,84.4,7.0,0.2,0
15.3,0.0,84.4,7.0,0.2,0
15.3,0.0,84.4,7.0,0.2,0
12.0,0.0,60.0,7.0,0.2636,0
12.0,0.0,60.0,7.0,0.2636,0
14.4,0.0,50.0,7.0,0.2636,0
13.3,0.0,60.0,7.0,0.2636,0
16.8,0.0,90.9,7.0,0.2636,0
16.8,0.0,90.9,7.0,0.2636,1
16.8,0.0,90.9,7.0,0.2636,1
16.8,0.0,90.9,7.0,0.2636,0
16.8,0.0,90.9,7.0,0.2636,0
17.1,0.0,49.0,7.0,0.3289,0
14.4,0.0,89.2,7.0,0.0326,1
12.7,0.0,76.5,7.0,0.2636,0
14.4,0.0,89.2,7.0,0.0435,0
15.8,0.0,89.5,7.0,0.0179,0
15.8,0.0,89.5,7.0,0.0179,0
15.8,0.0,89.5,7.0,0.0179,0
15.8,0.0,89.5,7.0,0.0179,0
15.8,0.0,89.5,7.0,0.0179,0
15.8,0.0,89.5,7.0,0.0179,0
15.8,0.0,89.5,7.0,0.0179,0
15.8,0.0,89.5,7.0,0.0179,0
15.8,0.0,89.5,7.0,0.0179,0
15.8,0.0,89.5,7.0,0.0179,0
13.0,0.0,90.6,7.0,0.0296,0
15.8,0.0,89.5,7.0,0.0179,0
15.8,0.0,89.5,7.0,0.0179,0
14.9,0.0,70.2,7.0,0.2611,0
14.9,0.0,70.2,7.0,0.2611,0
14.2,0.0,70.2,7.0,0.2556,1
14.2,0.0,70.2,7.0,0.2556,1
14.9,0.0,70.2,7.0,0.2556,1
14.7,0.0,0.0,7.0,0.2632,0
14.7,0.0,0.0,7.0,0.2632,0
14.7,0.0,0.0,7.0,0.2632,0
14.7,0.0,0.0,7.0,0.2632,0
14.7,0.0,0.0,7.0,0.2632,0
14.7,0.0,0.0,7.0,0.2632,0
14.9,0.0,70.2,7.0,0.2556,1
14.9,0.0,70.2,7.0,0.2611,0
14.9,0.0,70.2,7.0,0.2611,0
15.0,0.0,90.6,7.0,0.0296,0
14.7,0.0,90.6,7.0,0.0296,0
14.7,0.0,90.6,7.0,0.0296,0
14.7,0.0,90.6,7.0,0.0296,0
14.9,0.0,92.1,7.0,0.2258,0
14.9,0.0,92.1,7.0,0.2258,0
14.9,0.0,92.1,7.0,0.2258,0
14.7,0.0,90.6,7.0,0.0296,0
14.1,0.0,90.9,7.0,0.0938,0
14.1,0.0,90.9,7.0,0.0938,0
14.1,0.0,90.9,7.0,0.0938,0
16.5,0.0,64.1,7.0,0.3333,1
16.0,0.0,60.9,7.0,0.6471,1
15.3,0.0,64.1,7.0,0.3333,1
15.3,0.0,64.1,7.0,0.3492,0
17.1,0.0,89.7,7.0,0.2636,0
16.9,0.0,78.7,7.0,0.1964,0
15.8,0.0,93.2,7.0,0.0603,0
16.6,0.0,88.3,7.0,0.2176,1
15.8,0.0,89.5,7.0,0.0179,0
15.8,0.0,89.5,7.0,0.0179,0
14.8,0.0,91.6,7.0,0.0588,0
14.8,0.0,91.6,7.0,0.0588,0
14.8,0.0,91.6,7.0,0.0588,0
14.8,0.0,91.6,7.0,0.0588,0
14.8,0.0,91.6,7.0,0.0588,0
14.8,0.0,91.6,7.0,0.0588,0
15.8,0.0,89.5,7.0,0.0179,0
15.8,0.0,89.5,7.0,0.0179,0
15.8,0.0,89.5,7.0,0.0179,0
15.8,0.0,89.5,7.0,0.0179,0
15.8,0.0,89.5,7.0,0.0179,0
15.8,0.0,89.5,7.0,0.0179,0
15.8,0.0,89.5,7.0,0.0179,0
15.8,0.0,89.5,7.0,0.0179,0
13.9,0.0,81.1,7.0,0.2149,0
15.8,0.0,89.5,7.0,0.0179,0
15.8,0.0,89.5,7.0,0.0179,0
15.8,0.0,89.5,7.0,0.0179,0
15.8,0.0,89.5,7.0,0.0179,0
15.1,0.0,75.0,7.0,0.2558,0
16.7,0.0,75.0,7.0,0.2558,0
16.7,0.0,75.0,7.0,0.2558,0
16.7,0.0,75.0,7.0,0.2558,0
12.6,0.0,5.3,7.0,0.1892,0
15.1,0.0,95.3,7.0,0.0,0
17.4,0.0,95.2,7.0,0.0097,0
13.0,0.0,100.0,7.0,0.2636,0
13.8,0.0,37.5,7.0,0.2636,1
13.8,0.0,37.5,7.0,0.2636,0
13.8,0.0,37.5,7.0,0.2636,1
14.6,0.0,0.0,7.0,0.2636,0
12.6,0.0,61.3,7.0,0.3333,0
14.6,0.0,0.0,7.0,0.2636,0
14.6,0.0,0.0,7.0,0.2636,0
12.6,0.0,61.3,7.0,0.3333,0
16.2,0.0,98.7,7.0,0.0405,0
16.2,0.0,98.7,7.0,0.0405,0
16.2,0.0,98.7,7.0,0.0405,0
16.2,0.0,98.7,7.0,0.0405,0
16.2,0.0,98.7,7.0,0.0405,0
16.2,0.0,98.7,7.0,0.0405,0
16.2,0.0,98.7,7.0,0.0405,0
16.2,0.0,98.7,7.0,0.0405,0
16.2,0.0,98.7,7.0,0.0405,0
16.2,0.0,98.7,7.0,0.0405,0
16.2,0.0,98.7,7.0,0.0405,0
16.2,0.0,98.7,7.0,0.0405,0
16.2,0.0,98.7,7.0,0.0405,0
16.2,0.0,98.7,7.0,0.0405,0
16.2,0.0,98.7,7.0,0.0405,0
16.2,0.0,98.7,7.0,0.0405,0
14.0,0.0,5.3,7.0,0.1892,0
13.6,1.0,91.6,7.0,0.0588,0
14.6,0.0,42.5,7.0,0.1558,1
12.8,0.0,78.8,7.0,0.3125,0
16.6,0.0,42.5,7.0,0.1608,0
14.6,0.0,42.5,7.0,0.1608,0
14.1,0.0,60.0,7.0,0.2636,0
14.1,0.0,60.0,7.0,0.2636,1
13.1,0.0,75.8,7.0,0.7077,0
13.1,0.0,75.8,7.0,0.7077,0
15.8,0.0,89.5,7.0,0.0179,0
15.8,0.0,89.5,7.0,0.0179,0
15.8,0.0,89.5,7.0,0.0179,0
15.8,0.0,89.5,7.0,0.0179,0
15.8,0.0,89.5,7.0,0.0179,0
15.8,0.0,89.5,7.0,0.0179,0
16.1,0.0,55.7,7.0,0.9487,1
16.1,0.0,55.7,7.0,0.9487,1
16.1,0.0,55.7,7.0,0.9487,1
17.8,0.0,84.0,7.0,0.2148,0
17.8,0.0,84.0,7.0,0.2148,0
17.8,0.0,84.0,7.0,0.2148,0
17.8,0.0,84.0,7.0,0.2148,0
17.8,0.0,84.0,7.0,0.2148,0
17.8,0.0,84.0,7.0,0.2148,0
17.8,0.0,84.0,7.0,0.2148,0
17.8,0.0,84.0,7.0,0.2148,0
17.8,0.0,84.0,7.0,0.2148,0
17.8,0.0,84.0,7.0,0.2148,0
17.8,0.0,84.0,7.0,0.2148,0
17.8,0.0,84.0,7.0,0.2148,0
17.8,0.0,84.0,7.0,0.2148,0
17.8,0.0,84.0,7.0,0.2148,0
17.8,0.0,84.0,7.0,0.2148,0
17.8,0.0,84.0,7.0,0.2148,0
17.8,0.0,84.0,7.0,0.2148,0
15.0,0.0,54.9,7.0,0.2,0
16.1,0.0,55.7,7.0,0.9487,1
16.1,0.0,55.7,7.0,0.9487,1
16.1,0.0,55.7,7.0,0.9487,1
16.1,0.0,55.7,7.0,0.9487,1
16.1,0.0,78.8,7.0,0.3165,0
16.1,0.0,78.8,7.0,0.3165,0
15.4,0.0,76.9,7.0,0.7156,1
15.4,0.0,76.9,7.0,0.7156,1
15.4,0.0,76.9,7.0,0.7156,1
15.4,0.0,76.9,7.0,0.7156,1
15.4,0.0,76.9,7.0,0.7156,1
15.4,0.0,76.9,7.0,0.7156,1
14.8,0.0,78.8,7.0,0.3038,1
13.4,0.0,22.7,7.0,0.8308,1
13.4,0.0,22.7,7.0,0.8308,1
13.4,0.0,22.7,7.0,0.8308,1
13.4,0.0,22.7,7.0,0.8308,1
13.4,0.0,22.7,7.0,0.8308,1
13.4,0.0,22.7,7.0,0.8308,1
16.1,0.0,78.8,7.0,0.3165,0
13.4,0.0,22.7,7.0,0.8308,1
13.4,0.0,22.7,7.0,0.8308,1
15.4,0.0,76.9,7.0,0.7156,1
16.1,0.0,78.8,7.0,0.3165,0
13.4,0.0,22.7,7.0,0.8308,1
13.4,0.0,22.7,7.0,0.8308,1
13.4,0.0,22.7,7.0,0.8308,1
13.4,0.0,22.7,7.0,0.8308,1
16.8,0.0,62.7,7.0,0.3276,0
16.9,0.0,62.7,7.0,0.3276,0
16.9,0.0,62.7,7.0,0.3276,0
14.1,0.0,47.6,7.0,0.2636,1
13.1,0.0,47.6,7.0,0.2636,1
17.8,0.0,84.0,7.0,0.2148,0
17.8,0.0,84.0,7.0,0.2148,0
17.8,0.0,84.0,7.0,0.2148,0
17.8,0.0,84.0,7.0,0.2148,0
14.1,0.0,47.6,7.0,0.2636,0
13.8,0.0,47.6,7.0,0.2636,0
17.8,0.0,84.0,7.0,0.2148,0
17.8,0.0,84.0,7.0,0.2148,0
17.8,0.0,84.0,7.0,0.2148,0
17.8,0.0,84.0,7.0,0.2148,0
13.7,0.0,47.6,7.0,0.2636,1
15.1,0.0,100.0,7.0,0.2636,0
15.1,0.0,100.0,7.0,0.2636,0
13.8,0.0,47.6,7.0,0.2636,0
15.1,0.0,100.0,7.0,0.2636,0
17.8,0.0,84.0,7.0,0.2148,0
17.8,0.0,84.0,7.0,0.2148,0
17.8,0.0,84.0,7.0,0.2148,0
17.8,0.0,84.0,7.0,0.2148,0
17.8,0.0,84.0,7.0,0.2148,0
17.8,0.0,84.0,7.0,0.2148,0
15.1,0.0,100.0,7.0,0.2636,0
13.1,0.0,25.0,7.0,0.2636,0
17.2,0.0,70.0,7.0,0.2636,0
15.1,0.0,100.0,7.0,0.2636,0
17.8,0.0,84.0,7.0,0.2148,0
17.8,0.0,84.0,7.0,0.2148,0
15.1,0.0,100.0,7.0,0.2636,0
15.1,0.0,100.0,7.0,0.2636,0
17.0,0.0,84.0,7.0,0.2148,0
15.3,0.0,78.8,8.0,0.3038,1
17.0,0.0,84.0,7.0,0.2148,0
15.3,0.0,78.8,7.0,0.3165,0
15.3,0.0,78.8,7.0,0.3165,0
17.0,0.0,84.0,7.0,0.2148,0
17.3,0.0,84.0,7.0,0.2148,0
15.1,0.0,100.0,7.0,0.2636,0
12.9,0.0,100.0,7.0,0.2636,0
15.0,0.0,54.9,7.0,0.2,0
15.0,0.0,54.9,7.0,0.2,0
15.0,0.0,54.9,7.0,0.2,0
15.0,0.0,54.9,7.0,0.2,0
15.0,0.0,54.9,7.0,0.2,0
15.1,0.0,100.0,7.0,0.2636,0
15.1,0.0,100.0,7.0,0.2636,0
13.8,0.0,28.6,7.0,0.2636,0
13.7,0.0,28.6,7.0,0.2636,0
17.7,0.0,99.7,7.0,0.0094,0
15.8,0.0,78.8,7.0,0.3125,0
13.8,0.0,28.6,7.0,0.2636,0
13.2,0.0,80.0,9.0,0.1351,0
13.7,0.0,28.6,7.0,0.2636,0
15.3,0.0,78.8,7.0,0.3125,0
16.3,0.0,100.0,7.0,0.0,0
16.3,0.0,100.0,7.0,0.0,0
16.3,0.0,100.0,7.0,0.0,0
17.7,0.0,99.7,7.0,0.0063,1
17.7,0.0,99.7,7.0,0.0094,0
17.7,0.0,99.7,7.0,0.0094,0
17.7,0.0,99.7,7.0,0.0094,0
17.7,0.0,99.7,7.0,0.0094,0
17.7,0.0,99.7,7.0,0.0094,0
17.7,0.0,99.7,7.0,0.0094,0
17.7,0.0,99.7,7.0,0.0094,0
17.7,0.0,99.7,7.0,0.0094,0
17.7,0.0,99.7,7.0,0.0094,0
13.7,0.0,47.6,7.0,0.2636,1
17.7,0.0,99.7,7.0,0.0094,0
14.0,0.0,29.2,7.0,0.6071,1
14.0,0.0,29.2,7.0,0.6071,1
17.7,0.0,99.7,7.0,0.0094,0
14.0,0.0,29.2,7.0,0.6071,1
14.0,0.0,29.2,7.0,0.6071,1
14.1,0.0,47.6,7.0,0.2636,1
14.0,0.0,29.2,7.0,0.6071,1
14.1,0.0,33.3,7.0,0.2636,1
17.0,0.0,75.6,7.0,0.2921,0
17.7,0.0,99.7,7.0,0.0094,0
17.7,0.0,99.7,7.0,0.0094,0
14.1,1.0,33.3,7.0,0.2636,0
14.1,0.0,33.3,7.0,0.2636,1
14.0,0.0,29.2,7.0,0.6071,1
17.7,0.0,99.7,7.0,0.0094,0
14.0,0.0,29.2,7.0,0.6071,1
14.0,0.0,29.2,7.0,0.6071,1
17.7,0.0,99.7,7.0,0.0094,0
14.0,0.0,29.2,7.0,0.6071,1
14.0,0.0,29.2,7.0,0.6071,1
17.7,0.0,99.7,7.0,0.0094,0
14.0,0.0,29.2,7.0,0.6071,1
14.0,0.0,29.2,7.0,0.6071,1
14.0,0.0,29.2,7.0,0.6071,1
13.7,0.0,47.6,7.0,0.2636,1
14.0,0.0,29.2,7.0,0.6071,1
16.7,0.0,69.2,7.0,0.451,1
17.7,0.0,99.7,7.0,0.0094,0
14.0,0.0,29.2,7.0,0.6071,1
17.7,0.0,99.7,7.0,0.0094,0
14.0,0.0,29.2,7.0,0.6071,1
16.7,0.0,69.2,7.0,0.451,1
17.7,0.0,99.7,7.0,0.0094,0
14.0,0.0,29.2,7.0,0.6071,1
17.2,0.0,69.2,7.0,0.4706,0
14.0,0.0,29.2,7.0,0.6071,1
14.0,0.0,29.2,7.0,0.6071,1
17.7,0.0,99.7,7.0,0.0094,0
17.7,0.0,99.7,7.0,0.0094,0
17.7,0.0,99.7,7.0,0.0094,0
14.8,0.0,78.8,7.0,0.3165,0
14.0,0.0,29.2,7.0,0.6071,1
17.7,0.0,99.7,7.0,0.0094,0
17.7,0.0,99.7,7.0,0.0094,0
17.7,0.0,99.7,7.0,0.0094,0
12.1,0.0,21.7,7.0,0.2712,0
13.7,0.0,47.6,7.0,0.2636,0
17.7,0.0,99.7,7.0,0.0094,0
13.7,0.0,47.6,7.0,0.2636,1
13.7,0.0,47.6,7.0,0.2636,0
17.7,0.0,99.7,7.0,0.0094,0
17.7,0.0,99.7,7.0,0.0094,0
17.7,0.0,99.7,7.0,0.0094,0
17.7,0.0,99.7,7.0,0.0094,0
17.7,0.0,99.7,7.0,0.0094,0
17.7,0.0,99.7,7.0,0.0094,0
17.7,0.0,99.7,7.0,0.0094,0
17.7,0.0,99.7,7.0,0.0094,0
17.7,0.0,99.7,7.0,0.0094,0
14.9,0.0,66.7,7.0,0.2636,0
14.9,0.0,66.7,7.0,0.2636,0
14.9,0.0,66.7,7.0,0.2636,0
15.3,0.0,78.8,7.0,0.3165,0
16.1,0.0,78.8,7.0,0.3165,0
16.1,0.0,78.8,7.0,0.3165,0
16.4,0.0,99.0,7.0,0.3939,0
16.4,0.0,99.0,7.0,0.3939,0
16.4,0.0,99.0,7.0,0.3939,0
16.4,0.0,99.0,7.0,0.3939,0
16.4,0.0,99.0,7.0,0.3939,0
16.4,0.0,99.0,7.0,0.3939,0
16.4,0.0,99.0,7.0,0.3939,0
16.4,0.0,99.0,7.0,0.3939,0
16.4,0.0,99.0,7.0,0.3939,0
16.4,0.0,99.0,7.0,0.3939,0
16.4,0.0,99.0,7.0,0.3939,0
16.4,0.0,99.0,7.0,0.3939,0
16.4,0.0,99.0,7.0,0.3939,0
16.4,0.0,99.0,7.0,0.3939,0
16.4,0.0,99.0,7.0,0.3939,0
16.4,0.0,99.0,7.0,0.3939,0
16.4,0.0,99.0,7.0,0.3939,0
16.4,0.0,99.0,7.0,0.3939,0
16.4,0.0,99.0,7.0,0.3939,0
16.4,0.0,99.0,7.0,0.3939,0
16.4,0.0,99.0,7.0,0.3939,0
16.4,0.0,99.0,7.0,0.3939,0
17.6,0.0,99.0,7.0,0.3939,0
17.6,0.0,99.0,7.0,0.3939,0
17.6,0.0,99.0,7.0,0.3939,0
17.6,0.0,99.0,7.0,0.3939,0
16.8,0.0,86.5,7.0,0.3333,0
16.8,0.0,86.5,7.0,0.3333,0
16.9,0.0,62.8,7.0,0.0,0
16.9,0.0,62.8,7.0,0.0,0
16.9,0.0,62.8,7.0,0.0,0
16.9,0.0,62.8,7.0,0.0,0
16.9,0.0,62.8,7.0,0.0,0
16.9,0.0,62.8,7.0,0.0,0
16.9,0.0,62.8,7.0,0.0,0
16.9,0.0,62.8,7.0,0.0,0
16.9,0.0,62.8,7.0,0.0,0
16.9,0.0,62.8,7.0,0.0,0
16.9,0.0,62.8,7.0,0.0,0
16.9,0.0,62.8,7.0,0.0,0
16.9,0.0,62.8,7.0,0.0,0
16.1,0.0,55.7,7.0,0.9487,1
15.4,0.0,76.9,7.0,0.7156,1
15.4,0.0,76.9,7.0,0.7156,1
15.4,0.0,76.9,7.0,0.7156,1
15.4,0.0,76.9,7.0,0.7156,1
15.4,0.0,76.9,7.0,0.7156,1
14.0,0.0,60.7,7.0,0.2963,0
15.8,0.0,89.5,7.0,0.0179,0
15.8,0.0,89.5,7.0,0.0179,0
15.9,0.0,60.7,7.0,0.2963,0
15.8,0.0,89.5,7.0,0.0179,0
15.8,0.0,89.5,7.0,0.0179,0
15.8,0.0,89.5,7.0,0.0179,0
15.8,0.0,89.5,7.0,0.0179,0
14.5,0.0,64.1,7.0,0.3333,1
15.8,0.0,89.5,7.0,0.0179,0
15.3,0.0,64.1,7.0,0.3333,1
15.9,0.0,88.3,7.0,0.2176,1
15.9,0.0,88.3,7.0,0.2176,1
15.1,0.0,88.3,7.0,0.2176,1
15.8,0.0,88.3,7.0,0.2176,1
15.3,0.0,60.9,7.0,0.6618,0
15.3,0.0,60.9,7.0,0.6471,1
15.3,0.0,60.9,7.0,0.6471,1
16.7,0.0,91.6,7.0,0.0588,0
16.7,0.0,91.6,7.0,0.0588,0
16.7,0.0,91.6,7.0,0.0588,0
16.7,0.0,91.6,7.0,0.0588,0
16.7,0.0,91.6,7.0,0.0588,0
16.7,0.0,91.6,7.0,0.0588,0
16.7,0.0,91.6,7.0,0.0588,0
16.7,0.0,91.6,7.0,0.0588,0
16.7,0.0,91.6,7.0,0.0588,0
16.7,0.0,91.6,7.0,0.0588,0
14.5,0.0,60.9,7.0,0.6618,0
16.0,0.0,60.9,7.0,0.6471,1
15.8,0.0,89.5,7.0,0.0179,0
15.8,0.0,89.5,7.0,0.0179,0
15.8,0.0,89.5,7.0,0.0179,0
15.8,0.0,89.5,7.0,0.0179,0
15.8,0.0,89.5,7.0,0.0179,0
15.8,0.0,89.5,7.0,0.0179,0
15.8,0.0,89.5,7.0,0.0179,0
17.7,0.0,99.7,7.0,0.0094,0
15.3,0.0,60.9,7.0,0.6471,1
15.8,0.0,89.5,7.0,0.0179,0
12.6,0.0,5.3,7.0,0.1892,0
17.7,0.0,99.7,7.0,0.0094,0
15.3,0.0,64.1,7.0,0.3492,0
17.7,0.0,99.7,7.0,0.0094,0
17.7,0.0,99.7,7.0,0.0094,0
17.7,0.0,99.7,7.0,0.0094,0
16.0,0.0,64.1,7.0,0.3492,0
17.7,0.0,99.7,7.0,0.0094,0
14.9,0.0,100.0,7.0,0.2636,0
17.7,0.0,99.7,7.0,0.0094,0
17.7,0.0,99.7,7.0,0.0094,0
14.9,0.0,41.2,7.0,0.6667,0
15.3,0.0,60.9,7.0,0.6618,0
17.7,0.0,99.7,7.0,0.0063,1
14.9,0.0,41.2,7.0,0.6667,0
15.3,0.0,60.9,7.0,0.6618,0
17.7,0.0,99.7,7.0,0.0094,0
14.0,0.0,5.3,7.0,0.1892,0
14.0,0.0,5.3,7.0,0.1892,0
14.0,0.0,5.3,7.0,0.1892,0
17.7,0.0,99.7,7.0,0.0094,0
14.9,0.0,41.2,7.0,0.6364,1
17.7,0.0,99.7,7.0,0.0094,0
17.7,0.0,99.7,7.0,0.0094,0
14.0,0.0,5.3,7.0,0.1892,0
14.0,0.0,5.3,7.0,0.1892,0
14.0,0.0,5.3,7.0,0.1622,1
14.9,0.0,41.2,7.0,0.6667,0
14.9,0.0,41.2,7.0,0.6364,1
14.0,0.0,5.3,7.0,0.1892,0
14.9,0.0,41.2,7.0,0.6364,1
17.7,0.0,99.7,7.0,0.0094,0
14.9,0.0,41.2,7.0,0.6364,1
17.7,0.0,99.7,7.0,0.0094,0
17.7,0.0,99.7,7.0,0.0094,0
14.9,0.0,41.2,7.0,0.6364,1
12.7,0.0,55.6,7.0,0.2636,0
12.7,0.0,55.6,7.0,0.2636,0
12.7,0.0,55.6,7.0,0.2636,0
14.9,0.0,41.2,7.0,0.6364,1
14.9,0.0,41.2,7.0,0.6364,1
14.9,0.0,41.2,7.0,0.6364,1
14.9,0.0,41.2,7.0,0.6364,1
14.9,0.0,41.2,7.0,0.6364,1
14.9,0.0,41.2,7.0,0.6364,1
13.5,0.0,100.0,7.0,0.2636,0
17.7,0.0,99.7,7.0,0.0094,0
16.7,0.0,93.2,7.0,0.0855,0
17.7,0.0,99.7,7.0,0.0094,0
12.7,0.0,95.2,7.0,0.2636,0
12.7,0.0,95.2,7.0,0.2636,0
12.7,0.0,95.2,7.0,0.2636,0
12.7,0.0,95.2,7.0,0.2636,0
14.4,0.0,95.2,7.0,0.2636,0
14.4,0.0,95.2,7.0,0.2636,0
14.4,0.0,95.2,7.0,0.2636,0
17.7,0.0,99.7,7.0,0.0094,0
12.7,0.0,55.6,7.0,0.2636,0
15.1,0.0,100.0,7.0,0.2636,0
15.1,0.0,100.0,7.0,0.2636,0
17.7,0.0,99.7,7.0,0.0094,0
17.7,0.0,99.7,7.0,0.0094,0
15.5,0.0,93.2,7.0,0.0855,0
17.7,0.0,99.7,7.0,0.0094,0
17.7,0.0,99.7,7.0,0.0094,0
17.7,0.0,99.7,7.0,0.0094,0
17.7,0.0,99.7,7.0,0.0094,0
17.7,0.0,99.7,7.0,0.0094,0
17.7,0.0,99.7,7.0,0.0094,0
17.7,0.0,99.7,7.0,0.0094,0
17.7,0.0,99.7,7.0,0.0094,0
17.7,0.0,99.7,7.0,0.0094,0
17.7,0.0,99.7,7.0,0.0094,0
17.7,0.0,99.7,7.0,0.0094,0
17.7,0.0,99.7,7.0,0.0094,0
17.7,0.0,99.7,7.0,0.0094,0
17.7,0.0,99.7,7.0,0.0094,0
17.7,0.0,99.7,7.0,0.0094,0
17.7,0.0,99.7,7.0,0.0094,0
16.1,0.0,16.7,9.0,0.2636,0
17.7,0.0,99.7,7.0,0.0094,0
17.7,0.0,99.7,7.0,0.0094,0
15.3,0.0,64.1,7.0,0.3333,1
17.7,0.0,99.7,7.0,0.0094,0
16.0,0.0,60.9,7.0,0.6471,1
17.7,0.0,99.7,7.0,0.0094,0
14.8,0.0,78.8,7.0,0.3038,1
15.3,0.0,78.8,7.0,0.3038,1
14.8,0.0,78.8,7.0,0.3038,1
17.7,0.0,99.7,7.0,0.0094,0
17.0,0.0,65.3,7.0,0.3542,0
17.7,0.0,99.7,7.0,0.0094,0
17.7,0.0,99.7,7.0,0.0063,1
17.7,0.0,99.7,7.0,0.0094,0
17.7,0.0,99.7,7.0,0.0094,0
13.1,0.0,16.7,7.0,0.7711,1
17.7,0.0,99.7,7.0,0.0094,0
16.0,0.0,64.1,7.0,0.3492,0
15.4,0.0,76.9,7.0,0.7156,1
16.2,0.0,84.0,7.0,0.2148,0
16.2,0.0,84.0,7.0,0.2148,0
16.2,0.0,84.0,7.0,0.2148,0
16.2,0.0,84.0,7.0,0.2148,0
16.2,0.0,84.0,7.0,0.2148,0
16.2,0.0,84.0,7.0,0.2148,0
15.4,0.0,76.9,7.0,0.7156,1
17.0,0.0,47.1,7.0,0.2636,0
15.0,0.0,54.9,7.0,0.2,0
17.7,0.0,99.7,7.0,0.0094,0
17.7,0.0,99.7,7.0,0.0094,0
17.7,0.0,99.7,7.0,0.0094,0
17.7,0.0,99.7,7.0,0.0094,0
15.8,0.0,90.9,7.0,0.2636,0
14.7,0.0,88.5,7.0,0.1158,0
14.7,0.0,88.5,7.0,0.1158,0
15.3,0.0,13.7,7.0,0.1099,0
13.9,0.0,13.7,7.0,0.1099,0
14.9,0.0,13.7,7.0,0.1099,0
14.4,0.0,43.8,7.0,0.4659,0
15.3,0.0,27.3,7.0,0.6937,0
14.4,0.0,43.8,7.0,0.4545,1
15.3,0.0,0.0,7.0,0.1143,1
13.0,0.0,0.0,7.0,0.1429,0
15.3,0.0,0.0,7.0,0.1429,0
15.3,0.0,0.0,7.0,0.1429,0
16.1,0.0,78.8,7.0,0.3038,1
16.1,0.0,78.8,7.0,0.3165,0
16.5,0.0,0.0,7.0,0.1143,1
15.3,0.0,0.0,7.0,0.1429,0
16.4,0.0,0.0,7.0,0.1143,1
16.4,0.0,0.0,7.0,0.1429,0
15.3,0.0,0.0,7.0,0.1429,0
16.4,0.0,0.0,7.0,0.1143,1
15.3,0.0,0.0,7.0,0.1429,0
16.5,0.0,0.0,7.0,0.1429,0
16.4,0.0,0.0,7.0,0.1429,0
17.2,0.0,52.1,7.0,0.1702,0
16.9,0.0,52.1,7.0,0.1702,0
17.0,0.0,52.1,7.0,0.1702,0
15.6,0.0,52.1,7.0,0.1702,0
17.0,0.0,52.1,7.0,0.1702,0
17.0,0.0,52.1,7.0,0.1489,1
14.7,0.0,88.5,7.0,0.1158,0
12.6,0.0,88.5,7.0,0.1158,0
14.7,0.0,0.0,7.0,0.2632,0
14.7,0.0,0.0,7.0,0.2632,0
14.7,0.0,0.0,7.0,0.2368,1
14.7,0.0,0.0,7.0,0.2368,1
14.7,0.0,0.0,7.0,0.2368,1
14.7,0.0,0.0,7.0,0.2632,0
16.4,0.0,0.0,7.0,0.1429,0
16.4,0.0,0.0,7.0,0.1429,0
12.1,0.0,0.0,7.0,0.1429,0
16.4,0.0,0.0,7.0,0.1429,0
15.3,0.0,0.0,7.0,0.1429,0
15.3,0.0,0.0,7.0,0.1429,0
15.3,0.0,0.0,7.0,0.1429,0
12.1,0.0,0.0,7.0,0.1429,0
15.3,0.0,0.0,7.0,0.1429,0
16.2,0.0,0.0,7.0,0.1429,0
16.4,0.0,0.0,7.0,0.1429,0
15.3,0.0,0.0,7.0,0.1429,0
15.3,0.0,0.0,7.0,0.1429,0
14.4,0.0,0.0,7.0,0.1429,0
12.1,0.0,0.0,7.0,0.1429,0
13.9,0.0,72.3,7.0,0.4745,0
15.1,0.0,62.5,7.0,0.2636,0
15.1,0.0,62.5,7.0,0.2636,0
15.1,0.0,62.5,7.0,0.2636,0
15.1,0.0,62.5,7.0,0.2636,0
15.1,0.0,62.5,7.0,0.2636,0
15.1,0.0,62.5,7.0,0.2636,1
15.1,0.0,62.5,7.0,0.2636,0
14.4,0.0,62.5,7.0,0.2636,0
15.6,0.0,62.5,7.0,0.2636,0
12.3,0.0,18.8,7.0,0.2636,0
12.2,0.0,18.8,7.0,0.2636,0
12.3,0.0,18.8,7.0,0.2636,0
13.1,0.0,18.8,7.0,0.2636,0
14.0,0.0,77.9,7.0,0.2239,0
17.2,0.0,52.1,7.0,0.1702,0
17.1,0.0,52.1,7.0,0.1489,1
17.1,0.0,52.1,7.0,0.1489,1
16.9,0.0,52.1,7.0,0.1702,0
17.2,0.0,52.1,7.0,0.1702,0
17.2,0.0,52.1,7.0,0.1702,0
15.8,0.0,52.1,7.0,0.1702,0
15.8,0.0,52.1,7.0,0.1702,0
15.8,0.0,52.1,7.0,0.1702,0
15.7,0.0,52.1,7.0,0.1702,0
15.8,0.0,52.1,7.0,0.1702,0
14.3,0.0,78.7,7.0,0.1905,1
16.9,0.0,13.7,7.0,0.1099,0
14.3,0.0,78.7,7.0,0.1905,1
13.9,0.0,77.9,7.0,0.2239,0
16.9,0.0,52.1,7.0,0.1702,0
13.9,0.0,77.9,7.0,0.2239,0
13.9,0.0,77.9,7.0,0.2239,0
13.9,0.0,77.9,7.0,0.2239,0
13.9,0.0,77.9,7.0,0.2239,0
17.2,0.0,41.6,7.0,0.3152,1
17.2,0.0,41.6,7.0,0.3152,1
17.2,0.0,41.6,7.0,0.3207,0
14.6,0.0,41.6,7.0,0.3152,1
16.0,0.0,26.0,7.0,0.5972,1
14.3,0.0,26.0,7.0,0.5972,1
13.3,0.0,26.0,7.0,0.6111,0
16.0,0.0,26.0,7.0,0.5972,1
13.3,0.0,26.0,7.0,0.6111,0
14.3,0.0,26.0,7.0,0.6111,0
15.1,0.0,89.2,7.0,0.0978,0
15.1,0.0,89.2,7.0,0.0978,0
12.0,0.0,46.2,7.0,0.2333,0
16.3,0.0,62.5,7.0,0.2636,0
14.2,0.0,26.0,7.0,0.5972,1
13.3,0.0,26.0,7.0,0.5972,1
13.3,0.0,26.0,7.0,0.6111,0
13.3,0.0,26.0,7.0,0.6111,0
16.0,0.0,26.0,7.0,0.6111,0
14.3,0.0,26.0,7.0,0.6111,0
14.7,0.0,88.5,7.0,0.1158,0
14.7,0.0,88.5,7.0,0.1158,0
16.0,0.0,26.0,7.0,0.5972,1
15.0,0.0,26.0,7.0,0.6111,0
16.1,0.0,55.7,7.0,0.9487,1
16.1,0.0,55.7,7.0,0.9487,1
16.1,0.0,55.7,7.0,0.9487,1
16.1,0.0,55.7,7.0,0.9487,1
16.1,0.0,55.7,7.0,0.9487,1
16.1,0.0,55.7,7.0,0.9487,1
16.1,0.0,55.7,7.0,0.9487,1
15.1,0.0,80.0,7.0,0.1351,0
12.6,0.0,96.5,7.0,0.0235,0
15.9,0.0,96.5,7.0,0.0235,0
16.4,0.0,96.5,7.0,0.0235,0
16.4,0.0,96.5,7.0,0.0235,0
16.4,0.0,96.5,7.0,0.0235,0
16.3,0.0,80.0,7.0,0.1351,0
14.3,0.0,26.0,7.0,0.6111,0
13.3,0.0,26.0,7.0,0.5972,1
14.3,0.0,26.0,7.0,0.5972,1
16.0,0.0,26.0,7.0,0.5972,1
12.6,0.0,26.0,7.0,0.5972,1
15.0,0.0,26.0,7.0,0.5972,1
16.2,0.0,100.0,7.0,0.2636,0
15.6,0.0,71.4,7.0,0.2636,0
16.1,0.0,71.4,7.0,0.2636,0
16.9,0.0,61.9,7.0,0.3855,0
14.4,0.0,61.9,7.0,0.3855,0
16.9,0.0,61.9,7.0,0.3855,0
16.9,0.0,61.9,7.0,0.3735,1
13.7,0.0,61.9,7.0,0.3735,1
13.7,0.0,61.9,7.0,0.3735,1
13.7,0.0,61.9,7.0,0.3735,1
13.7,0.0,61.9,7.0,0.3735,1
14.7,0.0,61.9,7.0,0.3735,1
14.7,0.0,61.9,7.0,0.3735,1
14.7,0.0,61.9,7.0,0.3735,1
14.7,0.0,61.9,7.0,0.3735,1
14.7,0.0,61.9,7.0,0.3735,1
13.7,0.0,61.9,7.0,0.3735,1
13.7,0.0,61.9,7.0,0.3735,1
13.7,0.0,61.9,7.0,0.3735,1
13.7,0.0,61.9,7.0,0.3735,1
13.7,0.0,61.9,7.0,0.3735,1
16.5,0.0,26.0,7.0,0.0909,0
13.7,0.0,26.0,7.0,0.0909,0
16.5,0.0,97.1,7.0,0.0909,0
16.5,0.0,97.1,7.0,0.0909,0
12.2,0.0,61.3,7.0,0.3784,1
16.0,0.0,61.3,7.0,0.3784,1
16.0,0.0,61.3,7.0,0.3784,1
16.0,0.0,61.3,7.0,0.3784,1
16.0,0.0,61.3,7.0,0.3784,1
16.0,0.0,61.3,7.0,0.3784,1
14.7,0.0,61.3,7.0,0.3919,0
14.7,0.0,61.3,7.0,0.3784,1
15.4,0.0,61.3,7.0,0.3784,1
14.7,0.0,61.3,7.0,0.3784,1
15.4,0.0,61.3,7.0,0.3784,1
13.3,0.0,26.0,7.0,0.5972,1
13.3,0.0,26.0,7.0,0.6111,0
14.3,0.0,26.0,7.0,0.6111,0
14.3,0.0,26.0,7.0,0.6111,0
14.3,0.0,26.0,7.0,0.6111,0
14.3,0.0,26.0,7.0,0.5972,1
16.0,0.0,61.3,7.0,0.3919,0
16.0,0.0,61.3,7.0,0.3919,0
16.9,0.0,61.3,7.0,0.3919,0
14.6,0.0,61.3,7.0,0.3784,1
16.0,0.0,61.3,7.0,0.3919,0
13.8,0.0,61.3,7.0,0.3784,1
13.5,0.0,61.3,7.0,0.3784,1
16.0,0.0,61.3,7.0,0.3784,1
15.4,0.0,61.3,7.0,0.3919,0
13.5,0.0,28.4,7.0,0.6667,0
14.7,0.0,98.1,7.0,0.3419,1
14.7,0.0,98.1,7.0,0.3419,1
14.7,0.0,98.1,7.0,0.3419,1
14.7,0.0,98.1,7.0,0.3419,1
14.7,0.0,98.1,7.0,0.3419,1
14.7,0.0,98.1,7.0,0.3419,1
14.0,0.0,18.4,7.0,0.3243,0
14.3,0.0,26.0,7.0,0.6111,0
12.1,0.0,26.0,7.0,0.5972,1
15.0,0.0,26.0,7.0,0.5972,1
16.0,0.0,26.0,7.0,0.6111,0
14.3,0.0,26.0,7.0,0.5972,1
15.9,0.0,30.0,7.0,0.2516,0
14.9,0.0,30.0,7.0,0.2516,0
16.3,0.0,30.0,7.0,0.2516,0
14.5,0.0,30.0,7.0,0.2516,0
16.3,0.0,30.0,7.0,0.2516,0
15.9,0.0,30.0,7.0,0.2516,0
17.2,0.0,70.4,7.0,0.2636,0
15.3,0.0,54.5,7.0,0.2812,0
15.3,0.0,54.5,7.0,0.2812,0
15.5,0.0,80.9,7.0,0.1404,0
15.5,0.0,80.9,7.0,0.1404,0
15.5,0.0,80.9,7.0,0.1404,0
15.0,0.0,21.9,7.0,0.1824,0
15.0,0.0,21.9,7.0,0.1824,0
15.0,0.0,21.9,7.0,0.1824,0
15.0,0.0,21.9,7.0,0.1824,0
15.0,0.0,21.9,7.0,0.1824,0
15.0,0.0,21.9,7.0,0.1824,0
15.0,0.0,21.9,7.0,0.1824,0
14.9,0.0,92.1,7.0,0.2097,1
14.9,0.0,92.1,7.0,0.2258,0
14.9,0.0,92.1,7.0,0.2258,0
16.9,0.0,49.0,7.0,0.3289,0
16.9,0.0,49.0,7.0,0.3289,0
16.9,0.0,49.0,7.0,0.3224,1
16.9,0.0,49.0,7.0,0.3289,0
16.9,0.0,49.0,7.0,0.3289,0
16.9,0.0,49.0,7.0,0.3224,1
17.6,0.0,99.0,7.0,0.3838,1
17.4,0.0,99.0,7.0,0.0352,0
16.9,0.0,49.0,7.0,0.3289,0
16.9,0.0,49.0,7.0,0.3289,0
12.4,0.0,50.7,7.0,0.1515,0
14.4,0.0,49.0,7.0,0.3289,0
16.9,0.0,49.0,7.0,0.3289,0
16.9,0.0,49.0,7.0,0.3289,0
12.8,0.0,50.7,7.0,0.1515,0
16.7,0.0,49.0,7.0,0.3289,0
15.6,0.0,50.7,7.0,0.1515,0
15.6,0.0,50.7,7.0,0.1515,0
12.4,0.0,50.7,7.0,0.1515,0
12.8,0.0,64.1,7.0,0.3492,0
14.9,0.0,64.9,7.0,0.3333,0
12.8,0.0,64.1,7.0,0.3333,1
14.7,0.0,53.1,7.0,0.2258,1
16.3,0.0,53.1,7.0,0.2581,0
16.0,0.0,53.1,7.0,0.2581,0
14.4,0.0,53.1,7.0,0.2258,1
14.6,0.0,53.1,7.0,0.2581,0
14.6,0.0,53.1,7.0,0.2581,0
14.0,0.0,53.1,7.0,0.2258,1
14.4,0.0,53.1,7.0,0.2258,1
14.7,0.0,53.1,7.0,0.2581,0
16.0,0.0,53.1,7.0,0.2581,0
15.7,0.0,53.1,7.0,0.2581,0
16.3,0.0,53.1,7.0,0.2581,0
14.8,0.0,53.1,7.0,0.2581,0
14.4,0.0,53.1,7.0,0.2581,0
14.8,0.0,53.1,7.0,0.2581,0
14.8,0.0,53.1,7.0,0.2581,0
15.5,0.0,53.1,7.0,0.2258,1
15.3,0.0,53.1,7.0,0.2258,1
16.3,0.0,53.1,7.0,0.2581,0
16.7,0.0,53.1,7.0,0.2581,0
14.8,0.0,53.1,7.0,0.2581,0
16.3,0.0,53.1,7.0,0.2258,1
15.5,0.0,53.1,7.0,0.2581,0
15.5,0.0,53.1,7.0,0.2581,0
14.6,0.0,53.1,7.0,0.2581,0
16.0,0.0,53.1,7.0,0.2581,0
14.9,0.0,53.1,7.0,0.2258,1
14.9,0.0,53.1,7.0,0.2581,0
16.0,0.0,53.1,7.0,0.2581,0
12.4,0.0,50.7,7.0,0.1515,0
15.3,0.0,64.1,7.0,0.3492,0
15.0,0.0,12.1,7.0,0.1875,1
12.8,0.0,12.1,7.0,0.2188,0
12.8,0.0,12.1,7.0,0.2188,0
13.2,0.0,12.1,7.0,0.2188,0
12.8,0.0,12.1,7.0,0.2188,0
12.4,0.0,12.1,7.0,0.2188,0
15.0,0.0,12.1,7.0,0.2188,0
12.4,0.0,12.1,7.0,0.2188,0
12.4,0.0,12.1,7.0,0.2188,0
12.0,0.0,12.1,7.0,0.2188,0
12.4,0.0,12.1,7.0,0.2188,0
16.0,0.0,60.9,7.0,0.6618,0
12.8,0.0,64.1,7.0,0.3492,0
12.8,0.0,39.7,7.0,0.2281,0
17.0,0.0,17.6,7.0,0.2636,0
13.3,0.0,17.6,7.0,0.2636,0
13.3,0.0,56.0,7.0,0.2256,0
14.6,0.0,53.2,7.0,0.4348,1
14.6,0.0,53.2,7.0,0.4348,1
15.1,0.0,53.2,7.0,0.4348,1
15.1,0.0,53.2,7.0,0.4565,0
14.6,0.0,53.2,7.0,0.4348,1
15.1,0.0,53.2,7.0,0.4348,1
15.1,0.0,53.2,7.0,0.4348,1
15.1,0.0,53.2,7.0,0.4565,0
14.6,0.0,53.2,8.0,0.4565,0
15.1,0.0,53.2,7.0,0.4348,1
15.1,0.0,53.2,7.0,0.4348,1
14.6,0.0,53.2,7.0,0.4565,0
15.1,0.0,53.2,7.0,0.4565,0
15.1,0.0,53.2,7.0,0.4348,1
15.1,0.0,53.2,7.0,0.4565,0
14.6,0.0,53.2,7.0,0.4348,1
15.1,0.0,53.2,7.0,0.4348,1
15.1,0.0,53.2,7.0,0.4565,0
15.1,0.0,53.2,7.0,0.4348,1
14.0,0.0,62.9,7.0,0.1698,0
14.1,0.0,47.6,7.0,0.2636,1
13.5,0.0,100.0,7.0,0.2636,0
14.6,0.0,53.2,7.0,0.4565,0
14.6,0.0,53.2,7.0,0.4348,1
15.1,0.0,53.2,7.0,0.4565,0
15.1,0.0,53.2,7.0,0.4565,0
14.6,0.0,53.2,7.0,0.4348,1
14.6,0.0,53.2,7.0,0.4565,0
14.6,0.0,53.2,7.0,0.4565,0
13.3,0.0,53.2,7.0,0.4565,0
15.1,0.0,53.2,7.0,0.4348,1
15.1,0.0,53.2,7.0,0.4348,1
14.6,0.0,53.2,7.0,0.4565,0
15.1,0.0,53.2,7.0,0.4565,0
15.1,0.0,53.2,7.0,0.4348,1
15.1,0.0,53.2,7.0,0.4348,1
15.1,0.0,53.2,7.0,0.4348,1
14.6,0.0,53.2,7.0,0.4565,0
14.6,0.0,53.2,7.0,0.4565,0
15.1,0.0,53.2,7.0,0.4565,0
15.1,0.0,53.2,7.0,0.4348,1
15.1,0.0,53.2,7.0,0.4565,0
14.6,0.0,53.2,7.0,0.4565,0
15.1,0.0,53.2,7.0,0.4565,0
14.6,0.0,53.2,7.0,0.4565,0
15.1,0.0,53.2,7.0,0.4565,0
13.7,0.0,62.9,7.0,0.1698,0
14.4,0.0,62.9,7.0,0.1698,0
13.1,0.0,96.5,7.0,0.0235,0
13.1,0.0,96.5,7.0,0.0235,0
14.4,0.0,80.0,7.0,0.1351,0
14.4,0.0,80.0,7.0,0.1351,0
15.2,0.0,80.0,7.0,0.1351,0
15.1,0.0,53.2,7.0,0.4348,1
16.4,0.0,96.5,7.0,0.0235,0
15.8,0.0,80.0,7.0,0.1351,0
15.8,0.0,80.0,7.0,0.1351,0
15.8,0.0,80.0,7.0,0.1351,0
15.1,0.0,53.2,7.0,0.4565,0
15.8,0.0,80.0,7.0,0.1351,0
15.8,0.0,80.0,7.0,0.1351,0
14.4,0.0,80.0,7.0,0.1351,0
15.9,0.0,96.5,7.0,0.0235,0
13.5,0.0,96.5,7.0,0.0235,0
16.4,0.0,96.5,7.0,0.0235,0
15.9,0.0,96.5,7.0,0.0235,0
16.4,0.0,96.5,7.0,0.0235,0
15.9,0.0,96.5,7.0,0.0235,0
14.7,0.0,96.5,7.0,0.0235,0
13.7,0.0,62.9,7.0,0.1698,0
13.7,0.0,62.9,7.0,0.1698,0
13.7,0.0,62.9,7.0,0.1651,1
15.9,0.0,96.5,7.0,0.0235,0
15.9,0.0,96.5,7.0,0.0235,0
14.1,0.0,80.0,7.0,0.1351,0
13.2,0.0,80.0,7.0,0.1351,0
15.9,0.0,96.5,7.0,0.0235,0
16.5,0.0,97.1,7.0,0.3529,1
13.1,0.0,96.5,7.0,0.0235,0
16.4,0.0,96.5,7.0,0.0235,0
16.4,0.0,96.5,7.0,0.0235,0
16.4,0.0,96.5,7.0,0.0235,0
16.4,0.0,96.5,7.0,0.0235,0
16.4,0.0,96.5,7.0,0.0235,0
14.1,0.0,39.7,7.0,0.2105,1
16.4,0.0,96.5,7.0,0.0235,0
14.4,0.0,39.7,7.0,0.2281,0
14.4,0.0,39.7,7.0,0.2281,0
16.3,0.0,76.9,7.0,0.3271,0
16.3,0.0,76.9,7.0,0.3178,1
17.0,0.0,76.9,7.0,0.3178,1
17.2,0.0,82.0,7.0,0.1403,1
17.2,0.0,82.0,7.0,0.1448,0
14.8,0.0,72.0,7.0,0.2041,0
17.2,0.0,82.0,7.0,0.1403,1
13.3,0.0,72.0,7.0,0.1837,1
15.9,0.0,57.1,7.0,0.4407,0
15.9,0.0,57.1,7.0,0.4322,1
17.0,0.0,57.1,7.0,0.4407,0
17.0,0.0,57.1,7.0,0.4407,0
12.7,0.0,42.9,7.0,0.2636,0
15.9,0.0,57.1,7.0,0.4322,1
12.7,0.0,42.9,7.0,0.2636,0
15.1,0.0,75.0,7.0,0.2636,0
15.1,0.0,75.0,7.0,0.2636,0
16.6,0.0,88.3,7.0,0.2235,0
16.5,0.0,72.6,7.0,0.234,0
16.5,0.0,72.6,7.0,0.234,0
14.0,0.0,72.6,7.0,0.234,0
13.4,0.0,72.6,7.0,0.234,0
15.3,0.0,72.6,7.0,0.234,0
13.1,0.0,72.6,7.0,0.234,0
13.1,0.0,72.6,7.0,0.234,0
13.5,0.0,50.0,7.0,0.1972,1
13.5,0.0,50.0,7.0,0.2113,0
13.5,0.0,50.0,7.0,0.2113,0
13.5,0.0,50.0,7.0,0.2113,0
13.5,0.0,50.0,7.0,0.2113,0
12.7,0.0,42.9,7.0,0.2636,0
13.5,0.0,50.0,7.0,0.2113,0
13.5,0.0,50.0,7.0,0.2113,0
13.5,0.0,50.0,7.0,0.2113,0
13.5,0.0,50.0,7.0,0.2113,0
13.1,0.0,50.0,7.0,0.2113,0
13.5,0.0,50.0,7.0,0.2113,0
13.5,0.0,50.0,7.0,0.2113,0
13.5,0.0,32.4,7.0,0.3832,0
14.2,0.0,50.0,7.0,0.2636,0
13.1,0.0,50.0,7.0,0.2113,0
13.8,0.0,89.1,7.0,0.1778,1
13.8,0.0,89.1,7.0,0.1778,1
13.9,0.0,77.9,7.0,0.2239,0
13.7,0.0,77.9,7.0,0.2239,0
13.7,0.0,77.9,7.0,0.2239,0
13.9,0.0,77.9,7.0,0.2239,0
17.2,0.0,98.0,7.0,0.04,0
17.2,0.0,98.0,7.0,0.04,0
13.9,0.0,77.9,7.0,0.209,1
17.2,0.0,98.0,7.0,0.04,0
17.2,0.0,98.0,7.0,0.04,0
17.2,0.0,98.0,7.0,0.04,0
17.2,0.0,98.0,7.0,0.04,0
16.1,0.0,98.0,7.0,0.04,0
16.1,0.0,98.0,7.0,0.04,0
17.0,0.0,96.7,7.0,0.1685,0
17.0,0.0,96.7,7.0,0.1685,0
17.0,0.0,96.7,7.0,0.1685,0
17.0,0.0,96.7,7.0,0.1685,0
17.0,0.0,96.7,7.0,0.1685,0
17.0,0.0,96.7,7.0,0.1685,0
17.0,0.0,96.7,7.0,0.1685,0
17.0,0.0,96.7,7.0,0.1685,0
17.0,0.0,96.7,7.0,0.1685,0
17.0,0.0,96.7,7.0,0.1685,0
17.0,0.0,96.7,7.0,0.1685,0
17.0,0.0,96.7,7.0,0.1685,0
13.3,0.0,63.6,7.0,0.2636,0
13.3,0.0,63.6,7.0,0.2636,0
13.7,0.0,89.1,7.0,0.2,0
16.7,0.0,41.6,7.0,0.3207,0
16.7,0.0,41.6,7.0,0.3207,0
16.7,0.0,41.6,7.0,0.3207,0
16.7,0.0,41.6,7.0,0.3207,0
16.7,0.0,41.6,7.0,0.3207,0
16.7,0.0,41.6,7.0,0.3207,0
16.5,0.0,41.6,7.0,0.3207,0
16.5,0.0,41.6,7.0,0.3207,0
16.5,0.0,41.6,7.0,0.3207,0
16.3,0.0,41.6,7.0,0.3207,0
16.4,0.0,41.6,7.0,0.3152,1
16.4,0.0,41.6,7.0,0.3152,1
16.4,0.0,41.6,7.0,0.3152,1
16.4,0.0,41.6,7.0,0.3152,1
16.4,0.0,41.6,7.0,0.3152,1
16.5,0.0,41.6,7.0,0.3207,0
16.5,0.0,41.6,7.0,0.3207,0
16.5,0.0,41.6,7.0,0.3207,0
16.5,0.0,41.6,7.0,0.3207,0
16.1,0.0,55.7,7.0,0.9487,1
16.5,0.0,41.6,7.0,0.3207,0
16.5,0.0,41.6,7.0,0.3207,0
16.5,0.0,41.6,7.0,0.3207,0
16.5,0.0,41.6,7.0,0.3207,0
16.5,0.0,41.6,7.0,0.3207,0
16.5,0.0,41.6,7.0,0.3207,0
15.6,0.0,37.2,7.0,0.119,0
16.4,0.0,41.6,7.0,0.3207,0
16.1,0.0,55.7,7.0,0.9487,1
16.1,0.0,55.7,7.0,0.9487,1
16.1,0.0,55.7,7.0,0.9487,1
16.1,0.0,55.7,7.0,0.9487,1
14.5,0.0,60.9,7.0,0.6471,1
15.3,0.0,64.1,7.0,0.3333,1
17.0,0.0,46.7,7.0,0.4615,0
17.0,0.0,46.7,7.0,0.4615,0
16.0,0.0,100.0,7.0,0.2636,0
14.6,0.0,46.7,7.0,0.4519,1
12.0,0.0,46.2,7.0,0.2333,0
16.7,0.0,46.2,7.0,0.2222,1
16.3,0.0,88.5,8.0,0.1158,0
16.5,0.0,41.6,7.0,0.3207,0
16.5,0.0,41.6,7.0,0.3207,0
16.5,0.0,41.6,8.0,0.3207,0
16.5,0.0,41.6,8.0,0.3207,0
16.5,0.0,41.6,7.0,0.3207,0
16.5,0.0,41.6,7.0,0.3207,0
14.0,0.0,41.6,7.0,0.3207,0
14.9,0.0,47.1,7.0,0.2636,0
14.0,0.0,90.9,7.0,0.2636,0
16.0,0.0,90.9,7.0,0.2636,0
16.6,0.0,90.9,7.0,0.2636,0
12.7,0.0,100.0,7.0,0.2636,0
12.7,0.0,100.0,7.0,0.2636,0
12.6,0.0,90.9,7.0,0.2636,1
14.7,0.0,84.4,7.0,0.2,0
14.7,0.0,84.4,7.0,0.2,0
14.7,0.0,84.4,7.0,0.2,0
14.7,0.0,84.4,7.0,0.2,0
14.7,0.0,84.4,7.0,0.2,0
14.7,0.0,84.4,7.0,0.2,0
14.7,0.0,84.4,7.0,0.2,0
14.7,0.0,84.4,7.0,0.2,0
14.7,0.0,84.4,7.0,0.2,0
14.7,0.0,84.4,7.0,0.2,0
14.7,0.0,84.4,7.0,0.2,0
14.7,0.0,84.4,7.0,0.2,0
14.7,0.0,84.4,7.0,0.2,0
14.7,0.0,84.4,7.0,0.2,0
14.7,0.0,84.4,7.0,0.2,0
14.7,0.0,84.4,7.0,0.2,0
14.7,0.0,84.4,7.0,0.2,0
14.7,0.0,84.4,7.0,0.2,0
14.7,0.0,84.4,7.0,0.2,0
14.7,0.0,84.4,7.0,0.2,0
14.7,0.0,84.4,7.0,0.2,0
14.7,0.0,84.4,7.0,0.2,0
14.7,0.0,84.4,7.0,0.2,0
14.7,0.0,84.4,7.0,0.2,0
14.7,0.0,84.4,7.0,0.2,0
14.4,0.0,75.8,7.0,0.6923,1
15.3,1.0,84.4,7.0,0.2,0
14.7,0.0,88.5,7.0,0.1158,0
14.7,0.0,88.5,7.0,0.1158,0
14.7,0.0,88.5,7.0,0.1158,0
14.7,0.0,88.5,7.0,0.1158,0
12.6,0.0,88.5,7.0,0.1158,0
14.7,0.0,88.5,7.0,0.1158,0
14.7,0.0,88.5,7.0,0.1158,0
13.1,0.0,50.0,7.0,0.2113,0
15.1,0.0,75.8,7.0,0.6923,1
15.1,0.0,75.8,7.0,0.6923,1
15.1,0.0,75.8,7.0,0.6923,1
12.5,0.0,93.2,7.0,0.0855,0
14.1,0.0,43.2,7.0,0.4444,1
14.1,0.0,43.2,7.0,0.4444,1
14.1,0.0,43.2,7.0,0.4444,1
14.4,0.0,43.2,7.0,0.4722,0
14.4,0.0,43.2,7.0,0.4722,0
14.4,0.0,100.0,7.0,0.0,0
14.4,0.0,100.0,7.0,0.0,0
14.4,0.0,100.0,7.0,0.0,0
14.4,0.0,43.2,7.0,0.4722,0
14.4,0.0,43.2,7.0,0.4722,0
16.1,0.0,55.7,7.0,0.9487,1
16.1,0.0,55.7,7.0,0.9487,1
16.1,0.0,55.7,7.0,0.9487,1
16.1,0.0,55.7,7.0,0.9487,1
16.1,0.0,55.7,7.0,0.9487,1
16.4,0.0,69.3,7.0,0.3882,0
14.4,0.0,100.0,7.0,0.0,0
14.4,0.0,100.0,7.0,0.0,0
14.4,0.0,100.0,7.0,0.0,0
14.4,0.0,100.0,7.0,0.0,0
14.4,0.0,100.0,7.0,0.0,0
14.4,0.0,100.0,7.0,0.0,0
14.4,0.0,100.0,7.0,0.0,0
14.4,0.0,100.0,7.0,0.0,0
14.4,0.0,100.0,7.0,0.0,0
16.9,0.0,68.3,7.0,0.2,0
16.9,0.0,68.3,7.0,0.2,0
16.9,0.0,68.3,7.0,0.2,0
16.9,0.0,68.3,7.0,0.2,0
16.9,0.0,68.3,7.0,0.2,0
16.9,0.0,68.3,7.0,0.2,0
16.9,0.0,68.3,7.0,0.2,0
16.9,0.0,68.3,7.0,0.2,0
16.9,0.0,68.3,7.0,0.2,0
16.9,0.0,68.3,7.0,0.2,0
16.7,0.0,68.3,7.0,0.2,0
16.9,0.0,68.3,7.0,0.2,0
16.9,0.0,68.3,7.0,0.2,0
16.9,0.0,68.3,7.0,0.2,0
16.9,0.0,68.3,7.0,0.2,0
14.4,0.0,100.0,7.0,0.0,0
14.4,0.0,100.0,7.0,0.0,0
14.4,0.0,100.0,7.0,0.0,0
14.4,0.0,100.0,7.0,0.0,0
14.4,0.0,100.0,7.0,0.0,0
14.4,0.0,100.0,7.0,0.0,0
14.4,0.0,100.0,7.0,0.0,0
16.2,0.0,50.0,7.0,0.2113,0
16.2,0.0,50.0,7.0,0.2113,0
16.2,0.0,50.0,7.0,0.2113,0
14.9,0.0,64.3,7.0,0.4146,0
13.1,0.0,50.0,7.0,0.2113,0
13.1,0.0,50.0,7.0,0.2113,0
13.5,0.0,50.0,7.0,0.2113,0
13.1,0.0,50.0,7.0,0.1972,1
13.1,0.0,50.0,7.0,0.2113,0
14.9,0.0,64.3,7.0,0.3902,1
12.7,0.0,64.3,7.0,0.3902,1
12.7,0.0,64.3,7.0,0.3902,1
14.9,0.0,64.3,7.0,0.4146,0
13.7,0.0,100.0,7.0,0.0,0
16.1,0.0,75.0,7.0,0.359,0
16.1,0.0,75.0,7.0,0.359,0
15.3,0.0,75.0,7.0,0.3333,1
15.3,0.0,75.0,7.0,0.3333,1
16.1,0.0,75.0,7.0,0.3333,1
16.1,0.0,75.0,7.0,0.359,0
16.1,0.0,75.0,7.0,0.359,0
16.1,0.0,75.0,7.0,0.359,0
16.1,0.0,75.0,7.0,0.359,0
15.3,0.0,75.0,7.0,0.359,0
16.1,0.0,75.0,7.0,0.359,0
14.9,0.0,92.1,7.0,0.2097,1
14.4,0.0,100.0,7.0,0.0,0
14.4,0.0,100.0,7.0,0.0,0
14.4,0.0,100.0,7.0,0.0,0
14.4,0.0,100.0,7.0,0.0,0
14.4,0.0,100.0,7.0,0.0,0
14.4,0.0,100.0,7.0,0.0,0
14.4,0.0,100.0,7.0,0.0,0
14.4,0.0,100.0,7.0,0.0,0
15.3,0.0,100.0,7.0,0.0,0
15.0,0.0,97.1,7.0,0.0294,0
12.2,0.0,97.1,7.0,0.0294,0
13.4,0.0,97.1,7.0,0.0294,0
12.2,0.0,97.1,7.0,0.0294,0
12.2,0.0,97.1,7.0,0.0294,0
15.6,0.0,97.1,7.0,0.0294,0
13.9,0.0,97.1,7.0,0.0294,0
14.7,0.0,97.1,7.0,0.0294,0
14.7,0.0,97.1,7.0,0.0294,0
15.3,0.0,97.1,7.0,0.0294,0
15.0,0.0,97.1,7.0,0.0294,0
15.0,0.0,97.1,7.0,0.0294,0
15.0,0.0,97.1,7.0,0.0294,0
15.0,0.0,97.1,7.0,0.0294,0
15.0,0.0,97.1,7.0,0.0,1
15.0,0.0,97.1,7.0,0.0294,0
12.2,0.0,97.1,7.0,0.0294,0
15.3,0.0,100.0,7.0,0.0,0
15.3,0.0,100.0,7.0,0.0,0
15.3,0.0,100.0,7.0,0.0,0
15.3,0.0,100.0,7.0,0.0,0
15.3,0.0,100.0,7.0,0.0,0
15.3,0.0,100.0,7.0,0.0,0
15.3,0.0,100.0,7.0,0.0,0
15.3,0.0,100.0,7.0,0.0,0
15.3,0.0,100.0,7.0,0.0,0
15.3,0.0,100.0,7.0,0.0,0
15.3,0.0,100.0,7.0,0.0,0
15.3,0.0,100.0,7.0,0.0,0
15.3,0.0,100.0,7.0,0.0,0
16.1,0.0,55.7,7.0,0.9487,1
16.1,0.0,55.7,7.0,0.9487,1
12.7,0.0,6.9,7.0,0.2636,0
12.7,0.0,6.9,7.0,0.2636,0
12.7,0.0,6.9,7.0,0.2636,0
12.7,0.0,6.9,7.0,0.2636,0
14.4,0.0,100.0,7.0,0.0,0
15.8,0.0,76.9,7.0,0.3271,0
15.0,0.0,76.9,7.0,0.3178,1
15.3,0.0,100.0,7.0,0.0,0
14.7,0.0,88.5,7.0,0.1158,0
12.8,0.0,78.8,7.0,0.3125,0
14.4,0.0,100.0,7.0,0.0,0
14.4,0.0,100.0,7.0,0.0,0
14.4,0.0,100.0,7.0,0.0,0
14.4,0.0,100.0,7.0,0.0,0
14.4,0.0,100.0,7.0,0.0,0
15.3,0.0,85.7,7.0,0.2636,0
15.3,0.0,85.7,7.0,0.2636,0
15.3,0.0,100.0,7.0,0.0,0
15.3,0.0,100.0,7.0,0.0,0
12.2,0.0,35.7,7.0,0.2636,0
12.8,0.0,56.5,7.0,0.8158,0
14.9,0.0,100.0,7.0,0.2636,0
12.8,0.0,56.5,7.0,0.807,1
12.8,0.0,56.5,7.0,0.8158,0
12.8,0.0,56.5,7.0,0.8158,0
12.8,0.0,56.5,7.0,0.807,1
12.8,0.0,56.5,7.0,0.8158,0
14.0,0.0,37.5,7.0,0.2636,1
16.4,0.0,76.9,8.0,0.3271,0
16.2,0.0,61.2,7.0,0.1083,0
16.2,0.0,61.2,7.0,0.1083,0
16.2,0.0,61.2,7.0,0.1083,0
15.9,0.0,61.2,7.0,0.1083,0
13.3,0.0,90.8,7.0,0.1237,0
14.5,0.0,76.3,7.0,0.0,0
14.4,0.0,90.8,7.0,0.1237,0
12.2,0.0,46.7,7.0,0.4519,1
12.2,0.0,46.7,7.0,0.4519,1
12.3,0.0,46.7,7.0,0.2636,0
15.9,0.0,61.2,7.0,0.1083,0
15.6,0.0,46.7,7.0,0.4615,0
16.2,0.0,46.7,7.0,0.4615,0
12.4,0.0,46.7,7.0,0.2636,0
15.9,0.0,61.2,7.0,0.1083,0
14.0,0.0,61.6,7.0,0.1122,0
14.0,0.0,61.6,7.0,0.1122,0
14.0,0.0,61.6,7.0,0.1122,0
14.0,0.0,61.6,7.0,0.102,1
14.0,0.0,61.6,7.0,0.1122,0
14.4,0.0,100.0,7.0,0.0,0
15.3,0.0,100.0,7.0,0.0,0
15.3,0.0,100.0,7.0,0.0,0
15.8,2.0,65.7,7.0,0.7353,1
15.8,0.0,65.7,7.0,0.7353,1
15.8,1.0,65.7,7.0,0.7353,1
15.8,0.0,65.7,7.0,0.7353,1
15.8,0.0,65.7,7.0,0.7353,1
14.0,0.0,18.8,7.0,0.2636,0
16.5,0.0,50.0,7.0,0.2636,0
14.9,0.0,29.4,7.0,0.2636,0
16.9,0.0,69.2,8.0,0.451,1
16.9,0.0,69.2,8.0,0.451,1
16.9,0.0,69.2,8.0,0.451,1
16.9,0.0,69.2,8.0,0.451,1
16.9,0.0,69.2,8.0,0.451,1
16.9,0.0,69.2,8.0,0.451,1
16.9,0.0,68.3,7.0,0.19,1
16.9,0.0,68.3,7.0,0.19,1
16.9,0.0,68.3,7.0,0.19,1
16.9,0.0,68.3,7.0,0.2,0
16.9,0.0,68.3,7.0,0.2,0
16.9,0.0,68.3,7.0,0.2,0
16.9,0.0,68.3,7.0,0.2,0
16.9,0.0,68.3,7.0,0.2,0
16.9,0.0,68.3,7.0,0.19,1
16.9,0.0,68.3,7.0,0.2,0
16.9,0.0,68.3,7.0,0.2,0
12.6,0.0,5.3,7.0,0.1892,0
12.6,0.0,5.3,7.0,0.1892,0
12.6,0.0,5.3,7.0,0.1892,0
14.0,0.0,5.3,7.0,0.1892,0
14.0,0.0,5.3,7.0,0.1892,0
13.5,0.0,32.4,7.0,0.3832,0
13.0,0.0,32.4,7.0,0.3832,0
16.7,0.0,68.3,7.0,0.2,0
16.7,0.0,68.3,7.0,0.2,0
16.9,0.0,68.3,7.0,0.2,0
16.9,0.0,68.3,7.0,0.19,1
16.9,0.0,68.3,7.0,0.2,0
16.9,0.0,68.3,7.0,0.2,0
16.9,0.0,68.3,7.0,0.2,0
16.9,0.0,68.3,7.0,0.2,0
16.9,0.0,68.3,7.0,0.2,0
16.9,0.0,68.3,7.0,0.2,0
16.9,0.0,68.3,7.0,0.19,1
16.9,0.0,68.3,7.0,0.2,0
16.9,0.0,68.3,7.0,0.2,0
16.9,0.0,68.3,7.0,0.2,0
16.9,0.0,68.3,7.0,0.2,0
16.9,0.0,68.3,7.0,0.2,0
16.9,0.0,68.3,7.0,0.2,0
16.9,0.0,68.3,7.0,0.2,0
16.9,0.0,68.3,7.0,0.19,1
16.9,0.0,68.3,7.0,0.2,0
16.7,0.0,68.3,7.0,0.19,1
16.9,0.0,68.3,7.0,0.19,1
16.3,0.0,70.4,7.0,0.2636,0
16.3,0.0,70.4,7.0,0.2636,0
16.3,0.0,70.4,7.0,0.2636,0
13.5,0.0,70.0,7.0,0.2636,0
17.0,0.0,70.4,7.0,0.2636,0
12.6,0.0,5.3,7.0,0.1892,0
12.6,0.0,5.3,7.0,0.1622,1
16.9,0.0,68.3,7.0,0.19,1
13.7,0.0,5.3,7.0,0.1892,0
13.7,0.0,5.3,7.0,0.1892,0
13.0,0.0,61.5,7.0,0.2636,0
14.0,0.0,5.3,7.0,0.1892,0
16.2,0.0,50.0,7.0,0.2113,0
14.0,0.0,5.3,7.0,0.1892,0
16.9,0.0,93.3,8.0,0.2636,1
16.9,0.0,93.3,8.0,0.2636,1
16.9,0.0,93.3,8.0,0.2636,1
16.9,0.0,69.2,8.0,0.451,1
16.9,0.0,69.2,7.0,0.451,1
14.3,0.0,45.9,7.0,0.3167,0
14.3,0.0,45.9,7.0,0.3167,0
14.3,0.0,45.9,7.0,0.3167,0
16.9,0.0,69.2,7.0,0.451,1
14.4,0.0,45.9,7.0,0.3167,0
16.9,0.0,69.2,7.0,0.451,1
15.1,0.0,45.9,7.0,0.3167,0
16.9,0.0,69.2,7.0,0.451,1
14.9,0.0,75.0,7.0,0.2558,0
14.9,0.0,75.0,7.0,0.2326,1
16.8,0.0,75.0,7.0,0.2326,1
14.9,0.0,75.0,7.0,0.2326,1
16.8,0.0,75.0,7.0,0.2326,1
16.6,0.0,75.0,7.0,0.2558,0
16.9,0.0,69.2,7.0,0.451,1
16.4,2.0,100.0,7.0,0.2636,0
16.2,0.0,0.0,7.0,0.2636,0
14.5,0.0,27.1,7.0,0.6809,1
15.4,0.0,27.1,7.0,0.6809,1
15.4,0.0,27.1,7.0,0.6809,1
14.5,0.0,27.1,7.0,0.7021,0
13.5,0.0,27.1,7.0,0.7021,0
14.2,0.0,27.1,7.0,0.6809,1
14.1,0.0,22.4,7.0,0.1458,0
15.1,0.0,22.4,7.0,0.1458,0
14.2,0.0,49.1,7.0,0.3704,1
14.2,0.0,49.1,7.0,0.3704,1
14.2,0.0,49.1,7.0,0.3704,1
14.2,0.0,49.1,7.0,0.3704,1
12.8,1.0,76.5,7.0,0.2636,0
14.2,0.0,49.1,7.0,0.3889,0
12.8,1.0,76.5,7.0,0.2636,0
14.2,0.0,49.1,7.0,0.3889,0
14.2,0.0,49.1,7.0,0.3704,1
12.8,0.0,76.5,7.0,0.2636,0
14.2,0.0,49.1,7.0,0.3704,1
14.2,0.0,49.1,7.0,0.3889,0
14.2,0.0,49.1,7.0,0.3889,0
12.3,0.0,46.7,7.0,0.2636,0
14.2,0.0,49.1,7.0,0.3889,0
14.2,0.0,49.1,7.0,0.3889,0
14.2,0.0,49.1,7.0,0.3889,0
14.2,0.0,49.1,7.0,0.3704,1
15.9,0.0,61.2,7.0,0.1083,0
14.2,0.0,49.1,7.0,0.3889,0
14.2,0.0,49.1,7.0,0.3889,0
14.2,0.0,49.1,7.0,0.3889,0
14.2,0.0,49.1,7.0,0.3889,0
14.2,0.0,49.1,7.0,0.3889,0
14.2,0.0,49.1,7.0,0.3889,0
14.2,0.0,49.1,7.0,0.3889,0
14.2,0.0,49.1,7.0,0.3889,0
14.2,0.0,49.1,7.0,0.3889,0
14.2,0.0,49.1,7.0,0.3889,0
14.2,0.0,49.1,7.0,0.3704,1
14.2,0.0,49.1,7.0,0.3704,1
14.2,0.0,49.1,8.0,0.3889,0
14.2,0.0,49.1,7.0,0.3889,0
14.2,0.0,49.1,7.0,0.3704,1
14.1,0.0,49.1,7.0,0.3889,0
12.7,0.0,0.0,7.0,0.2636,0
12.7,0.0,0.0,7.0,0.2636,0
12.7,0.0,0.0,7.0,0.2636,0
12.7,0.0,0.0,7.0,0.2636,0
12.7,0.0,0.0,7.0,0.2636,0
12.7,0.0,0.0,7.0,0.2636,0
12.7,0.0,0.0,7.0,0.2636,0
12.7,0.0,0.0,7.0,0.2636,0
12.7,0.0,0.0,7.0,0.2636,0
12.7,0.0,0.0,7.0,0.2636,0
12.7,0.0,0.0,7.0,0.2636,0
12.7,0.0,0.0,7.0,0.2636,0
12.7,0.0,0.0,7.0,0.2636,0
12.7,0.0,0.0,7.0,0.2636,0
12.7,0.0,0.0,7.0,0.2636,0
12.7,0.0,0.0,7.0,0.2636,0
12.7,0.0,0.0,7.0,0.2636,0
12.7,0.0,0.0,7.0,0.2636,0
12.7,0.0,0.0,7.0,0.2636,0
12.7,0.0,0.0,7.0,0.2636,0
14.2,0.0,6.0,7.0,0.2576,0
14.2,0.0,6.0,7.0,0.2576,0
14.2,0.0,49.1,7.0,0.3889,0
14.2,0.0,49.1,7.0,0.3704,1
13.8,0.0,80.0,7.0,0.2636,0
14.2,0.0,49.1,7.0,0.3704,1
14.2,0.0,49.1,7.0,0.3704,1
14.2,0.0,49.1,7.0,0.3704,1
14.1,0.0,49.1,7.0,0.3889,0
14.2,0.0,49.1,7.0,0.3889,0
14.2,0.0,49.1,7.0,0.3704,1
14.2,0.0,49.1,7.0,0.3889,0
14.2,0.0,49.1,7.0,0.3889,0
14.2,0.0,49.1,7.0,0.3704,1
14.2,0.0,49.1,7.0,0.3889,0
14.2,0.0,49.1,7.0,0.3889,0
14.2,0.0,49.1,7.0,0.3704,1
14.2,0.0,49.1,7.0,0.3704,1
14.2,0.0,49.1,7.0,0.3889,0
14.2,0.0,49.1,7.0,0.3889,0
14.2,0.0,49.1,7.0,0.3704,1
14.4,0.0,18.8,7.0,0.2636,0
15.8,0.0,0.0,8.0,0.2636,0
13.3,0.0,98.8,7.0,0.0,0
14.6,0.0,98.8,7.0,0.0,0
17.2,0.0,58.7,7.0,0.3756,0
14.5,0.0,66.7,7.0,0.2636,1
12.1,0.0,83.3,7.0,0.2636,0
13.8,0.0,62.9,7.0,0.1698,0
13.0,0.0,62.9,7.0,0.1698,0
14.7,0.0,16.0,7.0,0.2636,0
14.3,0.0,16.0,7.0,0.2636,1
16.7,0.0,88.5,7.0,0.1053,1
16.7,0.0,88.5,7.0,0.1053,1
12.7,0.0,93.2,7.0,0.0855,0
14.0,0.0,18.8,7.0,0.2636,0
13.3,0.0,26.3,7.0,0.2973,0
14.4,0.0,18.8,7.0,0.2636,0
13.7,0.0,95.3,7.0,0.0,0
13.7,0.0,95.3,7.0,0.0,0
13.7,0.0,95.3,7.0,0.0,0
13.7,0.0,95.3,7.0,0.0,0
13.7,0.0,95.3,7.0,0.0,0
16.8,0.0,99.0,7.0,0.0352,0
16.8,0.0,99.0,7.0,0.0352,0
16.8,0.0,99.0,7.0,0.0352,0
16.8,0.0,99.0,7.0,0.0352,0
16.8,0.0,99.0,7.0,0.0352,0
16.8,0.0,99.0,7.0,0.0352,0
16.8,0.0,99.0,7.0,0.0352,0
16.8,0.0,99.0,7.0,0.0352,0
16.8,0.0,99.0,7.0,0.0352,0
16.8,0.0,99.0,7.0,0.0352,0
16.8,0.0,99.0,7.0,0.0352,0
16.8,0.0,99.0,7.0,0.0352,0
16.8,0.0,99.0,7.0,0.0352,0
16.8,0.0,99.0,7.0,0.0352,0
16.8,0.0,99.0,7.0,0.0352,0
16.8,0.0,99.0,7.0,0.0352,0
16.8,0.0,99.0,7.0,0.0352,0
16.8,0.0,99.0,7.0,0.0352,0
16.8,0.0,99.0,7.0,0.0352,0
16.8,0.0,99.0,7.0,0.0352,0
16.8,0.0,99.0,7.0,0.0352,0
16.8,0.0,99.0,7.0,0.0352,0
16.8,0.0,99.0,7.0,0.0352,0
16.8,0.0,99.0,7.0,0.0352,0
16.8,0.0,99.0,7.0,0.0352,0
17.0,0.0,75.6,7.0,0.2921,0
17.0,0.0,75.6,7.0,0.2921,0
17.0,0.0,75.6,7.0,0.2921,0
17.0,0.0,75.6,7.0,0.2921,0
17.0,0.0,75.6,7.0,0.2921,0
17.0,0.0,75.6,7.0,0.2921,0
17.0,0.0,75.6,7.0,0.2921,0
17.0,0.0,75.6,7.0,0.2921,0
17.0,0.0,75.6,7.0,0.2921,0
17.0,0.0,75.6,7.0,0.2921,0
17.0,0.0,75.6,7.0,0.2921,0
17.0,0.0,75.6,7.0,0.2921,0
17.0,0.0,75.6,7.0,0.2921,0
17.0,0.0,75.6,7.0,0.2921,0
17.0,0.0,75.6,7.0,0.2921,0
17.0,0.0,75.6,7.0,0.2921,0
17.0,0.0,75.6,7.0,0.2921,0
14.7,0.0,61.9,7.0,0.3855,0
14.6,0.0,61.9,7.0,0.3855,0
13.8,0.0,61.3,7.0,0.3784,1
17.1,0.0,92.5,7.0,0.519,0
17.1,0.0,92.5,7.0,0.519,0
17.1,0.0,92.5,7.0,0.519,0
17.1,0.0,92.5,7.0,0.519,0
17.1,0.0,92.5,7.0,0.519,0
17.1,0.0,92.5,7.0,0.519,0
17.1,0.0,92.5,7.0,0.519,0
17.1,0.0,92.5,7.0,0.519,0
17.1,0.0,92.5,7.0,0.519,0
17.1,0.0,92.5,7.0,0.519,0
17.1,0.0,92.5,7.0,0.519,0
17.1,0.0,92.5,7.0,0.5063,1
17.1,0.0,92.5,7.0,0.519,0
17.1,0.0,92.5,7.0,0.5063,1
17.1,0.0,92.5,7.0,0.519,0
17.1,0.0,92.5,7.0,0.5063,1
17.1,0.0,92.5,7.0,0.519,0
17.1,0.0,92.5,7.0,0.519,0
16.1,0.0,81.1,7.0,0.2149,0
16.1,0.0,80.8,7.0,0.1569,0
16.1,0.0,80.8,7.0,0.1569,0
12.0,0.0,46.2,7.0,0.2333,0
13.0,0.0,81.1,7.0,0.2066,1
13.3,0.0,46.2,7.0,0.2222,1
13.3,0.0,46.2,7.0,0.2222,1
12.0,0.0,46.2,7.0,0.2333,0
12.0,0.0,46.2,7.0,0.2333,0
12.0,0.0,46.2,7.0,0.2333,0
15.3,0.0,75.8,7.0,0.6923,1
12.0,0.0,6.0,7.0,0.2576,0
12.6,0.0,47.2,7.0,0.0909,0
13.9,0.0,6.0,7.0,0.2576,0
12.2,0.0,6.0,7.0,0.2576,0
15.5,0.0,63.8,7.0,0.3869,0
15.5,0.0,63.8,7.0,0.3796,1
15.5,0.0,63.8,7.0,0.3796,1
15.5,0.0,63.8,7.0,0.3796,1
14.3,0.0,95.3,7.0,0.0,0
12.6,0.0,95.3,7.0,0.0,0
12.6,0.0,95.3,7.0,0.0,0
15.1,0.0,89.2,7.0,0.0978,0
15.1,0.0,89.2,7.0,0.0978,0
12.1,0.0,83.3,7.0,0.2636,0
12.8,0.0,83.3,7.0,0.2636,0
15.5,0.0,63.8,7.0,0.3796,1
15.2,0.0,63.8,7.0,0.3869,0
15.2,0.0,63.8,7.0,0.3869,0
16.6,0.0,83.3,7.0,0.2636,0
16.4,0.0,83.3,7.0,0.2636,1
12.1,0.0,83.3,7.0,0.2636,0
15.0,0.0,83.3,7.0,0.2636,1
13.4,0.0,83.3,7.0,0.2636,0
16.6,0.0,83.3,7.0,0.2636,1
15.3,0.0,47.2,7.0,0.0909,0
15.3,0.0,47.2,7.0,0.0909,0
17.1,0.0,95.2,7.0,0.0097,0
17.1,0.0,95.2,7.0,0.0097,0
17.1,0.0,95.2,7.0,0.0097,0
14.4,0.0,100.0,7.0,0.0,0
17.1,0.0,95.2,7.0,0.0097,0
14.4,0.0,100.0,7.0,0.0,0
17.1,0.0,95.2,7.0,0.0097,0
14.4,0.0,100.0,7.0,0.0,0
14.4,0.0,100.0,7.0,0.0,0
14.4,0.0,100.0,7.0,0.0,0
14.4,0.0,100.0,7.0,0.0,0
14.4,0.0,100.0,7.0,0.0,0
14.4,0.0,100.0,7.0,0.0,0
15.3,0.0,100.0,7.0,0.0,0
15.3,0.0,100.0,7.0,0.0,0
15.3,0.0,100.0,7.0,0.0,0
14.4,0.0,100.0,7.0,0.0,0
16.1,0.0,84.9,7.0,0.1453,1
16.1,0.0,84.9,7.0,0.1453,1
16.1,0.0,84.9,7.0,0.1453,1
16.1,0.0,84.9,7.0,0.1453,1
16.1,0.0,84.9,7.0,0.1453,1
16.1,0.0,84.9,7.0,0.1453,1
16.1,0.0,84.9,7.0,0.1453,1
16.1,0.0,84.9,7.0,0.1453,1
14.6,0.0,84.9,7.0,0.1453,1
13.1,0.0,83.6,7.0,0.117,1
13.1,0.0,83.6,7.0,0.117,1
13.1,0.0,83.6,7.0,0.117,1
16.5,0.0,67.6,7.0,0.0556,0
15.8,0.0,86.2,7.0,0.302,1
15.8,0.0,86.2,7.0,0.3069,0
12.7,1.0,46.7,7.0,0.4519,1
14.7,0.0,0.0,7.0,0.2368,1
14.7,0.0,0.0,7.0,0.2632,0
14.7,0.0,0.0,7.0,0.2632,0
14.7,0.0,0.0,7.0,0.2368,1
14.7,0.0,0.0,7.0,0.2368,1
12.8,0.0,90.8,7.0,0.0667,0
12.8,0.0,90.8,7.0,0.0667,0
13.9,0.0,5.0,7.0,0.0707,0
13.9,0.0,5.0,7.0,0.0707,0
14.9,0.0,41.2,7.0,0.6667,0
13.8,0.0,5.0,7.0,0.0707,0
17.1,0.0,97.8,7.0,0.0227,0
17.0,0.0,95.0,7.0,0.1919,0
16.2,0.0,71.4,7.0,0.4182,0
12.2,0.0,90.8,7.0,0.1406,0
12.2,0.0,90.8,7.0,0.1406,0
17.1,0.0,95.2,7.0,0.0097,0
14.2,0.0,41.3,7.0,0.3778,0
14.2,0.0,41.3,7.0,0.3778,0
14.2,0.0,41.3,7.0,0.3778,0
14.2,0.0,41.3,7.0,0.3778,0
14.2,0.0,41.3,7.0,0.3778,0
14.2,0.0,41.3,7.0,0.3556,1
14.2,0.0,41.3,7.0,0.3778,0
13.0,0.0,41.3,7.0,0.3778,0
14.2,0.0,41.3,7.0,0.3556,1
14.4,0.0,100.0,7.0,0.0,0
16.5,0.0,100.0,7.0,0.0286,0
16.2,0.0,61.4,7.0,0.0805,0
12.8,0.0,90.8,7.0,0.0533,1
12.8,0.0,90.8,7.0,0.0667,0
16.0,0.0,0.0,7.0,0.1714,0
13.5,0.0,27.3,7.0,0.6937,0
14.9,0.0,27.3,7.0,0.6875,1
13.7,0.0,27.3,7.0,0.6937,0
14.9,0.0,27.3,7.0,0.6937,0
14.9,0.0,27.3,7.0,0.6937,0
14.9,0.0,27.3,7.0,0.6875,1
12.8,0.0,100.0,7.0,0.0,0
12.8,0.0,100.0,7.0,0.0,0
12.8,0.0,100.0,7.0,0.0,0
12.8,0.0,100.0,7.0,0.0,0
12.8,0.0,100.0,7.0,0.0,0
12.8,0.0,100.0,7.0,0.0,0
12.8,0.0,100.0,7.0,0.0,0
12.8,0.0,100.0,7.0,0.0,0
12.6,0.0,100.0,7.0,0.0,0
12.8,0.0,100.0,7.0,0.0,0
12.8,0.0,100.0,7.0,0.0,0
12.8,0.0,100.0,7.0,0.0,0
12.8,0.0,100.0,7.0,0.0,0
12.8,0.0,100.0,7.0,0.0,0
12.8,0.0,100.0,7.0,0.0,0
12.8,0.0,100.0,7.0,0.0,0
12.8,0.0,100.0,7.0,0.0,0
12.8,0.0,100.0,7.0,0.0,0
12.8,0.0,100.0,7.0,0.0,0
12.8,0.0,100.0,7.0,0.0,0
12.8,0.0,100.0,7.0,0.0,0
12.8,0.0,100.0,7.0,0.0,0
14.9,0.0,27.3,7.0,0.6875,1
12.1,0.0,100.0,7.0,0.0,0
12.8,0.0,56.5,7.0,0.807,1
12.8,0.0,56.5,7.0,0.807,1
12.8,0.0,56.5,7.0,0.807,1
12.8,0.0,56.5,7.0,0.8158,0
12.8,0.0,56.5,7.0,0.807,1
12.8,0.0,56.5,7.0,0.807,1
12.8,0.0,56.5,7.0,0.807,1
12.8,0.0,56.5,7.0,0.8158,0
12.8,0.0,56.5,7.0,0.807,1
14.6,0.0,91.8,7.0,0.0417,0
16.5,0.0,0.0,7.0,0.2636,0
13.3,0.0,48.7,7.0,0.4248,0
13.3,0.0,48.7,7.0,0.4248,0
12.5,0.0,48.7,7.0,0.4248,0
13.3,0.0,48.7,7.0,0.4183,1
13.3,0.0,80.3,7.0,0.3385,0
13.3,0.0,80.3,7.0,0.3385,0
14.5,0.0,59.2,7.0,0.395,0
14.5,0.0,59.2,7.0,0.395,0
14.5,0.0,59.2,7.0,0.395,0
14.5,0.0,59.2,7.0,0.395,0
14.5,0.0,59.2,7.0,0.395,0
14.5,0.0,59.2,7.0,0.395,0
15.6,0.0,59.2,8.0,0.395,0
15.6,0.0,59.2,7.0,0.3866,1
14.8,0.0,59.2,8.0,0.395,0
15.6,0.0,59.2,7.0,0.3866,1
15.6,0.0,59.2,8.0,0.3866,1
15.6,0.0,59.2,8.0,0.3866,1
15.6,0.0,59.2,8.0,0.395,0
15.6,0.0,59.2,8.0,0.395,0
15.6,0.0,59.2,7.0,0.395,0
15.6,0.0,59.2,7.0,0.3866,1
14.8,0.0,59.2,8.0,0.3866,1
14.9,0.0,82.9,7.0,0.15,1
14.9,0.0,82.9,7.0,0.15,1
14.8,0.0,59.2,8.0,0.395,0
15.1,0.0,82.9,7.0,0.175,0
15.1,0.0,82.9,7.0,0.175,0
15.1,0.0,82.9,7.0,0.175,0
14.8,0.0,59.2,7.0,0.395,0
14.9,0.0,82.9,8.0,0.175,0
12.6,0.0,69.1,7.0,0.123,0
14.2,0.0,41.3,7.0,0.3556,1
12.6,0.0,41.3,7.0,0.3778,0
14.9,0.0,69.1,7.0,0.123,0
12.0,0.0,41.3,7.0,0.3778,0
12.0,0.0,41.3,7.0,0.3778,0
15.9,0.0,98.8,7.0,0.0,0
14.7,0.0,0.0,7.0,0.2632,0
14.7,0.0,0.0,7.0,0.2632,0
14.7,0.0,0.0,7.0,0.2632,0
14.7,0.0,0.0,7.0,0.2368,1
16.5,0.0,96.2,7.0,0.013,0
16.5,0.0,96.2,7.0,0.013,0
16.5,0.0,96.2,7.0,0.013,0
16.6,0.0,96.2,7.0,0.013,0
16.6,0.0,96.2,7.0,0.013,0
16.6,0.0,96.2,7.0,0.013,0
16.6,0.0,96.2,7.0,0.013,0
16.6,0.0,96.2,7.0,0.013,0
16.6,0.0,96.2,8.0,0.013,0
16.6,0.0,96.2,7.0,0.013,0
16.6,0.0,96.2,7.0,0.013,0
16.5,0.0,96.2,7.0,0.013,0
16.5,0.0,96.2,7.0,0.013,0
16.5,0.0,96.2,7.0,0.013,0
16.4,0.0,96.2,7.0,0.013,0
16.3,0.0,96.2,7.0,0.013,0
16.4,0.0,96.2,7.0,0.013,0
16.5,0.0,96.2,7.0,0.013,0
16.5,0.0,96.2,7.0,0.013,0
16.4,0.0,96.2,7.0,0.013,0
16.4,0.0,96.2,7.0,0.013,0
16.4,0.0,96.2,7.0,0.013,0
16.0,0.0,98.8,7.0,0.0,0
16.6,0.0,96.2,7.0,0.013,0
16.4,0.0,96.2,7.0,0.013,0
15.1,0.0,90.0,7.0,0.2636,1
12.9,0.0,90.0,7.0,0.2636,1
17.2,0.0,90.0,7.0,0.2636,1
15.1,0.0,90.0,7.0,0.2636,0
16.7,0.0,92.5,7.0,0.1899,0
16.7,0.0,92.5,7.0,0.1899,0
16.7,0.0,92.5,7.0,0.1899,0
16.7,0.0,92.5,7.0,0.1899,0
16.7,0.0,92.5,7.0,0.1899,0
16.7,0.0,92.5,7.0,0.1899,0
16.7,0.0,92.5,7.0,0.1772,1
16.7,0.0,92.5,7.0,0.1899,0
16.7,0.0,92.5,7.0,0.1899,0
16.7,0.0,92.5,7.0,0.1899,0
16.7,0.0,92.5,7.0,0.1899,0
16.7,0.0,92.5,7.0,0.1899,0
16.7,0.0,92.5,7.0,0.1899,0
16.7,0.0,92.5,7.0,0.1899,0
16.7,0.0,92.5,7.0,0.1772,1
16.7,0.0,92.5,7.0,0.1899,0
16.7,0.0,92.5,7.0,0.1899,0
16.7,0.0,92.5,7.0,0.1772,1
16.7,0.0,92.5,7.0,0.1899,0
16.7,0.0,92.5,7.0,0.1899,0
16.7,0.0,92.5,7.0,0.1899,0
16.7,0.0,92.5,7.0,0.1899,0
16.7,0.0,92.5,7.0,0.1899,0
16.7,0.0,92.5,7.0,0.1899,0
16.7,0.0,92.5,7.0,0.1899,0
16.7,0.0,92.5,7.0,0.1899,0
15.1,0.0,75.0,7.0,0.2636,1
15.6,0.0,33.9,8.0,0.2982,0
14.7,0.0,33.9,7.0,0.2982,0
14.9,0.0,92.1,7.0,0.2097,1
14.9,0.0,92.1,7.0,0.2258,0
14.7,0.0,33.9,8.0,0.2982,0
14.7,0.0,33.9,7.0,0.2982,0
14.7,0.0,33.9,7.0,0.2982,0
12.8,0.0,90.8,7.0,0.1406,0
12.8,0.0,90.8,7.0,0.125,1
14.7,0.0,33.9,7.0,0.2982,0
15.6,0.0,33.9,7.0,0.2982,0
14.7,0.0,33.9,7.0,0.2982,0
14.7,0.0,33.9,8.0,0.2982,0
15.6,0.0,33.9,7.0,0.2982,0
14.2,0.0,84.9,7.0,0.1154,0
13.7,0.0,84.9,7.0,0.1154,0
16.8,0.0,99.0,7.0,0.0302,1
15.6,0.0,99.0,7.0,0.3939,0
16.8,0.0,99.0,7.0,0.0352,0
12.6,0.0,48.7,7.0,0.4248,0
13.3,0.0,48.7,7.0,0.4183,1
13.3,0.0,48.7,7.0,0.4248,0
14.4,0.0,74.4,7.0,0.3158,0
14.4,0.0,74.4,7.0,0.3127,1
14.4,0.0,74.4,7.0,0.3158,0
14.4,0.0,74.4,7.0,0.3127,1
14.4,0.0,74.4,7.0,0.3127,1
13.1,0.0,60.7,7.0,0.2922,1
13.3,0.0,48.7,7.0,0.4248,0
14.4,0.0,74.4,7.0,0.3127,1
14.4,0.0,74.4,7.0,0.3127,1
14.4,0.0,74.4,7.0,0.3127,1
14.4,0.0,74.4,7.0,0.3127,1
14.4,0.0,74.4,7.0,0.3127,1
14.4,0.0,74.4,7.0,0.3127,1
13.8,0.0,74.4,7.0,0.3127,1
14.4,0.0,74.4,7.0,0.3127,1
14.4,0.0,74.4,7.0,0.3127,1
14.4,0.0,74.4,7.0,0.3127,1
14.4,0.0,74.4,7.0,0.3158,0
14.4,0.0,74.4,7.0,0.3127,1
16.6,0.0,65.0,7.0,0.6162,1
16.6,0.0,65.0,7.0,0.6162,1
15.4,0.0,65.0,7.0,0.6263,0
15.8,0.0,65.0,7.0,0.6263,0
15.6,0.0,33.9,7.0,0.2982,0
14.0,0.0,61.6,7.0,0.1122,0
14.0,0.0,61.6,7.0,0.1122,0
14.0,0.0,61.6,7.0,0.1122,0
13.7,0.0,61.6,7.0,0.1122,0
13.7,0.0,61.6,7.0,0.1122,0
13.3,0.0,61.6,7.0,0.102,1
16.6,0.0,65.0,7.0,0.6162,1
14.9,0.0,30.0,7.0,0.2516,0
14.9,0.0,30.0,7.0,0.2516,0
16.3,0.0,30.0,7.0,0.2516,0
14.5,0.0,30.0,7.0,0.2516,0
14.8,0.0,59.7,7.0,0.4648,1
14.7,0.0,30.0,7.0,0.2516,0
12.1,0.0,30.0,7.0,0.2516,0
16.3,0.0,30.0,7.0,0.2516,0
14.9,0.0,30.0,7.0,0.2516,0
15.8,0.0,30.0,7.0,0.2516,0
16.3,0.0,30.0,7.0,0.2516,0
14.9,0.0,30.0,7.0,0.2516,0
13.2,0.0,30.0,7.0,0.2516,0
15.9,0.0,30.0,7.0,0.2516,0
14.7,0.0,30.0,7.0,0.2516,0
15.9,0.0,30.0,7.0,0.2516,0
16.3,0.0,30.0,7.0,0.2516,0
16.3,0.0,30.0,7.0,0.2516,0
15.6,0.0,80.9,7.0,0.1404,0
15.9,0.0,80.9,7.0,0.1404,0
15.6,0.0,76.1,7.0,0.1778,0
15.6,0.0,80.9,7.0,0.1404,0
16.4,0.0,80.9,7.0,0.1404,0
16.4,0.0,80.9,7.0,0.1404,0
12.8,0.0,39.7,7.0,0.2281,0
12.3,0.0,25.0,7.0,0.2636,0
15.1,0.0,100.0,7.0,0.0,0
15.1,0.0,100.0,7.0,0.0,0
15.1,0.0,100.0,7.0,0.0,0
15.1,0.0,100.0,7.0,0.0,0
15.1,0.0,100.0,7.0,0.0,0
15.1,0.0,100.0,7.0,0.0,0
15.1,0.0,100.0,7.0,0.0,0
15.1,0.0,100.0,7.0,0.0,0
15.1,0.0,100.0,7.0,0.0,0
15.1,0.0,100.0,7.0,0.0,0
15.1,0.0,100.0,7.0,0.0,0
14.6,0.0,72.0,7.0,0.2041,0
13.3,0.0,72.0,7.0,0.2041,0
14.6,0.0,72.0,7.0,0.2041,0
15.1,0.0,100.0,7.0,0.0,0
15.1,0.0,100.0,7.0,0.0,0
15.1,0.0,100.0,7.0,0.0,0
15.1,0.0,100.0,7.0,0.0,0
13.3,0.0,72.0,7.0,0.2041,0
15.1,0.0,100.0,7.0,0.0,0
14.6,0.0,72.0,7.0,0.2041,0
14.0,0.0,72.0,7.0,0.2041,0
15.6,0.0,72.0,7.0,0.2041,0
15.1,0.0,100.0,7.0,0.0,0
14.8,0.0,76.1,7.0,0.1778,0
15.1,0.0,100.0,7.0,0.0,0
15.1,0.0,100.0,7.0,0.0,0
13.8,0.0,72.0,7.0,0.2041,0
15.1,0.0,100.0,7.0,0.0,0
16.5,0.0,54.5,7.0,0.2812,0
15.1,0.0,54.5,7.0,0.25,1
15.1,0.0,100.0,7.0,0.0,0
15.1,0.0,100.0,7.0,0.0,0
15.1,0.0,100.0,7.0,0.0,0
15.1,0.0,100.0,7.0,0.0,0
15.1,0.0,100.0,7.0,0.0,0
15.1,0.0,100.0,7.0,0.0,0
16.7,0.0,95.2,7.0,0.0097,0
15.1,0.0,100.0,7.0,0.0,0
15.1,0.0,100.0,7.0,0.0,0
15.1,0.0,100.0,7.0,0.0,0
15.1,0.0,100.0,7.0,0.0,0
15.1,0.0,100.0,7.0,0.0,0
15.1,0.0,100.0,7.0,0.0,0
15.1,0.0,100.0,7.0,0.0,0
15.1,0.0,100.0,7.0,0.0,0
15.1,0.0,100.0,7.0,0.0,0
17.1,0.0,95.2,7.0,0.0097,0
15.1,0.0,100.0,7.0,0.0,0
15.1,0.0,100.0,7.0,0.0,0
15.1,0.0,100.0,7.0,0.0,0
15.1,0.0,100.0,7.0,0.0,0
15.1,0.0,100.0,7.0,0.0,0
15.1,0.0,100.0,7.0,0.0,0
17.1,0.0,95.2,7.0,0.0097,0
14.5,0.0,0.0,7.0,0.2636,0
16.2,0.0,71.4,7.0,0.4182,0
12.5,0.0,5.3,7.0,0.1892,0
16.2,0.0,71.4,7.0,0.4182,0
13.8,0.0,5.3,7.0,0.1892,0
14.0,0.0,56.2,7.0,0.2636,0
14.7,0.0,56.2,7.0,0.2636,0
14.7,0.0,56.2,7.0,0.2636,0
14.7,0.0,56.2,7.0,0.2636,0
15.0,0.0,91.8,7.0,0.0417,0
15.1,0.0,91.8,7.0,0.0417,0
13.0,0.0,91.8,7.0,0.0208,1
14.0,0.0,96.3,7.0,0.0377,0
13.5,0.0,91.8,7.0,0.0417,0
15.8,0.0,60.9,7.0,0.6471,1
15.3,0.0,60.9,7.0,0.6618,0
16.1,0.0,81.1,7.0,0.2149,0
13.9,0.0,60.9,7.0,0.6471,1
16.1,0.0,81.1,7.0,0.2149,0
13.8,0.0,61.5,7.0,0.2636,0
13.8,0.0,61.5,7.0,0.2636,0
13.0,0.0,61.5,7.0,0.2636,0
13.0,0.0,61.5,7.0,0.2636,0
16.2,0.0,98.0,7.0,0.04,0
16.2,0.0,98.0,7.0,0.04,0
16.2,0.0,98.0,7.0,0.04,0
14.8,0.0,98.0,7.0,0.04,0
14.8,0.0,98.0,7.0,0.04,0
16.1,0.0,98.0,7.0,0.04,0
16.2,0.0,98.0,7.0,0.04,0
14.1,0.0,98.0,7.0,0.04,0
16.1,0.0,98.0,7.0,0.04,0
16.2,0.0,98.0,7.0,0.04,0
12.6,0.0,100.0,7.0,0.2636,0
13.4,0.0,100.0,7.0,0.2636,0
13.6,0.0,69.1,7.0,0.123,0
13.6,0.0,69.1,7.0,0.123,0
14.4,0.0,88.4,7.0,0.009,0
14.4,0.0,88.4,7.0,0.009,0
14.4,0.0,69.1,7.0,0.123,0
13.3,0.0,69.1,7.0,0.123,0
13.1,0.0,84.9,7.0,0.1154,0
16.5,0.0,13.7,7.0,0.1099,0
14.9,0.0,13.7,7.0,0.1099,0
14.8,0.0,91.6,7.0,0.0588,0
14.8,0.0,91.6,7.0,0.0588,0
14.8,0.0,91.6,7.0,0.0588,0
14.4,0.0,37.2,7.0,0.119,0
13.8,0.0,83.0,7.0,0.3218,0
13.9,0.0,37.2,7.0,0.119,0
14.4,0.0,88.4,7.0,0.009,0
16.6,0.0,75.0,7.0,0.2558,0
16.6,0.0,75.0,7.0,0.2558,0
16.7,0.0,75.0,7.0,0.2326,1
16.0,0.0,65.0,7.0,0.6263,0
16.2,0.0,65.0,7.0,0.6263,0
16.2,0.0,65.0,7.0,0.6162,1
16.2,0.0,65.0,7.0,0.6162,1
16.2,0.0,65.0,7.0,0.6162,1
16.2,0.0,65.0,7.0,0.6162,1
16.2,0.0,65.0,7.0,0.6162,1
16.2,0.0,65.0,7.0,0.6162,1
16.2,0.0,65.0,7.0,0.6162,1
16.2,0.0,65.0,7.0,0.6162,1
16.2,0.0,65.0,7.0,0.6162,1
16.2,0.0,65.0,7.0,0.6162,1
16.2,0.0,65.0,7.0,0.6263,0
16.2,0.0,65.0,7.0,0.6162,1
16.2,0.0,65.0,7.0,0.6162,1
16.2,0.0,65.0,7.0,0.6162,1
16.2,0.0,65.0,7.0,0.6162,1
16.2,0.0,65.0,7.0,0.6263,0
16.2,0.0,65.0,7.0,0.6162,1
16.2,0.0,65.0,7.0,0.6162,1
16.2,0.0,65.0,7.0,0.6162,1
16.2,0.0,65.0,7.0,0.6162,1
12.3,0.0,65.0,7.0,0.6263,0
14.4,0.0,39.7,7.0,0.2281,0
14.2,0.0,39.7,7.0,0.2281,0
15.1,0.0,39.7,7.0,0.2281,0
14.9,0.0,39.7,7.0,0.2281,0
14.5,0.0,39.7,7.0,0.2281,0
14.9,0.0,39.7,7.0,0.2105,1
14.9,0.0,39.7,7.0,0.2281,0
14.7,0.0,39.7,7.0,0.2281,0
14.6,0.0,39.7,7.0,0.2105,1
14.6,0.0,39.7,7.0,0.2281,0
15.1,0.0,39.7,7.0,0.2281,0
15.4,0.0,39.7,7.0,0.2105,1
13.5,0.0,56.2,7.0,0.2636,0
14.1,0.0,39.7,7.0,0.2105,1
16.8,0.0,92.3,7.0,0.2636,1
16.1,0.0,73.7,7.0,0.2636,0
15.0,0.0,69.1,7.0,0.123,0
15.1,0.0,100.0,7.0,0.0,0
15.1,0.0,100.0,7.0,0.0,0
15.1,0.0,100.0,7.0,0.0,0
15.1,0.0,100.0,7.0,0.0,0
15.1,0.0,100.0,7.0,0.0,0
15.1,0.0,100.0,7.0,0.0,0
15.1,0.0,100.0,7.0,0.0,0
15.1,0.0,100.0,7.0,0.0,0
15.2,0.0,63.8,7.0,0.3869,0
16.5,0.0,50.0,7.0,0.2636,1
16.5,0.0,50.0,7.0,0.2636,1
16.5,0.0,50.0,7.0,0.2636,1
16.5,0.0,50.0,7.0,0.2636,1
16.5,0.0,82.0,7.0,0.1448,0
16.5,0.0,82.0,7.0,0.1448,0
16.5,0.0,82.0,7.0,0.1448,0
17.0,0.0,57.1,7.0,0.4407,0
17.0,0.0,57.1,7.0,0.4407,0
15.4,0.0,84.6,7.0,0.2285,1
15.4,0.0,84.6,7.0,0.2285,1
16.5,0.0,97.0,7.0,0.0958,1
16.5,0.0,97.0,7.0,0.0958,1
15.1,0.0,97.0,7.0,0.1018,0
16.5,0.0,97.0,7.0,0.0958,1
16.1,0.0,76.1,7.0,0.538,1
16.1,0.0,76.1,7.0,0.538,1
14.7,1.0,76.1,7.0,0.538,1
14.7,0.0,76.1,7.0,0.538,1
15.1,0.0,100.0,7.0,0.0,0
15.1,0.0,100.0,7.0,0.0,0
15.1,0.0,100.0,7.0,0.0,0
15.1,0.0,100.0,7.0,0.0,0
15.1,0.0,100.0,7.0,0.0,0
15.1,0.0,100.0,7.0,0.0,0
15.1,0.0,100.0,7.0,0.0,0
15.1,0.0,100.0,7.0,0.0,0
15.3,0.0,39.4,7.0,0.2315,0
15.1,0.0,100.0,7.0,0.0,0
15.1,0.0,100.0,7.0,0.0,0
15.1,0.0,100.0,7.0,0.0,0
16.1,0.0,82.0,7.0,0.1448,0
16.1,0.0,82.0,7.0,0.1448,0
16.1,0.0,82.0,7.0,0.1448,0
16.1,0.0,82.0,7.0,0.1448,0
16.1,0.0,82.0,7.0,0.1403,1
15.6,0.0,82.0,7.0,0.1403,1
16.1,0.0,82.0,7.0,0.1448,0
16.1,0.0,82.0,7.0,0.1448,0
16.1,0.0,82.0,7.0,0.1403,1
16.1,0.0,82.0,7.0,0.1403,1
16.1,0.0,82.0,7.0,0.1403,1
16.1,0.0,82.0,7.0,0.1403,1
16.1,0.0,82.0,7.0,0.1403,1
16.1,0.0,82.0,7.0,0.1448,0
16.1,0.0,82.0,7.0,0.1403,1
16.1,0.0,82.0,7.0,0.1448,0
16.1,0.0,82.0,7.0,0.1448,0
15.9,0.0,57.1,7.0,0.4322,1
15.9,0.0,57.1,7.0,0.4407,0
16.5,0.0,88.3,7.0,0.2235,0
14.7,0.0,0.0,7.0,0.2632,0
15.9,0.0,57.1,7.0,0.4322,1
15.9,0.0,57.1,7.0,0.4322,1
15.0,0.0,57.1,7.0,0.4407,0
15.9,0.0,57.1,7.0,0.4322,1
16.1,0.0,82.0,7.0,0.1403,1
15.9,0.0,57.1,7.0,0.4322,1
15.9,0.0,57.1,7.0,0.4407,0
16.6,0.0,97.0,7.0,0.1018,0
14.1,0.0,39.7,7.0,0.2281,0
12.6,0.0,61.3,7.0,0.3333,0
15.2,0.0,39.7,7.0,0.2281,0
14.5,0.0,39.7,7.0,0.2281,0
14.9,0.0,39.7,7.0,0.2281,0
14.5,0.0,60.7,7.0,0.2963,0
14.6,0.0,39.7,7.0,0.2105,1
16.5,0.0,41.6,7.0,0.3207,0
16.5,0.0,41.6,7.0,0.3207,0
13.9,0.0,61.3,7.0,0.3333,0
13.9,0.0,61.3,7.0,0.3333,0
16.7,0.0,68.3,7.0,0.2,0
16.7,0.0,68.3,7.0,0.2,0
16.7,0.0,68.3,7.0,0.19,1
16.7,0.0,68.3,7.0,0.2,0
14.6,0.0,95.1,7.0,0.05,1
13.6,0.0,39.7,7.0,0.2281,0
15.2,0.0,39.7,7.0,0.2105,1
15.1,0.0,39.7,7.0,0.2281,0
15.3,0.0,56.2,7.0,0.2636,1
15.1,0.0,56.2,7.0,0.2636,1
12.1,0.0,80.0,7.0,0.2636,0
14.5,0.0,39.7,7.0,0.2281,0
13.2,0.0,22.4,7.0,0.1458,0
12.2,0.0,39.7,7.0,0.2281,0
13.0,0.0,22.4,7.0,0.1458,0
12.4,0.0,22.4,7.0,0.1458,0
13.7,0.0,25.0,7.0,0.2636,1
14.8,0.0,25.0,7.0,0.2636,0
13.6,0.0,39.7,7.0,0.2281,0
13.6,0.0,39.7,7.0,0.2281,0
15.2,0.0,93.2,7.0,0.0855,0
14.9,0.0,93.2,7.0,0.0855,0
14.4,0.0,93.2,7.0,0.0855,0
15.3,0.0,63.4,7.0,0.35,0
12.2,0.0,81.1,7.0,0.2149,0
15.3,0.0,93.2,7.0,0.0855,0
15.3,0.0,63.4,7.0,0.35,0
15.3,0.0,63.4,7.0,0.35,0
15.3,0.0,63.4,7.0,0.35,0
15.3,0.0,63.4,7.0,0.35,0
14.0,0.0,62.9,7.0,0.1698,0
14.0,0.0,62.9,7.0,0.1651,1
14.9,0.0,30.0,7.0,0.2516,0
15.3,0.0,54.5,7.0,0.25,1
13.3,0.0,30.0,7.0,0.2516,0
13.7,0.0,84.6,7.0,0.2299,0
15.1,0.0,39.4,7.0,0.2315,0
15.6,0.0,93.2,7.0,0.0855,0
13.6,0.0,93.2,7.0,0.0855,0
15.9,0.0,93.2,7.0,0.0855,0
15.6,0.0,93.2,7.0,0.0855,0
13.5,0.0,32.4,7.0,0.3832,0
13.5,0.0,32.4,7.0,0.3832,0
14.4,0.0,49.0,7.0,0.3289,0
14.4,0.0,49.0,7.0,0.3289,0
12.4,0.0,32.4,7.0,0.3832,0
13.5,0.0,32.4,7.0,0.3832,0
13.5,0.0,32.4,7.0,0.3832,0
15.9,0.0,93.2,7.0,0.0855,0
14.0,0.0,93.2,7.0,0.0855,0
14.1,0.0,93.2,7.0,0.0855,0
15.9,0.0,93.2,7.0,0.0855,0
13.6,0.0,93.2,7.0,0.0855,0
15.9,0.0,93.2,7.0,0.0855,0
15.3,0.0,92.1,7.0,0.0667,0
15.3,0.0,92.1,7.0,0.0667,0
15.3,0.0,92.1,7.0,0.0667,0
15.3,0.0,92.1,7.0,0.0667,0
15.3,0.0,92.1,7.0,0.0667,0
15.3,0.0,92.1,7.0,0.0667,0
15.3,0.0,92.1,7.0,0.0667,0
15.3,0.0,92.1,7.0,0.0667,0
15.3,0.0,92.1,7.0,0.0667,0
15.3,0.0,92.1,7.0,0.0667,0
15.3,0.0,92.1,7.0,0.0667,0
13.8,0.0,72.0,7.0,0.2041,0
15.3,0.0,92.1,7.0,0.0667,0
15.3,0.0,92.1,7.0,0.0667,0
13.8,0.0,76.1,7.0,0.1778,0
15.3,0.0,92.1,7.0,0.0667,0
15.3,0.0,92.1,7.0,0.0667,0
15.3,0.0,92.1,7.0,0.0667,0
15.3,0.0,92.1,7.0,0.0667,0
15.3,0.0,92.1,7.0,0.0667,0
15.3,0.0,92.1,7.0,0.0667,0
13.8,0.0,84.9,7.0,0.1154,0
14.5,0.0,42.5,7.0,0.1608,0
13.7,0.0,42.5,7.0,0.1608,0
14.2,0.0,42.5,7.0,0.1608,0
13.8,0.0,84.9,7.0,0.1154,0
13.9,0.0,84.9,7.0,0.1154,0
13.9,0.0,84.9,7.0,0.0962,1
13.8,0.0,80.9,7.0,0.1404,0
13.8,0.0,80.9,7.0,0.1404,0
16.6,0.0,95.2,7.0,0.0097,0
15.6,0.0,64.8,7.0,0.4409,1
14.7,0.0,64.8,7.0,0.4409,1
15.6,0.0,64.8,7.0,0.4409,1
14.5,0.0,42.9,7.0,0.2636,0
13.8,0.0,80.9,7.0,0.1404,0
13.8,0.0,80.9,7.0,0.1404,0
13.8,0.0,80.9,7.0,0.1404,0
15.6,0.0,64.8,7.0,0.4409,1
13.0,0.0,80.9,7.0,0.1404,0
15.6,0.0,64.8,7.0,0.4409,1
13.0,0.0,64.8,7.0,0.4488,0
15.6,0.0,64.8,7.0,0.4409,1
15.6,0.0,64.8,7.0,0.4409,1
13.0,0.0,64.8,7.0,0.4488,0
13.6,0.0,64.8,7.0,0.4488,0
13.6,0.0,64.8,7.0,0.4409,1
13.6,0.0,64.8,7.0,0.4488,0
15.6,0.0,64.8,7.0,0.4488,0
14.4,0.0,69.1,7.0,0.123,0
13.0,0.0,32.4,7.0,0.3738,1
13.0,0.0,32.4,7.0,0.3738,1
13.0,0.0,32.4,7.0,0.3832,0
16.1,0.0,74.6,7.0,0.4286,0
16.2,0.0,95.1,7.0,0.075,0
16.1,0.0,95.1,7.0,0.075,0
14.7,0.0,95.1,7.0,0.075,0
16.9,0.0,59.1,7.0,0.3953,1
16.9,0.0,59.1,7.0,0.3953,1
16.9,0.0,59.1,7.0,0.4186,0
16.1,0.0,74.6,7.0,0.4286,0
16.9,0.0,59.1,7.0,0.4186,0
15.8,0.0,54.5,7.0,0.2812,0
16.9,0.0,59.1,7.0,0.4186,0
16.9,0.0,59.1,7.0,0.4186,0
13.5,0.0,32.4,8.0,0.3832,0
15.6,0.0,33.9,8.0,0.2982,0
15.0,0.0,43.8,7.0,0.2903,0
15.6,0.0,33.9,8.0,0.2982,0
15.0,0.0,43.8,7.0,0.2903,0
15.0,0.0,43.8,7.0,0.2903,0
15.0,0.0,43.8,7.0,0.2903,0
15.6,0.0,59.2,7.0,0.3866,1
15.6,0.0,59.2,7.0,0.3866,1
15.6,0.0,59.2,7.0,0.3866,1
15.6,0.0,59.2,7.0,0.3866,1
13.0,0.0,70.4,7.0,0.2642,0
13.0,0.0,70.4,7.0,0.2642,0
13.0,0.0,70.4,7.0,0.2642,0
13.0,0.0,70.4,7.0,0.2642,0
13.0,0.0,70.4,7.0,0.2642,0
13.0,0.0,70.4,7.0,0.2642,0
15.8,0.0,95.7,7.0,0.0217,0
14.9,0.0,95.7,7.0,0.0217,0
14.9,0.0,95.7,7.0,0.0217,0
16.6,0.0,95.2,7.0,0.0097,0
16.6,0.0,84.4,7.0,0.1461,0
16.6,0.0,84.4,7.0,0.1461,0
16.6,0.0,84.4,7.0,0.1461,0
16.6,0.0,84.4,7.0,0.1461,0
16.6,0.0,84.4,7.0,0.1461,0
16.6,0.0,84.4,7.0,0.1461,0
16.6,0.0,84.4,7.0,0.1461,0
16.6,0.0,84.4,7.0,0.1461,0
14.0,0.0,62.9,7.0,0.1698,0
15.5,0.0,63.8,7.0,0.3796,1
14.0,0.0,37.2,7.0,0.119,0
14.0,0.0,37.2,7.0,0.119,0
14.9,0.0,37.2,7.0,0.0952,1
14.8,0.0,37.5,7.0,0.2636,0
16.1,0.0,76.9,7.0,0.7163,0
16.1,0.0,76.9,7.0,0.7163,0
16.1,0.0,76.9,7.0,0.7163,0
16.1,0.0,76.9,7.0,0.7163,0
14.2,0.0,85.7,7.0,0.1441,0
14.2,0.0,85.7,7.0,0.1441,0
14.2,0.0,85.7,7.0,0.1441,0
14.2,0.0,85.7,7.0,0.1441,0
14.2,0.0,85.7,7.0,0.1441,0
14.2,0.0,85.7,7.0,0.1441,0
14.2,0.0,85.7,7.0,0.1441,0
14.2,0.0,85.7,7.0,0.1441,0
14.2,0.0,85.7,7.0,0.1441,0
14.2,0.0,85.7,7.0,0.1441,0
14.2,0.0,85.7,7.0,0.1441,0
14.2,0.0,85.7,7.0,0.1441,0
12.4,0.0,45.0,7.0,0.3077,0
14.7,0.0,33.9,7.0,0.2982,0
16.3,0.0,76.9,7.0,0.3178,1
15.3,0.0,76.9,7.0,0.3271,0
16.3,0.0,76.9,7.0,0.3178,1
16.3,0.0,76.9,7.0,0.3271,0
16.3,0.0,76.9,7.0,0.3271,0
16.3,0.0,76.9,7.0,0.3271,0
15.6,0.0,69.1,7.0,0.123,0
14.7,0.0,33.9,7.0,0.2982,0
14.0,0.0,43.8,7.0,0.4545,1
16.8,0.0,95.2,7.0,0.0097,0
14.0,0.0,43.8,7.0,0.4545,1
15.8,0.0,72.3,7.0,0.4745,0
15.8,0.0,72.3,7.0,0.4745,0
15.8,0.0,72.3,7.0,0.4706,1
16.0,0.0,72.3,7.0,0.4745,0
16.0,0.0,72.3,7.0,0.4745,0
16.0,0.0,72.3,7.0,0.4745,0
16.0,0.0,72.3,7.0,0.4745,0
16.0,0.0,72.3,7.0,0.4745,0
16.0,0.0,72.3,7.0,0.4706,1
16.0,0.0,72.3,7.0,0.4745,0
16.0,0.0,72.3,7.0,0.4706,1
16.0,0.0,72.3,7.0,0.4745,0
16.0,0.0,72.3,7.0,0.4706,1
16.8,0.0,95.2,7.0,0.0097,0
16.0,0.0,72.3,7.0,0.4706,1
14.0,0.0,43.8,7.0,0.4545,1
13.7,0.0,72.3,7.0,0.4745,0
13.7,0.0,72.3,7.0,0.4745,0
16.8,0.0,95.2,7.0,0.0097,0
13.7,0.0,72.3,7.0,0.4745,0
14.0,0.0,43.8,7.0,0.4545,1
16.8,0.0,95.2,7.0,0.0097,0
16.0,0.0,72.3,7.0,0.4745,0
16.0,0.0,72.3,7.0,0.4745,0
16.8,0.0,95.2,7.0,0.0097,0
13.3,0.0,72.3,7.0,0.4706,1
16.0,0.0,72.3,7.0,0.4745,0
15.8,0.0,72.3,7.0,0.4706,1
15.8,0.0,72.3,7.0,0.4706,1
15.8,0.0,72.3,7.0,0.4706,1
14.5,0.0,72.3,7.0,0.4706,1
14.5,0.0,72.3,7.0,0.4706,1
12.4,0.0,50.7,7.0,0.1515,0
14.5,0.0,72.3,7.0,0.4706,1
16.1,0.0,90.8,7.0,0.1237,0
14.3,0.0,65.7,7.0,0.7353,1
13.0,0.0,72.3,7.0,0.4706,1
16.0,0.0,46.7,7.0,0.4615,0
16.3,1.0,86.0,7.0,0.2653,0
14.3,0.0,46.7,7.0,0.4615,0
15.6,0.0,77.5,7.0,0.1795,0
16.2,0.0,41.6,7.0,0.3207,0
16.2,0.0,41.6,7.0,0.3207,0
16.2,0.0,41.6,7.0,0.3207,0
16.1,0.0,41.6,7.0,0.3207,0
16.1,0.0,41.6,7.0,0.3207,0
14.5,0.0,41.6,7.0,0.3207,0
16.1,0.0,41.6,7.0,0.3207,0
16.2,0.0,41.6,7.0,0.3207,0
14.5,0.0,72.3,7.0,0.4706,1
14.5,0.0,72.3,7.0,0.4706,1
16.2,0.0,41.6,7.0,0.3207,0
16.5,0.0,72.3,7.0,0.4745,0
16.5,0.0,72.3,7.0,0.4745,0
16.5,0.0,72.3,7.0,0.4745,0
16.5,0.0,72.3,7.0,0.4745,0
16.1,0.0,41.6,7.0,0.3207,0
16.1,0.0,41.6,7.0,0.3152,1
16.1,0.0,41.6,7.0,0.3207,0
16.1,0.0,41.6,7.0,0.3207,0
16.1,0.0,41.6,7.0,0.3152,1
16.1,0.0,41.6,7.0,0.3152,1
14.5,0.0,41.6,7.0,0.3207,0
13.5,0.0,72.3,7.0,0.4706,1
12.2,0.0,17.6,7.0,0.2636,0
14.5,0.0,72.3,7.0,0.4745,0
14.5,0.0,72.3,7.0,0.4706,1
13.0,0.0,72.3,7.0,0.4706,1
14.6,0.0,100.0,7.0,0.2636,0
14.6,0.0,100.0,7.0,0.2636,0
14.6,0.0,100.0,7.0,0.2636,0
14.6,0.0,100.0,7.0,0.2636,0
14.6,0.0,100.0,7.0,0.2636,0
13.7,0.0,29.2,7.0,0.6071,1
12.4,1.0,46.7,7.0,0.2636,0
12.8,0.0,56.5,7.0,0.8158,0
12.8,0.0,56.5,7.0,0.807,1
12.8,0.0,56.5,7.0,0.807,1
12.8,0.0,56.5,7.0,0.8158,0
12.8,0.0,56.5,7.0,0.8158,0
12.8,0.0,56.5,7.0,0.807,1
12.8,0.0,56.5,7.0,0.8158,0
15.6,0.0,57.9,7.0,0.4107,1
12.7,0.0,100.0,7.0,0.2636,0
14.4,0.0,0.0,7.0,0.2636,1
14.2,0.0,12.5,7.0,0.2636,0
14.4,0.0,0.0,7.0,0.2636,1
14.4,0.0,0.0,7.0,0.2636,1
13.8,0.0,80.9,7.0,0.1404,0
12.4,0.0,100.0,7.0,0.0,0
12.4,0.0,100.0,7.0,0.0,0
12.4,0.0,100.0,7.0,0.0,0
12.4,0.0,100.0,7.0,0.0,0
12.4,0.0,100.0,7.0,0.0,0
12.4,0.0,100.0,7.0,0.0,0
12.4,0.0,100.0,7.0,0.0,0
12.4,0.0,100.0,7.0,0.0,0
12.4,0.0,100.0,7.0,0.0,0
12.4,0.0,100.0,7.0,0.0,0
12.4,0.0,100.0,7.0,0.0,0
12.4,0.0,100.0,7.0,0.0,0
12.4,0.0,100.0,7.0,0.0,0
12.4,0.0,100.0,7.0,0.0,0
12.4,0.0,100.0,7.0,0.0,0
12.4,0.0,100.0,7.0,0.0,0
12.4,0.0,100.0,7.0,0.0,0
12.4,0.0,100.0,7.0,0.0,0
12.4,0.0,100.0,7.0,0.0,0
12.4,0.0,100.0,7.0,0.0,0
16.0,0.0,90.0,7.0,0.1628,0
16.0,0.0,90.0,7.0,0.1628,0
15.9,0.0,90.0,7.0,0.1628,0
15.6,0.0,53.0,7.0,0.203,1
14.6,0.0,53.0,7.0,0.2105,0
15.8,0.0,53.0,7.0,0.2105,0
14.6,0.0,53.0,7.0,0.2105,0
14.6,0.0,53.0,7.0,0.2105,0
14.5,0.0,35.0,7.0,0.5641,1
14.5,0.0,35.0,7.0,0.5897,0
14.5,0.0,35.0,7.0,0.5641,1
14.5,0.0,35.0,7.0,0.5897,0
14.5,0.0,35.0,7.0,0.5641,1
14.5,0.0,35.0,7.0,0.5897,0
12.3,0.0,100.0,7.0,0.2636,0
14.2,0.0,41.3,7.0,0.3556,1
16.5,0.0,41.6,7.0,0.3207,0
13.0,0.0,0.0,7.0,0.2636,0
15.8,0.0,54.5,7.0,0.2812,0
15.8,0.0,54.5,7.0,0.25,1
13.0,0.0,0.0,7.0,0.2636,0
15.8,0.0,16.7,7.0,0.2636,0
15.8,0.0,16.7,7.0,0.2636,0
15.8,0.0,16.7,7.0,0.2636,1
12.0,0.0,41.2,9.0,0.6667,0
15.8,0.0,16.7,7.0,0.2636,1
13.0,0.0,0.0,7.0,0.2636,0
15.8,0.0,47.1,7.0,0.7282,0
13.7,0.0,80.9,7.0,0.1404,0
13.5,0.0,80.9,7.0,0.1404,0
14.6,0.0,95.1,8.0,0.075,0
14.7,0.0,95.1,7.0,0.075,0
15.6,0.0,80.9,7.0,0.1404,0
15.0,0.0,80.9,7.0,0.1404,0
16.3,0.0,56.7,7.0,0.322,0
15.9,0.0,51.9,7.0,0.3774,0
14.8,0.0,80.9,7.0,0.1404,0
15.5,0.0,47.1,7.0,0.7184,1
16.2,0.0,56.7,7.0,0.322,0
16.2,0.0,56.7,7.0,0.322,0
15.6,0.0,77.5,7.0,0.1795,0
13.8,0.0,51.9,7.0,0.3774,0
15.0,0.0,64.1,7.0,0.3492,0
12.4,0.0,100.0,7.0,0.0,0
12.4,0.0,100.0,7.0,0.0,0
12.4,0.0,100.0,7.0,0.0,0
12.4,0.0,100.0,7.0,0.0,0
12.4,0.0,100.0,7.0,0.0,0
12.4,0.0,100.0,7.0,0.0,0
12.4,0.0,100.0,7.0,0.0,0
12.4,0.0,100.0,7.0,0.0,0
12.4,0.0,100.0,7.0,0.0,0
12.4,0.0,100.0,7.0,0.0,0
12.4,0.0,100.0,7.0,0.0,0
12.4,0.0,100.0,7.0,0.0,0
12.4,0.0,100.0,7.0,0.0,0
12.4,0.0,100.0,7.0,0.0,0
12.4,0.0,100.0,7.0,0.0,0
12.4,0.0,100.0,7.0,0.0,0
12.4,0.0,100.0,7.0,0.0,0
12.4,0.0,100.0,7.0,0.0,0
12.4,0.0,100.0,7.0,0.0,0
15.3,0.0,60.9,7.0,0.6618,0
12.4,0.0,100.0,7.0,0.0,0
15.4,0.0,80.9,7.0,0.1404,0
16.3,0.0,70.2,7.0,0.2611,0
16.3,0.0,70.2,7.0,0.2611,0
15.6,0.0,80.9,7.0,0.1316,1
15.5,0.0,80.9,7.0,0.1316,1
15.6,0.0,77.5,7.0,0.1795,0
15.6,0.0,80.9,7.0,0.1404,0
15.5,0.0,68.4,9.0,0.2636,0
14.4,0.0,72.2,7.0,0.2286,0
15.4,0.0,57.9,7.0,0.4286,0
15.3,0.0,92.3,7.0,0.2636,1
15.4,0.0,57.9,7.0,0.4286,0
12.6,0.0,76.3,7.0,0.0,0
14.5,0.0,76.3,7.0,0.0,0
15.6,0.0,57.9,7.0,0.4286,0
13.3,0.0,100.0,7.0,0.2636,0
14.8,0.0,100.0,7.0,0.2636,0
16.8,3.0,100.0,7.0,0.2636,0
16.8,2.0,100.0,7.0,0.2636,0
14.7,0.0,83.3,7.0,0.2636,0
15.6,0.0,100.0,7.0,0.2636,0
15.6,0.0,100.0,7.0,0.2636,0
13.0,0.0,100.0,7.0,0.2636,0
15.6,0.0,100.0,7.0,0.2636,0
14.8,0.0,100.0,7.0,0.2636,0
15.6,0.0,100.0,7.0,0.2636,0
15.6,0.0,100.0,7.0,0.2636,0
15.6,0.0,100.0,7.0,0.2636,0
14.9,2.0,83.3,7.0,0.2636,0
14.4,0.0,100.0,7.0,0.2636,0
15.6,2.0,100.0,7.0,0.2636,0
14.4,0.0,88.4,7.0,0.0,1
14.4,0.0,33.9,7.0,0.2895,1
14.4,0.0,88.4,7.0,0.009,0
12.5,0.0,68.4,9.0,0.2636,0
13.8,0.0,39.7,7.0,0.2281,0
14.1,0.0,39.7,7.0,0.2281,0
13.2,0.0,98.8,7.0,0.0,0
13.2,0.0,98.8,7.0,0.0,0
13.7,0.0,39.7,7.0,0.2281,0
15.8,0.0,0.0,7.0,0.0,0
14.9,0.0,39.7,7.0,0.2281,0
13.2,0.0,98.8,7.0,0.0,0
13.2,0.0,98.8,7.0,0.0,0
15.8,0.0,0.0,7.0,0.0,0
13.9,0.0,39.7,7.0,0.2281,0
15.2,0.0,39.7,7.0,0.2105,1
13.9,0.0,39.7,7.0,0.2281,0
14.7,0.0,39.7,7.0,0.2105,1
15.8,0.0,0.0,8.0,0.0,0
15.6,0.0,39.7,7.0,0.2281,0
14.7,0.0,39.7,7.0,0.2281,0
13.2,0.0,98.8,7.0,0.0,0
13.2,0.0,98.8,7.0,0.0,0
13.2,0.0,98.8,7.0,0.0,0
13.2,0.0,98.8,7.0,0.0,0
12.1,0.0,92.2,7.0,0.0787,0
15.8,0.0,0.0,7.0,0.0,0
14.4,0.0,41.3,7.0,0.3556,1
13.8,0.0,41.3,7.0,0.3556,1
15.8,0.0,0.0,7.0,0.0,0
13.2,0.0,98.8,7.0,0.0,0
13.2,0.0,98.8,7.0,0.0,0
13.2,0.0,98.8,7.0,0.0,0
14.0,0.0,43.8,7.0,0.4545,1
14.0,0.0,43.8,7.0,0.4659,0
14.0,0.0,43.8,7.0,0.4659,0
13.9,0.0,56.2,7.0,0.2636,1
13.9,0.0,43.8,7.0,0.4545,1
14.0,0.0,43.8,7.0,0.4545,1
14.0,0.0,43.8,7.0,0.4545,1
14.1,0.0,100.0,7.0,0.2636,0
14.3,0.0,53.0,7.0,0.2105,0
14.6,0.0,53.0,7.0,0.2105,0
14.6,0.0,53.0,7.0,0.2105,0
14.6,0.0,53.0,7.0,0.2105,0
14.6,0.0,53.0,7.0,0.2105,0
14.6,0.0,53.0,7.0,0.2105,0
14.6,0.0,53.0,7.0,0.203,1
15.7,0.0,28.4,9.0,0.6667,0
15.7,0.0,28.4,9.0,0.6667,0
15.7,0.0,28.4,9.0,0.6667,0
15.7,0.0,28.4,9.0,0.6667,0
15.7,0.0,28.4,9.0,0.6667,0
15.7,0.0,28.4,9.0,0.6667,0
15.7,0.0,28.4,9.0,0.6667,0
15.7,0.0,28.4,9.0,0.6667,0
15.7,0.0,28.4,9.0,0.6667,0
15.7,0.0,28.4,9.0,0.6667,0
15.8,0.0,76.9,9.0,0.3178,1
12.6,0.0,48.7,7.0,0.4183,1
14.7,0.0,48.7,7.0,0.4248,0
13.3,0.0,48.7,7.0,0.4183,1
14.0,0.0,43.8,7.0,0.4659,0
13.3,0.0,48.7,7.0,0.4183,1
14.0,0.0,43.8,8.0,0.4659,0
16.7,0.0,93.3,7.0,0.2636,0
16.5,0.0,50.0,9.0,0.2636,1
16.5,0.0,50.0,7.0,0.2636,0
14.0,0.0,43.8,8.0,0.4659,0
14.0,0.0,43.8,7.0,0.4659,0
14.0,0.0,43.8,7.0,0.4659,0
14.0,0.0,43.8,7.0,0.4659,0
13.8,0.0,70.4,7.0,0.2636,1
14.2,0.0,95.2,7.0,0.2636,0
14.2,0.0,95.2,7.0,0.2636,0
14.2,0.0,95.2,7.0,0.2636,0
14.2,0.0,95.2,7.0,0.2636,0
14.2,0.0,95.2,7.0,0.2636,0
14.2,0.0,95.2,7.0,0.2636,0
14.2,0.0,95.2,7.0,0.2636,0
14.2,0.0,95.2,7.0,0.2636,0
14.2,0.0,95.2,7.0,0.2636,0
14.2,0.0,95.2,7.0,0.2636,0
14.2,0.0,95.2,7.0,0.2636,0
14.2,0.0,95.2,7.0,0.2636,0
14.2,0.0,95.2,7.0,0.2636,0
14.2,0.0,95.2,7.0,0.2636,0
12.6,0.0,48.7,7.0,0.4248,0
14.0,0.0,43.8,7.0,0.4659,0
13.3,0.0,48.7,7.0,0.4248,0
14.0,0.0,43.8,7.0,0.4659,0
14.2,0.0,95.2,7.0,0.2636,0
14.2,0.0,95.2,7.0,0.2636,0
14.2,0.0,95.2,7.0,0.2636,0
14.2,0.0,95.2,7.0,0.2636,0
14.2,0.0,95.2,7.0,0.2636,0
14.2,0.0,95.2,7.0,0.2636,0
14.0,0.0,43.8,7.0,0.4659,0
14.0,0.0,43.8,8.0,0.4659,0
13.9,0.0,100.0,7.0,0.0,0
13.9,0.0,100.0,7.0,0.0,0
13.9,0.0,100.0,7.0,0.0,0
14.7,0.0,0.0,7.0,0.2632,0
13.9,0.0,100.0,7.0,0.0,0
13.9,0.0,100.0,7.0,0.0,0
16.4,0.0,76.9,7.0,0.3271,0
14.3,0.0,45.9,7.0,0.3167,0
14.3,0.0,45.9,7.0,0.3,1
13.7,0.0,45.9,7.0,0.3167,0
13.7,0.0,45.9,7.0,0.3,1
13.0,0.0,100.0,7.0,0.0,0
13.0,0.0,100.0,7.0,0.0,0
13.0,0.0,100.0,7.0,0.0,0
13.0,0.0,100.0,7.0,0.0,0
13.0,0.0,100.0,7.0,0.0,0
13.0,0.0,100.0,7.0,0.0,0
13.9,0.0,64.1,7.0,0.3492,0
13.9,0.0,45.9,7.0,0.3,1
15.3,0.0,60.9,7.0,0.6471,1
13.0,0.0,100.0,7.0,0.0,0
12.2,0.0,82.7,7.0,0.1992,0
13.0,0.0,100.0,7.0,0.0,0
13.7,0.0,45.9,7.0,0.3,1
13.0,0.0,100.0,7.0,0.0,0
13.2,0.0,100.0,7.0,0.2636,0
13.2,0.0,100.0,7.0,0.2636,0
13.0,0.0,100.0,7.0,0.2636,0
13.2,0.0,100.0,7.0,0.2636,0
13.2,0.0,100.0,7.0,0.2636,0
14.4,0.0,45.9,7.0,0.3167,0
15.3,0.0,63.8,7.0,0.3869,0
13.0,0.0,100.0,7.0,0.0,0
13.0,0.0,100.0,7.0,0.0,0
12.4,0.0,45.9,7.0,0.3167,0
13.0,0.0,100.0,7.0,0.0,0
13.0,0.0,100.0,7.0,0.0,0
13.0,0.0,100.0,7.0,0.0,0
13.0,0.0,100.0,7.0,0.0,0
13.0,0.0,100.0,7.0,0.0,0
14.4,0.0,82.7,7.0,0.1949,1
13.0,0.0,100.0,7.0,0.0,0
13.0,0.0,100.0,7.0,0.0,0
14.0,0.0,5.3,9.0,0.1892,0
14.2,0.0,0.0,9.0,0.2636,1
12.2,0.0,82.7,7.0,0.1992,0
15.3,0.0,76.9,8.0,0.3178,1
13.0,0.0,100.0,7.0,0.0,0
14.2,0.0,0.0,9.0,0.2636,1
15.3,0.0,100.0,7.0,0.0,0
12.3,0.0,0.0,9.0,0.2636,1
12.3,0.0,25.0,7.0,0.2636,0
14.4,0.0,100.0,7.0,0.0,0
14.7,0.0,94.0,7.0,0.435,0
14.7,0.0,94.0,7.0,0.435,0
13.6,0.0,94.0,7.0,0.43,1
13.6,0.0,82.7,7.0,0.1992,0
14.2,2.0,88.8,8.0,0.8344,0
13.0,0.0,69.1,7.0,0.123,0
13.6,0.0,94.0,7.0,0.43,1
13.0,0.0,100.0,7.0,0.0,0
13.0,0.0,100.0,7.0,0.0,0
13.3,0.0,87.9,7.0,0.1657,1
13.0,0.0,100.0,7.0,0.0,0
13.0,0.0,100.0,7.0,0.0,0
13.0,0.0,100.0,7.0,0.0,0
13.0,0.0,100.0,7.0,0.0,0
13.0,0.0,100.0,7.0,0.0,0
13.0,0.0,100.0,7.0,0.0,0
13.0,0.0,100.0,7.0,0.0,0
13.0,0.0,100.0,7.0,0.0,0
13.0,0.0,100.0,7.0,0.0,0
13.0,0.0,100.0,7.0,0.0,0
13.0,0.0,100.0,7.0,0.0,0
13.0,0.0,100.0,7.0,0.0,0
13.0,0.0,100.0,7.0,0.0,0
14.0,0.0,0.0,7.0,0.2636,0
13.0,0.0,100.0,7.0,0.0,0
13.0,0.0,100.0,7.0,0.0,0
15.2,0.0,76.9,7.0,0.7163,0
13.0,0.0,100.0,7.0,0.0,0
13.0,0.0,100.0,7.0,0.0,0
13.0,0.0,100.0,7.0,0.0,0
13.0,0.0,100.0,7.0,0.0,0
12.8,0.0,90.8,7.0,0.1406,0
12.8,0.0,90.8,7.0,0.1406,0
12.8,0.0,90.8,7.0,0.1406,0
15.6,0.0,82.0,7.0,0.1403,1
16.1,0.0,82.0,7.0,0.1448,0
15.9,0.0,57.1,7.0,0.4322,1
14.9,0.0,92.1,7.0,0.2097,1
14.9,0.0,92.1,7.0,0.2258,0
14.7,0.0,56.2,7.0,0.2636,0
15.3,0.0,100.0,7.0,0.0,0
14.4,0.0,100.0,7.0,0.0,0
15.3,0.0,100.0,7.0,0.0,0
15.6,0.0,59.2,7.0,0.3866,1
14.5,0.0,100.0,7.0,0.0,0
15.6,0.0,59.2,7.0,0.3866,1
15.6,0.0,59.2,7.0,0.3866,1
14.5,0.0,100.0,7.0,0.0,0
13.1,0.0,46.1,7.0,0.44,0
16.3,0.0,56.7,7.0,0.322,0
15.6,0.0,77.5,7.0,0.1795,0
13.9,0.0,56.7,9.0,0.322,0
14.0,0.0,37.2,7.0,0.119,0
13.1,0.0,16.7,7.0,0.7831,0
13.1,0.0,16.7,7.0,0.7831,0
14.6,0.0,56.0,7.0,0.2636,0
14.5,0.0,100.0,7.0,0.0,0
13.5,0.0,89.5,7.0,0.2636,1
12.0,0.0,41.3,7.0,0.3778,0
14.4,0.0,41.3,7.0,0.3556,1
14.4,0.0,41.3,7.0,0.3778,0
14.4,0.0,41.3,7.0,0.3778,0
14.4,0.0,41.3,7.0,0.3778,0
14.2,0.0,41.3,7.0,0.3778,0
13.8,0.0,41.3,7.0,0.3556,1
12.2,0.0,73.5,7.0,0.0179,0
16.6,0.0,84.6,7.0,0.2285,1
16.6,0.0,84.6,7.0,0.2285,1
16.6,0.0,84.6,7.0,0.2285,1
16.6,0.0,84.6,7.0,0.2285,1
16.6,0.0,84.6,7.0,0.2285,1
16.2,0.0,97.0,7.0,0.1018,0
14.5,0.0,100.0,7.0,0.0,0
16.0,0.0,100.0,7.0,0.2636,0
16.0,0.0,100.0,7.0,0.2636,0
16.0,0.0,100.0,7.0,0.2636,0
15.5,0.0,63.8,7.0,0.3796,1
13.2,0.0,98.8,7.0,0.0,0
13.2,0.0,98.8,7.0,0.0,0
14.8,0.0,69.2,7.0,0.451,1
14.2,0.0,41.6,7.0,0.3207,0
13.8,0.0,16.7,7.0,0.2636,1
16.0,2.0,65.7,7.0,0.7647,0
16.0,2.0,65.7,7.0,0.7647,0
13.6,0.0,29.2,7.0,0.6161,0
13.5,0.0,43.8,8.0,0.4545,1
13.3,0.0,87.9,7.0,0.1713,0
14.6,0.0,56.5,7.0,0.807,1
15.3,0.0,39.4,7.0,0.2315,0
14.6,0.0,56.5,7.0,0.807,1
16.6,0.0,84.2,7.0,0.2636,0
14.3,0.0,96.9,7.0,0.0968,0
15.3,0.0,100.0,9.0,0.2636,0
14.9,0.0,95.7,7.0,0.0217,0
14.9,0.0,95.7,7.0,0.0217,0
12.3,1.0,89.2,9.0,0.1094,0
14.0,0.0,95.8,7.0,0.2636,0
16.0,0.0,97.2,7.0,0.021,0
16.0,0.0,97.2,7.0,0.021,0
16.0,0.0,97.2,7.0,0.014,1
14.3,0.0,45.9,7.0,0.3167,0
16.0,0.0,97.2,7.0,0.021,0
14.3,0.0,45.9,7.0,0.3167,0
14.3,0.0,45.9,7.0,0.3167,0
16.0,0.0,97.2,7.0,0.021,0
16.0,0.0,97.2,7.0,0.021,0
16.0,0.0,97.2,7.0,0.021,0
16.0,0.0,97.2,7.0,0.021,0
14.3,0.0,45.9,7.0,0.3,1
16.0,0.0,97.2,7.0,0.021,0
14.3,0.0,45.9,7.0,0.3167,0
16.0,0.0,97.2,7.0,0.021,0
16.0,0.0,97.2,8.0,0.021,0
16.0,0.0,97.1,7.0,0.0909,0
16.0,0.0,97.1,7.0,0.0909,0
16.0,0.0,97.2,8.0,0.021,0
15.4,0.0,57.9,7.0,0.4286,0
16.0,0.0,97.2,8.0,0.021,0
16.0,0.0,97.2,8.0,0.021,0
16.0,0.0,97.2,8.0,0.021,0
16.0,0.0,97.2,8.0,0.021,0
16.0,0.0,97.2,8.0,0.014,1
16.0,0.0,97.2,8.0,0.021,0
14.7,0.0,29.2,7.0,0.6161,0
14.7,0.0,29.2,7.0,0.6161,0
14.7,0.0,29.2,7.0,0.6161,0
14.7,0.0,29.2,7.0,0.6161,0
14.7,0.0,29.2,7.0,0.6161,0
14.7,0.0,29.2,7.0,0.6161,0
16.0,0.0,97.2,8.0,0.021,0
16.0,0.0,97.2,8.0,0.021,0
16.5,0.0,69.2,7.0,0.4706,0
13.5,0.0,41.3,7.0,0.3778,0
14.7,0.0,59.7,7.0,0.4789,0
14.9,0.0,59.7,7.0,0.4789,0
14.5,0.0,59.7,7.0,0.4789,0
13.6,0.0,59.7,7.0,0.4648,1
15.7,0.0,74.6,7.0,0.4286,0
16.3,0.0,63.8,7.0,0.3796,1
14.1,0.0,21.1,7.0,0.2636,1
14.7,0.0,33.9,7.0,0.2895,1
14.0,0.0,21.1,7.0,0.2636,1
16.3,0.0,63.8,7.0,0.3796,1
13.6,0.0,63.8,7.0,0.3869,0
15.2,0.0,63.8,7.0,0.3869,0
14.1,0.0,21.1,7.0,0.2636,1
13.9,0.0,5.0,7.0,0.0707,0
14.1,0.0,21.1,7.0,0.2636,0
14.1,0.0,21.1,7.0,0.2636,1
14.1,0.0,21.1,7.0,0.2636,1
14.1,0.0,21.1,7.0,0.2636,0
14.8,0.0,21.1,8.0,0.2636,1
15.3,0.0,33.9,7.0,0.2982,0
13.9,0.0,77.9,7.0,0.209,1
13.9,0.0,77.9,7.0,0.2239,0
13.9,0.0,5.0,7.0,0.0707,0
13.9,0.0,5.0,7.0,0.0707,0
14.5,0.0,62.7,7.0,0.3276,0
14.5,0.0,62.7,7.0,0.3276,0
14.5,0.0,62.7,7.0,0.3276,0
14.5,0.0,62.7,7.0,0.3276,0
14.5,0.0,62.7,7.0,0.3276,0
14.5,1.0,62.7,7.0,0.3276,0
14.5,1.0,62.7,7.0,0.3276,0
14.5,0.0,62.7,7.0,0.3276,0
14.5,0.0,62.7,7.0,0.3276,0
15.3,0.0,33.9,7.0,0.2982,0
15.3,0.0,33.9,7.0,0.2895,1
15.8,0.0,72.3,7.0,0.4706,1
15.8,0.0,72.3,7.0,0.4706,1
15.8,0.0,72.3,7.0,0.4706,1
15.8,0.0,72.3,7.0,0.4745,0
15.3,0.0,90.9,7.0,0.2636,0
15.3,0.0,90.9,7.0,0.2636,0
15.3,0.0,90.9,7.0,0.2636,0
15.3,0.0,90.9,7.0,0.2636,0
15.3,0.0,90.9,7.0,0.2636,0
15.8,0.0,72.3,7.0,0.4745,0
15.8,0.0,72.3,7.0,0.4745,0
13.7,0.0,72.3,7.0,0.4745,0
15.8,0.0,72.3,7.0,0.4745,0
13.0,0.0,72.3,7.0,0.4706,1
13.0,0.0,72.3,7.0,0.4745,0
14.0,0.0,77.9,7.0,0.2239,0
14.0,0.0,77.9,7.0,0.2239,0
14.0,0.0,77.9,7.0,0.2239,0
14.0,0.0,77.9,7.0,0.2239,0
14.0,0.0,77.9,7.0,0.2239,0
13.1,0.0,16.7,7.0,0.7831,0
14.0,0.0,77.9,7.0,0.2239,0
13.1,0.0,16.7,7.0,0.7831,0
13.4,0.0,33.9,7.0,0.2982,0
14.0,0.0,77.9,7.0,0.2239,0
14.0,0.0,77.9,7.0,0.2239,0
14.0,0.0,77.9,7.0,0.209,1
14.0,0.0,77.9,7.0,0.2239,0
14.0,0.0,77.9,7.0,0.2239,0
14.0,0.0,77.9,7.0,0.2239,0
14.0,0.0,77.9,7.0,0.2239,0
14.0,0.0,77.9,7.0,0.2239,0
14.0,0.0,77.9,7.0,0.2239,0
14.0,0.0,77.9,7.0,0.2239,0
14.0,0.0,77.9,7.0,0.2239,0
14.7,0.0,33.9,7.0,0.2895,1
14.5,0.0,39.1,9.0,0.2326,0
14.3,0.0,39.1,9.0,0.2326,0
12.0,0.0,89.5,7.0,0.0179,0
12.0,0.0,95.5,7.0,0.2636,0
12.0,0.0,95.5,7.0,0.2636,0
12.0,0.0,95.5,7.0,0.2636,0
12.0,0.0,95.5,7.0,0.2636,0
14.8,0.0,84.9,7.0,0.1154,0
16.4,3.0,100.0,7.0,0.2636,0
16.1,0.0,22.2,7.0,0.2636,0
16.7,0.0,95.2,7.0,0.0097,0
12.1,0.0,89.5,7.0,0.0179,0
13.7,0.0,42.5,7.0,0.578,0
13.7,0.0,42.5,7.0,0.578,0
13.7,0.0,42.5,7.0,0.5723,1
13.7,0.0,42.5,7.0,0.5723,1
14.0,0.0,42.5,7.0,0.578,0
13.7,0.0,42.5,7.0,0.578,0
15.0,0.0,42.5,7.0,0.5723,1
12.4,0.0,95.6,7.0,0.0455,0
13.2,0.0,89.5,8.0,0.0179,0
16.7,0.0,95.2,7.0,0.0097,0
16.7,0.0,95.2,7.0,0.0097,0
16.7,0.0,95.2,7.0,0.0097,0
15.6,3.0,61.3,7.0,0.1311,0
15.6,0.0,84.9,7.0,0.1154,0
16.0,0.0,64.9,7.0,0.3229,1
16.0,0.0,64.9,7.0,0.3333,0
12.0,0.0,64.9,7.0,0.3333,0
14.0,0.0,43.8,7.0,0.4545,1
14.0,0.0,43.8,7.0,0.4545,1
14.0,0.0,43.8,7.0,0.4545,1
14.0,0.0,43.8,7.0,0.4659,0
14.0,0.0,43.8,7.0,0.4659,0
14.0,0.0,43.8,7.0,0.4545,1
16.0,0.0,90.0,7.0,0.1628,0
16.7,0.0,69.2,7.0,0.451,1
14.5,0.0,64.1,7.0,0.3333,1
15.3,0.0,60.9,7.0,0.6471,1
13.2,0.0,66.1,7.0,0.2273,1
15.3,0.0,60.9,7.0,0.6471,1
14.5,0.0,100.0,7.0,0.0,0
14.5,0.0,100.0,7.0,0.0,0
14.5,0.0,100.0,7.0,0.0,0
14.5,0.0,100.0,7.0,0.0,0
14.5,0.0,100.0,7.0,0.0,0
14.5,0.0,100.0,7.0,0.0,0
15.3,0.0,64.1,7.0,0.3492,0
13.2,0.0,0.0,7.0,0.2636,0
15.3,0.0,64.1,7.0,0.3492,0
14.5,0.0,60.9,7.0,0.6471,1
14.5,0.0,60.9,7.0,0.6471,1
14.5,0.0,60.9,7.0,0.6471,1
14.5,0.0,60.9,7.0,0.6471,1
14.5,0.0,60.9,7.0,0.6618,0
14.7,0.0,84.0,7.0,0.2148,0
15.3,0.0,84.0,7.0,0.2148,0
14.7,0.0,84.0,7.0,0.2148,0
15.3,0.0,84.0,7.0,0.2148,0
14.2,0.0,60.9,7.0,0.6471,1
14.2,0.0,60.9,7.0,0.6471,1
14.5,0.0,60.9,7.0,0.6471,1
13.1,0.0,84.0,7.0,0.2148,0
13.2,0.0,84.0,7.0,0.2148,0
13.2,0.0,84.0,7.0,0.2148,0
13.2,0.0,84.0,7.0,0.2148,0
13.0,0.0,84.0,7.0,0.2081,1
13.1,0.0,84.0,7.0,0.2148,0
13.1,0.0,84.0,7.0,0.2148,0
13.0,0.0,84.0,7.0,0.2148,0
13.8,0.0,54.9,7.0,0.2,0
14.4,0.0,54.9,7.0,0.2,0
14.4,0.0,54.9,7.0,0.2,0
14.4,0.0,54.9,7.0,0.2,0
15.5,0.0,70.4,8.0,0.2453,1
14.7,0.0,33.9,7.0,0.2982,0
12.1,0.0,93.2,7.0,0.0855,0
14.0,0.0,87.9,9.0,0.1713,0
14.7,0.0,33.9,7.0,0.2895,1
14.8,0.0,0.0,7.0,0.2632,0
14.4,0.0,0.0,7.0,0.2632,0
15.1,0.0,66.7,9.0,0.2636,0
14.4,0.0,68.6,7.0,0.1739,0
14.5,0.0,68.6,7.0,0.1739,0
14.9,0.0,68.6,7.0,0.1739,0
14.9,0.0,68.6,7.0,0.1739,0
14.9,0.0,68.6,7.0,0.1594,1
14.6,0.0,0.0,7.0,0.2636,0
14.5,0.0,68.6,7.0,0.1739,0
13.0,0.0,69.1,7.0,0.1148,1
14.4,0.0,68.6,7.0,0.1594,1
14.4,0.0,68.6,7.0,0.1739,0
13.0,0.0,68.6,7.0,0.1739,0
14.7,0.0,68.6,7.0,0.1594,1
16.1,0.0,22.2,7.0,0.2636,0
14.4,0.0,75.0,7.0,0.2326,1
14.5,0.0,65.0,7.0,0.6162,1
14.7,0.0,65.0,7.0,0.6162,1
14.7,0.0,65.0,7.0,0.6162,1
14.7,0.0,65.0,7.0,0.6162,1
14.7,0.0,65.0,7.0,0.6263,0
14.7,0.0,65.0,7.0,0.6162,1
14.7,0.0,65.0,7.0,0.6263,0
14.7,0.0,65.0,7.0,0.6162,1
14.7,0.0,65.0,7.0,0.6162,1
14.6,0.0,65.0,7.0,0.6162,1
14.6,0.0,65.0,7.0,0.6162,1
14.6,0.0,65.0,7.0,0.6162,1
14.6,0.0,65.0,7.0,0.6263,0
14.6,0.0,65.0,7.0,0.6162,1
14.7,0.0,65.0,7.0,0.6162,1
13.2,0.0,96.8,7.0,0.0,0
14.5,0.0,60.9,7.0,0.6471,1
14.5,0.0,60.9,7.0,0.6471,1
14.5,0.0,60.9,7.0,0.6471,1
15.4,0.0,35.7,7.0,0.2636,0
16.6,0.0,75.0,7.0,0.2558,0
14.2,0.0,33.9,7.0,0.2982,0
16.5,0.0,84.6,7.0,0.2299,0
16.5,0.0,84.6,7.0,0.2299,0
16.5,0.0,84.6,7.0,0.2299,0
16.5,0.0,84.6,7.0,0.2299,0
16.5,0.0,84.6,7.0,0.2299,0
16.5,0.0,84.6,7.0,0.2299,0
16.5,0.0,84.6,7.0,0.2299,0
16.5,0.0,84.6,8.0,0.2299,0
16.5,0.0,84.6,7.0,0.2299,0
16.5,0.0,84.6,7.0,0.2299,0
15.4,0.0,37.8,7.0,0.5085,0
15.5,0.0,37.8,7.0,0.5,1
15.5,0.0,37.8,7.0,0.5,1
15.4,0.0,37.8,7.0,0.5,1
13.0,0.0,37.8,7.0,0.5,1
15.5,0.0,37.8,7.0,0.5085,0
15.5,0.0,37.8,7.0,0.5,1
15.2,0.0,37.8,7.0,0.5085,0
15.5,0.0,37.8,7.0,0.5,1
15.4,0.0,37.8,7.0,0.5085,0
15.5,0.0,37.8,7.0,0.5,1
15.5,0.0,37.8,7.0,0.5,1
16.0,0.0,37.8,7.0,0.5,1
16.0,0.0,37.8,7.0,0.5,1
16.0,0.0,37.8,7.0,0.5085,0
16.0,0.0,37.8,8.0,0.5,1
16.0,0.0,37.8,7.0,0.5085,0
15.5,0.0,37.8,7.0,0.5085,0
16.0,0.0,37.8,7.0,0.5,1
15.5,0.0,37.8,7.0,0.5,1
15.5,0.0,37.8,7.0,0.5,1
16.0,0.0,37.8,7.0,0.5085,0
16.0,0.0,37.8,7.0,0.5085,0
15.2,0.0,37.8,7.0,0.5,1
15.2,0.0,37.8,7.0,0.5,1
12.1,0.0,89.5,8.0,0.0179,0
12.1,0.0,89.5,8.0,0.0179,0
16.6,0.0,93.0,7.0,0.0476,0
15.2,0.0,63.8,7.0,0.3796,1
15.1,2.0,72.2,7.0,0.2636,0
15.1,0.0,26.0,7.0,0.0909,0
12.6,0.0,26.0,7.0,0.0909,0
15.4,0.0,27.3,7.0,0.6937,0
12.5,0.0,92.2,7.0,0.0787,0
12.5,0.0,92.2,7.0,0.0787,0
14.4,0.0,37.2,8.0,0.119,0
14.4,0.0,37.2,8.0,0.119,0
14.4,0.0,37.2,7.0,0.119,0
12.4,0.0,42.9,7.0,0.2636,0
12.4,0.0,42.9,7.0,0.2636,0
14.3,0.0,71.2,7.0,0.1961,1
15.8,0.0,78.2,7.0,0.4074,0
12.1,0.0,42.9,7.0,0.2636,0
16.3,0.0,84.6,7.0,0.2299,0
16.3,0.0,84.6,7.0,0.2299,0
16.3,0.0,84.6,7.0,0.2299,0
16.3,0.0,84.6,7.0,0.2299,0
15.4,0.0,78.2,7.0,0.4074,0
15.4,0.0,78.2,7.0,0.4074,0
15.9,0.0,84.6,7.0,0.2299,0
14.9,0.0,78.2,7.0,0.4074,0
13.5,0.0,67.6,7.0,0.0556,0
12.5,0.0,67.6,7.0,0.0556,0
12.9,0.0,67.6,8.0,0.0556,0
16.7,2.0,99.7,7.0,0.0094,0
14.9,0.0,29.4,7.0,0.2636,1
14.8,0.0,29.4,7.0,0.2636,0
14.8,0.0,29.4,7.0,0.2636,0
14.9,0.0,29.4,7.0,0.2636,1
14.6,0.0,37.5,7.0,0.2636,0
13.7,0.0,72.2,7.0,0.2,1
15.1,0.0,100.0,7.0,0.0,0
15.1,0.0,100.0,7.0,0.0,0
15.1,0.0,100.0,7.0,0.0,0
12.3,0.0,75.8,7.0,0.2622,0
15.1,0.0,100.0,7.0,0.0,0
15.1,0.0,100.0,7.0,0.0,0
15.1,0.0,100.0,7.0,0.0,0
15.1,0.0,100.0,7.0,0.0,0
15.1,0.0,100.0,7.0,0.0,0
15.1,0.0,100.0,7.0,0.0,0
15.1,0.0,100.0,7.0,0.0,0
15.1,0.0,100.0,7.0,0.0,0
15.1,0.0,100.0,7.0,0.0,0
15.1,0.0,100.0,7.0,0.0,0
15.5,0.0,100.0,7.0,0.0797,0
15.5,0.0,100.0,7.0,0.0797,0
15.5,0.0,100.0,7.0,0.0797,0
15.5,0.0,100.0,7.0,0.0797,0
15.5,0.0,100.0,7.0,0.0797,0
15.5,0.0,100.0,7.0,0.0797,0
15.5,0.0,100.0,7.0,0.0797,0
15.5,0.0,100.0,7.0,0.0797,0
15.5,0.0,100.0,7.0,0.0797,0
15.5,0.0,100.0,7.0,0.0797,0
15.5,0.0,100.0,7.0,0.0797,0
15.5,0.0,100.0,7.0,0.0797,0
15.5,0.0,100.0,7.0,0.0797,0
15.5,0.0,100.0,7.0,0.0797,0
15.5,0.0,100.0,7.0,0.0797,0
15.5,0.0,100.0,7.0,0.0797,0
15.5,0.0,100.0,7.0,0.0797,0
15.5,0.0,100.0,7.0,0.0797,0
15.5,0.0,100.0,7.0,0.0797,0
15.5,0.0,100.0,7.0,0.0797,0
15.5,0.0,100.0,7.0,0.0797,0
15.1,0.0,100.0,7.0,0.0,0
13.0,0.0,57.1,7.0,0.2636,1
14.6,0.0,10.5,7.0,0.2636,1
14.6,0.0,10.5,7.0,0.2636,0
14.6,0.0,10.5,7.0,0.2636,1
14.5,0.0,42.5,7.0,0.1608,0
14.6,0.0,100.0,7.0,0.0,0
14.6,0.0,100.0,7.0,0.0,0
14.3,0.0,100.0,7.0,0.0,0
14.3,0.0,100.0,7.0,0.0,0
14.5,0.0,42.5,7.0,0.1608,0
13.7,0.0,42.5,7.0,0.1608,0
15.5,0.0,82.9,7.0,0.0588,0
15.5,0.0,100.0,7.0,0.0797,0
12.0,0.0,83.3,7.0,0.2636,0
13.5,0.0,83.3,7.0,0.2636,0
13.5,0.0,83.3,7.0,0.2636,0
13.5,0.0,83.3,7.0,0.2636,1
13.5,0.0,83.3,7.0,0.2636,0
13.5,0.0,83.3,7.0,0.2636,0
14.0,0.0,38.2,7.0,0.1791,0
14.0,0.0,38.2,7.0,0.1791,0
14.0,0.0,38.2,7.0,0.1791,0
14.0,0.0,38.2,7.0,0.1791,0
14.0,0.0,38.2,7.0,0.1791,0
14.0,0.0,38.2,7.0,0.1791,0
14.0,0.0,38.2,7.0,0.1791,0
14.0,0.0,38.2,7.0,0.1791,0
14.0,0.0,38.2,7.0,0.1791,0
15.5,0.0,85.9,7.0,0.0,0
15.5,0.0,85.9,7.0,0.0,0
15.5,0.0,85.9,7.0,0.0,0
15.5,0.0,85.9,7.0,0.0,0
15.5,0.0,85.9,7.0,0.0,0
15.5,0.0,85.9,7.0,0.0,0
15.5,0.0,85.9,7.0,0.0,0
15.5,0.0,85.9,7.0,0.0,0
15.5,0.0,85.9,7.0,0.0,0
15.5,0.0,85.9,7.0,0.0,0
15.5,0.0,85.9,7.0,0.0,0
15.5,0.0,85.9,7.0,0.0,0
15.5,0.0,85.9,7.0,0.0,0
15.5,0.0,85.9,7.0,0.0,0
15.5,0.0,85.9,7.0,0.0,0
15.5,0.0,85.9,7.0,0.0,0
15.5,0.0,85.9,7.0,0.0,0
15.5,0.0,85.9,7.0,0.0,0
15.5,0.0,85.9,7.0,0.0,0
15.5,0.0,85.9,7.0,0.0,0
15.5,0.0,85.9,7.0,0.0,0
15.5,0.0,85.9,7.0,0.0,0
15.5,0.0,85.9,7.0,0.0,0
15.5,0.0,85.9,7.0,0.0,0
15.5,0.0,85.9,7.0,0.0,0
15.5,0.0,85.9,7.0,0.0,0
15.5,0.0,85.9,7.0,0.0,0
15.5,0.0,85.9,7.0,0.0,0
15.5,0.0,85.9,7.0,0.0,0
15.5,0.0,85.9,7.0,0.0,0
15.5,0.0,85.9,7.0,0.0,0
15.5,0.0,85.9,7.0,0.0,0
15.5,0.0,85.9,7.0,0.0,0
15.5,0.0,85.9,7.0,0.0,0
15.5,0.0,85.9,7.0,0.0,0
15.5,0.0,85.9,7.0,0.0,0
15.5,0.0,85.9,7.0,0.0,0
15.5,0.0,85.9,7.0,0.0,0
15.5,0.0,85.9,7.0,0.0,0
15.5,0.0,85.9,7.0,0.0,0
15.5,0.0,85.9,7.0,0.0,0
15.5,0.0,85.9,7.0,0.0,0
15.5,0.0,85.9,7.0,0.0,0
15.5,0.0,85.9,7.0,0.0,0
15.5,0.0,85.9,7.0,0.0,0
15.5,0.0,85.9,7.0,0.0,0
15.5,0.0,85.9,7.0,0.0,0
15.5,0.0,85.9,7.0,0.0,0
16.2,0.0,64.5,7.0,0.3804,1
16.2,0.0,64.5,7.0,0.3804,1
15.0,0.0,42.5,7.0,0.578,0
15.0,0.0,42.5,7.0,0.5723,1
13.8,0.0,45.9,7.0,0.3167,0
15.6,0.0,7.7,7.0,0.2636,0
14.7,0.0,78.2,7.0,0.3889,1
14.9,0.0,80.0,7.0,0.2636,0
14.4,0.0,33.9,7.0,0.2895,1
14.9,0.0,82.4,7.0,0.0778,0
15.5,0.0,82.4,7.0,0.0778,0
14.6,0.0,37.5,7.0,0.2636,0
14.2,0.0,88.8,7.0,0.8278,1
14.9,0.0,30.0,7.0,0.2453,1
14.9,0.0,30.0,7.0,0.2453,1
14.9,0.0,30.0,7.0,0.2453,1
14.9,0.0,30.0,7.0,0.2453,1
14.9,0.0,30.0,7.0,0.2453,1
14.9,0.0,30.0,7.0,0.2453,1
12.3,0.0,30.0,7.0,0.2516,0
12.3,0.0,30.0,7.0,0.2516,0
14.9,0.0,30.0,7.0,0.2516,0
14.9,0.0,30.0,7.0,0.2453,1
14.9,0.0,30.0,7.0,0.2453,1
14.9,0.0,30.0,7.0,0.2516,0
12.3,0.0,30.0,7.0,0.2516,0
14.9,0.0,30.0,7.0,0.2453,1
14.9,0.0,30.0,7.0,0.2453,1
14.3,0.0,33.9,7.0,0.2895,1
14.4,0.0,75.8,7.0,0.6923,1
14.6,0.0,33.9,8.0,0.2982,0
14.3,0.0,26.0,7.0,0.5972,1
16.0,0.0,26.0,7.0,0.6111,0
12.1,0.0,26.0,7.0,0.5972,1
13.3,0.0,26.0,7.0,0.6111,0
13.2,0.0,98.8,7.0,0.0,0
16.5,1.0,97.0,7.0,0.0958,1
14.9,0.0,30.0,7.0,0.2453,1
14.9,0.0,30.0,7.0,0.2516,0
14.9,0.0,30.0,7.0,0.2516,0
14.9,0.0,30.0,7.0,0.2516,0
14.9,0.0,30.0,7.0,0.2453,1
14.9,0.0,30.0,7.0,0.2516,0
14.9,0.0,30.0,7.0,0.2516,0
14.2,0.0,22.9,7.0,0.1064,0
14.2,0.0,22.9,7.0,0.1064,0
14.2,0.0,22.9,7.0,0.1064,0
14.2,0.0,22.9,7.0,0.1064,0
14.2,0.0,22.9,7.0,0.1064,0
14.2,0.0,22.9,7.0,0.1064,0
14.2,0.0,22.9,7.0,0.1064,0
14.2,0.0,22.9,7.0,0.1064,0
14.2,0.0,22.9,7.0,0.1064,0
15.5,0.0,85.9,7.0,0.0,0
12.1,0.0,79.5,7.0,0.0,0
13.9,0.0,100.0,7.0,0.2636,0
13.9,0.0,100.0,7.0,0.2636,0
15.5,0.0,85.9,7.0,0.0,0
15.5,0.0,85.9,7.0,0.0,0
15.5,0.0,85.9,7.0,0.0,0
15.5,0.0,85.9,7.0,0.0,0
12.2,0.0,97.1,7.0,0.0294,0
12.2,0.0,97.1,7.0,0.0294,0
12.2,0.0,97.1,7.0,0.0294,0
12.2,0.0,97.1,7.0,0.0294,0
15.0,0.0,97.1,7.0,0.0294,0
16.1,0.0,68.3,7.0,0.2,0
14.2,0.0,22.9,7.0,0.1064,0
14.2,0.0,22.9,7.0,0.1064,0
14.2,0.0,22.9,7.0,0.1064,0
14.2,0.0,22.9,7.0,0.1064,0
14.2,0.0,22.9,7.0,0.1064,0
14.2,0.0,22.9,7.0,0.1064,0
12.1,0.0,100.0,7.0,0.2636,0
12.6,0.0,22.9,7.0,0.1064,0
12.6,0.0,22.9,7.0,0.1064,0
15.1,0.0,75.6,7.0,0.2921,0
15.3,0.0,75.6,7.0,0.2921,0
15.3,0.0,75.6,7.0,0.2809,1
15.3,0.0,75.6,7.0,0.2809,1
15.3,0.0,75.6,7.0,0.2809,1
12.8,0.0,90.8,7.0,0.0667,0
12.8,0.0,90.8,7.0,0.0667,0
12.8,0.0,90.8,7.0,0.0667,0
12.8,0.0,90.8,7.0,0.0667,0
12.8,0.0,90.8,7.0,0.0667,0
12.8,0.0,90.8,7.0,0.0667,0
12.8,0.0,90.8,7.0,0.0667,0
12.8,0.0,90.8,7.0,0.0667,0
12.8,0.0,90.8,7.0,0.0667,0
14.3,0.0,13.7,7.0,0.1099,0
13.9,0.0,92.2,7.0,0.1951,0
13.9,0.0,92.2,7.0,0.1951,0
14.7,0.0,92.2,7.0,0.1951,0
14.7,0.0,92.2,7.0,0.1951,0
14.4,0.0,92.2,7.0,0.1951,0
14.2,0.0,92.2,7.0,0.1951,0
14.2,0.0,92.2,7.0,0.1951,0
14.2,0.0,38.1,7.0,0.6386,0
14.1,0.0,38.1,7.0,0.6265,1
14.7,0.0,95.1,7.0,0.075,0
12.8,0.0,89.1,7.0,0.2,0
13.0,0.0,89.1,7.0,0.2,0
16.0,0.0,70.2,7.0,0.2611,0
16.0,0.0,70.2,7.0,0.2611,0
12.6,0.0,89.1,7.0,0.2,0
12.3,0.0,89.1,7.0,0.2,0
12.3,0.0,89.1,7.0,0.2,0
12.6,0.0,89.1,7.0,0.2,0
16.0,0.0,70.2,7.0,0.2611,0
16.0,0.0,70.2,7.0,0.2611,0
14.2,0.0,90.9,7.0,0.2368,0
12.3,0.0,32.0,7.0,0.2636,1
12.3,0.0,32.0,7.0,0.2636,1
12.3,0.0,32.0,7.0,0.2636,1
12.3,0.0,32.0,7.0,0.2636,1
12.3,0.0,32.0,7.0,0.2636,1
12.3,0.0,32.0,7.0,0.2636,1
12.3,0.0,32.0,7.0,0.2636,1
12.3,0.0,32.0,7.0,0.2636,1
12.3,0.0,32.0,7.0,0.2636,1
12.3,0.0,32.0,7.0,0.2636,1
12.3,0.0,32.0,7.0,0.2636,1
12.3,0.0,32.0,7.0,0.2636,1
12.3,0.0,32.0,7.0,0.2636,1
12.3,0.0,32.0,7.0,0.2636,1
12.3,0.0,32.0,7.0,0.2636,0
12.3,0.0,32.0,7.0,0.2636,0
12.8,0.0,89.1,7.0,0.1778,1
13.6,0.0,89.1,7.0,0.2,0
14.7,0.0,90.9,7.0,0.2368,0
14.4,0.0,62.9,7.0,0.1698,0
14.4,0.0,62.9,7.0,0.1651,1
14.4,0.0,62.9,7.0,0.1698,0
14.4,0.0,62.9,7.0,0.1651,1
13.5,0.0,62.9,7.0,0.1698,0
13.7,0.0,89.1,7.0,0.2,0
14.7,0.0,89.1,7.0,0.2,0
15.4,0.0,93.0,7.0,0.0476,0
16.2,0.0,93.0,7.0,0.0476,0
14.7,0.0,33.9,7.0,0.2982,0
12.2,0.0,63.6,7.0,0.2636,0
12.2,0.0,63.6,7.0,0.2636,0
12.2,0.0,63.6,7.0,0.2636,0
13.0,0.0,63.6,7.0,0.2636,0
14.3,0.0,33.9,7.0,0.2895,1
12.6,0.0,32.4,7.0,0.3832,0
13.9,0.0,39.4,7.0,0.2315,0
13.9,0.0,39.4,7.0,0.2315,0
15.3,0.0,39.4,7.0,0.2222,1
15.3,0.0,39.4,7.0,0.2315,0
15.3,0.0,39.4,7.0,0.2315,0
15.3,0.0,39.4,7.0,0.2222,1
15.3,0.0,39.4,7.0,0.2222,1
15.4,0.0,93.0,7.0,0.0476,0
12.2,0.0,63.6,9.0,0.2636,0
13.0,0.0,63.6,9.0,0.2636,0
12.2,0.0,63.6,7.0,0.2636,0
12.2,0.0,63.6,7.0,0.2636,0
14.4,0.0,62.9,7.0,0.1698,0
14.4,0.0,62.9,7.0,0.1698,0
14.4,0.0,62.9,7.0,0.1698,0
14.4,0.0,62.9,7.0,0.1651,1
14.4,0.0,62.9,7.0,0.1698,0
14.4,0.0,62.9,7.0,0.1698,0
14.4,0.0,62.9,7.0,0.1651,1
14.4,0.0,62.9,7.0,0.1651,1
14.4,0.0,62.9,7.0,0.1698,0
14.4,0.0,62.9,7.0,0.1651,1
14.4,0.0,62.9,7.0,0.1698,0
14.4,0.0,62.9,7.0,0.1651,1
14.4,0.0,62.9,7.0,0.1698,0
14.4,0.0,62.9,7.0,0.1698,0
14.4,0.0,62.9,7.0,0.1698,0
14.4,0.0,62.9,7.0,0.1698,0
14.4,0.0,62.9,7.0,0.1698,0
14.4,0.0,62.9,7.0,0.1698,0
14.4,0.0,62.9,7.0,0.1698,0
14.4,0.0,62.9,7.0,0.1698,0
14.4,0.0,62.9,7.0,0.1651,1
14.4,0.0,62.9,7.0,0.1698,0
14.4,0.0,62.9,7.0,0.1651,1
14.4,0.0,62.9,7.0,0.1698,0
14.4,0.0,62.9,7.0,0.1698,0
14.4,0.0,62.9,7.0,0.1698,0
14.4,0.0,62.9,7.0,0.1698,0
14.4,0.0,62.9,7.0,0.1698,0
15.3,0.0,56.2,7.0,0.2636,0
15.3,0.0,56.2,7.0,0.2636,0
15.3,0.0,56.2,7.0,0.2636,1
15.3,0.0,54.5,7.0,0.2812,0
13.9,0.0,30.0,7.0,0.2516,0
15.1,0.0,46.7,7.0,0.4615,0
13.5,0.0,43.8,7.0,0.4545,1
16.0,0.0,46.7,7.0,0.4615,0
14.1,0.0,78.8,7.0,0.3165,0
16.1,0.0,46.7,7.0,0.4615,0
16.2,0.0,95.0,7.0,0.1919,0
15.1,0.0,95.0,7.0,0.1919,0
14.9,0.0,95.0,7.0,0.1919,0
14.9,0.0,95.0,7.0,0.1919,0
15.7,0.0,95.0,7.0,0.1919,0
15.7,0.0,95.0,7.0,0.1919,0
15.8,0.0,95.0,7.0,0.1919,0
14.8,3.0,92.5,7.0,0.5063,1
12.6,0.0,69.1,7.0,0.123,0
13.6,0.0,69.1,7.0,0.123,0
13.7,0.0,93.2,7.0,0.0855,0
13.8,0.0,0.0,7.0,0.2636,0
12.1,0.0,30.0,7.0,0.2516,0
12.1,0.0,30.0,7.0,0.2516,0
13.3,0.0,30.0,7.0,0.2516,0
14.5,0.0,30.0,7.0,0.2516,0
14.9,0.0,30.0,7.0,0.2516,0
13.2,0.0,30.0,7.0,0.2516,0
14.5,0.0,30.0,7.0,0.2516,0
14.7,0.0,70.4,7.0,0.2636,0
14.5,0.0,30.0,7.0,0.2516,0
13.2,0.0,30.0,7.0,0.2516,0
12.1,0.0,30.0,7.0,0.2516,0
14.0,0.0,67.6,7.0,0.0556,0
15.6,0.0,100.0,7.0,0.0,0
15.6,0.0,100.0,7.0,0.0,0
15.6,0.0,100.0,7.0,0.0,0
15.6,0.0,100.0,7.0,0.0,0
15.6,0.0,100.0,7.0,0.0,0
15.6,0.0,100.0,7.0,0.0,0
15.6,0.0,100.0,7.0,0.0,0
15.6,0.0,100.0,7.0,0.0,0
15.6,0.0,100.0,7.0,0.0,0
15.6,0.0,100.0,7.0,0.0,0
15.7,0.0,74.6,7.0,0.4286,0
13.9,0.0,74.6,7.0,0.4286,0
15.7,0.0,74.6,7.0,0.4286,0
15.7,0.0,74.6,7.0,0.4286,0
15.6,0.0,100.0,7.0,0.0,0
15.6,0.0,100.0,7.0,0.0,0
15.6,0.0,100.0,7.0,0.0,0
15.6,0.0,100.0,7.0,0.0,0
15.6,0.0,100.0,7.0,0.0,0
15.6,0.0,100.0,7.0,0.0,0
15.6,0.0,100.0,7.0,0.0,0
15.6,0.0,100.0,7.0,0.0,0
15.6,0.0,100.0,7.0,0.0,0
15.6,0.0,100.0,7.0,0.0,0
14.6,0.0,74.6,7.0,0.4286,0
15.7,0.0,74.6,7.0,0.4286,0
15.7,0.0,74.6,7.0,0.4286,0
15.7,0.0,74.6,7.0,0.4286,0
15.7,0.0,74.6,7.0,0.4286,0
15.7,0.0,74.6,7.0,0.4286,0
15.7,0.0,74.6,7.0,0.4286,0
13.9,0.0,74.6,7.0,0.4286,0
13.7,0.0,100.0,7.0,0.1,0
13.9,0.0,74.6,7.0,0.4286,0
14.6,0.0,33.9,7.0,0.2982,0
15.7,0.0,74.6,7.0,0.4286,0
13.0,0.0,33.9,7.0,0.2982,0
14.3,0.0,33.9,7.0,0.2982,0
14.3,0.0,33.9,7.0,0.2982,0
14.7,0.0,33.9,7.0,0.2895,1
14.7,0.0,33.9,8.0,0.2895,1
14.7,0.0,33.9,7.0,0.2982,0
14.7,0.0,33.9,7.0,0.2982,0
14.7,0.0,33.9,7.0,0.2982,0
14.7,0.0,33.9,7.0,0.2895,1
14.7,0.0,33.9,7.0,0.2982,0
14.2,0.0,100.0,7.0,0.1,0
14.2,0.0,100.0,7.0,0.1,0
12.1,0.0,100.0,7.0,0.1,0
14.2,0.0,100.0,7.0,0.1,0
16.5,0.0,100.0,7.0,0.2636,0
15.4,0.0,64.4,7.0,0.2727,0
15.4,0.0,64.4,7.0,0.2727,0
15.4,0.0,64.4,7.0,0.2727,0
16.6,0.0,95.2,7.0,0.0097,0
12.8,0.0,100.0,7.0,0.2636,0
13.3,0.0,44.4,9.0,0.2636,0
12.6,0.0,82.0,9.0,0.1705,0
13.2,0.0,90.8,7.0,0.1406,0
14.5,0.0,77.3,7.0,0.2636,1
14.5,0.0,77.3,7.0,0.2636,0
13.2,0.0,98.8,7.0,0.0,0
13.2,0.0,98.8,7.0,0.0,0
13.2,0.0,98.8,7.0,0.0,0
13.2,0.0,98.8,7.0,0.0,0
13.2,0.0,98.8,7.0,0.0,0
14.5,0.0,77.3,7.0,0.2636,1
12.3,0.0,57.1,7.0,0.2636,0
15.3,0.0,77.3,7.0,0.2636,0
12.7,0.0,89.2,7.0,0.1094,0
13.2,0.0,98.8,7.0,0.0,0
13.2,0.0,98.8,7.0,0.0,0
13.2,0.0,98.8,7.0,0.0,0
13.2,0.0,98.8,7.0,0.0,0
15.5,0.0,85.9,7.0,0.0,0
16.2,0.0,95.2,7.0,0.0097,0
14.4,0.0,85.9,7.0,0.0,0
15.1,0.0,85.9,7.0,0.0,0
12.0,0.0,85.9,7.0,0.0,0
14.0,0.0,100.0,7.0,0.2636,0
16.5,0.0,97.0,7.0,0.0958,1
15.6,0.0,97.0,7.0,0.1018,0
15.3,0.0,92.2,7.0,0.1902,1
15.3,0.0,92.2,7.0,0.1902,1
15.3,0.0,92.2,7.0,0.1902,1
15.3,0.0,92.2,7.0,0.1902,1
15.3,0.0,92.2,7.0,0.1902,1
15.3,0.0,92.2,7.0,0.1902,1
15.6,0.0,97.0,7.0,0.1018,0
14.8,0.0,92.2,7.0,0.1902,1
14.8,0.0,92.2,7.0,0.1902,1
14.8,0.0,92.2,7.0,0.1902,1
14.8,0.0,92.2,7.0,0.1902,1
14.8,0.0,92.2,7.0,0.1902,1
15.8,0.0,53.0,7.0,0.2105,0
15.8,0.0,53.0,7.0,0.2105,0
15.7,0.0,53.0,7.0,0.2105,0
13.5,0.0,92.2,7.0,0.1951,0
12.5,0.0,92.2,7.0,0.1951,0
12.5,0.0,92.2,7.0,0.1951,0
12.5,0.0,92.2,7.0,0.1951,0
15.1,0.0,92.2,7.0,0.1951,0
15.1,0.0,92.2,7.0,0.1951,0
15.1,0.0,92.2,7.0,0.1951,0
15.1,0.0,92.2,7.0,0.1951,0
15.1,0.0,92.2,7.0,0.1951,0
15.1,0.0,92.2,7.0,0.1951,0
15.1,0.0,92.2,7.0,0.1951,0
15.1,0.0,92.2,7.0,0.1951,0
15.1,0.0,92.2,7.0,0.1951,0
15.1,0.0,92.2,7.0,0.1951,0
15.1,0.0,92.2,7.0,0.1951,0
15.1,0.0,92.2,7.0,0.1951,0
15.1,0.0,92.2,7.0,0.1951,0
15.1,0.0,92.2,7.0,0.1951,0
14.2,0.0,92.2,7.0,0.1951,0
14.2,0.0,92.2,7.0,0.1951,0
13.8,0.0,92.2,7.0,0.1951,0
13.8,0.0,92.2,7.0,0.1951,0
12.6,0.0,92.2,7.0,0.1951,0
14.5,0.0,92.2,7.0,0.1951,0
14.5,0.0,92.2,7.0,0.1951,0
14.5,0.0,92.2,7.0,0.1951,0
16.0,0.0,41.6,7.0,0.3207,0
16.0,0.0,41.6,7.0,0.3207,0
13.3,0.0,41.6,7.0,0.3207,0
13.3,0.0,41.6,7.0,0.3207,0
14.7,0.0,65.0,7.0,0.6162,1
12.9,0.0,65.0,7.0,0.6263,0
14.6,0.0,65.0,7.0,0.6162,1
14.6,0.0,65.0,7.0,0.6263,0
14.6,0.0,65.0,7.0,0.6162,1
14.6,0.0,65.0,7.0,0.6162,1
14.7,0.0,65.0,7.0,0.6263,0
14.7,0.0,65.0,7.0,0.6162,1
14.7,0.0,65.0,7.0,0.6162,1
14.6,0.0,65.0,7.0,0.6162,1
14.7,0.0,65.0,7.0,0.6263,0
14.7,0.0,65.0,7.0,0.6162,1
14.7,0.0,65.0,7.0,0.6162,1
14.7,0.0,65.0,7.0,0.6162,1
14.7,0.0,65.0,7.0,0.6162,1
14.7,0.0,65.0,7.0,0.6162,1
14.7,0.0,65.0,7.0,0.6162,1
14.7,0.0,65.0,7.0,0.6162,1
14.6,0.0,65.0,7.0,0.6162,1
14.6,0.0,65.0,7.0,0.6162,1
15.3,0.0,76.9,7.0,0.3271,0
15.2,0.0,76.9,7.0,0.3271,0
14.5,0.0,78.6,7.0,0.2636,1
12.6,0.0,70.4,7.0,0.2642,0
12.6,0.0,70.4,7.0,0.2642,0
12.6,0.0,70.4,7.0,0.2642,0
12.6,0.0,70.4,7.0,0.2642,0
12.6,0.0,70.4,7.0,0.2642,0
12.6,0.0,70.4,7.0,0.2642,0
12.6,0.0,70.4,7.0,0.2642,0
15.7,0.0,82.0,7.0,0.1448,0
15.7,0.0,82.0,7.0,0.1448,0
15.7,0.0,82.0,7.0,0.1448,0
15.7,0.0,82.0,7.0,0.1448,0
15.7,0.0,82.0,7.0,0.1448,0
14.2,0.0,22.9,7.0,0.1064,0
14.2,0.0,22.9,7.0,0.1064,0
16.3,0.0,22.9,9.0,0.1064,0
14.2,0.0,22.9,7.0,0.1064,0
15.7,0.0,82.0,7.0,0.1448,0
15.7,0.0,82.0,7.0,0.1448,0
15.7,0.0,82.0,7.0,0.1448,0
14.2,0.0,100.0,7.0,0.2636,0
14.2,0.0,100.0,7.0,0.2636,0
14.2,0.0,100.0,7.0,0.2636,0
14.2,0.0,100.0,7.0,0.2636,0
15.7,0.0,82.0,7.0,0.1448,0
15.7,0.0,82.0,7.0,0.1448,0
14.9,0.0,29.1,7.0,0.1296,0
15.7,0.0,82.0,7.0,0.1448,0
15.7,0.0,82.0,7.0,0.1448,0
15.7,0.0,82.0,7.0,0.1448,0
15.7,0.0,82.0,7.0,0.1448,0
15.6,0.0,82.0,7.0,0.1448,0
15.6,0.0,82.0,7.0,0.1448,0
15.7,0.0,82.0,7.0,0.1448,0
15.6,0.0,82.0,7.0,0.1403,1
13.5,0.0,43.8,8.0,0.4545,1
15.7,0.0,82.0,7.0,0.1448,0
15.7,0.0,82.0,7.0,0.1448,0
15.6,0.0,82.0,7.0,0.1448,0
15.6,0.0,82.0,7.0,0.1448,0
15.6,0.0,82.0,7.0,0.1448,0
15.8,0.0,0.0,7.0,0.2636,1
15.8,0.0,0.0,7.0,0.2636,1
13.3,0.0,87.9,7.0,0.1713,0
13.7,0.0,29.2,7.0,0.6071,1
14.0,0.0,87.9,7.0,0.1657,1
13.0,0.0,91.8,7.0,0.0417,0
12.0,0.0,91.8,7.0,0.0417,0
14.6,0.0,91.8,7.0,0.0417,0
14.6,0.0,91.8,7.0,0.0417,0
14.6,0.0,91.8,7.0,0.0417,0
14.6,0.0,91.8,7.0,0.0417,0
14.9,0.0,22.4,7.0,0.1458,0
16.2,2.0,64.7,7.0,0.3333,1
12.6,0.0,50.0,7.0,0.0286,0
15.1,0.0,50.0,7.0,0.0286,0
13.3,0.0,50.0,7.0,0.0286,0
15.5,0.0,50.0,7.0,0.0286,0
15.1,0.0,50.0,7.0,0.0286,0
15.1,0.0,50.0,7.0,0.0286,0
12.6,0.0,50.0,7.0,0.0286,0
13.0,0.0,50.0,7.0,0.0286,0
13.0,0.0,50.0,7.0,0.0286,0
13.3,0.0,50.0,7.0,0.0286,0
16.1,0.0,90.8,7.0,0.1237,0
15.3,0.0,33.9,7.0,0.2982,0
13.9,0.0,90.8,7.0,0.1134,1
14.9,0.0,68.6,7.0,0.1739,0
14.9,0.0,68.6,7.0,0.1739,0
15.8,0.0,76.9,7.0,0.3271,0
15.8,0.0,76.9,7.0,0.3271,0
15.4,0.0,65.0,7.0,0.6263,0
14.4,0.0,87.9,7.0,0.1713,0
14.4,0.0,87.9,7.0,0.1713,0
14.4,0.0,87.9,7.0,0.1657,1
14.4,0.0,87.9,7.0,0.1713,0
14.4,0.0,87.9,7.0,0.1713,0
14.4,0.0,87.9,7.0,0.1657,1
14.4,0.0,87.9,7.0,0.1713,0
14.4,0.0,87.9,7.0,0.1657,1
14.4,0.0,87.9,7.0,0.1713,0
14.4,0.0,87.9,7.0,0.1657,1
14.4,0.0,87.9,7.0,0.1713,0
14.4,0.0,87.9,7.0,0.1713,0
14.4,0.0,87.9,7.0,0.1713,0
14.9,0.0,22.4,7.0,0.1458,0
14.7,0.0,22.4,7.0,0.1458,0
13.7,0.0,47.1,8.0,0.2636,0
12.1,0.0,89.5,8.0,0.0179,0
13.3,0.0,59.5,7.0,0.3902,0
14.8,0.0,72.0,7.0,0.2636,0
16.3,0.0,72.0,7.0,0.2636,1
13.3,0.0,59.5,7.0,0.3902,0
15.0,0.0,83.6,8.0,0.1198,0
12.1,0.0,64.4,7.0,0.3483,0
12.5,0.0,64.4,7.0,0.3483,0
13.3,0.0,64.4,7.0,0.3483,0
15.0,0.0,83.6,8.0,0.1198,0
12.7,0.0,0.0,7.0,0.2353,0
13.3,0.0,83.6,7.0,0.1198,0
13.3,0.0,83.6,7.0,0.117,1
15.0,0.0,83.6,7.0,0.117,1
16.0,0.0,41.6,7.0,0.3207,0
12.6,0.0,5.3,7.0,0.1622,1
12.6,0.0,5.3,7.0,0.1622,1
15.3,0.0,82.0,7.0,0.1705,0
14.4,0.0,76.0,7.0,0.2449,0
14.4,0.0,76.0,7.0,0.2449,0
12.5,0.0,66.7,9.0,0.2636,0
14.9,0.0,76.0,7.0,0.2449,0
14.9,0.0,76.0,7.0,0.2449,0
14.9,0.0,76.0,7.0,0.2449,0
14.9,0.0,76.0,7.0,0.2449,0
14.9,0.0,76.0,7.0,0.2449,0
15.8,0.0,74.4,7.0,0.3158,0
15.8,0.0,74.4,7.0,0.3158,0
15.8,0.0,74.4,7.0,0.3158,0
15.8,0.0,74.4,7.0,0.3158,0
15.8,0.0,74.4,7.0,0.3158,0
15.8,0.0,74.4,7.0,0.3158,0
15.8,0.0,74.4,7.0,0.3158,0
15.8,0.0,74.4,7.0,0.3158,0
15.8,0.0,74.4,7.0,0.3158,0
15.8,0.0,74.4,7.0,0.3158,0
15.8,0.0,74.4,7.0,0.3158,0
15.8,0.0,74.4,7.0,0.3158,0
15.8,0.0,74.4,7.0,0.3158,0
15.8,0.0,74.4,7.0,0.3158,0
15.8,0.0,74.4,7.0,0.3158,0
15.8,0.0,74.4,7.0,0.3158,0
15.8,0.0,74.4,7.0,0.3158,0
15.8,0.0,74.4,7.0,0.3158,0
15.8,0.0,74.4,7.0,0.3158,0
15.8,0.0,74.4,7.0,0.3158,0
13.7,0.0,66.7,7.0,0.2636,1
14.1,0.0,45.5,7.0,0.2636,1
14.1,0.0,45.5,7.0,0.2636,0
15.8,0.0,74.4,7.0,0.3158,0
15.8,0.0,74.4,7.0,0.3158,0
15.8,0.0,74.4,7.0,0.3158,0
15.8,0.0,74.4,7.0,0.3158,0
15.8,0.0,74.4,7.0,0.3158,0
15.8,0.0,74.4,7.0,0.3158,0
15.8,0.0,74.4,7.0,0.3158,0
15.8,0.0,74.4,7.0,0.3158,0
15.8,0.0,74.4,7.0,0.3158,0
15.8,0.0,74.4,7.0,0.3158,0
15.8,0.0,74.4,7.0,0.3158,0
15.8,0.0,74.4,7.0,0.3158,0
15.8,0.0,74.4,7.0,0.3158,0
15.8,0.0,74.4,7.0,0.3158,0
15.8,0.0,74.4,7.0,0.3158,0
15.8,0.0,74.4,7.0,0.3158,0
15.8,0.0,74.4,7.0,0.3158,0
15.7,0.0,85.9,7.0,0.0,0
13.0,0.0,85.9,7.0,0.0,0
13.0,0.0,32.4,7.0,0.3738,1
13.3,0.0,72.3,7.0,0.4706,1
13.3,0.0,72.3,7.0,0.4706,1
13.3,0.0,72.3,7.0,0.4706,1
12.5,0.0,72.3,7.0,0.4706,1
13.0,0.0,72.3,7.0,0.4706,1
13.0,0.0,72.3,7.0,0.4706,1
14.0,0.0,38.2,7.0,0.1791,0
14.0,0.0,38.2,7.0,0.1791,0
14.0,0.0,38.2,7.0,0.1791,0
14.0,0.0,38.2,7.0,0.1791,0
14.0,0.0,38.2,7.0,0.1791,0
14.0,0.0,38.2,7.0,0.1791,0
14.0,0.0,38.2,7.0,0.1791,0
14.0,0.0,38.2,7.0,0.1791,0
14.0,0.0,38.2,7.0,0.1791,0
14.0,0.0,38.2,7.0,0.1791,0
14.0,0.0,38.2,7.0,0.1791,0
14.0,0.0,38.2,7.0,0.1791,0
14.0,0.0,38.2,7.0,0.1791,0
14.5,0.0,72.3,7.0,0.4706,1
14.5,0.0,72.3,7.0,0.4706,1
13.7,0.0,72.3,7.0,0.4706,1
14.5,0.0,72.3,7.0,0.4706,1
14.5,0.0,72.3,7.0,0.4706,1
14.2,0.0,84.6,7.0,0.2299,0
14.2,0.0,84.6,7.0,0.2299,0
14.2,0.0,84.6,7.0,0.2299,0
14.2,0.0,84.6,7.0,0.2299,0
14.2,0.0,84.6,7.0,0.2299,0
14.2,0.0,84.6,7.0,0.2299,0
14.2,0.0,84.6,7.0,0.2299,0
14.5,0.0,72.3,7.0,0.4706,1
14.5,0.0,72.3,7.0,0.4706,1
14.5,0.0,72.3,7.0,0.4706,1
14.5,0.0,72.3,7.0,0.4706,1
14.5,0.0,72.3,7.0,0.4706,1
14.5,0.0,72.3,7.0,0.4706,1
14.5,0.0,72.3,7.0,0.4706,1
14.5,0.0,72.3,7.0,0.4706,1
14.5,0.0,72.3,7.0,0.4706,1
14.5,0.0,72.3,7.0,0.4706,1
14.5,0.0,72.3,7.0,0.4706,1
14.5,0.0,72.3,7.0,0.4706,1
13.3,0.0,72.3,7.0,0.4706,1
15.1,0.0,72.2,7.0,0.2636,1
14.2,0.0,80.9,7.0,0.1404,0
15.1,0.0,72.2,7.0,0.2636,1
14.0,0.0,80.9,7.0,0.1316,1
13.0,0.0,0.0,7.0,0.2636,0
13.0,0.0,0.0,7.0,0.2636,0
13.0,0.0,0.0,7.0,0.2636,1
13.0,0.0,0.0,7.0,0.2636,1
13.0,0.0,0.0,7.0,0.2636,1
13.0,0.0,0.0,7.0,0.2636,0
13.0,0.0,0.0,7.0,0.2636,0
15.6,0.0,84.6,7.0,0.2299,0
15.8,1.0,88.1,7.0,0.0244,0
15.8,1.0,88.1,7.0,0.0244,0
15.8,0.0,88.1,7.0,0.0244,0
15.8,0.0,88.1,7.0,0.0244,0
15.8,0.0,88.1,7.0,0.0244,0
15.6,0.0,84.6,7.0,0.2299,0
15.6,0.0,84.6,7.0,0.2299,0
15.6,0.0,84.6,7.0,0.2299,0
15.6,0.0,84.6,7.0,0.2299,0
15.6,0.0,84.6,7.0,0.2299,0
15.6,0.0,84.6,7.0,0.2299,0
15.6,0.0,84.6,7.0,0.2299,0
13.9,0.0,84.6,7.0,0.2299,0
13.9,0.0,84.6,7.0,0.2299,0
13.9,0.0,84.6,7.0,0.2299,0
13.9,0.0,84.6,7.0,0.2299,0
15.0,0.0,84.6,7.0,0.2299,0
15.8,0.0,84.6,7.0,0.2299,0
15.8,0.0,84.6,7.0,0.2299,0
15.8,0.0,84.6,7.0,0.2299,0
15.8,0.0,84.6,7.0,0.2299,0
15.8,0.0,84.6,7.0,0.2299,0
15.8,0.0,84.6,7.0,0.2299,0
15.8,0.0,84.6,7.0,0.2299,0
15.8,0.0,84.6,7.0,0.2299,0
15.8,0.0,84.6,7.0,0.2299,0
15.8,0.0,84.6,7.0,0.2299,0
15.8,0.0,84.6,7.0,0.2299,0
15.8,0.0,84.6,7.0,0.2299,0
15.8,0.0,84.6,7.0,0.2299,0
15.8,0.0,84.6,7.0,0.2299,0
15.8,0.0,84.6,7.0,0.2299,0
15.8,0.0,84.6,7.0,0.2299,0
13.0,0.0,0.0,7.0,0.2636,0
13.0,0.0,0.0,7.0,0.2636,0
13.0,0.0,0.0,7.0,0.2636,0
14.6,0.0,50.0,7.0,0.0286,0
14.2,0.0,92.2,7.0,0.1951,0
14.2,0.0,92.2,7.0,0.1951,0
14.2,0.0,92.2,7.0,0.1951,0
14.4,0.0,92.2,7.0,0.1951,0
14.4,0.0,92.2,7.0,0.1951,0
14.4,0.0,92.2,7.0,0.1951,0
14.4,0.0,92.2,7.0,0.1951,0
15.6,0.0,90.8,7.0,0.1237,0
14.5,0.0,72.3,7.0,0.4706,1
14.5,0.0,72.3,7.0,0.4706,1
14.5,0.0,72.3,7.0,0.4706,1
14.8,0.0,33.3,7.0,0.2636,0
13.9,0.0,33.3,7.0,0.2636,1
14.7,0.0,59.7,7.0,0.4789,0
14.0,0.0,59.7,7.0,0.4648,1
14.8,0.0,59.7,7.0,0.4648,1
14.5,0.0,72.3,7.0,0.4706,1
14.5,0.0,72.3,7.0,0.4706,1
14.5,0.0,72.3,7.0,0.4706,1
14.5,0.0,72.3,7.0,0.4706,1
14.5,0.0,72.3,7.0,0.4706,1
14.5,0.0,72.3,7.0,0.4706,1
15.3,0.0,56.7,7.0,0.322,0
14.5,0.0,5.1,7.0,0.6316,0
14.5,0.0,72.3,7.0,0.4706,1
14.5,0.0,72.3,7.0,0.4706,1
14.5,0.0,72.3,7.0,0.4706,1
15.8,0.0,74.4,7.0,0.3127,1
15.8,0.0,74.4,7.0,0.3158,0
15.8,0.0,74.4,7.0,0.3158,0
15.8,0.0,74.4,7.0,0.3158,0
15.8,0.0,74.4,7.0,0.3158,0
15.8,0.0,74.4,7.0,0.3127,1
15.8,0.0,74.4,7.0,0.3158,0
15.8,0.0,74.4,7.0,0.3158,0
15.8,0.0,74.4,7.0,0.3158,0
15.8,0.0,74.4,7.0,0.3158,0
15.8,0.0,74.4,7.0,0.3158,0
15.8,0.0,74.4,7.0,0.3158,0
15.8,0.0,74.4,7.0,0.3158,0
15.8,0.0,74.4,7.0,0.3158,0
15.8,0.0,74.4,7.0,0.3158,0
15.8,0.0,74.4,7.0,0.3158,0
15.8,0.0,74.4,7.0,0.3158,0
15.8,0.0,74.4,7.0,0.3158,0
15.8,0.0,74.4,7.0,0.3127,1
15.8,0.0,74.4,7.0,0.3158,0
15.8,0.0,74.4,7.0,0.3158,0
15.8,0.0,74.4,7.0,0.3158,0
14.5,0.0,72.3,7.0,0.4706,1
16.0,0.0,92.2,7.0,0.1951,0
14.7,0.0,92.2,7.0,0.1951,0
14.7,0.0,92.2,7.0,0.1951,0
14.7,0.0,92.2,7.0,0.1951,0
14.7,0.0,92.2,7.0,0.1951,0
14.5,0.0,72.3,7.0,0.4706,1
15.8,0.0,74.4,7.0,0.3158,0
15.8,0.0,74.4,7.0,0.3158,0
15.8,0.0,74.4,7.0,0.3158,0
15.8,0.0,74.4,7.0,0.3158,0
15.8,0.0,74.4,7.0,0.3158,0
15.8,0.0,74.4,7.0,0.3158,0
15.8,0.0,74.4,7.0,0.3158,0
15.8,0.0,74.4,7.0,0.3158,0
15.8,0.0,74.4,7.0,0.3158,0
15.8,0.0,74.4,7.0,0.3158,0
15.8,0.0,74.4,7.0,0.3158,0
15.8,0.0,74.4,7.0,0.3158,0
15.8,0.0,74.4,7.0,0.3158,0
15.8,0.0,74.4,7.0,0.3158,0
15.8,0.0,74.4,7.0,0.3158,0
15.8,0.0,74.4,7.0,0.3158,0
15.8,0.0,74.4,7.0,0.3158,0
15.8,0.0,74.4,7.0,0.3158,0
15.8,0.0,74.4,7.0,0.3158,0
15.8,0.0,74.4,7.0,0.3158,0
15.8,0.0,74.4,7.0,0.3158,0
15.8,0.0,74.4,7.0,0.3158,0
15.8,0.0,74.4,7.0,0.3127,1
15.8,0.0,74.4,7.0,0.3127,1
15.8,0.0,74.4,7.0,0.3127,1
15.8,0.0,74.4,7.0,0.3127,1
15.8,0.0,74.4,7.0,0.3127,1
15.8,0.0,74.4,7.0,0.3127,1
13.1,0.0,57.1,7.0,0.2636,0
13.0,0.0,78.7,7.0,0.1905,1
14.5,0.0,42.5,7.0,0.1608,0
14.2,0.0,21.1,7.0,0.2636,0
12.6,0.0,78.7,7.0,0.1905,1
13.1,0.0,57.1,7.0,0.2636,0
15.8,0.0,84.6,7.0,0.2299,0
14.5,0.0,72.3,7.0,0.4706,1
14.5,0.0,72.3,7.0,0.4706,1
16.5,0.0,73.5,7.0,0.0366,0
15.3,0.0,63.8,7.0,0.3796,1
16.4,0.0,95.2,7.0,0.0097,0
14.5,0.0,72.3,7.0,0.4706,1
14.5,0.0,72.3,7.0,0.4706,1
14.6,0.0,82.4,7.0,0.0778,0
14.5,0.0,72.3,7.0,0.4706,1
15.3,0.0,63.8,7.0,0.3796,1
14.5,0.0,72.3,7.0,0.4706,1
14.5,0.0,72.3,7.0,0.4706,1
14.5,0.0,72.3,7.0,0.4706,1
13.3,0.0,87.9,7.0,0.1713,0
14.5,0.0,72.3,7.0,0.4706,1
14.5,0.0,72.3,7.0,0.4706,1
14.5,0.0,72.3,7.0,0.4706,1
14.5,0.0,72.3,7.0,0.4706,1
13.9,0.0,72.3,7.0,0.4706,1
13.9,0.0,72.3,7.0,0.4706,1
12.1,0.0,0.0,7.0,0.2636,1
12.1,0.0,0.0,7.0,0.2636,1
12.0,0.0,83.3,7.0,0.2636,0
16.4,0.0,95.2,7.0,0.0097,0
12.6,0.0,78.7,7.0,0.1905,1
15.8,0.0,92.9,7.0,0.2636,1
15.8,0.0,92.9,7.0,0.2636,0
15.8,0.0,92.9,7.0,0.2636,1
15.8,0.0,92.9,7.0,0.2636,0
15.8,0.0,92.9,7.0,0.2636,0
13.6,0.0,80.8,7.0,0.2636,0
13.0,0.0,78.7,7.0,0.1905,1
15.8,0.0,92.9,7.0,0.2636,0
15.8,0.0,92.9,7.0,0.2636,0
15.9,0.0,95.2,7.0,0.0097,0
15.8,0.0,92.9,7.0,0.2636,0
15.8,0.0,92.9,7.0,0.2636,0
15.8,0.0,92.9,7.0,0.2636,0
15.8,0.0,92.9,7.0,0.2636,0
14.4,0.0,80.8,7.0,0.2636,0
14.0,0.0,92.3,7.0,0.4844,1
14.7,0.0,33.9,7.0,0.2982,0
12.6,0.0,32.4,7.0,0.3832,0
12.0,0.0,67.0,8.0,0.5,0
14.6,0.0,56.0,8.0,0.2636,0
14.6,0.0,56.0,8.0,0.2636,0
13.0,0.0,0.0,7.0,0.2636,0
13.0,0.0,0.0,7.0,0.2636,0
13.0,0.0,0.0,7.0,0.2636,0
13.0,0.0,0.0,7.0,0.2636,0
14.6,0.0,56.5,7.0,0.807,1
14.3,0.0,65.7,7.0,0.7353,1
15.2,0.0,76.9,7.0,0.3271,0
14.6,0.0,56.0,7.0,0.2636,0
14.6,0.0,56.0,7.0,0.2636,0
14.6,0.0,56.0,7.0,0.2636,0
15.8,0.0,0.0,7.0,0.2636,1
15.8,0.0,0.0,7.0,0.2636,1
13.9,0.0,72.3,7.0,0.4706,1
13.9,0.0,72.3,7.0,0.4706,1
13.9,0.0,72.3,7.0,0.4706,1
14.1,0.0,72.3,7.0,0.4706,1
14.4,0.0,33.9,8.0,0.2895,1
14.5,0.0,72.3,7.0,0.4745,0
13.9,0.0,72.3,7.0,0.4706,1
16.3,0.0,72.2,7.0,0.2286,0
14.6,0.0,72.2,7.0,0.2,1
16.3,0.0,72.2,7.0,0.2286,0
16.3,0.0,72.2,7.0,0.2286,0
14.6,0.0,72.2,7.0,0.2,1
14.5,0.0,72.3,7.0,0.4706,1
14.5,0.0,72.3,7.0,0.4745,0
14.5,0.0,72.3,7.0,0.4706,1
14.5,0.0,72.3,7.0,0.4745,0
14.5,0.0,72.3,7.0,0.4706,1
14.5,0.0,72.3,7.0,0.4745,0
14.5,0.0,72.3,7.0,0.4745,0
14.5,0.0,72.3,7.0,0.4745,0
14.5,0.0,72.3,7.0,0.4706,1
13.9,1.0,39.7,7.0,0.2105,1
14.9,0.0,62.2,7.0,0.0309,0
15.8,0.0,62.2,7.0,0.0309,0
14.9,0.0,62.2,7.0,0.0309,0
15.8,0.0,62.2,7.0,0.0309,0
14.9,0.0,62.2,7.0,0.0309,0
15.8,0.0,62.2,7.0,0.0309,0
15.8,0.0,62.2,7.0,0.0309,0
15.8,0.0,62.2,7.0,0.0309,0
14.9,0.0,62.2,7.0,0.0309,0
14.9,0.0,62.2,7.0,0.0309,0
14.9,0.0,62.2,7.0,0.0309,0
15.8,0.0,62.2,7.0,0.0309,0
14.9,0.0,62.2,7.0,0.0309,0
14.9,0.0,62.2,7.0,0.0309,0
15.8,0.0,62.2,7.0,0.0309,0
14.9,0.0,62.2,7.0,0.0309,0
14.9,0.0,62.2,7.0,0.0309,0
15.8,0.0,62.2,7.0,0.0309,0
14.9,0.0,62.2,7.0,0.0309,0
15.8,0.0,62.2,7.0,0.0309,0
15.8,0.0,62.2,7.0,0.0309,0
14.7,0.0,39.7,7.0,0.2281,0
14.4,0.0,39.7,7.0,0.2281,0
15.2,0.0,56.2,7.0,0.2636,0
13.5,0.0,56.2,7.0,0.2636,0
12.7,0.0,56.2,7.0,0.2636,0
15.3,0.0,56.2,7.0,0.2636,0
16.3,0.0,84.6,7.0,0.2299,0
16.3,0.0,84.6,7.0,0.2299,0
15.9,0.0,70.4,7.0,0.2636,0
13.1,0.0,25.0,7.0,0.2636,1
16.3,0.0,84.6,7.0,0.2299,0
15.6,0.0,84.6,7.0,0.2299,0
13.1,0.0,25.0,7.0,0.2636,1
14.7,0.0,70.4,7.0,0.2636,1
13.1,0.0,25.0,7.0,0.2636,1
13.9,0.0,64.9,7.0,0.3229,1
16.3,0.0,92.2,7.0,0.1951,0
14.4,0.0,95.2,7.0,0.2636,0
14.7,0.0,84.0,7.0,0.2148,0
14.7,0.0,84.0,7.0,0.2148,0
14.7,0.0,84.0,7.0,0.2148,0
14.7,0.0,84.0,7.0,0.2148,0
14.7,0.0,84.0,7.0,0.2148,0
14.7,0.0,84.0,7.0,0.2148,0
14.7,0.0,84.0,7.0,0.2148,0
14.7,0.0,84.0,7.0,0.2148,0
14.7,0.0,84.0,7.0,0.2148,0
14.7,0.0,84.0,7.0,0.2148,0
14.7,0.0,84.0,7.0,0.2148,0
14.7,0.0,84.0,7.0,0.2148,0
14.7,0.0,84.0,7.0,0.2148,0
14.7,0.0,84.0,7.0,0.2148,0
14.7,0.0,84.0,7.0,0.2148,0
14.7,0.0,84.0,7.0,0.2148,0
14.7,0.0,84.0,7.0,0.2148,0
14.7,0.0,84.0,7.0,0.2148,0
14.7,0.0,84.0,7.0,0.2148,0
14.7,0.0,84.0,7.0,0.2148,0
14.7,0.0,84.0,7.0,0.2148,0
14.7,0.0,84.0,7.0,0.2148,0
14.7,0.0,84.0,7.0,0.2148,0
14.7,0.0,84.0,7.0,0.2148,0
14.7,0.0,84.0,7.0,0.2148,0
14.7,0.0,84.0,7.0,0.2148,0
14.7,0.0,84.0,7.0,0.2148,0
14.7,0.0,84.0,7.0,0.2148,0
14.7,0.0,84.0,7.0,0.2148,0
14.7,0.0,84.0,7.0,0.2148,0
14.7,0.0,84.0,7.0,0.2148,0
14.7,0.0,84.0,7.0,0.2148,0
14.8,0.0,0.0,7.0,0.2636,0
15.5,0.0,0.0,7.0,0.2636,1
15.5,0.0,0.0,7.0,0.2636,0
14.7,0.0,84.0,7.0,0.2148,0
14.7,0.0,84.0,7.0,0.2148,0
14.7,0.0,84.0,7.0,0.2148,0
14.7,0.0,84.0,7.0,0.2148,0
14.7,0.0,84.0,7.0,0.2148,0
14.7,0.0,84.0,7.0,0.2148,0
14.7,0.0,84.0,7.0,0.2148,0
14.7,0.0,84.0,7.0,0.2148,0
14.7,0.0,84.0,7.0,0.2148,0
15.9,0.0,69.2,7.0,0.451,1
14.4,0.0,88.1,7.0,0.0244,0
15.8,0.0,88.1,7.0,0.0244,0
14.4,0.0,88.1,7.0,0.0244,0
14.4,0.0,88.1,7.0,0.0244,0
14.4,0.0,88.1,7.0,0.0244,0
14.4,0.0,88.1,7.0,0.0244,0
14.4,0.0,88.1,7.0,0.0244,0
14.4,0.0,88.1,7.0,0.0244,0
15.8,0.0,88.1,7.0,0.0244,0
14.4,0.0,88.1,7.0,0.0244,0
14.4,0.0,88.1,7.0,0.0244,0
15.8,1.0,88.1,7.0,0.0244,0
14.4,0.0,88.1,7.0,0.0244,0
15.8,0.0,88.1,7.0,0.0244,0
15.8,0.0,88.1,7.0,0.0244,0
15.8,0.0,88.1,7.0,0.0244,0
15.8,0.0,88.1,7.0,0.0244,0
14.1,1.0,21.1,7.0,0.2636,1
14.1,1.0,21.1,7.0,0.2636,1
14.1,1.0,21.1,7.0,0.2636,1
15.8,0.0,84.6,7.0,0.2299,0
14.4,0.0,84.6,7.0,0.2299,0
12.0,0.0,84.6,7.0,0.2299,0
14.4,0.0,84.6,7.0,0.2299,0
12.0,0.0,84.6,7.0,0.2299,0
15.5,0.0,86.5,7.0,0.3056,1
15.1,0.0,86.5,7.0,0.3056,1
12.0,0.0,84.6,7.0,0.2299,0
12.0,0.0,84.6,7.0,0.2299,0
12.0,0.0,84.6,7.0,0.2299,0
12.0,0.0,84.6,7.0,0.2299,0
12.0,0.0,84.6,7.0,0.2299,0
12.0,0.0,84.6,7.0,0.2299,0
12.0,0.0,84.6,7.0,0.2299,0
12.0,0.0,84.6,7.0,0.2299,0
12.0,0.0,84.6,7.0,0.2299,0
15.5,0.0,35.7,8.0,0.2636,0
14.7,0.0,84.6,7.0,0.2285,1
13.7,0.0,84.6,7.0,0.2285,1
13.7,0.0,84.6,7.0,0.2285,1
14.7,0.0,84.6,7.0,0.2299,0
13.7,0.0,84.6,7.0,0.2299,0
14.7,0.0,84.6,7.0,0.2299,0
14.7,0.0,84.6,7.0,0.2299,0
14.8,0.0,82.0,9.0,0.1705,0
15.0,0.0,54.9,7.0,0.2,0
15.0,0.0,54.9,7.0,0.2,0
15.0,0.0,54.9,7.0,0.2,0
13.6,0.0,100.0,7.0,0.2636,0
13.6,0.0,100.0,7.0,0.2636,0
13.6,0.0,100.0,7.0,0.2636,0
13.6,0.0,100.0,7.0,0.2636,0
13.7,0.0,96.3,7.0,0.0377,0
13.5,0.0,96.3,7.0,0.0377,0
15.3,0.0,96.3,7.0,0.0377,0
15.6,0.0,82.0,7.0,0.1448,0
15.6,0.0,82.0,7.0,0.1448,0
15.6,0.0,82.0,7.0,0.1448,0
15.6,0.0,82.0,7.0,0.1448,0
15.6,0.0,82.0,7.0,0.1448,0
15.6,0.0,82.0,7.0,0.1403,1
15.6,0.0,82.0,7.0,0.1448,0
15.6,0.0,82.0,7.0,0.1448,0
13.7,0.0,96.3,7.0,0.0377,0
13.7,0.0,96.3,7.0,0.0377,0
13.7,0.0,96.3,7.0,0.0377,0
13.7,0.0,96.3,7.0,0.0377,0
13.7,0.0,96.3,7.0,0.0377,0
13.7,0.0,96.3,7.0,0.0377,0
13.7,0.0,96.3,7.0,0.0377,0
13.7,0.0,96.3,7.0,0.0377,0
13.7,0.0,96.3,7.0,0.0377,0
13.7,0.0,96.3,7.0,0.0377,0
13.7,0.0,96.3,7.0,0.0377,0
13.7,0.0,96.3,7.0,0.0377,0
13.7,0.0,96.3,7.0,0.0377,0
13.7,0.0,96.3,7.0,0.0377,0
15.6,0.0,82.0,7.0,0.1403,1
15.6,0.0,82.0,7.0,0.1448,0
15.6,0.0,82.0,7.0,0.1448,0
15.6,0.0,82.0,7.0,0.1448,0
15.6,0.0,82.0,7.0,0.1448,0
15.6,0.0,82.0,7.0,0.1448,0
15.6,0.0,82.0,7.0,0.1403,1
14.1,0.0,72.3,7.0,0.4745,0
15.6,0.0,82.0,7.0,0.1448,0
14.1,0.0,72.3,7.0,0.4745,0
14.1,0.0,72.3,7.0,0.4745,0
14.1,0.0,72.3,7.0,0.4745,0
14.1,0.0,72.3,7.0,0.4706,1
15.6,0.0,82.0,7.0,0.1448,0
15.6,0.0,82.0,7.0,0.1448,0
15.6,0.0,82.0,7.0,0.1448,0
15.6,0.0,82.0,7.0,0.1448,0
15.6,0.0,82.0,7.0,0.1448,0
14.1,0.0,72.3,7.0,0.4745,0
14.1,0.0,72.3,7.0,0.4706,1
15.6,0.0,82.0,7.0,0.1448,0
13.9,0.0,72.3,7.0,0.4745,0
14.1,0.0,72.3,7.0,0.4745,0
15.6,0.0,82.0,7.0,0.1448,0
14.1,0.0,72.3,7.0,0.4745,0
14.1,0.0,72.3,7.0,0.4745,0
15.6,0.0,82.0,7.0,0.1448,0
14.1,0.0,72.3,7.0,0.4745,0
14.1,0.0,72.3,7.0,0.4706,1
15.6,0.0,82.0,7.0,0.1448,0
15.6,0.0,82.0,7.0,0.1448,0
14.1,0.0,72.3,7.0,0.4706,1
15.6,0.0,82.0,7.0,0.1403,1
14.1,0.0,72.3,7.0,0.4745,0
15.6,0.0,82.0,7.0,0.1448,0
15.6,0.0,82.0,7.0,0.1448,0
14.1,0.0,72.3,7.0,0.4745,0
15.6,0.0,82.0,7.0,0.1403,1
14.1,0.0,72.3,7.0,0.4745,0
15.6,0.0,82.0,7.0,0.1448,0
15.6,0.0,82.0,7.0,0.1448,0
14.1,0.0,72.3,7.0,0.4706,1
14.5,0.0,77.3,7.0,0.2636,0
14.5,0.0,77.3,7.0,0.2636,0
14.7,0.0,84.6,7.0,0.2299,0
14.7,0.0,84.6,7.0,0.2299,0
14.7,0.0,84.6,7.0,0.2299,0
15.5,0.0,95.2,7.0,0.0097,0
12.4,0.0,50.7,7.0,0.1515,0
15.5,0.0,85.9,7.0,0.0,0
15.5,0.0,85.9,7.0,0.0,0
14.7,0.0,85.9,7.0,0.0,0
13.3,0.0,85.9,7.0,0.0,0
14.1,0.0,72.3,7.0,0.4706,1
14.1,0.0,72.3,7.0,0.4745,0
14.1,0.0,72.3,7.0,0.4745,0
14.1,0.0,72.3,7.0,0.4745,0
12.3,0.0,75.8,7.0,0.2622,0
12.3,0.0,75.8,7.0,0.2622,0
12.3,0.0,75.8,7.0,0.2622,0
12.3,0.0,75.8,7.0,0.2622,0
12.3,0.0,75.8,7.0,0.2622,0
12.3,0.0,75.8,7.0,0.2561,1
12.3,0.0,75.8,7.0,0.2622,0
12.3,0.0,75.8,7.0,0.2622,0
12.3,0.0,75.8,7.0,0.2622,0
12.3,0.0,75.8,7.0,0.2622,0
12.3,0.0,75.8,7.0,0.2622,0
12.3,0.0,75.8,7.0,0.2561,1
12.3,0.0,75.8,7.0,0.2561,1
12.3,0.0,75.8,7.0,0.2622,0
12.3,0.0,75.8,7.0,0.2622,0
12.0,0.0,75.8,7.0,0.2622,0
12.3,0.0,75.8,7.0,0.2622,0
12.3,0.0,75.8,7.0,0.2561,1
12.3,0.0,75.8,7.0,0.2622,0
14.1,0.0,72.3,7.0,0.4745,0
14.1,0.0,72.3,7.0,0.4745,0
14.1,0.0,72.3,7.0,0.4745,0
14.1,0.0,72.3,7.0,0.4745,0
13.7,0.0,5.3,7.0,0.1622,1
12.5,0.0,5.3,7.0,0.1622,1
12.5,0.0,5.3,7.0,0.1622,1
14.1,0.0,72.3,7.0,0.4706,1
14.1,0.0,72.3,7.0,0.4706,1
14.1,0.0,72.3,7.0,0.4745,0
12.3,0.0,75.8,7.0,0.2561,1
12.3,0.0,75.8,7.0,0.2561,1
12.3,0.0,75.8,7.0,0.2561,1
12.3,0.0,75.8,7.0,0.2561,1
12.3,0.0,75.8,7.0,0.2561,1
12.3,0.0,75.8,7.0,0.2561,1
12.3,0.0,75.8,7.0,0.2561,1
12.3,0.0,75.8,7.0,0.2561,1
14.1,0.0,72.3,7.0,0.4745,0
14.1,0.0,72.3,7.0,0.4745,0
14.1,0.0,72.3,7.0,0.4745,0
14.1,0.0,72.3,7.0,0.4745,0
14.1,0.0,72.3,7.0,0.4745,0
14.1,0.0,72.3,7.0,0.4706,1
14.1,0.0,72.3,7.0,0.4706,1
14.1,0.0,72.3,7.0,0.4745,0
15.3,0.0,100.0,7.0,0.2636,0
15.3,0.0,100.0,7.0,0.2636,0
15.3,0.0,100.0,7.0,0.2636,0
15.3,0.0,100.0,7.0,0.2636,0
15.1,0.0,100.0,7.0,0.2636,0
15.3,0.0,100.0,7.0,0.2636,0
15.3,0.0,100.0,7.0,0.2636,0
15.3,0.0,100.0,7.0,0.2636,0
15.3,0.0,100.0,7.0,0.2636,0
15.3,0.0,100.0,7.0,0.2636,0
13.5,0.0,80.9,7.0,0.1404,0
13.5,0.0,80.9,7.0,0.1404,0
16.1,0.0,80.9,7.0,0.1404,0
16.0,2.0,84.4,7.0,0.1461,0
15.2,0.0,84.9,7.0,0.1154,0
12.4,0.0,84.9,7.0,0.1154,0
14.7,0.0,84.6,7.0,0.2299,0
14.2,0.0,80.9,7.0,0.1404,0
14.4,0.0,80.9,7.0,0.1404,0
14.2,0.0,80.9,7.0,0.1316,1
13.0,0.0,88.3,7.0,0.2235,0
13.0,0.0,88.3,7.0,0.2235,0
13.0,0.0,88.3,7.0,0.2235,0
13.0,0.0,88.3,7.0,0.2235,0
15.1,0.0,88.3,7.0,0.2176,1
15.1,0.0,88.3,7.0,0.2235,0
15.1,0.0,88.3,7.0,0.2235,0
14.2,0.0,88.3,7.0,0.2176,1
15.1,0.0,88.3,7.0,0.2176,1
13.3,2.0,88.3,7.0,0.2235,0
15.6,0.0,82.0,7.0,0.1403,1
15.6,0.0,82.0,7.0,0.1448,0
13.9,0.0,100.0,7.0,0.0,0
13.9,0.0,100.0,7.0,0.0,0
15.6,0.0,82.0,7.0,0.1448,0
15.6,0.0,82.0,7.0,0.1448,0
15.6,0.0,82.0,7.0,0.1448,0
13.9,0.0,100.0,7.0,0.0,0
15.6,0.0,82.0,7.0,0.1448,0
15.6,0.0,82.0,7.0,0.1403,1
15.6,0.0,82.0,7.0,0.1448,0
15.6,0.0,82.0,7.0,0.1403,1
13.9,0.0,100.0,7.0,0.0,0
13.9,0.0,100.0,7.0,0.0,0
15.6,0.0,82.0,7.0,0.1448,0
15.6,0.0,82.0,7.0,0.1403,1
15.6,0.0,82.0,7.0,0.1448,0
15.8,0.0,84.9,7.0,0.1154,0
15.6,0.0,82.0,7.0,0.1448,0
15.6,0.0,82.0,7.0,0.1448,0
15.6,0.0,82.0,7.0,0.1448,0
15.6,0.0,82.0,7.0,0.1448,0
15.6,0.0,82.0,7.0,0.1403,1
15.6,0.0,82.0,7.0,0.1403,1
15.6,0.0,82.0,7.0,0.1448,0
12.2,0.0,100.0,7.0,0.1,0
16.0,0.0,92.5,7.0,0.519,0
16.0,0.0,92.5,7.0,0.519,0
16.0,0.0,92.5,7.0,0.519,0
16.0,0.0,92.5,7.0,0.519,0
16.0,0.0,92.5,7.0,0.519,0
16.0,0.0,92.5,7.0,0.519,0
16.0,0.0,92.5,7.0,0.519,0
16.0,0.0,92.5,7.0,0.519,0
16.0,0.0,92.5,7.0,0.519,0
16.0,1.0,92.5,7.0,0.519,0
16.0,0.0,92.5,7.0,0.519,0
12.2,0.0,100.0,7.0,0.1,0
12.2,0.0,100.0,7.0,0.1,0
12.2,0.0,100.0,7.0,0.1,0
14.9,0.0,26.0,7.0,0.0909,0
12.2,0.0,100.0,7.0,0.1,0
14.0,0.0,92.5,7.0,0.519,0
14.9,0.0,26.0,7.0,0.0909,0
12.2,0.0,100.0,7.0,0.1,0
12.2,0.0,100.0,7.0,0.1,0
13.6,0.0,37.2,7.0,0.119,0
12.2,0.0,100.0,7.0,0.1,0
12.6,0.0,26.0,7.0,0.0909,0
12.6,0.0,26.0,7.0,0.0909,0
12.2,0.0,100.0,7.0,0.1,0
12.2,0.0,100.0,7.0,0.1,0
14.4,0.0,33.9,7.0,0.2895,1
15.4,0.0,62.5,7.0,0.2636,0
15.2,0.0,90.6,7.0,0.0296,0
14.2,0.0,90.6,7.0,0.0296,0
14.2,0.0,90.6,7.0,0.0296,0
12.8,0.0,90.6,7.0,0.0296,0
12.9,0.0,40.0,7.0,0.2636,0
14.4,0.0,0.0,7.0,0.6701,1
14.4,0.0,0.0,7.0,0.6701,1
14.4,0.0,0.0,7.0,0.6804,0
14.4,0.0,0.0,7.0,0.6701,1
14.4,0.0,0.0,7.0,0.6701,1
14.4,0.0,0.0,7.0,0.6804,0
12.2,0.0,100.0,7.0,0.1,0
12.2,0.0,100.0,7.0,0.1,0
12.2,0.0,100.0,7.0,0.1,0
12.2,0.0,100.0,7.0,0.1,0
12.2,0.0,100.0,7.0,0.1,0
12.2,0.0,100.0,7.0,0.1,0
12.2,0.0,100.0,7.0,0.1,0
12.2,0.0,100.0,7.0,0.1,0
12.2,0.0,100.0,7.0,0.1,0
12.2,0.0,100.0,7.0,0.1,0
12.2,0.0,100.0,7.0,0.1,0
12.2,0.0,100.0,7.0,0.1,0
12.2,0.0,100.0,7.0,0.1,0
12.2,0.0,100.0,7.0,0.1,0
12.2,0.0,100.0,7.0,0.1,0
12.2,0.0,100.0,7.0,0.1,0
12.4,0.0,26.0,7.0,0.0909,0
12.6,0.0,26.0,7.0,0.0909,0
12.4,0.0,26.0,7.0,0.0909,0
14.9,0.0,26.0,7.0,0.0909,0
12.6,0.0,26.0,7.0,0.0909,0
14.9,0.0,26.0,7.0,0.0909,0
14.2,0.0,26.0,7.0,0.0909,0
12.4,0.0,26.0,7.0,0.0909,0
14.9,0.0,26.0,7.0,0.0909,0
13.4,0.0,14.3,9.0,0.2636,0
14.4,0.0,13.7,7.0,0.1099,0
14.9,0.0,13.7,7.0,0.1099,0
14.9,0.0,13.7,7.0,0.1099,0
14.4,0.0,13.7,7.0,0.1099,0
14.0,0.0,13.7,7.0,0.1099,0
14.4,0.0,13.7,7.0,0.1099,0
14.4,0.0,13.7,7.0,0.1099,0
14.9,0.0,13.7,8.0,0.1099,0
14.9,0.0,13.7,8.0,0.1099,0
14.9,0.0,13.7,8.0,0.1099,0
14.9,0.0,13.7,7.0,0.1099,0
14.9,0.0,13.7,7.0,0.1099,0
14.9,0.0,13.7,7.0,0.1099,0
14.9,0.0,13.7,7.0,0.1099,0
14.9,0.0,13.7,7.0,0.1099,0
14.9,0.0,13.7,7.0,0.1099,0
13.9,0.0,13.7,7.0,0.1099,0
16.2,0.0,100.0,7.0,0.2636,0
15.6,0.0,80.9,7.0,0.1404,0
15.6,0.0,80.9,7.0,0.1404,0
15.6,0.0,80.9,7.0,0.1404,0
15.6,0.0,80.9,7.0,0.1404,0
15.6,0.0,80.9,7.0,0.1404,0
15.6,0.0,80.9,7.0,0.1404,0
15.6,0.0,80.9,7.0,0.1404,0
15.6,0.0,80.9,7.0,0.1404,0
15.6,0.0,80.9,7.0,0.1404,0
15.6,0.0,80.9,7.0,0.1404,0
15.6,0.0,80.9,7.0,0.1404,0
15.6,0.0,80.9,7.0,0.1404,0
15.6,0.0,80.9,7.0,0.1404,0
15.6,0.0,80.9,7.0,0.1404,0
15.6,0.0,80.9,7.0,0.1404,0
15.6,0.0,80.9,7.0,0.1404,0
15.6,0.0,80.9,7.0,0.1404,0
15.6,0.0,80.9,7.0,0.1404,0
15.6,0.0,80.9,7.0,0.1404,0
15.6,0.0,80.9,7.0,0.1404,0
13.6,0.0,90.6,7.0,0.0296,0
13.6,0.0,90.6,7.0,0.0296,0
13.6,0.0,90.6,7.0,0.0296,0
13.6,0.0,90.6,7.0,0.0296,0
13.6,0.0,90.6,7.0,0.0296,0
12.8,0.0,90.6,7.0,0.0296,0
15.4,0.0,64.4,7.0,0.2727,0
15.4,0.0,64.4,7.0,0.2727,0
15.4,0.0,62.5,8.0,0.2636,0
15.4,0.0,62.5,7.0,0.2636,0
15.4,0.0,64.4,7.0,0.2727,0
14.6,0.0,56.5,7.0,0.807,1
15.4,0.0,64.4,7.0,0.2727,0
14.6,0.0,56.5,7.0,0.807,1
14.6,0.0,56.5,7.0,0.807,1
14.4,1.0,0.0,7.0,0.2636,0
14.4,1.0,0.0,7.0,0.2636,0
14.7,1.0,0.0,7.0,0.2636,0
15.8,0.0,95.2,7.0,0.0097,0
14.8,0.0,76.9,9.0,0.3271,0
14.4,0.0,0.0,7.0,0.2636,0
13.0,0.0,76.1,7.0,0.5443,0
15.7,1.0,82.0,7.0,0.1403,1
13.0,0.0,76.1,7.0,0.5443,0
14.9,0.0,13.7,7.0,0.1044,1
14.3,0.0,13.7,8.0,0.1044,1
14.3,0.0,13.7,7.0,0.1044,1
14.3,0.0,13.7,7.0,0.1099,0
14.3,0.0,13.7,7.0,0.1044,1
14.3,0.0,13.7,7.0,0.1099,0
14.3,0.0,13.7,7.0,0.1044,1
14.3,0.0,13.7,7.0,0.1044,1
14.3,0.0,13.7,8.0,0.1044,1
14.3,0.0,13.7,7.0,0.1099,0
14.3,0.0,13.7,7.0,0.1099,0
13.9,0.0,13.7,7.0,0.1044,1
13.0,0.0,76.1,7.0,0.5443,0
15.8,0.0,95.2,7.0,0.0097,0
13.0,0.0,76.1,7.0,0.538,1
13.3,0.0,43.8,9.0,0.4545,1
13.0,0.0,76.1,7.0,0.538,1
14.9,0.0,13.7,7.0,0.1099,0
14.9,0.0,67.6,7.0,0.0556,0
13.0,0.0,76.1,7.0,0.538,1
13.0,0.0,76.1,7.0,0.538,1
13.0,0.0,76.1,7.0,0.538,1
13.0,0.0,76.1,7.0,0.538,1
15.6,0.0,90.0,7.0,0.1628,0
15.6,0.0,90.0,7.0,0.1628,0
15.6,0.0,90.0,7.0,0.1628,0
15.6,0.0,90.0,7.0,0.1628,0
14.9,0.0,26.0,7.0,0.0909,0
14.4,0.0,41.6,8.0,0.3207,0
14.4,0.0,41.6,7.0,0.3152,1
14.4,0.0,41.6,7.0,0.3207,0
14.4,0.0,41.6,7.0,0.3207,0
13.8,0.0,41.6,7.0,0.3207,0
12.1,0.0,56.7,7.0,0.322,0
14.0,0.0,51.9,7.0,0.3774,0
16.0,0.0,51.9,7.0,0.3585,1
16.0,0.0,51.9,7.0,0.3774,0
16.0,0.0,51.9,7.0,0.3774,0
14.7,0.0,33.9,7.0,0.2895,1
15.3,0.0,69.6,7.0,0.3556,0
14.9,0.0,61.2,7.0,0.375,0
14.9,0.0,61.2,7.0,0.375,0
14.9,0.0,61.2,7.0,0.375,0
14.9,0.0,61.2,7.0,0.375,0
14.9,0.0,61.2,7.0,0.375,0
14.9,0.0,61.2,7.0,0.375,0
14.9,0.0,61.2,7.0,0.375,0
14.9,0.0,61.2,7.0,0.375,0
14.9,0.0,61.2,7.0,0.375,0
14.9,0.0,61.2,7.0,0.375,0
14.9,0.0,61.2,7.0,0.375,0
14.9,0.0,61.2,7.0,0.375,0
14.9,0.0,61.2,7.0,0.375,0
14.9,0.0,61.2,7.0,0.375,0
14.9,0.0,61.2,7.0,0.375,0
13.8,0.0,72.0,7.0,0.2041,0
14.8,0.0,76.1,7.0,0.1778,0
12.2,0.0,100.0,7.0,0.1,0
12.2,0.0,100.0,7.0,0.1,0
12.2,0.0,100.0,7.0,0.1,0
12.2,0.0,100.0,7.0,0.1,0
12.2,0.0,100.0,7.0,0.1,0
12.2,0.0,100.0,7.0,0.1,0
14.4,0.0,0.0,7.0,0.6701,1
12.2,0.0,100.0,7.0,0.1,0
12.2,0.0,100.0,7.0,0.1,0
12.2,0.0,100.0,7.0,0.1,0
12.2,0.0,100.0,7.0,0.1,0
12.2,0.0,100.0,7.0,0.1,0
15.7,0.0,53.0,7.0,0.2105,0
15.5,0.0,53.0,7.0,0.2105,0
16.0,0.0,53.0,7.0,0.203,1
16.0,0.0,53.0,7.0,0.203,1
16.0,0.0,53.0,7.0,0.2105,0
14.4,0.0,65.3,7.0,0.3542,0
14.4,0.0,65.3,7.0,0.3542,0
14.9,0.0,89.2,7.0,0.1094,0
16.1,0.0,96.3,7.0,0.0377,0
12.1,0.0,42.5,7.0,0.5723,1
12.1,0.0,42.5,7.0,0.5723,1
12.1,0.0,42.5,7.0,0.5723,1
12.1,0.0,42.5,7.0,0.5723,1
12.1,0.0,42.5,7.0,0.5723,1
12.1,0.0,42.5,7.0,0.5723,1
12.1,0.0,42.5,7.0,0.5723,1
12.1,0.0,42.5,7.0,0.5723,1
12.1,0.0,42.5,7.0,0.5723,1
12.1,0.0,42.5,7.0,0.5723,1
13.3,0.0,66.7,7.0,0.0488,0
13.3,0.0,66.7,7.0,0.0488,0
13.3,0.0,66.7,7.0,0.0488,0
13.3,0.0,66.7,7.0,0.0488,0
12.9,0.0,88.4,7.0,0.009,0
15.2,0.0,76.9,7.0,0.3271,0
14.0,0.0,88.4,7.0,0.009,0
12.6,0.0,88.4,7.0,0.009,0
12.5,0.0,62.9,7.0,0.2353,1
13.9,0.0,55.9,7.0,0.4706,0
16.0,0.0,69.3,7.0,0.3882,0
16.2,0.0,69.3,7.0,0.3816,1
16.1,0.0,69.3,7.0,0.3882,0
16.2,0.0,69.3,7.0,0.3816,1
16.2,0.0,69.3,7.0,0.3816,1
16.2,0.0,69.3,7.0,0.3816,1
12.5,0.0,62.9,7.0,0.2353,1
12.5,0.0,62.9,7.0,0.2647,0
12.5,0.0,62.9,7.0,0.2647,0
12.5,0.0,62.9,7.0,0.2353,1
12.5,0.0,62.9,7.0,0.2353,1
12.5,0.0,62.9,7.0,0.2353,1
12.5,0.0,62.9,7.0,0.2647,0
12.5,0.0,62.9,7.0,0.2647,0
12.5,0.0,62.9,7.0,0.2647,0
12.5,0.0,62.9,7.0,0.2647,0
12.5,0.0,62.9,7.0,0.2647,0
12.5,0.0,62.9,7.0,0.2353,1
12.5,0.0,62.9,7.0,0.2647,0
12.5,0.0,62.9,7.0,0.2647,0
12.5,0.0,62.9,7.0,0.2647,0
12.5,0.0,62.9,7.0,0.2647,0
12.5,0.0,62.9,7.0,0.2647,0
13.0,0.0,78.7,7.0,0.1905,1
13.7,0.0,83.3,7.0,0.2636,0
13.9,0.0,83.3,7.0,0.2636,0
13.5,0.0,86.2,7.0,0.3069,0
13.5,0.0,86.2,7.0,0.3069,0
13.5,0.0,86.2,7.0,0.3069,0
13.5,0.0,86.2,7.0,0.3069,0
13.5,0.0,86.2,7.0,0.3069,0
13.5,0.0,86.2,7.0,0.3069,0
13.5,0.0,86.2,7.0,0.3069,0
13.5,0.0,86.2,7.0,0.3069,0
13.5,0.0,86.2,7.0,0.3069,0
13.5,0.0,86.2,7.0,0.3069,0
16.2,0.0,69.3,7.0,0.3882,0
15.7,0.0,69.3,7.0,0.3882,0
16.1,0.0,69.3,7.0,0.3816,1
16.2,0.0,69.3,7.0,0.3816,1
16.0,0.0,69.3,7.0,0.3882,0
16.0,0.0,69.3,7.0,0.3882,0
15.2,0.0,63.8,7.0,0.3869,0
14.4,0.0,41.6,7.0,0.3207,0
14.4,0.0,41.6,7.0,0.3207,0
13.5,0.0,41.6,7.0,0.3207,0
14.4,0.0,41.6,7.0,0.3207,0
14.4,0.0,41.6,7.0,0.3207,0
14.4,0.0,41.6,7.0,0.3207,0
14.4,0.0,41.6,7.0,0.3152,1
14.4,0.0,41.6,7.0,0.3207,0
14.4,0.0,41.6,7.0,0.3207,0
16.0,0.0,63.8,7.0,0.3869,0
13.5,0.0,86.2,7.0,0.3069,0
13.5,0.0,86.2,7.0,0.3069,0
13.5,0.0,86.2,7.0,0.3069,0
12.8,0.0,86.2,7.0,0.302,1
16.0,0.0,69.3,7.0,0.3882,0
16.0,0.0,69.3,7.0,0.3816,1
16.1,0.0,69.3,7.0,0.3882,0
16.0,0.0,69.3,7.0,0.3816,1
15.0,0.0,69.3,7.0,0.3816,1
16.2,0.0,69.3,7.0,0.3816,1
13.4,0.0,69.3,7.0,0.3816,1
15.1,0.0,76.9,7.0,0.3271,0
12.1,0.0,42.5,7.0,0.5723,1
12.1,0.0,42.5,7.0,0.5723,1
12.1,0.0,42.5,7.0,0.5723,1
12.1,0.0,42.5,7.0,0.5723,1
12.1,0.0,42.5,7.0,0.5723,1
12.1,0.0,42.5,7.0,0.5723,1
12.1,0.0,42.5,7.0,0.5723,1
12.1,0.0,42.5,7.0,0.5723,1
12.1,0.0,42.5,7.0,0.5723,1
12.1,0.0,42.5,7.0,0.5723,1
12.1,0.0,42.5,7.0,0.5723,1
12.1,0.0,42.5,7.0,0.5723,1
12.1,0.0,42.5,7.0,0.5723,1
12.1,0.0,42.5,7.0,0.5723,1
12.1,0.0,42.5,7.0,0.5723,1
12.1,0.0,42.5,7.0,0.5723,1
12.1,0.0,42.5,7.0,0.5723,1
12.1,0.0,42.5,7.0,0.5723,1
12.1,0.0,42.5,7.0,0.5723,1
12.1,0.0,42.5,7.0,0.5723,1
14.1,0.0,0.0,9.0,0.2636,1
14.6,0.0,100.0,7.0,0.2636,0
14.1,0.0,0.0,9.0,0.2636,1
13.5,0.0,47.1,7.0,0.7282,0
13.0,0.0,73.0,7.0,0.0068,0
13.0,0.0,0.0,7.0,0.2636,1
13.0,0.0,0.0,7.0,0.2636,0
13.0,0.0,0.0,7.0,0.2636,0
13.0,0.0,0.0,7.0,0.2636,0
14.2,0.0,0.0,9.0,0.2636,1
16.0,0.0,51.9,7.0,0.3774,0
15.4,0.0,51.9,8.0,0.3774,0
15.4,0.0,51.9,8.0,0.3585,1
15.6,0.0,72.0,7.0,0.2636,0
12.3,0.0,100.0,7.0,0.2636,0
12.2,0.0,83.8,7.0,0.0058,0
12.2,0.0,83.8,7.0,0.0058,0
12.1,0.0,83.8,7.0,0.0058,0
12.2,0.0,83.8,7.0,0.0058,0
12.2,0.0,83.8,7.0,0.0058,0
12.2,0.0,83.8,7.0,0.0058,0
12.2,0.0,83.8,7.0,0.0058,0
12.1,0.0,42.5,7.0,0.5723,1
12.1,0.0,42.5,7.0,0.5723,1
12.1,0.0,42.5,7.0,0.5723,1
12.1,0.0,42.5,7.0,0.5723,1
12.1,0.0,42.5,7.0,0.5723,1
12.1,0.0,42.5,7.0,0.5723,1
12.1,0.0,42.5,7.0,0.5723,1
12.1,0.0,42.5,7.0,0.5723,1
12.1,0.0,42.5,7.0,0.5723,1
12.1,0.0,42.5,7.0,0.5723,1
12.1,0.0,42.5,7.0,0.5723,1
12.1,0.0,42.5,7.0,0.5723,1
12.1,0.0,42.5,7.0,0.5723,1
12.1,0.0,42.5,7.0,0.5723,1
12.1,0.0,42.5,7.0,0.5723,1
12.1,0.0,42.5,7.0,0.5723,1
12.1,0.0,42.5,7.0,0.5723,1
12.1,0.0,42.5,7.0,0.5723,1
12.1,0.0,42.5,7.0,0.5723,1
12.1,0.0,42.5,7.0,0.5723,1
12.1,0.0,42.5,7.0,0.5723,1
12.1,0.0,42.5,7.0,0.5723,1
12.1,0.0,42.5,7.0,0.5723,1
12.1,0.0,42.5,7.0,0.5723,1
12.1,0.0,42.5,7.0,0.5723,1
12.1,0.0,42.5,7.0,0.5723,1
12.1,0.0,42.5,7.0,0.5723,1
12.1,0.0,42.5,7.0,0.5723,1
12.1,0.0,42.5,7.0,0.5723,1
12.1,0.0,42.5,7.0,0.5723,1
12.1,0.0,42.5,7.0,0.5723,1
12.1,0.0,42.5,7.0,0.5723,1
12.1,0.0,42.5,7.0,0.5723,1
14.3,0.0,13.7,7.0,0.1099,0
14.9,0.0,13.7,7.0,0.1099,0
14.9,0.0,13.7,7.0,0.1099,0
14.0,0.0,13.7,7.0,0.1099,0
14.9,0.0,13.7,7.0,0.1099,0
12.9,0.0,13.7,7.0,0.1099,0
12.9,0.0,13.7,7.0,0.1099,0
12.9,0.0,13.7,7.0,0.1099,0
13.9,0.0,55.9,7.0,0.4706,0
13.9,0.0,55.9,7.0,0.4652,1
14.9,0.0,13.7,7.0,0.1099,0
12.5,0.0,13.7,7.0,0.1044,1
14.9,0.0,13.7,7.0,0.1099,0
14.9,0.0,13.7,7.0,0.1099,0
13.9,0.0,13.7,7.0,0.1099,0
14.3,0.0,13.7,7.0,0.1099,0
14.3,0.0,13.7,7.0,0.1099,0
14.3,0.0,13.7,7.0,0.1099,0
12.2,0.0,66.7,7.0,0.2636,0
13.3,0.0,66.7,7.0,0.2636,0
13.3,0.0,66.7,8.0,0.2636,0
14.9,0.0,27.3,7.0,0.6875,1
13.7,0.0,27.3,7.0,0.6937,0
14.9,0.0,27.3,7.0,0.6875,1
15.0,0.0,27.3,7.0,0.6875,1
15.0,0.0,27.3,7.0,0.6937,0
14.9,0.0,27.3,7.0,0.6875,1
13.5,0.0,27.3,7.0,0.6875,1
15.0,0.0,27.3,7.0,0.6875,1
13.7,0.0,27.3,7.0,0.6875,1
15.0,0.0,27.3,7.0,0.6875,1
15.0,0.0,27.3,7.0,0.6875,1
15.0,0.0,27.3,7.0,0.6937,0
14.9,0.0,27.3,7.0,0.6875,1
13.5,0.0,27.3,7.0,0.6937,0
16.0,0.0,97.8,7.0,0.0227,0
13.9,0.0,97.8,7.0,0.0227,0
15.8,0.0,100.0,7.0,0.2636,1
15.8,0.0,100.0,7.0,0.2636,0
15.8,0.0,100.0,7.0,0.2636,1
15.8,0.0,100.0,7.0,0.2636,1
14.6,0.0,55.9,7.0,0.4652,1
14.6,0.0,55.9,7.0,0.4652,1
14.6,0.0,55.9,7.0,0.4652,1
14.6,0.0,55.9,7.0,0.4652,1
14.6,0.0,55.9,7.0,0.4706,0
14.6,0.0,55.9,7.0,0.4652,1
14.6,0.0,55.9,7.0,0.4706,0
14.6,0.0,55.9,7.0,0.4706,0
15.0,0.0,55.9,7.0,0.4706,0
15.0,0.0,55.9,7.0,0.4706,0
16.0,0.0,70.4,7.0,0.2636,0
14.9,0.0,50.0,7.0,0.0286,0
12.9,0.0,4.8,7.0,0.2636,0
13.5,0.0,62.9,7.0,0.1698,0
13.3,0.0,62.9,7.0,0.1698,0
12.1,0.0,62.9,7.0,0.1698,0
13.7,0.0,62.9,7.0,0.1698,0
13.7,0.0,62.9,7.0,0.1651,1
13.3,0.0,62.9,7.0,0.1698,0
13.7,0.0,62.9,7.0,0.1698,0
14.4,0.0,62.9,7.0,0.1698,0
13.3,0.0,62.9,7.0,0.1698,0
14.4,0.0,62.9,7.0,0.1698,0
15.1,0.0,69.3,7.0,0.3882,0
15.1,0.0,69.3,7.0,0.3882,0
15.7,0.0,69.3,7.0,0.3882,0
15.3,0.0,69.3,7.0,0.3882,0
15.7,0.0,69.3,7.0,0.3882,0
16.1,0.0,69.3,7.0,0.3816,1
16.1,0.0,69.3,7.0,0.3816,1
16.1,0.0,69.3,7.0,0.3816,1
16.1,0.0,69.3,7.0,0.3816,1
16.1,0.0,69.3,7.0,0.3816,1
16.1,0.0,69.3,7.0,0.3816,1
16.1,0.0,69.3,7.0,0.3816,1
16.1,0.0,69.3,7.0,0.3816,1
15.7,0.0,69.3,7.0,0.3816,1
14.0,0.0,77.9,7.0,0.2239,0
14.5,0.0,18.8,7.0,0.2636,0
14.5,0.0,18.8,7.0,0.2636,0
13.9,0.0,100.0,7.0,0.2636,0
13.9,0.0,100.0,7.0,0.2636,0
13.9,0.0,100.0,7.0,0.2636,0
13.9,0.0,100.0,7.0,0.2636,0
14.4,0.0,33.9,7.0,0.2982,0
13.6,0.0,26.7,7.0,0.2636,0
13.7,0.0,84.6,7.0,0.2285,1
13.7,0.0,84.6,7.0,0.2285,1
13.7,0.0,84.6,7.0,0.2299,0
13.7,0.0,84.6,7.0,0.2299,0
13.7,0.0,84.6,7.0,0.2285,1
13.0,0.0,84.6,7.0,0.2299,0
13.7,0.0,84.6,7.0,0.2285,1
13.7,0.0,84.6,7.0,0.2299,0
13.7,0.0,84.6,7.0,0.2285,1
13.7,0.0,84.6,7.0,0.2299,0
13.6,0.0,39.4,7.0,0.2315,0
13.6,0.0,39.4,7.0,0.2315,0
13.6,0.0,39.4,7.0,0.2315,0
13.6,0.0,39.4,7.0,0.2315,0
13.6,0.0,39.4,7.0,0.2315,0
13.6,0.0,39.4,7.0,0.2315,0
13.6,0.0,39.4,7.0,0.2315,0
13.6,0.0,39.4,7.0,0.2315,0
13.6,0.0,39.4,7.0,0.2315,0
13.6,0.0,39.4,7.0,0.2315,0
13.6,0.0,39.4,7.0,0.2222,1
13.6,0.0,39.4,7.0,0.2315,0
13.6,0.0,39.4,7.0,0.2315,0
14.5,0.0,39.4,7.0,0.2315,0
14.5,0.0,39.4,7.0,0.2315,0
14.5,0.0,39.4,7.0,0.2222,1
14.5,0.0,39.4,7.0,0.2315,0
13.6,0.0,39.4,7.0,0.2315,0
13.3,0.0,78.8,7.0,0.2812,1
13.3,0.0,78.8,7.0,0.2812,1
14.3,0.0,33.9,8.0,0.2982,0
13.7,0.0,77.5,7.0,0.1795,0
13.7,0.0,77.5,7.0,0.1795,0
14.8,0.0,77.5,7.0,0.1538,1
13.7,0.0,77.5,7.0,0.1795,0
15.1,0.0,49.3,7.0,0.1176,0
14.8,0.0,77.5,7.0,0.1795,0
14.5,0.0,49.3,7.0,0.1176,0
15.1,0.0,86.5,7.0,0.3056,1
12.8,0.0,77.5,8.0,0.1795,0
13.2,0.0,77.5,7.0,0.1538,1
13.7,0.0,77.5,8.0,0.1795,0
13.2,0.0,77.5,7.0,0.1795,0
14.8,0.0,77.5,7.0,0.1538,1
14.8,0.0,77.5,7.0,0.1795,0
12.7,0.0,85.9,7.0,0.0,0
14.8,0.0,77.5,7.0,0.1795,0
13.7,0.0,77.5,8.0,0.1795,0
12.8,0.0,77.5,7.0,0.1795,0
12.8,0.0,77.5,8.0,0.1795,0
13.2,0.0,77.5,7.0,0.1795,0
13.5,0.0,50.0,7.0,0.2113,0
13.5,0.0,50.0,7.0,0.2113,0
13.1,0.0,50.0,7.0,0.2113,0
14.4,0.0,33.9,7.0,0.2982,0
13.0,0.0,78.7,7.0,0.1905,1
14.1,0.0,66.7,7.0,0.2636,0
12.4,0.0,66.7,7.0,0.2636,0
15.6,0.0,77.5,7.0,0.1795,0
15.3,0.0,73.7,7.0,0.2636,0
15.3,0.0,73.7,7.0,0.2636,0
15.3,0.0,92.3,7.0,0.2636,0
15.3,0.0,92.3,7.0,0.2636,0
15.3,0.0,92.3,7.0,0.2636,0
15.3,0.0,92.3,7.0,0.2636,1
15.3,0.0,92.3,7.0,0.2636,1
15.6,0.0,73.7,7.0,0.2636,0
15.3,0.0,73.7,7.0,0.2636,0
15.3,0.0,92.3,7.0,0.2636,1
13.6,0.0,94.0,7.0,0.435,0
13.6,0.0,94.0,7.0,0.435,0
13.6,0.0,94.0,7.0,0.435,0
13.6,0.0,94.0,7.0,0.435,0
13.6,0.0,94.0,7.0,0.435,0
13.6,0.0,94.0,7.0,0.435,0
13.6,0.0,94.0,7.0,0.435,0
13.6,0.0,94.0,7.0,0.435,0
13.6,0.0,94.0,7.0,0.435,0
14.0,0.0,74.4,7.0,0.3127,1
14.0,0.0,74.4,7.0,0.3127,1
13.6,0.0,94.0,7.0,0.435,0
13.6,0.0,94.0,7.0,0.435,0
13.6,0.0,94.0,7.0,0.435,0
13.6,0.0,94.0,7.0,0.435,0
14.0,0.0,74.4,7.0,0.3127,1
14.0,0.0,77.9,7.0,0.2239,0
13.6,0.0,94.0,7.0,0.435,0
13.6,0.0,94.0,7.0,0.435,0
13.6,0.0,94.0,7.0,0.435,0
13.6,0.0,94.0,7.0,0.435,0
13.6,0.0,94.0,7.0,0.435,0
13.6,0.0,94.0,7.0,0.435,0
14.0,0.0,77.9,7.0,0.2239,0
12.9,0.0,94.0,7.0,0.43,1
14.0,0.0,77.9,7.0,0.2239,0
14.0,0.0,77.9,7.0,0.2239,0
13.6,0.0,94.0,7.0,0.435,0
13.6,0.0,94.0,7.0,0.435,0
12.9,0.0,94.0,7.0,0.435,0
13.6,0.0,94.0,7.0,0.435,0
13.6,0.0,94.0,7.0,0.435,0
13.6,0.0,94.0,7.0,0.435,0
13.6,0.0,94.0,7.0,0.435,0
13.6,0.0,94.0,7.0,0.435,0
14.0,0.0,74.4,7.0,0.3127,1
14.0,0.0,74.4,7.0,0.3127,1
14.0,0.0,74.4,7.0,0.3127,1
14.0,0.0,74.4,7.0,0.3127,1
14.0,0.0,74.4,7.0,0.3127,1
14.0,0.0,74.4,7.0,0.3127,1
14.0,0.0,74.4,7.0,0.3127,1
13.6,0.0,94.0,7.0,0.435,0
13.6,0.0,94.0,7.0,0.435,0
13.6,0.0,94.0,7.0,0.435,0
13.6,0.0,94.0,7.0,0.435,0
13.6,0.0,94.0,7.0,0.435,0
13.6,0.0,94.0,7.0,0.435,0
13.6,0.0,94.0,7.0,0.435,0
13.6,0.0,94.0,7.0,0.435,0
13.6,0.0,94.0,7.0,0.435,0
14.0,0.0,74.4,7.0,0.3127,1
14.0,0.0,74.4,7.0,0.3127,1
14.0,0.0,74.4,7.0,0.3127,1
14.0,0.0,74.4,7.0,0.3127,1
13.6,0.0,94.0,7.0,0.435,0
13.6,0.0,94.0,7.0,0.435,0
13.6,0.0,94.0,7.0,0.435,0
13.6,0.0,94.0,7.0,0.435,0
13.6,0.0,94.0,7.0,0.435,0
13.6,0.0,94.0,7.0,0.435,0
13.6,0.0,94.0,7.0,0.435,0
13.6,0.0,94.0,7.0,0.435,0
13.6,0.0,94.0,7.0,0.435,0
13.6,0.0,94.0,7.0,0.435,0
13.6,0.0,94.0,7.0,0.435,0
13.6,0.0,94.0,7.0,0.435,0
13.6,0.0,94.0,7.0,0.435,0
13.6,0.0,94.0,7.0,0.435,0
13.6,0.0,94.0,7.0,0.435,0
14.0,0.0,74.4,7.0,0.3127,1
13.6,0.0,94.0,7.0,0.435,0
14.0,0.0,74.4,7.0,0.3127,1
14.0,0.0,74.4,7.0,0.3127,1
13.6,0.0,94.0,7.0,0.435,0
13.6,0.0,94.0,7.0,0.435,0
14.0,0.0,74.4,7.0,0.3127,1
14.0,0.0,74.4,7.0,0.3127,1
14.0,0.0,74.4,7.0,0.3127,1
14.0,0.0,74.4,7.0,0.3127,1
14.0,0.0,74.4,7.0,0.3127,1
14.0,0.0,74.4,7.0,0.3127,1
14.0,0.0,74.4,7.0,0.3127,1
14.0,0.0,74.4,7.0,0.3127,1
14.0,0.0,74.4,7.0,0.3127,1
14.0,0.0,74.4,7.0,0.3127,1
14.0,0.0,74.4,7.0,0.3127,1
14.2,1.0,86.2,7.0,0.302,1
14.5,0.0,59.7,7.0,0.4789,0
14.5,0.0,61.7,7.0,0.0,0
14.5,0.0,61.7,7.0,0.0,0
14.5,0.0,61.7,7.0,0.0,0
14.4,0.0,0.0,7.0,0.6804,0
14.4,0.0,0.0,7.0,0.6804,0
14.4,0.0,0.0,7.0,0.6701,1
14.4,0.0,0.0,7.0,0.6701,1
16.1,0.0,53.0,7.0,0.2105,0
12.4,0.0,87.8,7.0,0.1644,0
15.1,0.0,65.7,7.0,0.7353,1
14.5,0.0,21.9,7.0,0.1824,0
14.5,0.0,21.9,7.0,0.1824,0
13.1,0.0,50.0,7.0,0.1972,1
14.5,0.0,21.9,7.0,0.1824,0
13.1,0.0,50.0,7.0,0.2113,0
14.5,0.0,21.9,7.0,0.1824,0
14.0,0.0,21.9,7.0,0.1824,0
14.5,0.0,21.9,7.0,0.1824,0
14.5,0.0,21.9,7.0,0.1824,0
12.1,0.0,50.0,7.0,0.2113,0
14.5,0.0,21.9,7.0,0.1824,0
14.5,0.0,21.9,7.0,0.1824,0
14.5,0.0,21.9,7.0,0.1824,0
13.7,0.0,90.0,7.0,0.1628,0
14.5,0.0,21.9,7.0,0.1824,0
14.5,0.0,21.9,7.0,0.1824,0
14.5,0.0,21.9,7.0,0.1824,0
14.5,0.0,21.9,7.0,0.1824,0
14.5,0.0,21.9,7.0,0.1824,0
14.5,0.0,21.9,7.0,0.1824,0
14.5,0.0,21.9,7.0,0.1824,0
14.5,0.0,21.9,7.0,0.1824,0
14.5,0.0,21.9,7.0,0.1824,0
14.5,0.0,21.9,7.0,0.1824,0
14.5,0.0,21.9,7.0,0.1824,0
14.5,0.0,21.9,7.0,0.1824,0
15.9,0.0,93.2,7.0,0.0855,0
14.5,0.0,21.9,7.0,0.1824,0
14.5,0.0,21.9,7.0,0.1761,1
14.2,0.0,42.5,7.0,0.1608,0
14.6,0.0,42.5,7.0,0.1608,0
14.2,0.0,42.5,7.0,0.1608,0
14.6,0.0,42.5,7.0,0.1608,0
14.2,0.0,42.5,7.0,0.1608,0
14.2,0.0,42.5,7.0,0.1608,0
14.6,0.0,42.5,7.0,0.1608,0
14.2,0.0,42.5,7.0,0.1608,0
14.2,0.0,42.5,7.0,0.1608,0
14.2,0.0,42.5,7.0,0.1608,0
14.0,0.0,95.2,7.0,0.2636,0
12.9,0.0,42.5,7.0,0.1608,0
14.5,0.0,42.5,7.0,0.1608,0
13.7,0.0,42.5,7.0,0.1608,0
13.7,0.0,42.5,7.0,0.1608,0
12.9,0.0,42.5,7.0,0.1608,0
14.5,0.0,42.5,7.0,0.1608,0
14.2,0.0,43.8,7.0,0.4659,0
12.9,0.0,94.0,7.0,0.435,0
12.9,0.0,94.0,7.0,0.435,0
13.6,0.0,94.0,7.0,0.435,0
13.6,0.0,94.0,7.0,0.435,0
13.6,0.0,94.0,7.0,0.435,0
13.6,0.0,94.0,7.0,0.435,0
13.6,0.0,94.0,7.0,0.435,0
13.6,0.0,94.0,7.0,0.435,0
12.9,0.0,94.0,7.0,0.435,0
13.6,0.0,94.0,7.0,0.435,0
13.6,0.0,94.0,7.0,0.435,0
13.6,0.0,94.0,7.0,0.435,0
13.6,0.0,94.0,7.0,0.435,0
13.6,0.0,94.0,7.0,0.435,0
12.9,0.0,94.0,7.0,0.435,0
13.6,0.0,94.0,7.0,0.435,0
13.6,0.0,94.0,7.0,0.435,0
13.6,0.0,94.0,7.0,0.435,0
13.6,0.0,94.0,7.0,0.435,0
13.6,0.0,94.0,7.0,0.435,0
13.6,0.0,94.0,7.0,0.435,0
13.6,0.0,94.0,7.0,0.435,0
13.6,0.0,94.0,7.0,0.435,0
13.6,0.0,94.0,7.0,0.435,0
13.6,0.0,94.0,7.0,0.435,0
13.6,0.0,94.0,7.0,0.435,0
13.6,0.0,94.0,7.0,0.435,0
12.9,0.0,94.0,7.0,0.435,0
13.6,0.0,94.0,7.0,0.435,0
13.6,0.0,94.0,7.0,0.435,0
13.6,0.0,94.0,7.0,0.435,0
12.9,0.0,94.0,7.0,0.435,0
12.9,0.0,94.0,7.0,0.435,0
12.9,0.0,94.0,7.0,0.435,0
13.6,0.0,94.0,7.0,0.435,0
13.6,0.0,94.0,7.0,0.435,0
13.9,0.0,77.9,7.0,0.209,1
12.9,0.0,94.0,7.0,0.435,0
12.9,0.0,94.0,7.0,0.435,0
12.9,0.0,94.0,7.0,0.435,0
12.9,0.0,94.0,7.0,0.435,0
12.9,0.0,94.0,7.0,0.435,0
12.9,0.0,94.0,7.0,0.435,0
12.9,0.0,94.0,7.0,0.435,0
12.9,0.0,94.0,7.0,0.435,0
13.9,0.0,77.9,7.0,0.2239,0
13.9,0.0,77.9,7.0,0.2239,0
13.9,0.0,77.9,7.0,0.2239,0
13.9,0.0,77.9,7.0,0.2239,0
13.0,0.0,77.9,7.0,0.2239,0
13.9,0.0,77.9,7.0,0.2239,0
15.3,0.0,96.5,7.0,0.0118,0
15.3,0.0,96.5,7.0,0.0118,0
15.3,0.0,96.5,7.0,0.0118,0
15.3,0.0,96.5,7.0,0.0118,0
15.3,0.0,96.5,7.0,0.0118,0
15.3,0.0,96.5,7.0,0.0118,0
15.3,0.0,96.5,7.0,0.0118,0
15.3,0.0,96.5,7.0,0.0118,0
15.3,0.0,96.5,7.0,0.0118,0
15.3,0.0,96.5,7.0,0.0118,0
15.3,0.0,96.5,7.0,0.0118,0
14.0,0.0,96.5,7.0,0.0118,0
15.3,0.0,96.5,7.0,0.0118,0
15.3,0.0,96.5,7.0,0.0118,0
15.3,0.0,96.5,7.0,0.0118,0
13.3,0.0,66.7,7.0,0.0488,0
14.9,0.0,96.5,7.0,0.0118,0
14.9,0.0,96.5,7.0,0.0118,0
14.9,0.0,96.5,7.0,0.0118,0
14.9,0.0,96.5,7.0,0.0118,0
14.9,0.0,96.5,7.0,0.0118,0
14.9,0.0,96.5,7.0,0.0118,0
14.9,0.0,96.5,7.0,0.0118,0
14.9,0.0,96.5,7.0,0.0118,0
14.9,0.0,96.5,7.0,0.0118,0
14.9,0.0,96.5,7.0,0.0118,0
14.9,0.0,96.5,7.0,0.0118,0
14.9,0.0,96.5,7.0,0.0118,0
13.7,0.0,0.0,7.0,0.2636,0
14.9,0.0,96.5,7.0,0.0118,0
13.7,0.0,0.0,7.0,0.2636,1
15.3,0.0,0.0,7.0,0.3191,1
14.7,0.0,94.0,7.0,0.435,0
15.3,0.0,0.0,7.0,0.3191,1
15.3,0.0,96.5,7.0,0.0118,0
15.3,0.0,96.5,7.0,0.0118,0
15.3,0.0,96.5,7.0,0.0118,0
15.3,0.0,96.5,7.0,0.0118,0
15.3,0.0,96.5,7.0,0.0118,0
13.7,0.0,0.0,7.0,0.2636,0
15.3,0.0,96.5,7.0,0.0118,0
15.3,0.0,96.5,7.0,0.0118,0
15.3,0.0,96.5,7.0,0.0118,0
15.3,0.0,96.5,7.0,0.0118,0
15.3,0.0,96.5,7.0,0.0118,0
15.3,0.0,96.5,7.0,0.0118,0
15.3,0.0,96.5,7.0,0.0118,0
15.3,0.0,96.5,7.0,0.0118,0
15.3,0.0,96.5,7.0,0.0118,0
15.3,0.0,96.5,7.0,0.0118,0
15.3,0.0,96.5,7.0,0.0118,0
15.3,0.0,96.5,7.0,0.0118,0
15.3,0.0,96.5,7.0,0.0118,0
15.3,0.0,96.5,7.0,0.0118,0
14.7,0.0,64.8,7.0,0.4409,1
14.4,0.0,64.8,7.0,0.4488,0
14.4,0.0,64.8,7.0,0.4488,0
14.7,0.0,64.8,7.0,0.4409,1
13.6,0.0,40.0,8.0,0.2636,0
14.2,0.0,0.0,7.0,0.3404,0
12.7,0.0,0.0,7.0,0.2353,0
14.6,0.0,87.8,7.0,0.1644,0
14.4,0.0,33.9,7.0,0.2982,0
13.1,0.0,87.8,7.0,0.1644,0
12.0,0.0,87.8,7.0,0.1644,0
12.5,0.0,13.7,7.0,0.1099,0
12.4,0.0,87.8,7.0,0.1644,0
15.0,0.0,82.9,7.0,0.0588,0
12.7,0.0,87.8,7.0,0.1644,0
14.6,0.0,46.7,7.0,0.4615,0
14.9,0.0,66.1,7.0,0.2318,0
14.4,0.0,10.5,7.0,0.2636,0
14.4,0.0,10.5,7.0,0.2636,0
14.0,0.0,10.5,7.0,0.2636,0
14.1,0.0,57.9,7.0,0.4286,0
12.9,0.0,37.0,7.0,0.2636,1
14.4,0.0,37.0,7.0,0.2636,1
14.4,0.0,37.0,7.0,0.2636,1
12.9,0.0,37.0,7.0,0.2636,0
12.5,0.0,37.0,7.0,0.2636,1
12.9,0.0,37.0,7.0,0.2636,0
12.9,0.0,37.0,7.0,0.2636,0
12.9,0.0,37.0,7.0,0.2636,0
12.4,0.0,38.2,7.0,0.1642,1
13.3,0.0,38.2,7.0,0.1791,0
12.4,0.0,38.2,7.0,0.1791,0
13.3,0.0,38.2,7.0,0.1791,0
12.6,0.0,38.2,7.0,0.1791,0
12.3,0.0,38.2,7.0,0.1791,0
13.3,0.0,38.2,7.0,0.1791,0
13.7,0.0,53.0,7.0,0.2105,0
12.6,0.0,53.0,7.0,0.2105,0
14.5,0.0,53.0,7.0,0.2105,0
14.0,0.0,53.0,7.0,0.2105,0
13.7,0.0,53.0,7.0,0.2105,0
14.7,0.0,53.0,7.0,0.2105,0
14.7,0.0,53.0,7.0,0.2105,0
15.7,0.0,53.0,7.0,0.2105,0
13.1,0.0,53.0,7.0,0.2105,0
12.6,0.0,53.0,7.0,0.2105,0
14.4,0.0,84.6,7.0,0.2299,0
12.7,0.0,80.0,7.0,0.2636,0
12.7,0.0,80.0,7.0,0.2636,0
12.7,0.0,80.0,7.0,0.2636,0
12.7,0.0,80.0,7.0,0.2636,0
12.7,0.0,80.0,7.0,0.2636,0
12.7,0.0,80.0,7.0,0.2636,0
15.1,0.0,84.6,7.0,0.2299,0
15.1,0.0,84.6,7.0,0.2299,0
15.1,0.0,84.6,7.0,0.2299,0
15.1,0.0,84.6,7.0,0.2299,0
15.1,0.0,84.6,8.0,0.2299,0
15.1,0.0,84.6,7.0,0.2299,0
15.1,0.0,84.6,7.0,0.2299,0
15.1,0.0,84.6,7.0,0.2299,0
15.1,0.0,84.6,7.0,0.2299,0
15.1,0.0,84.6,7.0,0.2299,0
15.1,0.0,84.6,7.0,0.2299,0
15.1,0.0,84.6,7.0,0.2299,0
15.1,0.0,84.6,7.0,0.2299,0
15.1,0.0,84.6,8.0,0.2299,0
15.1,0.0,84.6,7.0,0.2299,0
12.9,0.0,37.0,7.0,0.2636,1
12.9,0.0,37.0,7.0,0.2636,1
14.4,0.0,37.0,7.0,0.2636,0
14.4,0.0,37.0,7.0,0.2636,0
14.4,0.0,37.0,7.0,0.2636,0
14.4,0.0,37.0,7.0,0.2636,0
14.4,0.0,37.0,7.0,0.2636,0
14.4,0.0,84.6,7.0,0.2285,1
14.4,0.0,84.6,7.0,0.2285,1
14.4,0.0,84.6,7.0,0.2285,1
13.4,0.0,84.6,7.0,0.2299,0
15.8,0.0,84.6,7.0,0.2299,0
15.8,0.0,84.6,7.0,0.2299,0
15.8,0.0,84.6,7.0,0.2299,0
15.8,0.0,84.6,7.0,0.2299,0
15.8,0.0,84.6,7.0,0.2299,0
15.8,0.0,84.6,7.0,0.2299,0
15.8,0.0,84.6,7.0,0.2299,0
15.8,0.0,84.6,7.0,0.2299,0
15.8,0.0,84.6,7.0,0.2299,0
12.9,0.0,37.0,7.0,0.2636,0
12.9,0.0,37.0,7.0,0.2636,1
12.3,0.0,37.0,7.0,0.2636,1
12.9,0.0,37.0,7.0,0.2636,0
12.3,0.0,37.0,7.0,0.2636,0
12.9,0.0,37.0,7.0,0.2636,0
12.3,0.0,32.4,7.0,0.3738,1
13.0,0.0,32.4,7.0,0.3832,0
14.5,0.0,21.9,7.0,0.1824,0
14.5,0.0,21.9,7.0,0.1824,0
14.5,0.0,21.9,7.0,0.1824,0
14.5,0.0,21.9,7.0,0.1824,0
13.8,0.0,87.8,7.0,0.1644,0
12.4,0.0,32.4,7.0,0.3832,0
12.6,0.0,32.4,7.0,0.3738,1
13.0,0.0,87.8,7.0,0.1644,0
14.5,0.0,87.8,7.0,0.1644,0
15.3,0.0,64.1,7.0,0.3333,1
15.3,0.0,64.1,7.0,0.3333,1
14.5,0.0,60.9,7.0,0.6471,1
15.3,0.0,64.1,7.0,0.3333,1
12.6,0.0,32.4,7.0,0.3832,0
12.6,0.0,26.0,7.0,0.0909,0
13.7,0.0,26.0,7.0,0.0909,0
12.6,0.0,26.0,7.0,0.0909,0
12.6,0.0,26.0,7.0,0.0909,0
12.2,0.0,100.0,7.0,0.1,0
12.2,0.0,100.0,7.0,0.1,0
12.2,0.0,100.0,7.0,0.1,0
14.6,0.0,87.8,7.0,0.1644,0
12.2,0.0,100.0,7.0,0.1,0
14.5,0.0,87.8,7.0,0.1644,0
14.5,0.0,87.8,7.0,0.1644,0
14.3,0.0,87.8,7.0,0.1644,0
12.2,0.0,98.8,7.0,0.0,0
14.3,0.0,87.8,7.0,0.1644,0
14.5,0.0,87.8,7.0,0.1644,0
16.0,0.0,88.5,7.0,0.1158,0
16.0,0.0,88.5,7.0,0.1158,0
12.3,0.0,25.5,7.0,0.2708,0
12.4,0.0,90.8,7.0,0.1237,0
12.4,0.0,90.8,7.0,0.1237,0
12.4,0.0,90.8,7.0,0.1237,0
14.0,0.0,95.2,7.0,0.2636,0
14.0,0.0,95.2,7.0,0.2636,0
14.0,0.0,95.2,7.0,0.2636,0
14.0,0.0,95.2,7.0,0.2636,0
14.0,0.0,95.2,7.0,0.2636,1
14.0,0.0,95.2,7.0,0.2636,0
14.1,0.0,95.2,7.0,0.2636,0
14.1,0.0,95.2,7.0,0.2636,0
14.9,0.0,47.2,7.0,0.0795,1
12.4,0.0,92.1,7.0,0.2258,0
15.2,0.0,76.9,7.0,0.3271,0
14.4,0.0,33.9,7.0,0.2895,1
15.2,0.0,76.9,7.0,0.3271,0
15.6,0.0,82.0,7.0,0.1448,0
15.6,0.0,82.0,7.0,0.1448,0
14.5,0.0,26.0,7.0,0.0909,0
12.6,0.0,26.0,7.0,0.0909,0
15.6,0.0,82.0,7.0,0.1403,1
14.2,0.0,71.4,7.0,0.2636,1
14.4,0.0,33.9,8.0,0.2895,1
14.2,0.0,71.4,7.0,0.2636,1
15.1,0.0,92.2,7.0,0.1951,0
15.1,0.0,92.2,7.0,0.1902,1
14.3,0.0,71.4,7.0,0.2636,1
15.6,0.0,82.0,7.0,0.1448,0
15.1,0.0,40.0,7.0,0.2636,1
13.4,0.0,33.9,9.0,0.2982,0
15.1,0.0,57.1,7.0,0.4322,1
15.5,0.0,82.0,7.0,0.1448,0
15.5,0.0,57.1,7.0,0.4407,0
15.9,0.0,57.1,7.0,0.4407,0
13.0,0.0,42.9,7.0,0.2636,1
13.7,0.0,42.9,7.0,0.2636,1
15.5,0.0,82.0,7.0,0.1448,0
13.7,0.0,66.7,7.0,0.2636,0
14.4,0.0,66.7,7.0,0.2636,0
15.5,0.0,82.0,7.0,0.1448,0
15.9,0.0,57.1,7.0,0.4407,0
14.0,0.0,35.0,7.0,0.5641,1
14.0,0.0,35.0,7.0,0.5897,0
14.0,0.0,35.0,7.0,0.5897,0
14.0,0.0,35.0,7.0,0.5641,1
13.9,0.0,74.5,7.0,0.2222,0
13.9,0.0,74.5,7.0,0.2222,0
13.9,0.0,74.5,7.0,0.2222,0
13.9,0.0,74.5,7.0,0.2222,0
13.9,0.0,74.5,7.0,0.2222,0
13.9,0.0,74.5,7.0,0.2153,1
15.9,0.0,57.1,7.0,0.4407,0
14.0,0.0,35.0,7.0,0.5897,0
15.9,0.0,57.1,7.0,0.4407,0
14.0,0.0,35.0,7.0,0.5641,1
14.0,0.0,35.0,7.0,0.5641,1
14.0,0.0,35.0,7.0,0.5897,0
15.9,0.0,57.1,7.0,0.4407,0
14.0,0.0,35.0,7.0,0.5641,1
14.0,0.0,35.0,7.0,0.5641,1
14.0,0.0,35.0,7.0,0.5897,0
15.5,0.0,57.1,7.0,0.4322,1
13.5,0.0,94.4,7.0,0.2636,0
14.4,0.0,0.0,7.0,0.6701,1
15.9,0.0,57.1,7.0,0.4407,0
12.7,0.0,84.0,7.0,0.2148,0
13.1,0.0,84.0,7.0,0.2148,0
14.7,0.0,84.0,7.0,0.2148,0
14.4,0.0,54.9,7.0,0.2,0
12.6,0.0,54.9,7.0,0.2,0
14.4,1.0,33.3,7.0,0.2636,0
14.4,1.0,33.3,7.0,0.2636,0
12.6,0.0,77.9,7.0,0.209,1
13.9,0.0,77.9,7.0,0.2239,0
13.9,0.0,77.9,7.0,0.2239,0
13.0,0.0,77.9,7.0,0.2239,0
13.0,0.0,77.9,7.0,0.2239,0
13.9,0.0,77.9,7.0,0.2239,0
13.9,0.0,77.9,7.0,0.2239,0
13.9,0.0,77.9,7.0,0.2239,0
13.1,0.0,50.0,7.0,0.2113,0
15.1,0.0,92.9,7.0,0.2636,1
15.1,0.0,92.9,7.0,0.2636,0
14.4,0.0,41.6,7.0,0.3207,0
14.4,0.0,41.6,7.0,0.3207,0
12.4,0.0,41.6,7.0,0.3207,0
14.4,0.0,41.6,7.0,0.3207,0
14.4,0.0,0.0,7.0,0.6804,0
14.4,0.0,0.0,7.0,0.6701,1
14.2,0.0,78.6,7.0,0.2636,0
14.5,0.0,78.6,8.0,0.2636,0
14.5,0.0,78.6,7.0,0.2636,1
14.4,0.0,40.0,7.0,0.2636,0
15.4,0.0,71.4,7.0,0.4182,0
15.4,0.0,71.4,7.0,0.4182,0
14.9,0.0,84.6,7.0,0.2299,0
14.9,0.0,84.6,7.0,0.2299,0
14.9,0.0,84.6,7.0,0.2299,0
14.9,0.0,84.6,7.0,0.2299,0
14.9,0.0,84.6,7.0,0.2299,0
14.9,0.0,84.6,7.0,0.2299,0
14.9,0.0,84.6,7.0,0.2299,0
14.9,0.0,84.6,7.0,0.2299,0
14.9,0.0,84.6,7.0,0.2299,0
14.9,0.0,84.6,7.0,0.2299,0
14.9,0.0,84.6,7.0,0.2299,0
14.5,0.0,61.7,7.0,0.0,0
14.5,0.0,61.7,7.0,0.0,0
14.5,0.0,61.7,7.0,0.0,0
14.5,0.0,61.7,7.0,0.0,0
14.5,0.0,61.7,7.0,0.0,0
13.9,0.0,61.7,7.0,0.0,0
14.9,0.0,84.6,7.0,0.2285,1
14.9,0.0,84.6,7.0,0.2299,0
14.9,0.0,84.6,7.0,0.2299,0
14.9,0.0,84.6,7.0,0.2299,0
14.9,0.0,84.6,7.0,0.2299,0
14.9,0.0,84.6,7.0,0.2299,0
15.2,0.0,84.6,7.0,0.2299,0
14.9,0.0,84.6,7.0,0.2285,1
14.9,0.0,84.6,7.0,0.2299,0
14.9,0.0,84.6,7.0,0.2299,0
14.9,0.0,84.6,7.0,0.2299,0
15.2,0.0,84.6,7.0,0.2299,0
14.9,0.0,84.6,7.0,0.2299,0
15.7,0.0,95.0,7.0,0.1818,1
15.7,0.0,95.0,7.0,0.1919,0
15.7,0.0,95.0,7.0,0.1919,0
15.7,0.0,95.0,7.0,0.1919,0
15.8,0.0,95.0,7.0,0.1919,0
15.8,0.0,95.0,7.0,0.1919,0
14.6,0.0,61.7,7.0,0.0,0
14.6,0.0,61.7,7.0,0.0,0
14.6,0.0,61.7,7.0,0.0,0
14.6,0.0,61.7,7.0,0.0,0
14.6,0.0,61.7,7.0,0.0,0
14.6,0.0,61.7,7.0,0.0,0
14.6,0.0,61.7,7.0,0.0,0
14.6,0.0,61.7,7.0,0.0,0
14.6,0.0,61.7,7.0,0.0,0
14.6,0.0,61.7,7.0,0.0,0
15.6,0.0,97.0,7.0,0.1018,0
15.6,0.0,97.0,7.0,0.1018,0
15.6,0.0,97.0,7.0,0.1018,0
15.6,0.0,97.0,7.0,0.1018,0
15.6,0.0,97.0,7.0,0.1018,0
15.6,0.0,97.0,7.0,0.1018,0
15.6,0.0,97.0,7.0,0.1018,0
15.4,0.0,97.0,7.0,0.1018,0
15.6,0.0,97.0,7.0,0.1018,0
15.6,0.0,97.0,7.0,0.1018,0
15.4,0.0,97.0,7.0,0.1018,0
15.4,0.0,97.0,7.0,0.1018,0
15.6,0.0,97.0,7.0,0.1018,0
15.6,0.0,97.0,7.0,0.1018,0
15.6,0.0,97.0,7.0,0.1018,0
15.4,0.0,97.0,7.0,0.1018,0
15.4,0.0,97.0,7.0,0.1018,0
15.4,0.0,97.0,7.0,0.1018,0
15.6,0.0,97.0,7.0,0.1018,0
15.6,0.0,97.0,7.0,0.1018,0
15.6,0.0,97.0,7.0,0.1018,0
15.6,0.0,97.0,7.0,0.1018,0
15.4,0.0,97.0,7.0,0.1018,0
15.6,0.0,97.0,7.0,0.1018,0
13.9,0.0,97.8,7.0,0.0227,0
13.9,0.0,97.8,7.0,0.0,1
15.1,0.0,95.1,7.0,0.075,0
14.7,0.0,95.1,7.0,0.075,0
14.7,0.0,95.1,7.0,0.075,0
15.2,0.0,84.6,7.0,0.2299,0
15.2,0.0,84.6,7.0,0.2299,0
14.4,0.0,84.6,7.0,0.2285,1
14.4,0.0,84.6,7.0,0.2299,0
14.4,0.0,84.6,7.0,0.2299,0
15.2,0.0,84.6,7.0,0.2299,0
14.4,0.0,84.6,7.0,0.2299,0
15.2,0.0,84.6,7.0,0.2299,0
14.4,0.0,84.6,7.0,0.2299,0
15.2,0.0,84.6,7.0,0.2299,0
12.4,0.0,84.6,7.0,0.2285,1
15.2,0.0,84.6,7.0,0.2299,0
13.4,0.0,84.6,7.0,0.2285,1
12.4,0.0,84.6,7.0,0.2299,0
15.6,0.0,97.0,7.0,0.1018,0
15.6,0.0,97.0,7.0,0.1018,0
15.6,0.0,97.0,7.0,0.1018,0
15.6,0.0,97.0,7.0,0.1018,0
15.6,0.0,97.0,7.0,0.1018,0
15.4,0.0,97.0,7.0,0.1018,0
15.6,0.0,97.0,7.0,0.1018,0
15.6,0.0,97.0,7.0,0.1018,0
15.6,0.0,97.0,7.0,0.1018,0
15.6,0.0,97.0,7.0,0.1018,0
15.6,0.0,97.0,7.0,0.1018,0
15.6,0.0,97.0,7.0,0.1018,0
15.6,0.0,97.0,7.0,0.1018,0
15.6,0.0,97.0,7.0,0.1018,0
15.6,0.0,97.0,7.0,0.1018,0
15.6,0.0,97.0,7.0,0.1018,0
14.8,0.0,76.1,7.0,0.1556,1
14.6,0.0,72.0,7.0,0.2041,0
15.1,0.0,89.2,7.0,0.0978,0
15.1,0.0,89.2,7.0,0.0978,0
15.1,0.0,89.2,7.0,0.0978,0
14.0,0.0,89.2,7.0,0.0978,0
14.0,0.0,89.2,7.0,0.087,1
13.3,0.0,0.0,7.0,0.2636,0
13.3,0.0,0.0,7.0,0.2636,0
13.3,0.0,0.0,7.0,0.2636,0
13.3,0.0,0.0,7.0,0.2636,0
12.7,0.0,0.0,7.0,0.2636,0
13.3,0.0,0.0,7.0,0.2636,0
13.3,0.0,0.0,7.0,0.2636,0
13.3,0.0,0.0,7.0,0.2636,0
12.8,0.0,58.1,7.0,0.6379,0
15.8,3.0,40.0,7.0,0.2636,1
14.4,0.0,33.9,8.0,0.2895,1
14.4,0.0,33.9,7.0,0.2982,0
12.6,0.0,57.1,7.0,0.4322,1
12.8,0.0,57.9,7.0,0.4286,0
15.5,0.0,57.1,7.0,0.4322,1
12.6,0.0,57.9,7.0,0.4286,0
15.5,0.0,57.1,7.0,0.4322,1
13.4,0.0,14.3,7.0,0.2636,0
12.2,0.0,57.9,7.0,0.4286,0
15.5,0.0,57.1,7.0,0.4407,0
14.6,0.0,33.9,7.0,0.2895,1
14.6,0.0,33.9,7.0,0.2982,0
14.6,0.0,33.9,7.0,0.2895,1
14.6,0.0,56.5,7.0,0.807,1
14.6,0.0,56.5,7.0,0.807,1
12.7,0.0,14.3,7.0,0.2636,0
13.0,0.0,14.3,7.0,0.2636,0
13.0,0.0,14.3,7.0,0.2636,0
13.0,0.0,14.3,7.0,0.2636,0
12.8,0.0,37.5,7.0,0.2636,0
12.8,0.0,37.5,7.0,0.2636,0
12.8,0.0,37.5,7.0,0.2636,0
12.8,0.0,37.5,7.0,0.2636,0
14.6,0.0,54.9,7.0,0.2,0
14.6,0.0,54.9,7.0,0.2,0
14.6,0.0,54.9,7.0,0.2,0
12.8,0.0,37.5,7.0,0.2636,0
12.8,0.0,37.5,7.0,0.2636,0
12.8,0.0,37.5,7.0,0.2636,0
12.8,0.0,37.5,7.0,0.2636,0
12.8,0.0,37.5,7.0,0.2636,0
12.8,0.0,37.5,7.0,0.2636,0
14.4,0.0,33.9,7.0,0.2895,1
14.6,0.0,33.9,7.0,0.2982,0
14.6,0.0,84.9,7.0,0.1453,1
15.3,0.0,100.0,7.0,0.0797,0
13.4,0.0,33.9,7.0,0.2982,0
15.3,0.0,100.0,7.0,0.0797,0
15.3,0.0,100.0,7.0,0.0797,0
15.3,0.0,100.0,7.0,0.0797,0
15.3,0.0,100.0,7.0,0.0797,0
14.4,0.0,33.9,7.0,0.2895,1
15.0,0.0,64.1,7.0,0.3492,0
15.0,0.0,64.1,7.0,0.3492,0
15.0,0.0,64.1,7.0,0.3492,0
14.5,0.0,64.1,7.0,0.3333,1
14.5,0.0,64.1,7.0,0.3333,1
13.5,0.0,64.1,7.0,0.3492,0
15.3,0.0,100.0,7.0,0.0797,0
13.5,0.0,64.1,7.0,0.3492,0
15.3,0.0,100.0,7.0,0.0797,0
13.5,0.0,64.1,7.0,0.3492,0
15.3,0.0,100.0,7.0,0.0797,0
15.3,0.0,100.0,7.0,0.0797,0
15.3,0.0,100.0,7.0,0.0797,0
15.3,0.0,100.0,7.0,0.0797,0
15.3,0.0,100.0,7.0,0.0797,0
14.5,0.0,64.1,7.0,0.3333,1
15.3,0.0,100.0,7.0,0.0797,0
15.3,0.0,100.0,7.0,0.0797,0
15.3,0.0,100.0,7.0,0.0797,0
13.3,0.0,33.9,7.0,0.2895,1
15.3,0.0,100.0,7.0,0.0797,0
15.3,0.0,100.0,7.0,0.0797,0
14.1,0.0,72.3,7.0,0.4745,0
15.3,0.0,100.0,7.0,0.0797,0
14.1,0.0,72.3,7.0,0.4745,0
15.3,0.0,100.0,7.0,0.0797,0
14.1,0.0,72.3,7.0,0.4745,0
12.4,0.0,33.9,7.0,0.2982,0
12.7,0.0,72.3,7.0,0.4706,1
13.9,0.0,72.3,7.0,0.4745,0
14.4,0.0,33.9,7.0,0.2982,0
13.0,0.0,94.2,7.0,0.0,0
13.0,0.0,94.2,7.0,0.0,0
13.0,0.0,94.2,7.0,0.0,0
13.0,0.0,94.2,7.0,0.0,0
13.0,0.0,94.2,7.0,0.0,0
13.0,0.0,94.2,7.0,0.0,0
13.0,0.0,94.2,7.0,0.0,0
13.0,0.0,94.2,7.0,0.0,0
13.0,0.0,94.2,7.0,0.0,0
13.0,0.0,94.2,7.0,0.0,0
13.0,0.0,94.2,7.0,0.0,0
13.0,0.0,94.2,7.0,0.0,0
13.0,0.0,94.2,7.0,0.0,0
13.0,0.0,94.2,7.0,0.0,0
13.0,0.0,94.2,7.0,0.0,0
13.0,0.0,94.2,7.0,0.0,0
14.7,0.0,46.7,7.0,0.4519,1
14.7,0.0,46.7,7.0,0.4519,1
14.0,0.0,46.7,7.0,0.4615,0
14.6,0.0,46.7,7.0,0.4519,1
14.9,0.0,84.6,7.0,0.2285,1
14.9,0.0,84.6,7.0,0.2285,1
13.0,0.0,84.6,7.0,0.2285,1
12.4,0.0,84.6,7.0,0.2285,1
13.7,0.0,84.6,7.0,0.2285,1
13.7,0.0,84.6,7.0,0.2285,1
14.9,0.0,84.6,7.0,0.2285,1
14.9,0.0,84.6,7.0,0.2299,0
14.9,0.0,84.6,7.0,0.2299,0
14.7,0.0,46.7,7.0,0.4519,1
13.0,0.0,94.2,7.0,0.0,0
13.0,0.0,94.2,7.0,0.0,0
13.0,0.0,94.2,7.0,0.0,0
13.0,0.0,94.2,7.0,0.0,0
13.0,0.0,94.2,7.0,0.0,0
13.0,0.0,94.2,7.0,0.0,0
13.0,0.0,94.2,7.0,0.0,0
14.7,0.0,92.2,7.0,0.1951,0
14.7,0.0,92.2,7.0,0.1951,0
14.7,0.0,92.2,7.0,0.1951,0
14.7,0.0,92.2,7.0,0.1951,0
14.7,0.0,92.2,7.0,0.1951,0
12.1,0.0,92.2,7.0,0.1951,0
15.1,0.0,92.2,7.0,0.1951,0
14.1,0.0,72.3,7.0,0.4745,0
14.1,0.0,72.3,7.0,0.4706,1
14.1,0.0,72.3,7.0,0.4706,1
14.7,0.0,92.2,7.0,0.1951,0
14.1,0.0,72.3,7.0,0.4706,1
14.4,0.0,33.9,7.0,0.2982,0
12.9,0.0,4.8,7.0,0.2636,0
14.1,0.0,72.3,7.0,0.4706,1
14.1,0.0,72.3,7.0,0.4706,1
14.7,0.0,89.2,7.0,0.0978,0
14.1,0.0,72.3,7.0,0.4745,0
13.0,0.0,94.2,7.0,0.0,0
13.0,0.0,94.2,7.0,0.0,0
13.0,0.0,94.2,7.0,0.0,0
13.0,0.0,94.2,7.0,0.0,0
13.0,0.0,94.2,7.0,0.0,0
13.0,0.0,94.2,7.0,0.0,0
13.0,0.0,94.2,7.0,0.0,0
13.0,0.0,94.2,7.0,0.0,0
13.0,0.0,94.2,7.0,0.0,0
13.0,0.0,94.2,7.0,0.0,0
13.0,0.0,94.2,7.0,0.0,0
13.0,0.0,94.2,7.0,0.0,0
13.0,0.0,94.2,7.0,0.0,0
13.0,0.0,94.2,7.0,0.0,0
13.0,0.0,94.2,7.0,0.0,0
13.0,0.0,94.2,7.0,0.0,0
13.0,0.0,94.2,7.0,0.0,0
13.0,0.0,94.2,7.0,0.0,0
14.1,0.0,72.3,7.0,0.4706,1
14.7,0.0,89.2,7.0,0.0978,0
15.1,0.0,89.2,7.0,0.0978,0
15.1,0.0,89.2,7.0,0.0978,0
15.1,0.0,89.2,7.0,0.0978,0
12.5,0.0,78.8,7.0,0.3125,0
14.7,0.0,57.9,7.0,0.4286,0
12.6,0.0,4.8,7.0,0.2636,1
12.9,0.0,4.8,7.0,0.2636,1
12.6,0.0,75.0,7.0,0.2636,0
12.3,0.0,46.7,7.0,0.2636,0
12.0,0.0,91.7,7.0,0.2636,0
15.4,0.0,100.0,7.0,0.0,0
15.4,0.0,100.0,7.0,0.0,0
15.4,0.0,100.0,7.0,0.0,0
15.4,0.0,100.0,7.0,0.0,0
15.4,0.0,100.0,7.0,0.0,0
15.4,0.0,100.0,7.0,0.0,0
15.4,0.0,100.0,7.0,0.0,0
15.4,0.0,100.0,7.0,0.0,0
15.4,0.0,100.0,7.0,0.0,0
15.4,0.0,100.0,7.0,0.0,0
15.4,0.0,100.0,7.0,0.0,0
15.4,0.0,100.0,7.0,0.0,0
15.4,0.0,100.0,7.0,0.0,0
15.4,0.0,100.0,7.0,0.0,0
15.4,0.0,100.0,7.0,0.0,0
15.4,0.0,100.0,7.0,0.0,0
15.4,0.0,100.0,7.0,0.0,0
15.4,0.0,100.0,7.0,0.0,0
15.4,0.0,100.0,7.0,0.0,0
15.4,0.0,100.0,7.0,0.0,0
13.2,0.0,30.0,7.0,0.2516,0
13.2,0.0,30.0,7.0,0.2516,0
13.2,0.0,30.0,7.0,0.2516,0
13.2,0.0,30.0,7.0,0.2516,0
13.2,0.0,30.0,7.0,0.2516,0
13.2,0.0,30.0,7.0,0.2516,0
13.2,0.0,30.0,7.0,0.2516,0
13.0,0.0,91.7,7.0,0.2636,0
13.0,0.0,91.7,7.0,0.2636,0
12.4,0.0,91.7,7.0,0.2636,0
12.0,0.0,91.7,7.0,0.2636,0
12.4,0.0,91.7,7.0,0.2636,0
13.9,0.0,97.4,7.0,0.026,1
15.3,0.0,32.7,7.0,0.367,0
15.3,0.0,32.7,7.0,0.367,0
15.3,0.0,32.7,7.0,0.367,0
15.3,0.0,32.7,7.0,0.367,0
12.8,0.0,58.1,7.0,0.6379,0
12.4,0.0,61.7,7.0,0.0,0
12.4,0.0,61.7,7.0,0.0,0
12.4,0.0,61.7,7.0,0.0,0
12.4,0.0,61.7,7.0,0.0,0
12.4,0.0,61.7,7.0,0.0,0
12.4,0.0,61.7,7.0,0.0,0
12.4,0.0,61.7,7.0,0.0,0
12.4,0.0,61.7,7.0,0.0,0
12.4,0.0,61.7,7.0,0.0,0
15.8,0.0,74.4,7.0,0.3158,0
15.8,0.0,74.4,7.0,0.3158,0
15.8,0.0,74.4,7.0,0.3158,0
15.8,0.0,74.4,7.0,0.3158,0
15.8,0.0,74.4,7.0,0.3158,0
15.8,0.0,74.4,7.0,0.3158,0
15.8,0.0,74.4,7.0,0.3158,0
15.8,0.0,74.4,7.0,0.3158,0
15.8,0.0,74.4,7.0,0.3158,0
15.8,0.0,74.4,7.0,0.3158,0
15.8,0.0,74.4,7.0,0.3158,0
15.8,0.0,74.4,7.0,0.3158,0
15.8,0.0,74.4,7.0,0.3158,0
15.8,0.0,74.4,7.0,0.3158,0
15.8,0.0,74.4,7.0,0.3158,0
12.4,0.0,61.7,7.0,0.0,0
12.4,0.0,61.7,7.0,0.0,0
15.8,0.0,74.4,7.0,0.3158,0
15.8,0.0,74.4,7.0,0.3158,0
15.8,0.0,74.4,7.0,0.3158,0
15.8,0.0,74.4,7.0,0.3158,0
15.8,0.0,74.4,7.0,0.3158,0
15.8,0.0,74.4,7.0,0.3127,1
15.8,0.0,74.4,7.0,0.3158,0
15.8,0.0,74.4,7.0,0.3127,1
15.8,0.0,74.4,7.0,0.3158,0
15.8,0.0,74.4,7.0,0.3127,1
15.8,0.0,74.4,7.0,0.3158,0
15.8,0.0,74.4,7.0,0.3158,0
15.8,0.0,74.4,7.0,0.3158,0
15.8,0.0,74.4,7.0,0.3158,0
15.8,0.0,74.4,7.0,0.3158,0
15.8,0.0,74.4,7.0,0.3158,0
15.8,0.0,74.4,7.0,0.3158,0
15.8,0.0,74.4,7.0,0.3158,0
15.8,0.0,74.4,7.0,0.3158,0
15.8,0.0,74.4,7.0,0.3158,0
15.8,0.0,74.4,7.0,0.3158,0
15.8,0.0,74.4,7.0,0.3158,0
15.8,0.0,74.4,7.0,0.3127,1
15.8,0.0,74.4,7.0,0.3127,1
15.8,0.0,74.4,7.0,0.3158,0
15.8,0.0,74.4,7.0,0.3158,0
15.8,0.0,74.4,7.0,0.3127,1
15.8,0.0,74.4,7.0,0.3158,0
15.8,0.0,74.4,7.0,0.3127,1
15.8,0.0,74.4,7.0,0.3158,0
15.8,0.0,74.4,7.0,0.3127,1
12.4,0.0,61.7,7.0,0.0,0
12.4,0.0,61.7,7.0,0.0,0
12.4,0.0,61.7,7.0,0.0,0
12.4,0.0,61.7,7.0,0.0,0
12.4,0.0,61.7,7.0,0.0,0
14.7,0.0,87.8,7.0,0.1644,0
15.8,0.0,74.4,7.0,0.3158,0
15.8,0.0,74.4,7.0,0.3158,0
15.8,0.0,74.4,7.0,0.3158,0
15.8,0.0,74.4,7.0,0.3158,0
15.8,0.0,74.4,7.0,0.3158,0
15.8,0.0,74.4,7.0,0.3158,0
15.8,0.0,74.4,7.0,0.3158,0
15.8,0.0,74.4,7.0,0.3158,0
15.8,0.0,74.4,7.0,0.3158,0
15.8,0.0,74.4,7.0,0.3158,0
15.8,0.0,74.4,7.0,0.3158,0
15.8,0.0,74.4,7.0,0.3158,0
15.8,0.0,74.4,7.0,0.3158,0
15.8,0.0,74.4,7.0,0.3158,0
15.8,0.0,74.4,7.0,0.3158,0
15.8,0.0,74.4,7.0,0.3158,0
15.8,0.0,74.4,7.0,0.3158,0
15.8,0.0,74.4,7.0,0.3158,0
15.8,0.0,74.4,7.0,0.3158,0
15.8,0.0,74.4,7.0,0.3158,0
15.8,0.0,74.4,7.0,0.3158,0
15.8,0.0,74.4,7.0,0.3158,0
15.8,0.0,74.4,7.0,0.3158,0
15.8,0.0,74.4,7.0,0.3158,0
15.8,0.0,74.4,7.0,0.3158,0
15.8,0.0,74.4,7.0,0.3158,0
15.8,0.0,74.4,7.0,0.3158,0
14.6,0.0,87.8,7.0,0.1644,0
12.0,0.0,46.7,7.0,0.4615,0
15.8,0.0,74.4,7.0,0.3127,1
15.8,0.0,74.4,7.0,0.3158,0
15.8,0.0,74.4,7.0,0.3158,0
15.8,0.0,74.4,7.0,0.3127,1
15.8,0.0,74.4,7.0,0.3127,1
15.8,0.0,74.4,7.0,0.3127,1
15.8,0.0,74.4,7.0,0.3127,1
15.8,0.0,74.4,7.0,0.3127,1
15.8,0.0,74.4,7.0,0.3127,1
15.8,0.0,74.4,7.0,0.3127,1
15.8,0.0,74.4,7.0,0.3127,1
15.8,0.0,74.4,7.0,0.3127,1
15.8,0.0,74.4,7.0,0.3127,1
15.8,0.0,74.4,7.0,0.3127,1
14.0,0.0,89.2,7.0,0.1094,0
15.8,0.0,23.5,7.0,0.2636,1
15.8,0.0,23.5,7.0,0.2636,0
15.8,0.0,23.5,7.0,0.2636,0
15.3,0.0,22.4,9.0,0.1458,0
13.5,0.0,80.0,7.0,0.1216,1
13.5,0.0,80.0,7.0,0.1351,0
13.5,0.0,80.0,7.0,0.1351,0
14.4,0.0,61.9,7.0,0.3735,1
13.6,0.0,61.9,7.0,0.3855,0
14.1,0.0,61.9,7.0,0.3855,0
14.1,0.0,61.9,7.0,0.3855,0
14.4,0.0,61.9,7.0,0.3855,0
14.1,0.0,61.9,7.0,0.3735,1
14.7,0.0,61.3,7.0,0.3784,1
14.0,0.0,61.3,7.0,0.3919,0
14.0,0.0,61.3,7.0,0.3919,0
14.4,0.0,61.3,7.0,0.3919,0
12.4,0.0,61.7,7.0,0.0,0
14.5,0.0,60.9,7.0,0.6618,0
13.9,0.0,28.1,8.0,0.4886,0
14.5,0.0,60.9,7.0,0.6618,0
13.9,0.0,28.1,8.0,0.4886,0
13.9,0.0,28.1,8.0,0.4886,0
12.4,0.0,61.7,7.0,0.0,0
12.4,0.0,61.7,7.0,0.0,0
13.9,0.0,28.1,8.0,0.4886,0
13.9,0.0,28.1,8.0,0.4886,0
13.9,0.0,28.1,8.0,0.4886,0
13.9,0.0,28.1,8.0,0.4886,0
13.3,0.0,28.1,8.0,0.4886,0
13.7,0.0,100.0,7.0,0.0,0
13.7,0.0,100.0,7.0,0.0,0
13.9,0.0,28.1,8.0,0.4886,0
13.7,0.0,100.0,7.0,0.0,0
13.9,0.0,28.1,8.0,0.4773,1
13.7,0.0,100.0,7.0,0.0,0
13.7,0.0,100.0,7.0,0.0,0
13.7,0.0,100.0,7.0,0.0,0
13.7,0.0,100.0,7.0,0.0,0
13.7,0.0,100.0,7.0,0.0,0
13.7,0.0,100.0,7.0,0.0,0
12.3,0.0,100.0,7.0,0.0,0
12.3,0.0,100.0,7.0,0.0,0
12.3,0.0,100.0,7.0,0.0,0
12.3,0.0,100.0,7.0,0.0,0
12.3,0.0,100.0,7.0,0.0,0
12.3,0.0,100.0,7.0,0.0,0
13.9,0.0,28.1,8.0,0.4773,1
13.9,0.0,28.1,8.0,0.4773,1
12.3,0.0,100.0,7.0,0.0,0
12.3,0.0,100.0,7.0,0.0,0
13.7,0.0,100.0,7.0,0.0,0
13.7,0.0,100.0,7.0,0.0,0
13.7,0.0,100.0,7.0,0.0,0
13.7,0.0,100.0,7.0,0.0,0
13.7,0.0,100.0,7.0,0.0,0
13.9,0.0,28.1,8.0,0.4773,1
13.3,0.0,61.6,7.0,0.1122,0
13.7,0.0,100.0,7.0,0.0,0
13.7,0.0,100.0,7.0,0.0,0
12.6,0.0,37.8,7.0,0.5085,0
14.6,0.0,37.8,7.0,0.5,1
14.6,0.0,37.8,7.0,0.5,1
14.6,0.0,37.8,7.0,0.5,1
14.6,0.0,37.8,7.0,0.5,1
14.6,0.0,37.8,7.0,0.5,1
14.6,0.0,37.8,7.0,0.5,1
14.6,0.0,37.8,7.0,0.5,1
14.6,0.0,37.8,7.0,0.5,1
13.7,0.0,100.0,7.0,0.0,0
13.7,0.0,100.0,7.0,0.0,0
13.7,0.0,100.0,7.0,0.0,0
13.7,0.0,100.0,7.0,0.0,0
13.7,0.0,100.0,7.0,0.0,0
13.7,0.0,100.0,7.0,0.0,0
13.9,0.0,28.1,8.0,0.4886,0
13.3,0.0,98.1,7.0,0.3452,0
15.1,0.0,69.3,7.0,0.3882,0
15.3,0.0,69.3,7.0,0.3882,0
14.2,0.0,28.1,8.0,0.4773,1
14.2,0.0,28.1,8.0,0.4773,1
15.4,0.0,64.9,7.0,0.3333,0
15.4,0.0,64.9,7.0,0.3333,0
15.4,0.0,64.9,7.0,0.3333,0
15.4,0.0,64.9,7.0,0.3229,1
14.2,0.0,28.1,8.0,0.4773,1
15.4,0.0,64.9,7.0,0.3333,0
14.2,0.0,28.1,8.0,0.4886,0
15.4,0.0,64.9,7.0,0.3333,0
14.2,0.0,28.1,8.0,0.4773,1
12.2,0.0,66.7,7.0,0.2636,0
14.2,0.0,28.1,8.0,0.4886,0
15.4,0.0,64.9,7.0,0.3333,0
14.8,0.0,69.2,7.0,0.4706,0
15.4,0.0,64.9,7.0,0.3333,0
15.4,0.0,64.9,7.0,0.3229,1
14.9,0.0,84.6,7.0,0.2299,0
14.9,0.0,84.6,7.0,0.2285,1
14.9,0.0,84.6,7.0,0.2299,0
14.9,0.0,84.6,7.0,0.2285,1
14.9,0.0,84.6,7.0,0.2299,0
13.7,0.0,84.6,7.0,0.2299,0
14.9,0.0,84.6,7.0,0.2285,1
14.9,0.0,84.6,7.0,0.2285,1
13.7,0.0,84.6,7.0,0.2285,1
13.7,0.0,84.6,7.0,0.2299,0
14.9,0.0,84.6,7.0,0.2299,0
14.9,0.0,84.6,7.0,0.2285,1
14.9,0.0,84.6,7.0,0.2285,1
13.7,0.0,84.6,7.0,0.2299,0
14.9,0.0,84.6,7.0,0.2285,1
14.9,0.0,84.6,7.0,0.2299,0
13.7,0.0,84.6,7.0,0.2285,1
13.7,0.0,84.6,7.0,0.2285,1
14.9,0.0,84.6,7.0,0.2299,0
14.9,0.0,84.6,7.0,0.2299,0
14.9,0.0,84.6,7.0,0.2285,1
14.9,0.0,84.6,7.0,0.2299,0
13.4,0.0,84.6,7.0,0.2285,1
14.9,0.0,84.6,7.0,0.2285,1
14.9,0.0,84.6,7.0,0.2285,1
13.0,0.0,84.6,7.0,0.2285,1
14.9,0.0,84.6,7.0,0.2285,1
14.9,0.0,84.6,7.0,0.2285,1
13.7,0.0,84.6,7.0,0.2285,1
12.4,0.0,84.6,7.0,0.2285,1
14.8,0.0,95.0,7.0,0.2636,0
14.8,0.0,95.0,7.0,0.2636,0
14.8,0.0,95.0,7.0,0.2636,0
14.8,0.0,95.0,7.0,0.2636,0
14.4,0.0,95.0,7.0,0.2636,0
14.3,0.0,95.0,7.0,0.2636,0
14.8,0.0,95.0,7.0,0.2636,0
14.8,0.0,95.0,7.0,0.2636,0
14.8,0.0,95.0,7.0,0.2636,0
14.8,0.0,95.0,7.0,0.2636,0
14.8,0.0,95.0,7.0,0.2636,0
14.8,0.0,95.0,7.0,0.2636,0
14.8,0.0,95.0,7.0,0.2636,0
14.8,0.0,95.0,7.0,0.2636,0
15.0,0.0,86.2,7.0,0.302,1
15.0,0.0,86.2,7.0,0.3069,0
14.4,0.0,75.0,7.0,0.2558,0
15.3,0.0,83.3,7.0,0.2636,1
14.7,0.0,0.0,9.0,0.2636,1
14.2,0.0,0.0,9.0,0.2636,1
15.1,0.0,26.3,7.0,0.2973,0
14.0,0.0,28.1,8.0,0.4773,1
14.7,1.0,86.0,7.0,0.2449,1
14.0,0.0,28.1,8.0,0.4886,0
14.0,0.0,28.1,7.0,0.4886,0
14.0,0.0,28.1,7.0,0.4773,1
12.8,0.0,68.0,7.0,0.2636,0
14.0,0.0,28.1,7.0,0.4773,1
14.0,0.0,28.1,7.0,0.4886,0
13.9,0.0,28.1,7.0,0.4773,1
14.0,0.0,28.1,7.0,0.4773,1
14.0,0.0,28.1,7.0,0.4773,1
15.4,0.0,86.0,7.0,0.2449,1
15.4,0.0,86.0,7.0,0.2449,1
12.8,0.0,68.0,7.0,0.2636,0
12.8,0.0,68.0,7.0,0.2636,1
13.1,0.0,28.1,7.0,0.4886,0
14.0,0.0,28.1,7.0,0.4886,0
15.4,0.0,64.9,7.0,0.3229,1
12.8,0.0,68.0,7.0,0.2636,0
14.0,0.0,28.1,7.0,0.4886,0
13.1,0.0,28.1,7.0,0.4773,1
12.8,0.0,68.0,7.0,0.2636,1
12.6,0.0,32.4,7.0,0.3832,0
12.6,0.0,32.4,7.0,0.3738,1
14.0,0.0,28.1,7.0,0.4886,0
14.0,0.0,28.1,7.0,0.4886,0
12.8,0.0,68.0,7.0,0.2636,0
12.8,0.0,68.0,7.0,0.2636,0
12.8,0.0,68.0,7.0,0.2636,0
12.8,0.0,68.0,7.0,0.2636,0
14.2,0.0,28.1,7.0,0.4886,0
14.2,0.0,86.2,7.0,0.302,1
12.8,0.0,68.0,7.0,0.2636,0
12.8,0.0,68.0,7.0,0.2636,0
12.8,0.0,68.0,7.0,0.2636,0
12.8,0.0,68.0,7.0,0.2636,1
12.8,0.0,68.0,7.0,0.2636,1
14.0,0.0,28.1,7.0,0.4773,1
13.3,0.0,28.1,7.0,0.4886,0
14.7,0.0,0.0,7.0,0.2636,0
14.0,0.0,28.1,7.0,0.4886,0
14.0,0.0,28.1,7.0,0.4773,1
13.5,0.0,100.0,7.0,0.2636,0
14.0,0.0,28.1,7.0,0.4886,0
13.2,0.0,30.0,7.0,0.2516,0
13.2,0.0,30.0,7.0,0.2516,0
13.5,0.0,100.0,7.0,0.2636,0
14.0,0.0,28.1,7.0,0.4886,0
13.3,0.0,28.1,7.0,0.4773,1
13.2,0.0,30.0,7.0,0.2516,0
13.5,0.0,100.0,7.0,0.2636,0
13.2,0.0,30.0,7.0,0.2516,0
13.3,0.0,28.1,7.0,0.4773,1
13.5,0.0,100.0,7.0,0.2636,0
13.2,0.0,30.0,7.0,0.2516,0
13.5,0.0,100.0,7.0,0.2636,0
13.5,0.0,100.0,7.0,0.2636,0
13.5,0.0,100.0,7.0,0.2636,0
13.5,0.0,100.0,7.0,0.2636,0
14.2,0.0,28.1,7.0,0.4773,1
13.5,0.0,100.0,7.0,0.2636,0
14.0,0.0,28.1,7.0,0.4773,1
14.0,0.0,28.1,7.0,0.4886,0
13.5,0.0,100.0,7.0,0.2636,0
13.5,0.0,100.0,7.0,0.2636,0
13.5,0.0,100.0,7.0,0.2636,0
13.5,0.0,100.0,7.0,0.2636,0
13.5,0.0,100.0,7.0,0.2636,0
13.5,0.0,100.0,7.0,0.2636,0
13.5,0.0,100.0,7.0,0.2636,0
14.0,0.0,28.1,7.0,0.4773,1
13.3,0.0,28.1,7.0,0.4886,0
14.0,0.0,28.1,7.0,0.4773,1
14.0,0.0,28.1,7.0,0.4886,0
15.1,0.0,84.6,7.0,0.2299,0
15.1,0.0,84.6,7.0,0.2299,0
15.1,0.0,84.6,7.0,0.2299,0
15.1,0.0,84.6,7.0,0.2299,0
13.4,0.0,84.6,7.0,0.2299,0
14.9,0.0,84.6,7.0,0.2299,0
14.9,0.0,84.6,7.0,0.2299,0
12.3,0.0,84.6,7.0,0.2299,0
12.3,0.0,84.6,7.0,0.2299,0
12.3,0.0,84.6,7.0,0.2299,0
12.3,0.0,84.6,7.0,0.2299,0
12.3,0.0,84.6,7.0,0.2299,0
14.0,0.0,28.1,7.0,0.4886,0
12.8,0.0,90.8,7.0,0.0667,0
12.8,0.0,90.8,7.0,0.0667,0
12.8,0.0,90.8,7.0,0.0667,0
12.8,0.0,90.8,7.0,0.0667,0
12.8,0.0,90.8,7.0,0.0667,0
12.8,0.0,90.8,7.0,0.0667,0
12.8,0.0,90.8,7.0,0.0667,0
12.8,0.0,90.8,7.0,0.0667,0
12.8,0.0,90.8,7.0,0.0667,0
12.8,0.0,90.8,7.0,0.0667,0
14.2,0.0,28.1,7.0,0.4886,0
14.0,0.0,28.1,7.0,0.4773,1
14.4,0.0,33.9,7.0,0.2982,0
14.5,0.0,28.1,7.0,0.4886,0
14.5,0.0,28.1,7.0,0.4773,1
14.5,0.0,28.1,7.0,0.4886,0
14.5,0.0,28.1,7.0,0.4886,0
14.5,0.0,28.1,7.0,0.4773,1
14.5,0.0,28.1,7.0,0.4886,0
14.0,0.0,28.1,7.0,0.4886,0
14.0,0.0,28.1,7.0,0.4773,1
12.8,0.0,68.0,7.0,0.2636,1
14.0,0.0,28.1,7.0,0.4773,1
12.7,0.0,100.0,7.0,0.0,0
14.0,0.0,28.1,7.0,0.4886,0
14.0,0.0,28.1,7.0,0.4773,1
13.9,0.0,28.1,7.0,0.4773,1
13.9,0.0,28.1,7.0,0.4773,1
12.8,0.0,68.0,7.0,0.2636,0
12.8,0.0,68.0,7.0,0.2636,1
13.0,0.0,32.4,7.0,0.3832,0
13.0,0.0,14.3,7.0,0.2636,1
13.9,0.0,28.1,7.0,0.4773,1
12.8,0.0,68.0,7.0,0.2636,1
12.7,0.0,95.7,7.0,0.0217,0
12.7,0.0,95.7,7.0,0.0217,0
14.9,0.0,95.7,7.0,0.0,1
13.0,0.0,32.4,7.0,0.3832,0
13.9,0.0,28.1,7.0,0.4773,1
13.9,0.0,28.1,7.0,0.4773,1
13.9,0.0,28.1,7.0,0.4773,1
13.9,0.0,28.1,7.0,0.4773,1
12.1,0.0,100.0,7.0,0.0,0
12.1,0.0,100.0,7.0,0.0,0
12.1,0.0,100.0,7.0,0.0,0
12.1,0.0,100.0,7.0,0.0,0
12.1,0.0,100.0,7.0,0.0,0
12.1,0.0,100.0,7.0,0.0,0
12.1,0.0,100.0,7.0,0.0,0
12.1,0.0,100.0,7.0,0.0,0
14.5,0.0,28.1,7.0,0.4886,0
14.5,0.0,28.1,7.0,0.4886,0
14.5,0.0,28.1,7.0,0.4773,1
14.5,0.0,28.1,7.0,0.4773,1
14.5,0.0,28.1,7.0,0.4773,1
12.0,0.0,28.1,7.0,0.4886,0
14.5,0.0,28.1,7.0,0.4886,0
14.8,0.0,57.9,7.0,0.4286,0
14.5,0.0,28.1,7.0,0.4773,1
14.2,0.0,28.1,7.0,0.4886,0
14.2,0.0,28.1,7.0,0.4773,1
14.2,0.0,28.1,7.0,0.4886,0
14.2,0.0,28.1,7.0,0.4886,0
14.2,0.0,28.1,7.0,0.4886,0
14.2,0.0,28.1,7.0,0.4773,1
14.2,0.0,28.1,7.0,0.4886,0
14.2,0.0,28.1,7.0,0.4773,1
12.2,0.0,97.1,7.0,0.0294,0
12.2,0.0,97.1,7.0,0.0294,0
12.2,0.0,97.1,7.0,0.0294,0
13.7,0.0,96.3,7.0,0.0377,0
13.7,0.0,96.3,7.0,0.0377,0
13.7,0.0,96.3,7.0,0.0377,0
13.7,0.0,96.3,7.0,0.0377,0
13.7,0.0,96.3,7.0,0.0377,0
13.7,0.0,96.3,7.0,0.0377,0
13.7,0.0,96.3,7.0,0.0377,0
13.7,0.0,96.3,7.0,0.0377,0
13.7,0.0,96.3,7.0,0.0377,0
15.2,0.0,68.3,7.0,0.2,0
15.2,0.0,68.3,7.0,0.19,1
15.2,0.0,68.3,7.0,0.2,0
14.4,0.0,0.0,7.0,0.6804,0
12.4,0.0,61.2,7.0,0.1,1
12.4,0.0,61.2,7.0,0.1083,0
12.4,0.0,61.2,7.0,0.1083,0
12.4,0.0,61.2,7.0,0.1083,0
12.4,0.0,61.2,7.0,0.1,1
12.4,0.0,61.2,7.0,0.1083,0
14.4,0.0,0.0,7.0,0.6701,1
12.4,0.0,61.7,7.0,0.0,0
12.4,0.0,61.7,7.0,0.0,0
12.4,0.0,61.7,7.0,0.0,0
12.4,0.0,61.7,7.0,0.0,0
12.4,0.0,61.7,7.0,0.0,0
12.4,0.0,61.7,7.0,0.0,0
12.4,0.0,61.7,7.0,0.0,0
12.4,0.0,61.7,7.0,0.0,0
12.4,0.0,61.7,7.0,0.0,0
12.4,0.0,61.7,7.0,0.0,0
12.4,0.0,61.7,7.0,0.0,0
14.2,0.0,88.8,7.0,0.8344,0
14.3,0.0,78.7,7.0,0.1905,1
14.3,0.0,78.7,7.0,0.1964,0
13.0,0.0,78.7,7.0,0.1905,1
13.2,0.0,30.0,7.0,0.2516,0
13.2,0.0,30.0,7.0,0.2516,0
13.2,0.0,30.0,7.0,0.2516,0
13.2,0.0,30.0,7.0,0.2516,0
13.2,0.0,30.0,7.0,0.2516,0
13.2,0.0,30.0,7.0,0.2516,0
13.2,0.0,30.0,7.0,0.2516,0
13.2,0.0,30.0,7.0,0.2516,0
13.2,0.0,30.0,7.0,0.2516,0
13.2,0.0,30.0,7.0,0.2516,0
14.6,0.0,33.9,7.0,0.2982,0
14.4,0.0,33.9,7.0,0.2982,0
12.1,0.0,84.6,7.0,0.2285,1
12.1,0.0,84.6,8.0,0.2285,1
13.3,0.0,84.6,7.0,0.2285,1
12.1,0.0,84.6,7.0,0.2285,1
13.3,0.0,84.6,7.0,0.2285,1
13.3,0.0,84.6,7.0,0.2285,1
13.3,0.0,84.6,7.0,0.2285,1
12.1,0.0,84.6,7.0,0.2285,1
12.1,0.0,84.6,7.0,0.2285,1
13.3,0.0,84.6,7.0,0.2285,1
13.9,0.0,30.0,7.0,0.2453,1
13.8,0.0,70.4,7.0,0.2636,1
12.6,0.0,54.5,7.0,0.2812,0
13.9,0.0,30.0,7.0,0.2516,0
13.9,0.0,30.0,7.0,0.2453,1
12.1,0.0,30.0,7.0,0.2453,1
12.1,0.0,30.0,7.0,0.2453,1
13.3,0.0,30.0,8.0,0.2453,1
13.9,0.0,30.0,7.0,0.2516,0
13.8,0.0,70.4,7.0,0.2636,0
12.2,0.0,67.0,7.0,0.4912,1
12.6,0.0,78.7,7.0,0.1905,1
13.1,0.0,57.1,7.0,0.2636,1
15.0,0.0,58.7,7.0,0.3756,0
15.0,0.0,58.7,7.0,0.3707,1
15.0,0.0,58.7,7.0,0.3756,0
15.0,0.0,58.7,7.0,0.3756,0
15.0,0.0,58.7,7.0,0.3756,0
15.0,0.0,58.7,7.0,0.3707,1
15.0,0.0,58.7,7.0,0.3707,1
15.0,0.0,58.7,7.0,0.3756,0
12.0,0.0,90.9,7.0,0.2368,0
15.1,2.0,73.7,7.0,0.2636,0
13.1,0.0,73.0,7.0,0.0068,0
12.8,0.0,73.0,7.0,0.0068,0
12.8,0.0,73.0,7.0,0.0068,0
12.8,0.0,73.0,7.0,0.0068,0
13.1,0.0,73.0,7.0,0.0068,0
13.9,0.0,30.0,8.0,0.2516,0
13.2,0.0,30.0,7.0,0.2516,0
14.5,0.0,30.0,7.0,0.2516,0
14.7,0.0,73.5,7.0,0.0366,0
13.1,0.0,73.0,7.0,0.0068,0
14.7,1.0,89.2,7.0,0.087,1
13.1,0.0,73.0,7.0,0.0068,0
13.1,0.0,73.0,7.0,0.0068,0
13.1,0.0,73.0,7.0,0.0068,0
14.8,0.0,33.3,7.0,0.2636,0
14.4,0.0,33.3,7.0,0.2636,0
13.1,0.0,73.0,7.0,0.0068,0
13.1,0.0,73.0,7.0,0.0068,0
14.1,0.0,95.2,7.0,0.2636,0
14.9,0.0,63.8,7.0,0.3869,0
15.1,0.0,63.8,7.0,0.3796,1
14.2,0.0,94.0,7.0,0.1566,0
12.3,0.0,94.0,7.0,0.1566,0
12.1,0.0,94.0,7.0,0.1566,0
14.2,0.0,94.0,8.0,0.1566,0
14.2,0.0,94.0,7.0,0.1446,1
12.3,0.0,94.0,7.0,0.1566,0
12.3,0.0,94.0,7.0,0.1566,0
12.3,0.0,94.0,7.0,0.1566,0
14.7,0.0,94.0,7.0,0.1566,0
12.6,0.0,94.0,7.0,0.1446,1
12.6,0.0,94.0,7.0,0.1566,0
14.4,0.0,33.9,8.0,0.2982,0
14.4,0.0,33.9,7.0,0.2982,0
13.4,0.0,74.4,9.0,0.3127,1
13.4,0.0,74.4,9.0,0.3127,1
14.6,0.0,56.5,7.0,0.807,1
14.4,0.0,33.9,7.0,0.2982,0
13.1,0.0,46.1,7.0,0.44,0
14.5,0.0,61.7,7.0,0.0,0
13.9,0.0,61.7,7.0,0.0,0
14.5,0.0,61.7,7.0,0.0,0
14.5,0.0,61.7,7.0,0.0,0
14.5,0.0,80.6,8.0,0.0652,1
14.5,0.0,80.6,7.0,0.0761,0
14.5,0.0,80.6,7.0,0.0761,0
13.9,0.0,61.7,7.0,0.0,0
14.2,0.0,98.8,7.0,0.0,0
14.5,0.0,80.6,8.0,0.0652,1
14.5,0.0,80.6,8.0,0.0761,0
14.5,0.0,80.6,7.0,0.0761,0
13.0,0.0,32.4,7.0,0.3738,1
14.6,0.0,98.8,7.0,0.0,0
13.7,0.0,98.8,7.0,0.0,0
14.5,0.0,80.6,7.0,0.0761,0
14.5,0.0,80.6,7.0,0.0761,0
14.5,0.0,80.6,7.0,0.0761,0
14.5,0.0,80.6,7.0,0.0761,0
13.0,0.0,32.4,7.0,0.3738,1
15.3,0.0,98.8,7.0,0.0,0
14.5,0.0,80.6,7.0,0.0761,0
14.5,0.0,80.6,7.0,0.0761,0
14.5,0.0,80.6,8.0,0.0761,0
14.5,0.0,80.6,7.0,0.0652,1
14.5,0.0,80.6,8.0,0.0761,0
14.0,0.0,61.3,7.0,0.3784,1
14.0,0.0,61.3,7.0,0.3919,0
14.0,0.0,61.3,7.0,0.3784,1
14.0,0.0,61.3,7.0,0.3784,1
14.0,0.0,61.3,7.0,0.3919,0
14.0,0.0,61.3,7.0,0.3919,0
13.8,0.0,61.3,7.0,0.3919,0
14.0,0.0,61.3,7.0,0.3784,1
14.4,0.0,61.9,7.0,0.3855,0
14.5,0.0,80.6,8.0,0.0761,0
14.5,0.0,80.6,8.0,0.0761,0
14.1,0.0,61.9,7.0,0.3855,0
14.1,0.0,61.9,7.0,0.3855,0
14.4,0.0,33.9,7.0,0.2982,0
13.8,0.0,70.4,7.0,0.2636,0
13.9,0.0,30.0,7.0,0.2516,0
13.1,0.0,46.1,7.0,0.44,0
13.1,0.0,46.1,7.0,0.44,0
13.1,0.0,46.1,7.0,0.44,0
13.1,0.0,46.1,7.0,0.44,0
13.1,0.0,46.1,7.0,0.44,0
12.1,0.0,47.1,7.0,0.7184,1
12.1,0.0,47.1,7.0,0.7184,1
12.1,0.0,47.1,7.0,0.7184,1
14.5,0.0,60.9,7.0,0.6618,0
14.5,0.0,60.9,7.0,0.6618,0
14.5,0.0,60.9,7.0,0.6618,0
14.5,0.0,60.9,7.0,0.6618,0
14.5,0.0,60.9,7.0,0.6618,0
14.2,0.0,64.1,7.0,0.3492,0
12.1,0.0,47.1,7.0,0.7184,1
12.1,0.0,47.1,7.0,0.7184,1
12.1,0.0,47.1,7.0,0.7184,1
12.1,0.0,47.1,7.0,0.7184,1
12.1,0.0,47.1,7.0,0.7184,1
12.1,0.0,47.1,7.0,0.7184,1
12.1,0.0,47.1,7.0,0.7184,1
12.1,0.0,47.1,7.0,0.7184,1
12.1,0.0,47.1,7.0,0.7184,1
12.1,0.0,47.1,7.0,0.7184,1
12.1,0.0,47.1,7.0,0.7184,1
12.1,0.0,47.1,7.0,0.7184,1
12.1,0.0,47.1,7.0,0.7184,1
12.1,0.0,47.1,7.0,0.7184,1
12.1,0.0,47.1,7.0,0.7184,1
12.1,0.0,47.1,7.0,0.7184,1
12.1,0.0,47.1,7.0,0.7184,1
12.1,0.0,47.1,7.0,0.7184,1
12.1,0.0,47.1,7.0,0.7184,1
12.1,0.0,47.1,7.0,0.7184,1
12.1,0.0,47.1,7.0,0.7184,1
12.1,0.0,47.1,7.0,0.7184,1
12.1,0.0,47.1,7.0,0.7184,1
12.1,0.0,47.1,7.0,0.7184,1
12.1,0.0,47.1,7.0,0.7184,1
12.1,0.0,47.1,7.0,0.7184,1
12.1,0.0,47.1,7.0,0.7184,1
12.1,0.0,47.1,7.0,0.7184,1
12.1,0.0,47.1,7.0,0.7184,1
12.1,0.0,47.1,7.0,0.7184,1
12.1,0.0,47.1,7.0,0.7184,1
12.1,0.0,47.1,7.0,0.7184,1
12.1,0.0,47.1,7.0,0.7184,1
12.1,0.0,47.1,7.0,0.7184,1
12.1,0.0,47.1,7.0,0.7184,1
12.1,0.0,47.1,7.0,0.7184,1
14.2,0.0,64.1,7.0,0.3492,0
14.2,0.0,64.1,7.0,0.3492,0
14.2,0.0,64.1,7.0,0.3492,0
14.2,0.0,64.1,7.0,0.3492,0
14.2,0.0,64.1,7.0,0.3492,0
12.8,0.0,60.9,7.0,0.6471,1
13.9,0.0,64.1,7.0,0.3492,0
14.5,0.0,52.1,7.0,0.1702,0
14.6,0.0,82.4,7.0,0.0778,0
13.5,0.0,60.9,7.0,0.6471,1
13.5,0.0,60.9,7.0,0.6471,1
14.5,0.0,64.1,7.0,0.3333,1
12.1,0.0,47.1,7.0,0.7184,1
12.1,0.0,47.1,7.0,0.7184,1
12.1,0.0,47.1,7.0,0.7184,1
12.1,0.0,47.1,7.0,0.7184,1
12.1,0.0,47.1,7.0,0.7184,1
15.8,0.0,95.2,7.0,0.0097,0
15.8,0.0,95.2,7.0,0.0097,0
15.8,0.0,95.2,7.0,0.0097,0
15.8,0.0,95.2,7.0,0.0097,0
15.8,0.0,95.2,7.0,0.0097,0
12.1,0.0,47.1,7.0,0.7184,1
12.1,0.0,47.1,7.0,0.7184,1
12.1,0.0,47.1,7.0,0.7184,1
12.1,0.0,47.1,7.0,0.7184,1
12.1,0.0,47.1,7.0,0.7184,1
12.1,0.0,47.1,7.0,0.7184,1
12.1,0.0,47.1,7.0,0.7184,1
12.1,0.0,47.1,7.0,0.7184,1
12.9,0.0,4.8,7.0,0.2636,0
12.6,0.0,4.8,7.0,0.2636,1
14.3,0.0,59.7,7.0,0.4648,1
12.9,0.0,40.0,7.0,0.2636,1
12.5,0.0,59.7,7.0,0.4648,1
14.9,0.0,86.0,7.0,0.2653,0
13.7,0.0,86.0,7.0,0.2653,0
15.4,0.0,86.0,7.0,0.2653,0
15.4,0.0,86.0,7.0,0.2653,0
15.4,0.0,86.0,7.0,0.2449,1
14.2,0.0,47.1,7.0,0.7184,1
14.2,0.0,47.1,7.0,0.7184,1
14.2,0.0,47.1,7.0,0.7184,1
15.4,0.0,72.2,7.0,0.2286,0
13.0,0.0,72.2,7.0,0.2,1
15.5,0.0,14.3,7.0,0.1458,0
13.8,0.0,14.3,7.0,0.1458,0
14.9,0.0,33.9,7.0,0.2982,0
14.1,0.0,29.2,7.0,0.6071,1
14.1,0.0,29.2,7.0,0.6071,1
14.1,0.0,29.2,7.0,0.6161,0
13.0,0.0,80.9,7.0,0.1404,0
13.0,0.0,80.9,7.0,0.1404,0
13.0,0.0,80.9,7.0,0.1404,0
13.0,0.0,80.9,7.0,0.1404,0
14.1,0.0,29.2,7.0,0.6071,1
14.1,0.0,29.2,7.0,0.6161,0
14.1,0.0,29.2,7.0,0.6071,1
13.7,0.0,29.2,7.0,0.6071,1
14.1,0.0,29.2,7.0,0.6071,1
14.1,0.0,29.2,7.0,0.6071,1
13.7,0.0,29.2,7.0,0.6071,1
13.7,0.0,29.2,7.0,0.6071,1
13.7,0.0,29.2,7.0,0.6071,1
13.7,0.0,29.2,7.0,0.6071,1
13.7,0.0,29.2,7.0,0.6071,1
13.7,0.0,29.2,7.0,0.6071,1
15.3,0.0,93.2,7.0,0.0855,0
13.7,0.0,45.9,7.0,0.3167,0
13.1,0.0,50.0,7.0,0.2113,0
14.4,0.0,75.8,7.0,0.7077,0
13.5,0.0,0.0,7.0,0.6701,1
13.5,0.0,0.0,7.0,0.6701,1
13.5,0.0,0.0,7.0,0.6701,1
13.5,0.0,0.0,7.0,0.6701,1
13.5,0.0,0.0,7.0,0.6701,1
13.5,0.0,0.0,7.0,0.6701,1
13.7,0.0,29.2,7.0,0.6071,1
13.6,0.0,29.2,7.0,0.6071,1
13.5,0.0,0.0,7.0,0.6701,1
13.6,0.0,29.2,7.0,0.6071,1
13.1,0.0,87.9,7.0,0.1713,0
13.0,0.0,87.9,7.0,0.1713,0
13.5,0.0,0.0,7.0,0.6701,1
13.5,0.0,0.0,7.0,0.6804,0
13.5,0.0,0.0,7.0,0.6701,1
13.3,0.0,87.9,7.0,0.1713,0
13.3,0.0,87.9,7.0,0.1657,1
15.1,0.0,92.9,7.0,0.2636,1
15.1,0.0,92.9,7.0,0.2636,1
14.8,0.0,92.9,7.0,0.2636,1
14.8,0.0,92.9,7.0,0.2636,1
14.8,0.0,92.9,7.0,0.2636,1
13.9,0.0,60.9,7.0,0.6471,1
13.1,0.0,87.9,7.0,0.1713,0
13.3,0.0,87.9,7.0,0.1713,0
13.9,0.0,60.9,7.0,0.6471,1
13.9,0.0,64.1,7.0,0.3333,1
13.3,0.0,87.9,7.0,0.1713,0
15.1,0.0,80.3,7.0,0.3385,0
13.7,0.0,80.3,7.0,0.3231,1
13.7,0.0,80.3,7.0,0.3385,0
13.0,0.0,80.9,7.0,0.1404,0
13.0,0.0,80.9,7.0,0.1404,0
15.1,0.0,64.7,7.0,0.3636,0
15.1,0.0,64.7,7.0,0.3636,0
14.3,0.0,95.0,7.0,0.2636,0
15.0,0.0,83.3,7.0,0.1429,1
15.0,0.0,83.3,7.0,0.1429,1
15.0,0.0,83.3,7.0,0.1429,1
15.0,0.0,83.3,7.0,0.1429,1
13.0,0.0,32.4,7.0,0.3738,1
12.0,0.0,32.4,7.0,0.3832,0
13.0,0.0,0.0,9.0,0.2636,0
13.4,0.0,70.2,7.0,0.2611,0
12.1,0.0,37.8,7.0,0.5085,0
13.9,0.0,37.8,7.0,0.5,1
14.4,0.0,37.8,7.0,0.5085,0
13.9,0.0,37.8,7.0,0.5,1
14.4,0.0,37.8,7.0,0.5,1
14.4,0.0,37.8,7.0,0.5,1
14.4,0.0,37.8,7.0,0.5085,0
14.4,0.0,37.8,7.0,0.5,1
14.4,0.0,37.8,7.0,0.5,1
14.4,0.0,37.8,7.0,0.5085,0
14.4,0.0,37.8,7.0,0.5085,0
14.4,0.0,37.8,7.0,0.5085,0
14.4,0.0,37.8,7.0,0.5,1
14.4,0.0,37.8,7.0,0.5,1
14.2,0.0,37.8,7.0,0.5,1
14.6,0.0,37.8,7.0,0.5,1
14.6,0.0,37.8,7.0,0.5,1
14.6,0.0,37.8,7.0,0.5,1
14.4,0.0,37.8,7.0,0.5,1
14.4,0.0,37.8,7.0,0.5,1
14.4,0.0,37.8,7.0,0.5085,0
14.6,0.0,37.8,7.0,0.5085,0
14.4,0.0,37.8,7.0,0.5,1
14.4,0.0,37.8,7.0,0.5,1
14.6,0.0,37.8,7.0,0.5085,0
14.6,0.0,37.8,7.0,0.5,1
14.6,0.0,37.8,7.0,0.5,1
14.2,0.0,37.8,7.0,0.5085,0
14.4,0.0,37.8,7.0,0.5085,0
14.4,0.0,37.8,7.0,0.5,1
14.4,0.0,37.8,7.0,0.5,1
14.4,0.0,37.8,7.0,0.5,1
14.4,0.0,20.9,7.0,0.7619,1
14.4,0.0,20.9,7.0,0.7619,1
14.4,0.0,20.9,7.0,0.7619,1
14.4,0.0,20.9,7.0,0.7619,1
14.4,0.0,20.9,7.0,0.7619,1
14.4,0.0,20.9,7.0,0.7619,1
14.4,0.0,20.9,7.0,0.7619,1
14.4,0.0,20.9,7.0,0.7619,1
14.4,0.0,20.9,7.0,0.7619,1
14.4,0.0,20.9,7.0,0.7619,1
14.4,0.0,20.9,7.0,0.7619,1
14.4,0.0,20.9,7.0,0.7619,1
13.0,0.0,100.0,7.0,0.2636,0
14.4,0.0,20.9,7.0,0.7619,1
14.4,0.0,20.9,7.0,0.7619,1
14.4,0.0,20.9,7.0,0.7619,1
14.4,0.0,20.9,7.0,0.7857,0
14.4,0.0,20.9,7.0,0.7857,0
14.4,0.0,20.9,7.0,0.7857,0
14.4,0.0,20.9,7.0,0.7619,1
14.4,0.0,20.9,7.0,0.7619,1
12.2,0.0,80.8,7.0,0.2636,0
14.0,0.0,88.3,7.0,0.2235,0
13.3,0.0,70.2,7.0,0.2611,0
12.6,0.0,100.0,7.0,0.0,0
12.6,0.0,100.0,7.0,0.0,0
12.6,0.0,100.0,7.0,0.0,0
12.6,0.0,100.0,7.0,0.0,0
12.1,0.0,100.0,7.0,0.0,0
15.5,0.0,57.1,7.0,0.4407,0
12.9,0.0,97.4,7.0,0.0325,0
12.9,0.0,97.4,7.0,0.0325,0
12.9,0.0,97.4,7.0,0.0325,0
12.9,0.0,97.4,7.0,0.0325,0
12.9,0.0,97.4,7.0,0.0325,0
12.9,0.0,97.4,7.0,0.0325,0
12.9,0.0,97.4,7.0,0.0325,0
15.5,0.0,57.1,7.0,0.4407,0
15.5,0.0,57.1,7.0,0.4407,0
15.1,0.0,57.1,7.0,0.4322,1
15.1,0.0,57.1,7.0,0.4407,0
14.6,0.0,33.9,7.0,0.2895,1
15.1,0.0,57.1,7.0,0.4322,1
15.1,0.0,57.1,7.0,0.4322,1
14.2,0.0,44.4,7.0,0.2636,1
15.1,0.0,57.1,7.0,0.4322,1
15.1,0.0,57.1,7.0,0.4322,1
15.1,0.0,57.1,7.0,0.4322,1
12.5,0.0,82.7,7.0,0.1992,0
15.1,0.0,84.4,7.0,0.1348,1
12.8,0.0,60.9,7.0,0.6471,1
14.8,2.0,0.0,7.0,0.2636,1
12.4,0.0,72.4,7.0,0.1733,0
14.0,0.0,29.2,7.0,0.6161,0
14.0,0.0,99.0,7.0,0.3939,0
15.0,0.0,58.7,7.0,0.3707,1
15.0,0.0,58.7,7.0,0.3707,1
13.0,0.0,78.7,7.0,0.1964,0
14.3,0.0,78.7,7.0,0.1964,0
14.3,0.0,78.7,7.0,0.1964,0
14.3,0.0,78.7,7.0,0.1964,0
14.5,0.0,80.6,8.0,0.0761,0
13.9,0.0,78.7,7.0,0.1964,0
13.9,0.0,78.7,7.0,0.1964,0
15.0,0.0,58.7,7.0,0.3756,0
15.0,0.0,58.7,7.0,0.3756,0
15.0,0.0,58.7,7.0,0.3707,1
14.5,0.0,80.6,8.0,0.0761,0
14.5,0.0,80.6,8.0,0.0761,0
13.3,0.0,58.1,7.0,0.6293,1
13.8,0.0,7.7,7.0,0.2636,0
14.5,0.0,80.6,8.0,0.0761,0
13.3,0.0,58.1,7.0,0.6293,1
13.3,0.0,58.1,7.0,0.6379,0
14.5,0.0,80.6,8.0,0.0761,0
14.5,0.0,80.6,8.0,0.0652,1
14.8,0.0,93.3,7.0,0.2636,0
13.2,0.0,93.3,7.0,0.2636,0
13.3,0.0,89.8,7.0,0.1181,0
12.1,0.0,80.0,7.0,0.1351,0
14.9,0.0,89.8,7.0,0.1181,0
14.9,0.0,89.8,7.0,0.1181,0
14.9,0.0,89.8,7.0,0.1181,0
14.1,0.0,93.3,7.0,0.2636,0
12.7,0.0,9.6,8.0,0.0972,0
12.7,0.0,9.6,7.0,0.0972,0
12.7,0.0,9.6,7.0,0.0972,0
12.7,0.0,9.6,7.0,0.0972,0
12.7,0.0,9.6,7.0,0.0972,0
12.7,0.0,9.6,7.0,0.0972,0
12.7,0.0,9.6,8.0,0.0972,0
12.3,0.0,9.6,7.0,0.0972,0
12.3,0.0,9.6,7.0,0.0972,0
12.3,0.0,9.6,7.0,0.0972,0
12.3,0.0,9.6,7.0,0.0972,0
12.3,0.0,9.6,7.0,0.0972,0
12.3,0.0,9.6,7.0,0.0972,0
12.3,0.0,9.6,7.0,0.0972,0
12.3,0.0,9.6,7.0,0.0972,0
12.3,0.0,9.6,7.0,0.0972,0
12.3,0.0,9.6,7.0,0.0972,0
12.3,0.0,9.6,7.0,0.0972,0
12.7,0.0,9.6,7.0,0.0972,0
12.7,0.0,9.6,7.0,0.0972,0
12.7,0.0,9.6,7.0,0.0972,0
12.7,0.0,9.6,7.0,0.0972,0
12.7,0.0,9.6,7.0,0.0972,0
12.7,0.0,9.6,7.0,0.0972,0
12.7,0.0,9.6,7.0,0.0972,0
12.7,0.0,9.6,7.0,0.0972,0
12.7,0.0,9.6,7.0,0.0972,0
12.7,0.0,9.6,7.0,0.0972,0
12.7,0.0,9.6,7.0,0.0972,0
12.7,0.0,9.6,7.0,0.0972,0
12.8,0.0,56.5,7.0,0.807,1
12.8,0.0,56.5,7.0,0.807,1
12.8,0.0,56.5,7.0,0.807,1
12.8,0.0,56.5,7.0,0.807,1
12.8,0.0,56.5,7.0,0.8158,0
12.8,0.0,56.5,7.0,0.807,1
12.7,0.0,61.7,7.0,0.0,0
12.7,0.0,61.7,7.0,0.0,0
12.8,0.0,56.5,7.0,0.8158,0
13.0,0.0,32.4,7.0,0.3738,1
12.8,0.0,56.5,7.0,0.8158,0
12.8,0.0,56.5,7.0,0.8158,0
14.8,0.0,95.0,7.0,0.2636,0
14.5,0.0,61.7,7.0,0.0,0
14.5,0.0,61.7,7.0,0.0,0
14.5,0.0,61.7,7.0,0.0,0
13.0,0.0,32.4,7.0,0.3832,0
12.8,0.0,56.5,7.0,0.807,1
12.8,0.0,56.5,7.0,0.807,1
12.8,0.0,56.5,7.0,0.8158,0
14.5,0.0,61.7,7.0,0.0,0
14.5,0.0,61.7,7.0,0.0,0
14.5,0.0,61.7,7.0,0.0,0
13.3,0.0,29.1,7.0,0.1296,0
13.3,0.0,29.1,7.0,0.1296,0
13.3,0.0,29.1,7.0,0.1296,0
13.3,0.0,29.1,7.0,0.1296,0
13.3,0.0,29.1,7.0,0.1296,0
13.3,0.0,29.1,7.0,0.1296,0
13.3,0.0,29.1,7.0,0.1296,0
13.3,0.0,29.1,7.0,0.1296,0
13.3,0.0,29.1,7.0,0.1296,0
13.3,0.0,29.1,7.0,0.1296,0
12.8,0.0,56.5,7.0,0.807,1
12.8,0.0,56.5,7.0,0.807,1
12.8,0.0,56.5,7.0,0.8158,0
13.0,0.0,32.4,7.0,0.3832,0
14.4,0.0,33.3,7.0,0.2636,0
13.5,0.0,84.2,7.0,0.2636,1
12.6,0.0,49.0,7.0,0.3224,1
12.6,0.0,49.0,7.0,0.3289,0
12.6,0.0,49.0,7.0,0.3224,1
12.6,0.0,49.0,7.0,0.3289,0
12.6,0.0,49.0,7.0,0.3224,1
12.6,0.0,49.0,7.0,0.3289,0
12.6,0.0,49.0,7.0,0.3289,0
12.6,0.0,49.0,7.0,0.3289,0
12.6,0.0,49.0,7.0,0.3289,0
12.6,0.0,49.0,7.0,0.3289,0
12.6,0.0,49.0,7.0,0.3289,0
12.6,0.0,49.0,7.0,0.3224,1
12.6,0.0,49.0,7.0,0.3289,0
12.6,0.0,49.0,7.0,0.3224,1
12.6,0.0,49.0,7.0,0.3224,1
12.6,0.0,49.0,7.0,0.3289,0
12.6,0.0,49.0,7.0,0.3289,0
12.6,0.0,49.0,7.0,0.3224,1
12.6,0.0,49.0,7.0,0.3289,0
12.6,0.0,49.0,7.0,0.3289,0
12.6,0.0,49.0,7.0,0.3224,1
12.6,0.0,49.0,7.0,0.3224,1
13.3,0.0,0.0,7.0,0.2636,0
13.3,0.0,0.0,7.0,0.2636,0
13.3,0.0,0.0,7.0,0.2636,0
13.3,0.0,0.0,7.0,0.2636,0
13.3,0.0,0.0,7.0,0.2636,0
13.3,0.0,0.0,7.0,0.2636,0
13.3,0.0,0.0,7.0,0.2636,0
14.5,0.0,97.8,7.0,0.0227,0
14.5,0.0,97.8,7.0,0.0227,0
14.5,0.0,97.8,7.0,0.0227,0
12.1,0.0,0.0,7.0,0.1429,0
12.2,0.0,100.0,7.0,0.1,0
12.2,0.0,100.0,7.0,0.1,0
12.2,0.0,100.0,7.0,0.1,0
12.2,0.0,100.0,7.0,0.1,0
13.0,0.0,6.0,7.0,0.2424,1
14.2,0.0,100.0,7.0,0.1,0
14.0,0.0,60.7,7.0,0.2963,0
14.2,0.0,100.0,7.0,0.1,0
14.0,0.0,60.7,7.0,0.2963,0
14.2,0.0,100.0,7.0,0.1,0
13.7,0.0,96.3,7.0,0.0377,0
13.7,0.0,96.3,7.0,0.0377,0
13.7,0.0,96.3,7.0,0.0377,0
13.7,0.0,96.3,7.0,0.0377,0
13.7,0.0,96.3,7.0,0.0377,0
13.7,0.0,96.3,7.0,0.0377,0
13.7,0.0,96.3,7.0,0.0377,0
13.7,0.0,96.3,7.0,0.0377,0
13.7,0.0,96.3,7.0,0.0377,0
13.7,0.0,96.3,7.0,0.0377,0
13.7,0.0,96.3,7.0,0.0377,0
13.7,0.0,96.3,7.0,0.0377,0
13.7,0.0,96.3,7.0,0.0377,0
13.7,0.0,96.3,7.0,0.0377,0
13.7,0.0,96.3,7.0,0.0377,0
13.7,0.0,96.3,7.0,0.0377,0
13.7,0.0,96.3,7.0,0.0377,0
14.0,0.0,60.7,7.0,0.2963,0
13.9,0.0,60.7,7.0,0.2963,0
13.9,0.0,60.7,7.0,0.2963,0
14.0,0.0,60.7,7.0,0.2963,0
13.9,0.0,60.7,7.0,0.2963,0
13.9,0.0,60.7,7.0,0.2963,0
13.9,0.0,60.7,7.0,0.2963,0
13.9,0.0,60.7,7.0,0.2963,0
13.9,0.0,60.7,7.0,0.2963,0
13.9,0.0,60.7,7.0,0.2963,0
13.9,0.0,60.7,7.0,0.2963,0
12.0,0.0,81.1,7.0,0.2149,0
15.1,0.0,47.2,7.0,0.0909,0
14.2,0.0,100.0,7.0,0.1,0
13.9,0.0,60.7,7.0,0.2963,0
13.9,0.0,60.7,7.0,0.2963,0
13.9,0.0,60.7,7.0,0.2963,0
13.9,0.0,60.7,7.0,0.2963,0
14.7,0.0,78.8,7.0,0.3165,0
14.5,0.0,78.8,8.0,0.3165,0
14.5,0.0,78.8,8.0,0.3165,0
14.8,0.0,59.7,7.0,0.4789,0
12.9,0.0,42.5,7.0,0.1608,0
12.2,0.0,83.8,7.0,0.0058,0
12.2,0.0,83.8,7.0,0.0058,0
12.2,0.0,83.8,7.0,0.0058,0
12.2,0.0,83.8,7.0,0.0058,0
12.2,0.0,83.8,7.0,0.0058,0
12.2,0.0,83.8,7.0,0.0058,0
12.2,0.0,83.8,7.0,0.0058,0
12.2,0.0,83.8,7.0,0.0058,0
12.2,0.0,83.8,7.0,0.0058,0
12.2,0.0,83.8,7.0,0.0,1
12.2,0.0,83.8,7.0,0.0058,0
15.3,0.0,90.9,7.0,0.2636,0
12.2,0.0,58.1,7.0,0.6379,0
12.8,0.0,80.0,7.0,0.2636,0
13.3,0.0,0.0,7.0,0.2636,0
13.3,0.0,0.0,7.0,0.2636,0
13.3,0.0,0.0,7.0,0.2636,0
13.3,0.0,0.0,7.0,0.2636,0
13.3,0.0,0.0,7.0,0.2636,0
13.3,0.0,0.0,7.0,0.2636,0
13.3,0.0,0.0,7.0,0.2636,0
13.3,0.0,0.0,7.0,0.2636,0
12.7,0.0,0.0,7.0,0.2636,0
15.2,0.0,43.9,7.0,0.1546,0
14.9,0.0,13.7,7.0,0.1099,0
14.9,0.0,13.7,7.0,0.1099,0
12.4,0.0,86.4,7.0,0.0887,0
12.4,0.0,86.4,7.0,0.0887,0
12.4,0.0,86.4,7.0,0.0887,0
12.4,0.0,86.4,7.0,0.0887,0
14.4,0.0,72.0,7.0,0.2041,0
13.5,0.0,82.7,7.0,0.1992,0
12.4,0.0,86.4,7.0,0.0887,0
12.4,0.0,86.4,7.0,0.0806,1
14.1,0.0,12.1,7.0,0.8438,1
12.2,0.0,82.7,7.0,0.1949,1
14.1,0.0,12.1,7.0,0.8438,1
14.1,0.0,12.1,7.0,0.8438,1
13.2,0.0,82.7,7.0,0.1949,1
14.1,0.0,12.1,7.0,0.8438,1
14.1,0.0,12.1,7.0,0.8438,1
12.4,0.0,86.4,7.0,0.0806,1
13.7,0.0,100.0,7.0,0.2636,1
14.7,0.0,50.0,7.0,0.2636,0
14.2,1.0,61.3,7.0,0.1311,0
14.5,0.0,72.0,7.0,0.2041,0
15.5,0.0,59.1,7.0,0.3953,1
15.5,0.0,59.1,7.0,0.4186,0
14.7,0.0,64.8,7.0,0.4409,1
14.7,0.0,64.8,7.0,0.4409,1
14.6,0.0,64.8,7.0,0.4409,1
14.1,0.0,12.1,7.0,0.8438,1
14.1,0.0,12.1,7.0,0.8438,1
14.1,0.0,12.1,7.0,0.8438,1
14.1,0.0,12.1,7.0,0.8438,1
14.1,0.0,12.1,7.0,0.8438,1
14.1,0.0,12.1,7.0,0.8438,1
14.1,0.0,12.1,7.0,0.8438,1
14.1,0.0,12.1,7.0,0.8438,1
14.1,0.0,12.1,7.0,0.8438,1
14.1,0.0,12.1,7.0,0.8438,1
14.1,0.0,12.1,7.0,0.8438,1
14.1,0.0,12.1,7.0,0.8438,1
14.1,0.0,12.1,7.0,0.8438,1
14.1,0.0,12.1,7.0,0.8438,1
14.1,0.0,12.1,7.0,0.8438,1
14.1,0.0,12.1,7.0,0.8438,1
14.1,0.0,12.1,7.0,0.8438,1
13.1,0.0,64.3,7.0,0.3902,1
14.1,0.0,12.1,7.0,0.8438,1
14.1,0.0,12.1,7.0,0.8438,1
13.9,0.0,0.0,7.0,0.0,0
13.9,0.0,0.0,7.0,0.0,0
13.9,0.0,0.0,7.0,0.0,0
13.9,0.0,0.0,7.0,0.0,0
13.9,0.0,0.0,7.0,0.0,0
13.9,0.0,0.0,7.0,0.0,0
13.9,0.0,0.0,7.0,0.0,0
13.9,0.0,0.0,7.0,0.0,0
13.9,0.0,0.0,7.0,0.0,0
13.9,0.0,0.0,7.0,0.0,0
15.4,0.0,86.0,7.0,0.2653,0
12.9,0.0,0.0,7.0,0.1698,0
12.9,0.0,0.0,7.0,0.1698,0
12.9,0.0,0.0,7.0,0.1698,0
12.9,0.0,0.0,7.0,0.1698,0
12.9,0.0,0.0,7.0,0.1698,0
12.9,0.0,0.0,7.0,0.1698,0
12.9,0.0,0.0,7.0,0.1698,0
12.9,0.0,0.0,7.0,0.1698,0
12.9,0.0,0.0,7.0,0.1698,0
12.9,0.0,0.0,7.0,0.1698,0
13.9,0.0,0.0,7.0,0.0,0
13.9,0.0,0.0,7.0,0.0,0
13.7,0.0,84.6,7.0,0.2299,0
13.7,0.0,84.6,7.0,0.2299,0
13.7,0.0,84.6,7.0,0.2299,0
13.7,0.0,84.6,7.0,0.2299,0
13.7,0.0,84.6,7.0,0.2299,0
13.7,0.0,84.6,7.0,0.2299,0
12.8,0.0,0.0,7.0,0.2636,0
12.1,0.0,0.0,7.0,0.2636,0
13.7,0.0,84.6,7.0,0.2285,1
13.7,0.0,0.0,7.0,0.2636,1
13.7,0.0,84.6,7.0,0.2299,0
13.7,0.0,0.0,7.0,0.2636,1
13.7,0.0,84.6,7.0,0.2299,0
13.7,0.0,0.0,7.0,0.2636,0
13.4,0.0,33.9,7.0,0.2982,0
14.4,0.0,33.9,7.0,0.2982,0
14.4,0.0,33.9,7.0,0.2895,1
14.4,0.0,33.9,7.0,0.2982,0
14.4,0.0,33.9,7.0,0.2982,0
12.8,0.0,56.5,7.0,0.8158,0
12.8,0.0,56.5,7.0,0.8158,0
14.4,0.0,38.1,7.0,0.6386,0
14.4,0.0,38.1,7.0,0.6265,1
14.4,0.0,38.1,7.0,0.6265,1
14.4,0.0,38.1,7.0,0.6386,0
12.1,0.0,90.0,7.0,0.2636,0
14.4,0.0,38.1,7.0,0.6386,0
14.4,0.0,38.1,7.0,0.6265,1
12.1,0.0,79.5,7.0,0.0,0
14.3,0.0,38.1,7.0,0.6265,1
14.3,0.0,38.1,7.0,0.6265,1
14.3,0.0,38.1,7.0,0.6265,1
14.3,0.0,38.1,7.0,0.6265,1
14.3,0.0,38.1,7.0,0.6265,1
14.0,0.0,38.1,7.0,0.6265,1
14.4,0.0,38.1,7.0,0.6265,1
14.0,0.0,38.1,7.0,0.6265,1
14.0,0.0,38.1,7.0,0.6265,1
14.4,0.0,38.1,7.0,0.6265,1
13.3,0.0,26.3,7.0,0.2973,0
15.1,0.0,26.3,7.0,0.2973,0
13.3,0.0,0.0,7.0,0.2636,0
15.3,0.0,63.8,7.0,0.3796,1
13.3,0.0,0.0,7.0,0.2636,0
13.8,0.0,14.3,7.0,0.1458,0
13.3,0.0,0.0,7.0,0.2636,0
12.8,0.0,14.3,7.0,0.1458,0
14.9,0.0,25.0,7.0,0.2636,0
12.1,0.0,79.5,7.0,0.0,0
12.6,0.0,0.0,7.0,0.2636,0
12.1,0.0,0.0,7.0,0.2636,0
13.8,0.0,49.3,7.0,0.1176,0
12.8,0.0,25.0,7.0,0.2636,0
14.2,0.0,38.1,7.0,0.6265,1
14.2,0.0,38.1,7.0,0.6265,1
14.2,0.0,38.1,7.0,0.6265,1
14.2,0.0,38.1,7.0,0.6265,1
14.2,0.0,38.1,7.0,0.6265,1
14.2,0.0,38.1,7.0,0.6265,1
14.2,0.0,38.1,7.0,0.6265,1
13.9,0.0,97.8,7.0,0.0227,0
14.2,0.0,38.1,7.0,0.6265,1
12.3,0.0,46.7,7.0,0.4615,0
15.1,0.0,95.0,7.0,0.1818,1
13.2,0.0,63.4,7.0,0.35,0
14.2,0.0,94.4,7.0,0.2636,0
12.4,0.0,100.0,7.0,0.0,0
12.4,0.0,100.0,7.0,0.0,0
12.2,0.0,78.8,7.0,0.3125,0
12.2,0.0,78.8,7.0,0.3125,0
13.5,0.0,89.5,8.0,0.0,1
12.0,0.0,72.2,7.0,0.2636,0
14.9,0.0,99.0,7.0,0.3838,1
14.9,0.0,99.0,7.0,0.3939,0
14.9,0.0,99.0,7.0,0.3939,0
14.9,0.0,99.0,7.0,0.3838,1
14.9,0.0,99.0,7.0,0.3939,0
14.9,0.0,99.0,7.0,0.3838,1
14.9,0.0,99.0,7.0,0.3939,0
14.9,0.0,99.0,7.0,0.3939,0
14.9,0.0,99.0,7.0,0.3838,1
14.9,0.0,99.0,7.0,0.3838,1
14.9,0.0,99.0,7.0,0.3838,1
14.9,0.0,99.0,7.0,0.3838,1
14.9,0.0,99.0,7.0,0.3838,1
14.9,0.0,99.0,7.0,0.3838,1
14.9,0.0,99.0,7.0,0.3838,1
14.9,0.0,99.0,7.0,0.3838,1
14.9,0.0,99.0,7.0,0.3939,0
14.9,0.0,99.0,7.0,0.3838,1
14.9,0.0,99.0,7.0,0.3838,1
14.9,0.0,99.0,7.0,0.3939,0
14.9,0.0,99.0,7.0,0.3838,1
14.9,0.0,99.0,7.0,0.3838,1
14.9,0.0,99.0,7.0,0.3838,1
14.9,0.0,99.0,7.0,0.3838,1
14.9,0.0,99.0,7.0,0.3838,1
14.9,0.0,99.0,7.0,0.3838,1
14.9,0.0,99.0,7.0,0.3838,1
14.9,0.0,99.0,7.0,0.3838,1
14.9,0.0,99.0,7.0,0.3838,1
14.9,0.0,99.0,7.0,0.3838,1
14.9,0.0,99.0,7.0,0.3939,0
14.9,0.0,99.0,7.0,0.3939,0
14.9,0.0,99.0,7.0,0.3939,0
14.2,0.0,47.1,7.0,0.7184,1
13.0,0.0,70.4,7.0,0.2453,1
13.4,0.0,72.3,7.0,0.4706,1
12.7,0.0,72.3,7.0,0.4706,1
13.9,0.0,72.3,7.0,0.4706,1
14.0,0.0,21.9,7.0,0.1824,0
14.0,0.0,21.9,7.0,0.1824,0
13.9,0.0,72.3,7.0,0.4706,1
14.0,0.0,21.9,7.0,0.1824,0
12.4,0.0,100.0,7.0,0.0,0
12.1,0.0,21.9,7.0,0.1824,0
12.7,0.0,72.3,7.0,0.4706,1
13.9,0.0,72.3,7.0,0.4706,1
13.9,0.0,72.3,7.0,0.4745,0
12.7,0.0,72.3,7.0,0.4706,1
12.4,0.0,100.0,7.0,0.0,0
12.2,0.0,72.3,7.0,0.4745,0
12.2,0.0,72.3,7.0,0.4706,1
14.4,0.0,38.1,7.0,0.6265,1
14.4,0.0,38.1,7.0,0.6265,1
14.4,0.0,38.1,7.0,0.6265,1
14.4,0.0,38.1,7.0,0.6265,1
14.4,0.0,38.1,7.0,0.6265,1
14.2,0.0,38.1,7.0,0.6265,1
14.4,0.0,38.1,7.0,0.6265,1
14.4,0.0,38.1,7.0,0.6265,1
14.5,0.0,80.6,7.0,0.0761,0
14.4,0.0,38.1,7.0,0.6265,1
14.2,0.0,38.1,7.0,0.6265,1
14.5,0.0,80.6,7.0,0.0761,0
14.2,0.0,38.1,7.0,0.6265,1
14.3,0.0,38.1,7.0,0.6265,1
14.3,0.0,38.1,7.0,0.6265,1
14.4,0.0,38.1,7.0,0.6265,1
14.0,0.0,38.1,7.0,0.6265,1
14.4,0.0,38.1,7.0,0.6265,1
14.4,0.0,38.1,7.0,0.6265,1
14.8,0.0,80.6,7.0,0.0761,0
14.2,0.0,38.1,7.0,0.6265,1
14.2,0.0,38.1,7.0,0.6265,1
14.5,0.0,80.6,7.0,0.0761,0
14.5,0.0,80.6,7.0,0.0761,0
12.9,0.0,0.0,7.0,0.1698,0
12.9,0.0,0.0,7.0,0.1698,0
12.9,0.0,0.0,7.0,0.1698,0
12.9,0.0,0.0,7.0,0.1698,0
12.9,0.0,0.0,7.0,0.1698,0
12.9,0.0,0.0,7.0,0.1698,0
12.9,0.0,0.0,7.0,0.1698,0
12.9,0.0,0.0,7.0,0.1698,0
12.9,0.0,0.0,7.0,0.1698,0
12.9,0.0,0.0,7.0,0.1698,0
12.9,0.0,0.0,7.0,0.1698,0
13.9,0.0,0.0,7.0,0.0,0
13.9,0.0,0.0,7.0,0.0,0
13.9,0.0,0.0,7.0,0.0,0
13.9,0.0,0.0,7.0,0.0,0
13.9,0.0,0.0,7.0,0.0,0
13.9,0.0,0.0,7.0,0.0,0
13.9,0.0,0.0,7.0,0.0,0
13.9,0.0,0.0,7.0,0.0,0
13.9,0.0,0.0,7.0,0.0,0
13.9,0.0,0.0,7.0,0.0,0
13.9,0.0,0.0,7.0,0.0,0
13.9,0.0,0.0,7.0,0.0,0
13.9,0.0,0.0,7.0,0.0,0
13.9,0.0,0.0,7.0,0.0,0
13.1,0.0,87.9,7.0,0.1713,0
13.1,0.0,87.9,7.0,0.1713,0
14.2,0.0,100.0,7.0,0.1,0
13.7,0.0,100.0,7.0,0.1,0
13.8,0.0,33.3,7.0,0.2636,0
13.8,0.0,33.3,7.0,0.2636,0
12.8,0.0,0.0,7.0,0.2636,0
12.2,0.0,0.0,7.0,0.2636,0
15.0,0.0,97.0,7.0,0.0958,1
15.1,0.0,100.0,7.0,0.2636,0
12.2,0.0,83.8,7.0,0.0058,0
12.2,0.0,83.8,7.0,0.0058,0
12.2,0.0,83.8,7.0,0.0058,0
12.2,0.0,83.8,7.0,0.0058,0
12.2,0.0,83.8,7.0,0.0058,0
12.2,0.0,83.8,7.0,0.0058,0
12.2,0.0,83.8,7.0,0.0058,0
12.2,0.0,83.8,7.0,0.0058,0
12.2,0.0,83.8,7.0,0.0058,0
12.2,0.0,83.8,7.0,0.0058,0
12.2,0.0,83.8,7.0,0.0058,0
12.2,0.0,83.8,7.0,0.0058,0
12.2,0.0,83.8,7.0,0.0058,0
12.2,0.0,83.8,7.0,0.0058,0
12.2,0.0,83.8,7.0,0.0058,0
12.2,0.0,83.8,7.0,0.0058,0
12.2,0.0,83.8,7.0,0.0058,0
12.2,0.0,83.8,7.0,0.0058,0
13.1,0.0,73.0,7.0,0.0068,0
13.1,0.0,73.0,7.0,0.0068,0
13.1,0.0,73.0,7.0,0.0068,0
13.1,0.0,73.0,7.0,0.0068,0
13.1,0.0,73.0,7.0,0.0068,0
13.1,0.0,73.0,7.0,0.0068,0
13.1,0.0,73.0,7.0,0.0068,0
13.1,0.0,73.0,7.0,0.0068,0
13.1,0.0,73.0,7.0,0.0068,0
13.1,0.0,73.0,7.0,0.0068,0
13.1,0.0,73.0,7.0,0.0068,0
13.4,0.0,41.9,7.0,0.1429,0
13.4,0.0,41.9,7.0,0.1429,0
15.5,0.0,53.0,7.0,0.2105,0
15.5,0.0,53.0,7.0,0.2105,0
15.5,0.0,53.0,7.0,0.2105,0
15.5,0.0,53.0,7.0,0.2105,0
15.5,0.0,53.0,7.0,0.2105,0
15.5,0.0,53.0,7.0,0.2105,0
14.2,0.0,84.6,7.0,0.2299,0
14.2,0.0,84.6,7.0,0.2299,0
14.7,0.0,84.6,7.0,0.2299,0
14.7,0.0,84.6,7.0,0.2299,0
14.7,0.0,84.6,7.0,0.2299,0
14.7,0.0,84.6,7.0,0.2299,0
14.7,0.0,84.6,7.0,0.2299,0
14.2,0.0,84.6,7.0,0.2285,1
14.2,0.0,84.6,7.0,0.2299,0
14.2,0.0,84.6,7.0,0.2285,1
14.7,0.0,84.6,7.0,0.2299,0
14.2,0.0,84.6,7.0,0.2299,0
14.7,0.0,84.6,7.0,0.2299,0
14.7,0.0,84.6,7.0,0.2299,0
14.7,0.0,84.6,7.0,0.2299,0
14.2,0.0,84.6,7.0,0.2299,0
14.2,0.0,84.6,7.0,0.2299,0
14.7,0.0,84.6,7.0,0.2299,0
14.2,0.0,84.6,7.0,0.2299,0
12.4,0.0,65.3,7.0,0.3542,0
13.3,0.0,75.5,7.0,0.0385,0
14.7,0.0,60.7,7.0,0.2963,0
13.3,0.0,75.5,7.0,0.0385,0
14.0,0.0,60.7,7.0,0.2963,0
14.4,0.0,60.7,7.0,0.2963,0
13.3,0.0,75.5,7.0,0.0385,0
13.3,0.0,75.5,7.0,0.0385,0
13.3,0.0,75.5,7.0,0.0385,0
14.4,0.0,60.7,7.0,0.2963,0
12.8,0.0,72.0,7.0,0.2636,0
12.9,0.0,59.5,7.0,0.3659,1
14.4,0.0,60.7,7.0,0.2922,1
13.7,0.0,60.7,7.0,0.2963,0
13.7,0.0,60.7,7.0,0.2963,0
14.0,0.0,60.7,7.0,0.2963,0
13.5,0.0,60.7,7.0,0.2922,1
14.0,0.0,60.7,7.0,0.2963,0
15.1,0.0,100.0,7.0,0.2636,0
15.1,0.0,100.0,7.0,0.2636,0
14.7,0.0,60.7,7.0,0.2963,0
14.7,0.0,60.7,7.0,0.2963,0
12.1,0.0,14.3,7.0,0.439,0
14.0,0.0,14.3,7.0,0.4146,1
13.5,0.0,14.3,7.0,0.439,0
12.1,0.0,14.3,7.0,0.439,0
13.5,0.0,60.7,7.0,0.2963,0
14.9,0.0,82.9,7.0,0.15,1
13.9,0.0,28.1,7.0,0.4886,0
13.3,0.0,75.5,7.0,0.0385,0
12.2,0.0,75.5,7.0,0.0385,0
13.5,0.0,60.7,7.0,0.2922,1
13.3,0.0,75.5,7.0,0.0385,0
13.3,0.0,75.5,7.0,0.0385,0
14.0,0.0,60.7,7.0,0.2922,1
14.0,0.0,60.7,7.0,0.2922,1
13.5,0.0,60.7,7.0,0.2922,1
13.0,0.0,68.6,7.0,0.1739,0
13.0,0.0,68.6,7.0,0.1739,0
14.2,0.0,68.6,7.0,0.1739,0
14.6,0.0,82.4,7.0,0.0778,0
13.0,0.0,68.6,7.0,0.1739,0
13.0,0.0,68.6,7.0,0.1739,0
14.2,0.0,68.6,7.0,0.1739,0
14.5,0.0,68.6,7.0,0.1739,0
14.4,0.0,68.6,7.0,0.1594,1
14.4,0.0,68.6,7.0,0.1739,0
14.4,0.0,68.6,7.0,0.1739,0
13.0,0.0,65.2,7.0,0.2636,0
13.0,0.0,65.2,7.0,0.2636,0
13.0,0.0,65.2,7.0,0.2636,0
14.6,0.0,100.0,7.0,0.2636,0
14.2,1.0,75.0,7.0,0.2636,0
14.7,0.0,100.0,7.0,0.2636,1
12.5,0.0,100.0,7.0,0.0,0
13.2,0.0,30.0,7.0,0.2516,0
13.2,0.0,30.0,7.0,0.2516,0
14.4,0.0,88.3,7.0,0.2235,0
14.7,0.0,30.0,7.0,0.2516,0
14.4,0.0,88.3,7.0,0.2235,0
14.4,0.0,88.3,7.0,0.2235,0
14.6,0.0,66.1,7.0,0.2273,1
15.1,0.0,60.0,7.0,0.2636,0
15.1,0.0,60.0,7.0,0.2636,0
15.1,0.0,60.0,7.0,0.2636,0
15.1,0.0,60.0,8.0,0.2636,0
14.0,0.0,36.7,7.0,0.3559,1
14.0,0.0,36.7,8.0,0.3559,1
14.0,0.0,36.7,7.0,0.3559,1
14.6,0.0,39.1,8.0,0.2326,0
14.6,0.0,39.1,7.0,0.2209,1
13.4,0.0,39.1,8.0,0.2326,0
14.6,0.0,39.1,7.0,0.2326,0
14.6,0.0,39.1,7.0,0.2326,0
15.1,0.0,60.0,7.0,0.2636,0
15.0,0.0,60.0,7.0,0.2636,0
14.4,0.0,76.9,7.0,0.3271,0
14.2,0.0,26.3,7.0,0.2973,0
12.5,0.0,90.8,7.0,0.0667,0
12.5,0.0,90.8,7.0,0.0667,0
12.8,0.0,56.5,7.0,0.8158,0
12.8,0.0,90.0,7.0,0.1628,0
13.8,0.0,90.0,7.0,0.155,1
13.5,0.0,90.0,7.0,0.1628,0
14.0,0.0,90.0,7.0,0.1628,0
14.2,0.0,85.7,7.0,0.1441,0
14.2,0.0,85.7,7.0,0.1441,0
14.2,0.0,85.7,7.0,0.1441,0
14.9,0.0,39.1,7.0,0.2326,0
14.9,0.0,39.1,7.0,0.2326,0
14.9,0.0,39.1,7.0,0.2326,0
13.9,0.0,39.1,8.0,0.2326,0
13.3,0.0,57.1,7.0,0.2636,1
13.3,0.0,57.1,7.0,0.2636,1
13.3,0.0,57.1,7.0,0.2636,0
14.4,0.0,66.7,7.0,0.2636,0
14.5,0.0,80.6,8.0,0.0761,0
13.0,0.0,100.0,7.0,0.2636,0
13.0,0.0,100.0,7.0,0.2636,0
14.6,0.0,91.7,7.0,0.2636,0
14.6,0.0,91.7,7.0,0.2636,0
12.4,0.0,86.4,7.0,0.0887,0
13.2,0.0,84.0,7.0,0.2148,0
13.2,0.0,84.0,7.0,0.2148,0
13.2,0.0,84.0,7.0,0.2148,0
14.2,0.0,84.0,7.0,0.2148,0
14.2,0.0,84.0,7.0,0.2148,0
15.6,0.0,77.3,7.0,0.2636,0
15.6,0.0,77.3,7.0,0.2636,0
14.9,0.0,95.2,7.0,0.0097,0
12.8,0.0,67.0,7.0,0.5,0
12.9,0.0,42.5,7.0,0.1608,0
14.5,0.0,95.2,7.0,0.0097,0
15.1,0.0,100.0,7.0,0.2636,0
14.2,0.0,83.0,7.0,0.3103,1
14.2,0.0,83.0,7.0,0.3103,1
14.2,0.0,83.0,7.0,0.3103,1
14.2,0.0,83.0,7.0,0.3103,1
12.1,0.0,95.3,7.0,0.0,0
12.8,0.0,95.3,7.0,0.0,0
14.1,0.0,70.5,7.0,0.2326,0
14.1,0.0,70.5,7.0,0.2093,1
12.7,0.0,70.5,7.0,0.2326,0
14.1,0.0,66.1,7.0,0.2318,0
14.1,0.0,66.1,7.0,0.2273,1
14.1,0.0,66.1,7.0,0.2273,1
14.1,0.0,66.1,7.0,0.2273,1
14.1,0.0,66.1,7.0,0.2273,1
14.1,0.0,66.1,7.0,0.2273,1
14.1,0.0,66.1,7.0,0.2318,0
14.1,0.0,66.1,7.0,0.2318,0
14.1,0.0,66.1,7.0,0.2273,1
14.1,0.0,66.1,7.0,0.2318,0
13.8,0.0,33.3,7.0,0.2636,0
13.9,0.0,65.0,7.0,0.6263,0
14.7,0.0,65.0,7.0,0.6263,0
13.9,0.0,65.0,7.0,0.6263,0
13.9,0.0,65.0,7.0,0.6162,1
14.8,0.0,65.0,7.0,0.6263,0
14.4,0.0,65.0,7.0,0.6263,0
14.7,0.0,65.0,7.0,0.6162,1
14.7,0.0,65.0,7.0,0.6162,1
13.9,0.0,65.0,7.0,0.6263,0
13.9,0.0,65.0,7.0,0.6263,0
14.0,0.0,89.2,7.0,0.1094,0
13.2,0.0,61.2,7.0,0.3672,1
13.2,0.0,61.2,7.0,0.3672,1
13.2,0.0,61.2,7.0,0.3672,1
12.2,0.0,26.3,8.0,0.2973,0
12.0,0.0,61.2,7.0,0.375,0
13.2,0.0,61.2,7.0,0.375,0
13.2,0.0,61.2,7.0,0.3672,1
13.2,0.0,61.2,7.0,0.3672,1
13.2,0.0,61.2,7.0,0.3672,1
13.8,0.0,14.3,7.0,0.2636,1
14.2,0.0,26.3,7.0,0.2973,0
12.2,0.0,100.0,7.0,0.1,0
14.5,0.0,61.2,7.0,0.375,0
14.5,0.0,61.2,7.0,0.375,0
14.5,0.0,61.2,7.0,0.375,0
14.5,0.0,61.2,7.0,0.375,0
14.5,0.0,61.2,7.0,0.375,0
12.2,0.0,100.0,7.0,0.1,0
14.2,0.0,26.3,7.0,0.2703,1
12.2,0.0,100.0,7.0,0.1,0
14.7,0.0,16.0,7.0,0.2636,0
14.4,0.0,33.9,7.0,0.2982,0
12.2,0.0,26.3,7.0,0.2973,0
12.7,0.0,86.4,9.0,0.0887,0
13.7,0.0,55.3,7.0,0.3784,0
12.0,0.0,55.3,7.0,0.3784,0
12.0,0.0,55.3,7.0,0.3784,0
13.5,0.0,56.2,7.0,0.2636,0
14.4,0.0,56.2,7.0,0.2636,0
13.7,0.0,55.3,7.0,0.3784,0
15.4,1.0,46.7,7.0,0.4615,0
12.1,0.0,55.3,7.0,0.3514,1
13.7,0.0,55.3,7.0,0.3784,0
13.7,0.0,55.3,7.0,0.3784,0
12.0,0.0,55.3,7.0,0.3784,0
13.9,0.0,92.1,7.0,0.2258,0
12.1,0.0,55.3,7.0,0.3784,0
13.4,0.0,55.3,7.0,0.3784,0
13.7,0.0,55.3,7.0,0.3514,1
14.6,0.0,46.7,8.0,0.4615,0
12.1,0.0,55.3,7.0,0.3514,1
13.7,0.0,55.3,7.0,0.3784,0
15.0,0.0,46.7,7.0,0.4519,1
13.7,0.0,55.3,7.0,0.3784,0
13.7,0.0,55.3,7.0,0.3784,0
12.1,0.0,55.3,7.0,0.3784,0
13.7,0.0,55.3,7.0,0.3514,1
14.4,0.0,53.1,7.0,0.2581,0
13.6,0.0,89.2,7.0,0.0978,0
13.6,0.0,89.2,7.0,0.0978,0
13.0,0.0,89.2,7.0,0.087,1
13.6,0.0,89.2,7.0,0.087,1
14.5,0.0,100.0,7.0,0.0,0
14.5,0.0,100.0,7.0,0.0,0
13.2,0.0,100.0,7.0,0.0,0
13.2,0.0,100.0,7.0,0.0,0
13.2,0.0,100.0,7.0,0.0,0
13.2,0.0,100.0,7.0,0.0,0
13.2,0.0,100.0,7.0,0.0,0
13.2,0.0,100.0,7.0,0.0,0
14.9,0.0,89.2,7.0,0.0978,0
14.9,0.0,89.2,7.0,0.0978,0
14.8,0.0,89.2,7.0,0.0978,0
13.6,0.0,89.2,7.0,0.0978,0
14.9,0.0,89.2,7.0,0.0978,0
14.7,0.0,22.4,7.0,0.1458,0
14.7,0.0,22.4,7.0,0.1458,0
14.7,0.0,22.4,7.0,0.1458,0
14.7,0.0,22.4,7.0,0.1458,0
14.7,0.0,22.4,7.0,0.1458,0
14.7,0.0,22.4,7.0,0.1458,0
14.7,0.0,22.4,7.0,0.1458,0
14.7,0.0,22.4,7.0,0.1458,0
14.7,0.0,22.4,7.0,0.1458,0
15.1,0.0,69.3,7.0,0.3882,0
15.1,0.0,69.3,7.0,0.3816,1
15.1,0.0,69.3,7.0,0.3816,1
15.1,0.0,69.3,7.0,0.3882,0
14.8,0.0,89.2,7.0,0.0978,0
13.2,0.0,22.4,7.0,0.1458,0
12.1,0.0,22.4,7.0,0.1458,0
13.2,0.0,22.4,7.0,0.125,1
13.2,0.0,22.4,7.0,0.1458,0
14.8,0.0,78.8,7.0,0.3165,0
14.8,0.0,78.8,7.0,0.3165,0
14.7,0.0,78.8,7.0,0.3165,0
14.8,0.0,78.8,7.0,0.3038,1
14.7,0.0,78.8,7.0,0.3165,0
14.3,0.0,68.4,7.0,0.2636,0
14.3,0.0,68.4,7.0,0.2636,0
14.3,0.0,68.4,7.0,0.2636,0
14.3,0.0,68.4,7.0,0.2636,0
13.8,0.0,68.4,7.0,0.2636,0
14.4,0.0,78.8,7.0,0.3165,0
13.8,0.0,68.4,7.0,0.2636,0
13.8,0.0,68.4,7.0,0.2636,0
13.0,0.0,68.4,7.0,0.2636,0
14.5,0.0,78.8,7.0,0.3038,1
13.8,0.0,68.4,7.0,0.2636,0
13.4,0.0,14.3,7.0,0.2636,0
14.7,0.0,82.4,7.0,0.0667,1
14.0,0.0,33.9,7.0,0.2895,1
14.9,0.0,60.7,7.0,0.2963,0
13.4,0.0,33.9,7.0,0.2982,0
15.1,0.0,89.2,7.0,0.0978,0
15.1,0.0,89.2,7.0,0.0978,0
12.1,0.0,14.3,7.0,0.439,0
15.1,0.0,89.2,7.0,0.0978,0
14.9,0.0,76.9,7.0,0.3271,0
14.2,0.0,83.0,7.0,0.3103,1
14.0,0.0,61.6,7.0,0.1122,0
14.0,0.0,61.6,7.0,0.1122,0
13.9,0.0,90.0,7.0,0.155,1
13.9,0.0,90.0,7.0,0.1628,0
13.5,0.0,90.0,7.0,0.155,1
14.0,0.0,90.0,7.0,0.155,1
13.2,0.0,70.2,7.0,0.2611,0
13.2,0.0,70.2,7.0,0.2611,0
14.0,0.0,100.0,7.0,0.0,0
14.9,0.0,76.0,7.0,0.2449,0
14.9,0.0,76.0,7.0,0.2449,0
14.9,0.0,76.0,7.0,0.2449,0
14.9,0.0,76.0,7.0,0.2449,0
14.9,0.0,76.0,7.0,0.2449,0
12.5,0.0,100.0,7.0,0.0,0
12.1,0.0,83.8,7.0,0.0058,0
12.1,0.0,83.8,7.0,0.0058,0
12.2,0.0,83.8,7.0,0.0058,0
12.2,0.0,83.8,7.0,0.0058,0
12.2,0.0,83.8,7.0,0.0058,0
14.2,0.0,47.1,7.0,0.7184,1
12.6,0.0,83.6,7.0,0.1198,0
12.6,0.0,83.6,7.0,0.1198,0
12.6,0.0,83.6,7.0,0.1198,0
12.6,0.0,83.6,7.0,0.1198,0
12.6,0.0,83.6,7.0,0.1198,0
12.6,0.0,83.6,7.0,0.1198,0
12.6,0.0,83.6,7.0,0.1198,0
12.6,0.0,83.6,7.0,0.1198,0
12.6,0.0,83.6,7.0,0.1198,0
12.6,0.0,83.6,7.0,0.1198,0
14.4,0.0,33.9,7.0,0.2895,1
12.4,0.0,67.0,7.0,0.5,0
13.0,0.0,59.2,7.0,0.395,0
12.5,0.0,59.2,7.0,0.395,0
12.2,0.0,26.3,7.0,0.2432,0
12.2,0.0,26.3,7.0,0.2432,0
12.2,0.0,26.3,7.0,0.2432,0
12.2,0.0,26.3,7.0,0.2432,0
14.4,0.0,64.9,7.0,0.3333,0
13.9,0.0,64.9,7.0,0.3333,0
13.0,0.0,67.0,7.0,0.5,0
13.1,0.0,73.0,7.0,0.0068,0
13.1,0.0,73.0,7.0,0.0068,0
13.1,0.0,73.0,7.0,0.0068,0
13.1,0.0,73.0,7.0,0.0068,0
13.1,0.0,73.0,7.0,0.0068,0
13.1,0.0,73.0,7.0,0.0068,0
13.1,0.0,73.0,7.0,0.0068,0
13.1,0.0,73.0,7.0,0.0068,0
13.1,0.0,73.0,7.0,0.0068,0
13.1,0.0,73.0,7.0,0.0068,0
13.1,0.0,73.0,7.0,0.0068,0
13.1,0.0,73.0,7.0,0.0068,0
13.1,0.0,73.0,7.0,0.0068,0
13.1,0.0,73.0,7.0,0.0068,0
13.1,0.0,73.0,7.0,0.0068,0
13.1,0.0,73.0,7.0,0.0068,0
13.1,0.0,73.0,7.0,0.0068,0
13.1,0.0,73.0,7.0,0.0068,0
13.1,0.0,73.0,7.0,0.0068,0
13.1,0.0,73.0,7.0,0.0068,0
13.1,0.0,73.0,7.0,0.0068,0
13.9,0.0,64.9,7.0,0.3333,0
14.4,0.0,82.4,7.0,0.0778,0
15.0,0.0,71.2,7.0,0.2157,0
12.8,1.0,71.2,7.0,0.2157,0
15.0,0.0,71.2,7.0,0.2157,0
14.3,0.0,71.2,7.0,0.2157,0
13.5,0.0,95.2,7.0,0.2636,0
13.5,0.0,95.2,7.0,0.2636,0
14.6,0.0,35.7,7.0,0.2636,0
14.6,0.0,35.7,8.0,0.2636,0
14.6,0.0,35.7,8.0,0.2636,0
14.2,0.0,26.3,7.0,0.2973,0
13.9,0.0,86.4,9.0,0.0887,0
14.1,0.0,100.0,7.0,0.0,0
14.1,0.0,100.0,7.0,0.0,0
12.6,0.0,100.0,7.0,0.0,0
13.3,0.0,100.0,7.0,0.0,0
12.7,0.0,100.0,7.0,0.0,0
13.7,0.0,100.0,7.0,0.0,0
12.9,0.0,4.8,7.0,0.2636,0
12.8,0.0,44.4,7.0,0.2636,1
13.3,0.0,30.0,7.0,0.2516,0
13.3,0.0,30.0,7.0,0.2516,0
13.9,0.0,30.0,7.0,0.2516,0
12.9,0.0,4.8,7.0,0.2636,0
12.9,0.0,4.8,7.0,0.2636,1
12.9,0.0,4.8,7.0,0.2636,1
12.9,0.0,4.8,7.0,0.2636,1
12.9,0.0,4.8,7.0,0.2636,1
13.0,0.0,84.0,7.0,0.2148,0
12.9,0.0,4.8,7.0,0.2636,1
12.7,0.0,0.0,7.0,0.2353,0
14.6,0.0,33.9,8.0,0.2982,0
13.5,0.0,89.5,7.0,0.2636,0
13.5,0.0,89.5,7.0,0.2636,0
13.5,0.0,89.5,7.0,0.2636,0
13.5,0.0,89.5,7.0,0.2636,0
13.5,0.0,89.5,7.0,0.2636,0
13.5,0.0,89.5,7.0,0.2636,0
13.5,0.0,89.5,7.0,0.2636,0
13.5,0.0,89.5,7.0,0.2636,0
13.5,0.0,89.5,7.0,0.2636,0
13.5,0.0,89.5,7.0,0.2636,0
13.5,0.0,89.5,7.0,0.2636,0
13.5,0.0,89.5,7.0,0.2636,0
12.9,0.0,50.7,7.0,0.1515,0
14.6,0.0,80.9,7.0,0.1404,0
12.4,0.0,67.0,7.0,0.5,0
12.0,0.0,67.0,7.0,0.5,0
12.0,0.0,67.0,7.0,0.5,0
14.8,0.0,97.2,7.0,0.021,0
12.0,0.0,67.0,7.0,0.5,0
14.8,0.0,97.2,7.0,0.021,0
14.8,0.0,97.2,7.0,0.021,0
14.8,0.0,97.2,7.0,0.021,0
14.8,0.0,97.2,7.0,0.021,0
14.8,0.0,97.2,7.0,0.021,0
14.8,0.0,97.2,7.0,0.021,0
13.7,0.0,67.0,7.0,0.5,0
14.8,0.0,97.2,7.0,0.021,0
12.0,0.0,67.0,7.0,0.5,0
14.8,0.0,97.2,7.0,0.021,0
14.8,0.0,97.2,7.0,0.021,0
14.8,0.0,97.2,7.0,0.021,0
14.8,0.0,97.2,7.0,0.021,0
14.8,0.0,97.2,7.0,0.021,0
14.8,0.0,97.2,7.0,0.021,0
12.0,0.0,67.0,7.0,0.5,0
14.8,0.0,97.2,7.0,0.021,0
14.8,0.0,97.2,7.0,0.021,0
14.8,0.0,97.2,7.0,0.021,0
14.8,0.0,97.2,7.0,0.021,0
14.8,0.0,97.2,7.0,0.021,0
14.8,0.0,97.2,7.0,0.021,0
14.8,0.0,97.2,7.0,0.021,0
14.8,0.0,97.2,7.0,0.021,0
14.8,0.0,97.2,7.0,0.021,0
14.8,0.0,97.2,7.0,0.021,0
14.8,0.0,97.2,7.0,0.021,0
14.8,0.0,97.2,7.0,0.021,0
14.8,0.0,97.2,7.0,0.021,0
14.8,0.0,97.2,7.0,0.021,0
14.8,0.0,97.2,7.0,0.021,0
14.8,0.0,97.2,7.0,0.021,0
14.8,0.0,97.2,7.0,0.021,0
14.8,0.0,97.2,7.0,0.021,0
14.8,0.0,97.2,7.0,0.021,0
14.8,0.0,97.2,7.0,0.021,0
14.8,0.0,97.2,7.0,0.021,0
12.4,0.0,25.0,7.0,0.2636,0
13.3,0.0,26.3,8.0,0.2973,0
14.6,0.0,25.0,7.0,0.2636,0
12.7,0.0,25.0,7.0,0.2636,1
12.8,0.0,25.0,7.0,0.2636,0
13.8,0.0,25.0,7.0,0.2636,0
13.0,0.0,86.2,7.0,0.3069,0
14.9,0.0,86.2,7.0,0.302,1
14.9,0.0,86.2,7.0,0.302,1
14.9,0.0,86.2,7.0,0.302,1
14.9,0.0,86.2,7.0,0.302,1
14.2,0.0,86.2,7.0,0.302,1
14.4,0.0,90.0,7.0,0.155,1
14.2,0.0,94.4,7.0,0.2636,0
14.8,0.0,93.2,7.0,0.0603,0
14.8,0.0,93.2,7.0,0.0603,0
14.8,0.0,93.2,7.0,0.0603,0
14.8,0.0,93.2,7.0,0.0603,0
14.8,0.0,93.2,7.0,0.0603,0
15.2,0.0,79.3,7.0,0.2636,0
14.8,0.0,93.2,7.0,0.0603,0
15.2,0.0,79.3,7.0,0.2636,0
14.8,0.0,93.2,7.0,0.0603,0
14.8,0.0,93.2,7.0,0.0603,0
14.8,0.0,93.2,7.0,0.0603,0
15.2,0.0,79.3,7.0,0.2636,0
14.8,0.0,93.2,7.0,0.0603,0
14.8,0.0,93.2,7.0,0.0603,0
14.8,0.0,93.2,7.0,0.0603,0
14.8,0.0,93.2,7.0,0.0603,0
14.8,0.0,93.2,7.0,0.0603,0
14.8,0.0,93.2,7.0,0.0603,0
14.8,0.0,93.2,7.0,0.0603,0
14.8,0.0,93.2,7.0,0.0603,0
14.8,0.0,93.2,7.0,0.0603,0
14.8,0.0,93.2,7.0,0.0603,0
14.8,0.0,93.2,7.0,0.0603,0
14.8,0.0,93.2,7.0,0.0603,0
14.8,0.0,93.2,7.0,0.0603,0
14.8,0.0,93.2,7.0,0.0603,0
14.8,0.0,93.2,7.0,0.0603,0
14.8,0.0,93.2,7.0,0.0603,0
14.8,0.0,93.2,7.0,0.0603,0
15.0,0.0,79.3,7.0,0.2636,1
15.0,0.0,79.3,7.0,0.2636,0
14.8,0.0,93.2,7.0,0.0603,0
14.8,0.0,93.2,7.0,0.0603,0
13.7,0.0,93.2,7.0,0.0603,0
15.0,0.0,79.3,7.0,0.2636,0
14.8,0.0,93.2,7.0,0.0603,0
15.0,0.0,79.3,7.0,0.2636,0
14.8,0.0,93.2,7.0,0.0603,0
15.0,0.0,79.3,7.0,0.2636,0
13.8,0.0,97.5,7.0,0.019,0
13.8,0.0,97.5,7.0,0.019,0
13.8,0.0,97.5,7.0,0.019,0
13.8,0.0,97.5,7.0,0.019,0
13.1,0.0,18.8,7.0,0.2636,0
13.8,0.0,97.5,7.0,0.019,0
12.3,0.0,18.8,7.0,0.2636,0
13.8,0.0,97.5,7.0,0.019,0
14.8,0.0,93.2,7.0,0.0603,0
13.5,0.0,93.2,7.0,0.0603,0
14.0,0.0,13.7,7.0,0.1099,0
14.0,0.0,13.7,7.0,0.1099,0
14.0,0.0,13.7,7.0,0.1099,0
12.9,0.0,13.7,7.0,0.1044,1
12.9,0.0,13.7,7.0,0.1099,0
14.0,0.0,13.7,7.0,0.1099,0
14.3,0.0,13.7,7.0,0.1099,0
14.0,0.0,13.7,7.0,0.1099,0
14.0,0.0,13.7,7.0,0.1099,0
14.3,0.0,13.7,7.0,0.1099,0
12.9,0.0,13.7,7.0,0.1099,0
14.0,0.0,13.7,7.0,0.1099,0
14.0,0.0,13.7,7.0,0.1099,0
12.9,0.0,13.7,7.0,0.1099,0
12.9,0.0,13.7,7.0,0.1099,0
12.9,0.0,13.7,7.0,0.1099,0
12.5,0.0,13.7,7.0,0.1099,0
14.0,0.0,13.7,7.0,0.1099,0
14.0,0.0,13.7,7.0,0.1099,0
14.3,0.0,13.7,7.0,0.1099,0
14.3,0.0,13.7,7.0,0.1099,0
14.3,0.0,13.7,7.0,0.1099,0
12.9,0.0,13.7,7.0,0.1099,0
12.9,0.0,13.7,7.0,0.1099,0
13.9,0.0,13.7,7.0,0.1099,0
13.9,0.0,13.7,8.0,0.1099,0
14.0,0.0,13.7,7.0,0.1099,0
12.6,0.0,13.7,7.0,0.1099,0
14.3,0.0,13.7,7.0,0.1099,0
12.9,0.0,13.7,7.0,0.1099,0
14.3,0.0,13.7,7.0,0.1099,0
14.0,0.0,13.7,7.0,0.1099,0
14.0,0.0,13.7,7.0,0.1099,0
14.0,0.0,13.7,7.0,0.1099,0
14.8,0.0,93.2,7.0,0.0603,0
12.5,0.0,40.0,7.0,0.2636,0
13.3,0.0,45.9,7.0,0.3167,0
13.7,0.0,45.9,7.0,0.3167,0
13.7,0.0,45.9,7.0,0.3167,0
13.7,0.0,45.9,7.0,0.3167,0
13.7,0.0,45.9,7.0,0.3167,0
13.7,0.0,45.9,7.0,0.3167,0
13.7,0.0,45.9,7.0,0.3167,0
13.7,0.0,45.9,7.0,0.3167,0
13.7,0.0,45.9,7.0,0.3167,0
13.7,0.0,45.9,7.0,0.3167,0
13.7,0.0,45.9,7.0,0.3167,0
13.7,0.0,45.9,7.0,0.3167,0
12.4,0.0,45.9,7.0,0.3,1
12.8,0.0,0.0,7.0,0.6804,0
12.8,0.0,0.0,7.0,0.6804,0
12.8,0.0,0.0,7.0,0.6701,1
12.8,0.0,0.0,7.0,0.6701,1
12.8,0.0,0.0,7.0,0.6701,1
12.7,0.0,0.0,7.0,0.6804,0
12.7,0.0,0.0,7.0,0.6804,0
12.7,0.0,0.0,7.0,0.6804,0
12.7,0.0,0.0,7.0,0.6701,1
13.4,0.0,86.1,7.0,0.2286,0
13.4,0.0,86.1,7.0,0.2286,0
13.8,0.0,86.1,7.0,0.2286,0
13.4,0.0,86.1,7.0,0.2286,0
13.8,0.0,86.1,7.0,0.2286,0
13.8,0.0,86.1,7.0,0.2286,0
13.0,0.0,86.1,7.0,0.2286,0
13.8,0.0,86.1,7.0,0.2286,0
12.7,0.0,0.0,7.0,0.6701,1
12.8,0.0,0.0,7.0,0.6804,0
12.8,0.0,0.0,7.0,0.6701,1
12.8,0.0,0.0,7.0,0.6701,1
12.8,0.0,0.0,7.0,0.6701,1
12.8,0.0,0.0,7.0,0.6701,1
12.8,0.0,0.0,7.0,0.6804,0
12.8,0.0,0.0,7.0,0.6701,1
12.8,0.0,0.0,7.0,0.6701,1
12.8,0.0,0.0,7.0,0.6701,1
12.8,0.0,0.0,7.0,0.6701,1
12.8,0.0,0.0,7.0,0.6701,1
12.8,0.0,0.0,7.0,0.6701,1
12.8,0.0,0.0,7.0,0.6804,0
12.8,0.0,0.0,7.0,0.6804,0
14.8,0.0,97.2,7.0,0.021,0
14.8,0.0,97.2,7.0,0.021,0
14.8,0.0,97.2,7.0,0.021,0
14.8,0.0,97.2,7.0,0.021,0
14.8,0.0,97.2,7.0,0.021,0
14.8,0.0,97.2,7.0,0.021,0
14.8,0.0,97.2,7.0,0.021,0
12.2,0.0,83.8,7.0,0.0058,0
12.2,0.0,83.8,7.0,0.0058,0
12.2,0.0,83.8,7.0,0.0058,0
12.2,0.0,83.8,7.0,0.0058,0
12.2,0.0,83.8,7.0,0.0058,0
12.2,0.0,83.8,7.0,0.0058,0
12.2,0.0,83.8,7.0,0.0058,0
12.2,0.0,83.8,7.0,0.0058,0
12.2,0.0,83.8,7.0,0.0058,0
12.2,0.0,83.8,7.0,0.0058,0
12.2,0.0,83.8,7.0,0.0058,0
12.2,0.0,83.8,7.0,0.0058,0
12.2,0.0,83.8,7.0,0.0058,0
12.2,0.0,83.8,7.0,0.0058,0
12.2,0.0,83.8,7.0,0.0058,0
12.2,0.0,83.8,7.0,0.0058,0
12.2,0.0,83.8,7.0,0.0058,0
12.2,0.0,83.8,7.0,0.0058,0
12.2,0.0,83.8,7.0,0.0058,0
12.2,0.0,83.8,7.0,0.0058,0
12.2,0.0,83.8,7.0,0.0058,0
12.2,0.0,83.8,7.0,0.0058,0
12.0,0.0,83.6,7.0,0.1198,0
12.0,0.0,83.6,7.0,0.1198,0
12.0,0.0,83.6,7.0,0.1198,0
12.0,0.0,83.6,7.0,0.1198,0
12.0,0.0,83.6,7.0,0.1198,0
12.0,0.0,83.6,7.0,0.1198,0
12.0,0.0,83.6,7.0,0.1198,0
12.0,0.0,83.6,7.0,0.1198,0
12.0,0.0,83.6,7.0,0.1198,0
12.0,0.0,83.6,7.0,0.1198,0
12.6,0.0,83.6,7.0,0.1198,0
12.6,0.0,83.6,7.0,0.1198,0
12.6,0.0,83.6,7.0,0.1198,0
12.6,0.0,83.6,7.0,0.1198,0
12.6,0.0,83.6,7.0,0.1198,0
12.6,0.0,83.6,7.0,0.1198,0
12.6,0.0,83.6,7.0,0.1198,0
12.6,0.0,83.6,7.0,0.1198,0
12.6,0.0,83.6,7.0,0.1198,0
12.6,0.0,83.6,7.0,0.1198,0
13.1,0.0,73.0,7.0,0.0068,0
13.1,0.0,73.0,7.0,0.0068,0
13.1,0.0,73.0,7.0,0.0068,0
13.1,0.0,73.0,7.0,0.0068,0
13.1,0.0,73.0,7.0,0.0068,0
13.1,0.0,73.0,7.0,0.0068,0
13.1,0.0,73.0,7.0,0.0068,0
13.1,0.0,73.0,7.0,0.0068,0
13.1,0.0,73.0,7.0,0.0068,0
14.9,0.0,76.0,7.0,0.2245,1
14.9,0.0,76.0,7.0,0.2449,0
14.9,0.0,76.0,7.0,0.2449,0
14.9,0.0,76.0,7.0,0.2245,1
14.9,0.0,76.0,7.0,0.2245,1
14.9,0.0,76.0,7.0,0.2449,0
14.9,0.0,76.0,7.0,0.2245,1
13.7,0.0,38.1,7.0,0.6265,1
14.0,0.0,59.7,7.0,0.4789,0
14.2,0.0,59.7,7.0,0.4648,1
13.5,0.0,0.0,7.0,0.3404,0
14.6,0.0,0.0,7.0,0.3191,1
14.5,0.0,0.0,7.0,0.3404,0
13.7,0.0,0.0,7.0,0.2636,0
13.7,0.0,0.0,7.0,0.2636,0
15.0,0.0,72.2,7.0,0.2286,0
15.0,0.0,72.2,7.0,0.2286,0
15.0,0.0,72.2,7.0,0.2,1
15.0,0.0,72.2,7.0,0.2286,0
12.5,0.0,72.2,7.0,0.2,1
14.0,0.0,76.9,7.0,0.3271,0
14.9,0.0,76.9,7.0,0.3271,0
14.9,0.0,76.9,7.0,0.3271,0
12.4,0.0,0.0,7.0,0.0,0
12.4,0.0,0.0,7.0,0.0,0
12.4,0.0,0.0,7.0,0.0,0
12.4,0.0,0.0,7.0,0.2636,0
15.1,2.0,46.7,7.0,0.4519,1
12.4,0.0,0.0,7.0,0.0,0
14.4,0.0,88.4,7.0,0.009,0
13.9,0.0,88.4,7.0,0.009,0
13.5,0.0,88.4,7.0,0.009,0
13.6,0.0,98.8,7.0,0.0,0
12.8,0.0,82.9,7.0,0.0588,0
13.3,0.0,82.9,7.0,0.0588,0
14.4,0.0,76.9,7.0,0.3271,0
12.4,0.0,0.0,7.0,0.0,0
12.4,0.0,0.0,7.0,0.0,0
12.4,0.0,0.0,7.0,0.0,0
12.4,0.0,0.0,7.0,0.0,0
12.4,0.0,0.0,7.0,0.0,0
12.1,0.0,29.1,7.0,0.1296,0
12.4,0.0,0.0,7.0,0.0,0
13.5,0.0,29.1,7.0,0.1111,1
13.5,0.0,29.1,7.0,0.1296,0
13.5,0.0,29.1,7.0,0.1296,0
13.5,0.0,29.1,7.0,0.1296,0
13.5,0.0,29.1,7.0,0.1296,0
13.5,0.0,29.1,7.0,0.1111,1
14.7,0.0,29.1,7.0,0.1296,0
14.5,0.0,29.1,7.0,0.1296,0
14.5,0.0,29.1,7.0,0.1296,0
12.6,0.0,29.1,7.0,0.1296,0
12.1,0.0,29.1,7.0,0.1296,0
14.4,0.0,29.1,7.0,0.1296,0
12.3,0.0,95.7,7.0,0.0217,0
14.7,0.0,43.4,7.0,0.1585,0
14.7,0.0,43.4,7.0,0.1585,0
14.7,0.0,78.8,7.0,0.3165,0
13.9,0.0,78.8,8.0,0.3165,0
14.7,0.0,78.8,7.0,0.3165,0
12.4,0.0,61.7,7.0,0.0,0
12.4,0.0,61.7,7.0,0.0,0
12.4,0.0,61.7,7.0,0.0,0
14.4,0.0,33.3,7.0,0.2636,0
13.9,0.0,33.3,7.0,0.2636,0
12.2,0.0,58.1,7.0,0.6379,0
14.4,1.0,84.2,7.0,0.2636,1
13.3,0.0,0.0,7.0,0.2636,0
14.4,1.0,84.2,7.0,0.2636,1
14.4,0.0,84.2,7.0,0.2636,1
14.1,0.0,84.2,7.0,0.2636,1
14.1,0.0,84.2,7.0,0.2636,0
13.5,0.0,84.2,7.0,0.2636,0
12.5,0.0,100.0,7.0,0.0,0
14.4,0.0,84.2,7.0,0.2636,0
12.4,0.0,61.7,7.0,0.0,0
12.4,0.0,61.7,7.0,0.0,0
12.4,0.0,61.7,7.0,0.0,0
12.4,0.0,61.7,7.0,0.0,0
14.4,0.0,84.2,7.0,0.2636,1
14.4,0.0,84.2,7.0,0.2636,1
12.4,0.0,61.7,7.0,0.0,0
12.4,0.0,61.7,7.0,0.0,0
12.4,0.0,61.7,7.0,0.0,0
14.4,0.0,84.2,7.0,0.2636,1
14.4,0.0,84.2,7.0,0.2636,1
14.4,0.0,84.2,7.0,0.2636,1
12.4,0.0,61.7,7.0,0.0,0
12.4,0.0,61.7,7.0,0.0,0
12.5,0.0,100.0,7.0,0.0,0
12.5,0.0,100.0,7.0,0.0,0
12.5,0.0,100.0,7.0,0.0,0
12.4,0.0,61.7,7.0,0.0,0
14.5,0.0,78.8,7.0,0.3038,1
14.5,0.0,78.8,7.0,0.3165,0
12.5,0.0,100.0,7.0,0.0,0
12.5,0.0,100.0,7.0,0.0,0
12.4,0.0,61.7,7.0,0.0,0
12.4,0.0,61.7,7.0,0.0,0
12.5,0.0,100.0,7.0,0.0,0
12.5,0.0,100.0,7.0,0.0,0
12.5,0.0,100.0,7.0,0.0,0
12.5,0.0,100.0,7.0,0.0,0
12.5,0.0,100.0,7.0,0.0,0
12.5,0.0,100.0,7.0,0.0,0
12.5,0.0,100.0,7.0,0.0,0
12.5,0.0,100.0,7.0,0.0,0
12.5,0.0,100.0,7.0,0.0,0
12.5,0.0,100.0,7.0,0.0,0
12.5,0.0,100.0,7.0,0.0,0
12.5,0.0,100.0,7.0,0.0,0
12.5,0.0,100.0,7.0,0.0,0
12.5,0.0,100.0,7.0,0.0,0
12.3,0.0,0.0,7.0,0.8489,1
12.3,0.0,0.0,7.0,0.8514,0
12.3,0.0,0.0,7.0,0.8514,0
12.3,0.0,0.0,7.0,0.8514,0
12.3,0.0,0.0,7.0,0.8489,1
12.3,0.0,0.0,7.0,0.8489,1
12.3,0.0,0.0,7.0,0.8489,1
12.3,0.0,0.0,7.0,0.8489,1
12.3,0.0,0.0,7.0,0.8514,0
12.3,0.0,0.0,7.0,0.8514,0
13.4,0.0,74.4,9.0,0.3158,0
14.9,0.0,96.3,7.0,0.0377,0
13.8,0.0,96.3,7.0,0.0377,0
14.9,0.0,96.3,7.0,0.0377,0
13.0,0.0,98.8,7.0,0.0,0
14.8,0.0,98.8,7.0,0.0,0
13.1,0.0,73.0,7.0,0.0068,0
13.1,0.0,73.0,7.0,0.0068,0
12.2,0.0,83.8,7.0,0.0058,0
12.2,0.0,83.8,7.0,0.0058,0
12.2,0.0,83.8,7.0,0.0058,0
12.2,0.0,83.8,7.0,0.0058,0
12.2,0.0,83.8,7.0,0.0058,0
12.2,0.0,83.8,7.0,0.0058,0
12.2,0.0,83.8,7.0,0.0058,0
12.2,0.0,83.8,7.0,0.0058,0
12.2,0.0,83.8,7.0,0.0058,0
14.4,0.0,64.9,7.0,0.3333,0
13.1,0.0,64.9,7.0,0.3333,0
14.4,0.0,64.9,7.0,0.3229,1
14.4,0.0,64.9,7.0,0.3333,0
14.4,0.0,64.9,7.0,0.3333,0
12.6,0.0,0.0,7.0,0.2636,1
12.4,0.0,0.0,7.0,0.2636,1
12.6,0.0,0.0,7.0,0.2636,1
12.6,0.0,0.0,7.0,0.2636,1
12.4,0.0,0.0,7.0,0.2636,1
12.7,0.0,0.0,7.0,0.2636,1
12.7,0.0,0.0,7.0,0.2636,1
13.1,0.0,64.9,7.0,0.3333,0
12.4,0.0,0.0,7.0,0.0,0
14.0,0.0,57.1,7.0,0.2636,1
13.3,0.0,30.0,9.0,0.2516,0
12.4,0.0,0.0,7.0,0.0,0
12.4,0.0,0.0,7.0,0.0,0
12.8,0.0,0.0,7.0,0.2636,0
12.4,0.0,0.0,7.0,0.0,0
15.0,0.0,84.6,7.0,0.2285,1
12.4,0.0,0.0,7.0,0.0,0
12.4,0.0,0.0,7.0,0.0,0
14.7,0.0,84.6,7.0,0.2299,0
14.6,0.0,0.0,7.0,0.3404,0
14.6,0.0,0.0,7.0,0.3404,0
13.3,0.0,58.1,7.0,0.6293,1
13.3,0.0,58.1,7.0,0.6293,1
13.3,0.0,58.1,7.0,0.6293,1
13.3,0.0,58.1,7.0,0.6293,1
13.3,0.0,58.1,7.0,0.6293,1
13.3,0.0,58.1,7.0,0.6293,1
12.4,0.0,0.0,7.0,0.0,0
12.4,0.0,0.0,7.0,0.0,0
12.4,0.0,0.0,7.0,0.0,0
14.4,0.0,33.9,8.0,0.2895,1
13.1,0.0,46.1,7.0,0.44,0
13.1,0.0,46.1,7.0,0.44,0
13.1,0.0,46.1,7.0,0.44,0
13.1,0.0,46.1,7.0,0.44,0
13.1,0.0,46.1,7.0,0.44,0
13.1,0.0,46.1,7.0,0.44,0
13.1,0.0,46.1,7.0,0.4267,1
13.1,0.0,46.1,7.0,0.4267,1
13.1,0.0,46.1,7.0,0.4267,1
13.1,0.0,46.1,7.0,0.44,0
13.2,0.0,46.1,7.0,0.44,0
14.3,0.0,33.9,8.0,0.2895,1
13.2,0.0,90.8,7.0,0.1406,0
12.3,0.0,97.7,7.0,0.0,0
15.0,0.0,57.1,7.0,0.4322,1
12.4,0.0,61.2,7.0,0.1083,0
12.4,0.0,61.2,7.0,0.1083,0
12.4,0.0,61.2,7.0,0.1083,0
12.4,0.0,61.2,7.0,0.1083,0
12.4,0.0,61.2,7.0,0.1083,0
12.4,0.0,61.2,7.0,0.1,1
12.4,0.0,61.2,7.0,0.1,1
14.2,0.0,82.0,8.0,0.1448,0
14.3,0.0,33.9,7.0,0.2982,0
14.0,0.0,61.2,7.0,0.1083,0
14.4,0.0,33.9,7.0,0.2982,0
14.9,0.0,35.7,7.0,0.2636,0
12.6,0.0,57.1,7.0,0.4322,1
13.3,0.0,26.3,7.0,0.2973,0
14.4,0.0,33.9,7.0,0.2895,1
13.3,0.0,26.3,7.0,0.2973,0
13.3,0.0,26.3,7.0,0.2973,0
13.3,0.0,58.1,7.0,0.6293,1
14.4,0.0,33.9,7.0,0.2982,0
13.3,0.0,58.1,7.0,0.6293,1
13.3,0.0,58.1,7.0,0.6293,1
14.8,0.0,35.7,7.0,0.2636,0
13.0,0.0,78.8,7.0,0.3125,0
14.4,0.0,64.9,7.0,0.3229,1
14.4,0.0,64.9,7.0,0.3333,0
13.9,0.0,55.9,7.0,0.4706,0
13.5,0.0,96.5,7.0,0.0118,0
13.9,0.0,55.9,7.0,0.4706,0
14.4,0.0,64.9,7.0,0.3333,0
13.8,0.0,55.9,7.0,0.4706,0
13.8,0.0,55.9,7.0,0.4706,0
13.8,0.0,55.9,7.0,0.4706,0
12.8,0.0,68.0,7.0,0.2636,0
13.8,0.0,55.9,7.0,0.4652,1
13.8,0.0,55.9,7.0,0.4652,1
14.4,0.0,64.9,7.0,0.3333,0
13.7,0.0,60.7,7.0,0.2922,1
13.7,0.0,60.7,7.0,0.2963,0
13.7,0.0,60.7,7.0,0.2922,1
13.7,0.0,60.7,7.0,0.2922,1
13.7,0.0,60.7,7.0,0.2963,0
13.7,0.0,60.7,7.0,0.2922,1
13.7,0.0,60.7,7.0,0.2922,1
13.7,0.0,60.7,7.0,0.2922,1
13.7,0.0,60.7,7.0,0.2963,0
13.7,0.0,60.7,7.0,0.2922,1
13.7,0.0,60.7,7.0,0.2963,0
13.7,0.0,60.7,7.0,0.2963,0
13.7,0.0,60.7,7.0,0.2963,0
13.7,0.0,60.7,7.0,0.2922,1
13.7,0.0,60.7,7.0,0.2922,1
13.7,0.0,60.7,7.0,0.2922,1
13.7,0.0,60.7,7.0,0.2922,1
13.7,0.0,60.7,7.0,0.2922,1
13.7,0.0,60.7,7.0,0.2963,0
13.7,0.0,60.7,7.0,0.2963,0
13.7,0.0,60.7,7.0,0.2963,0
13.7,0.0,60.7,7.0,0.2922,1
13.7,0.0,60.7,7.0,0.2922,1
13.7,0.0,60.7,7.0,0.2963,0
13.7,0.0,60.7,7.0,0.2922,1
13.7,0.0,60.7,7.0,0.2922,1
13.7,0.0,60.7,7.0,0.2922,1
13.7,0.0,60.7,7.0,0.2963,0
13.7,0.0,60.7,7.0,0.2922,1
13.7,0.0,60.7,7.0,0.2963,0
13.7,0.0,60.7,7.0,0.2922,1
13.7,0.0,60.7,7.0,0.2922,1
13.7,0.0,60.7,7.0,0.2922,1
13.7,0.0,60.7,7.0,0.2963,0
13.7,0.0,60.7,7.0,0.2922,1
13.7,0.0,60.7,7.0,0.2922,1
13.7,0.0,60.7,7.0,0.2922,1
13.7,0.0,60.7,7.0,0.2922,1
13.7,0.0,60.7,7.0,0.2922,1
13.7,0.0,60.7,7.0,0.2963,0
13.7,0.0,60.7,7.0,0.2922,1
13.7,0.0,60.7,7.0,0.2922,1
13.3,0.0,60.7,7.0,0.2922,1
13.7,0.0,60.7,7.0,0.2922,1
13.7,0.0,60.7,7.0,0.2922,1
13.7,0.0,60.7,7.0,0.2963,0
14.4,0.0,33.9,8.0,0.2895,1
13.9,0.0,55.9,7.0,0.4652,1
13.8,0.0,55.9,7.0,0.4652,1
13.8,0.0,55.9,7.0,0.4652,1
12.6,0.0,63.5,7.0,0.6667,0
14.4,0.0,64.9,7.0,0.3333,0
14.4,0.0,64.9,7.0,0.3333,0
14.4,0.0,64.9,7.0,0.3333,0
14.2,0.0,96.5,7.0,0.0118,0
13.2,0.0,46.1,7.0,0.44,0
12.4,0.0,98.8,7.0,0.0,0
13.2,0.0,46.1,7.0,0.44,0
13.2,0.0,46.1,7.0,0.44,0
13.2,0.0,46.1,7.0,0.4267,1
13.2,0.0,46.1,7.0,0.44,0
14.6,0.0,33.9,7.0,0.2895,1
12.4,0.0,61.7,7.0,0.0,0
12.4,0.0,61.7,7.0,0.0,0
12.4,0.0,61.7,7.0,0.0,0
12.4,0.0,61.7,7.0,0.0,0
12.4,0.0,61.7,7.0,0.0,0
12.4,0.0,61.7,7.0,0.0,0
12.4,0.0,61.7,7.0,0.0,0
12.4,0.0,61.7,7.0,0.0,0
13.0,0.0,88.8,8.0,0.2083,1
14.8,0.0,59.1,8.0,0.3953,1
12.3,0.0,0.0,7.0,0.8514,0
14.8,0.0,59.1,8.0,0.3953,1
12.4,0.0,61.7,7.0,0.0,0
12.6,0.0,5.3,7.0,0.1892,0
12.5,0.0,5.3,7.0,0.1892,0
12.5,0.0,5.3,7.0,0.1892,0
12.5,0.0,5.3,7.0,0.1892,0
14.2,0.0,63.4,7.0,0.325,1
14.2,0.0,63.4,7.0,0.325,1
12.9,0.0,57.9,7.0,0.4286,0
13.2,0.0,46.1,7.0,0.44,0
15.1,0.0,96.2,7.0,0.013,0
15.1,0.0,96.2,7.0,0.013,0
15.1,0.0,96.2,7.0,0.013,0
15.1,0.0,96.2,7.0,0.013,0
15.1,0.0,96.2,7.0,0.013,0
15.1,0.0,96.2,7.0,0.013,0
15.1,0.0,96.2,7.0,0.013,0
15.1,0.0,96.2,7.0,0.013,0
15.0,0.0,96.2,7.0,0.013,0
15.1,0.0,96.2,7.0,0.013,0
15.1,0.0,96.2,7.0,0.013,0
13.2,0.0,46.1,7.0,0.44,0
13.2,0.0,46.1,7.0,0.4267,1
13.2,0.0,46.1,7.0,0.4267,1
13.2,0.0,46.1,7.0,0.44,0
13.2,0.0,46.1,7.0,0.44,0
13.2,0.0,46.1,7.0,0.44,0
13.2,0.0,46.1,7.0,0.44,0
13.2,0.0,46.1,7.0,0.4267,1
13.2,0.0,46.1,7.0,0.4267,1
13.2,0.0,46.1,7.0,0.44,0
13.2,0.0,46.1,7.0,0.4267,1
13.2,0.0,46.1,7.0,0.44,0
13.2,0.0,46.1,7.0,0.4267,1
13.2,0.0,46.1,7.0,0.4267,1
13.2,0.0,46.1,7.0,0.44,0
13.2,0.0,46.1,7.0,0.4267,1
13.2,0.0,46.1,7.0,0.4267,1
13.6,0.0,98.8,7.0,0.0,0
14.3,0.0,76.9,7.0,0.3271,0
13.2,0.0,39.4,7.0,0.2315,0
13.2,0.0,39.4,7.0,0.2315,0
13.2,0.0,39.4,7.0,0.2315,0
13.2,0.0,39.4,7.0,0.2315,0
13.2,0.0,39.4,7.0,0.2315,0
12.0,0.0,46.2,7.0,0.2333,0
12.0,0.0,46.2,7.0,0.2333,0
12.5,0.0,92.2,7.0,0.0709,1
13.3,0.0,46.2,7.0,0.2222,1
12.3,0.0,65.0,7.0,0.6263,0
14.4,0.0,60.7,7.0,0.2963,0
12.0,0.0,46.2,7.0,0.2333,0
12.0,0.0,46.2,7.0,0.2333,0
13.2,0.0,39.4,7.0,0.2222,1
14.6,0.0,86.2,7.0,0.3069,0
14.6,0.0,86.2,7.0,0.3069,0
14.6,0.0,86.2,7.0,0.3069,0
14.6,0.0,86.2,7.0,0.3069,0
14.6,0.0,86.2,7.0,0.3069,0
14.6,0.0,86.2,7.0,0.3069,0
14.6,0.0,86.2,7.0,0.3069,0
14.6,0.0,86.2,7.0,0.3069,0
14.6,0.0,86.2,7.0,0.3069,0
14.6,0.0,86.2,7.0,0.3069,0
14.6,0.0,86.2,7.0,0.3069,0
14.6,0.0,86.2,7.0,0.3069,0
13.9,0.0,86.2,7.0,0.302,1
14.9,0.0,86.2,7.0,0.302,1
14.9,0.0,86.2,7.0,0.302,1
14.9,0.0,86.2,7.0,0.302,1
14.9,0.0,86.2,7.0,0.302,1
14.9,0.0,86.2,7.0,0.302,1
12.6,0.0,46.2,7.0,0.2333,0
13.3,0.0,46.2,7.0,0.2333,0
13.3,0.0,46.2,7.0,0.2333,0
13.3,0.0,46.2,7.0,0.2222,1
13.3,0.0,46.2,7.0,0.2222,1
12.6,0.0,46.2,7.0,0.2333,0
13.3,0.0,46.2,7.0,0.2222,1
12.6,0.0,46.2,7.0,0.2222,1
12.6,0.0,46.2,7.0,0.2333,0
14.6,0.0,33.9,7.0,0.2982,0
14.6,0.0,46.1,7.0,0.44,0
14.6,0.0,46.1,7.0,0.44,0
14.8,0.0,58.7,7.0,0.3707,1
14.8,0.0,58.7,7.0,0.3707,1
14.8,0.0,58.7,7.0,0.3707,1
14.8,0.0,58.7,7.0,0.3707,1
14.6,0.0,46.1,7.0,0.44,0
14.6,0.0,46.1,7.0,0.44,0
14.6,0.0,46.1,7.0,0.4267,1
14.9,0.0,58.7,7.0,0.3756,0
14.6,0.0,46.1,7.0,0.4267,1
14.8,0.0,58.7,7.0,0.3756,0
15.0,0.0,58.7,7.0,0.3707,1
13.8,0.0,50.0,7.0,0.2636,0
13.8,0.0,50.0,7.0,0.2636,0
14.8,0.0,58.7,7.0,0.3707,1
12.6,0.0,32.4,7.0,0.3832,0
14.6,0.0,46.1,7.0,0.44,0
12.6,0.0,32.4,7.0,0.3832,0
12.6,0.0,32.4,7.0,0.3832,0
14.5,0.0,77.3,7.0,0.2636,0
14.5,0.0,77.3,7.0,0.2636,0
15.2,0.0,77.3,7.0,0.2636,0
13.7,0.0,77.3,7.0,0.2636,0
13.7,0.0,77.3,7.0,0.2636,0
12.8,0.0,14.3,7.0,0.2636,0
14.9,0.0,93.2,7.0,0.0855,0
14.9,0.0,93.2,7.0,0.0855,0
12.9,0.0,59.2,7.0,0.395,0
12.9,0.0,59.2,7.0,0.395,0
12.9,0.0,59.2,7.0,0.395,0
12.9,0.0,59.2,7.0,0.395,0
12.9,0.0,59.2,7.0,0.395,0
12.9,0.0,59.2,7.0,0.395,0
12.9,0.0,59.2,7.0,0.395,0
12.9,0.0,59.2,7.0,0.395,0
12.9,0.0,59.2,7.0,0.395,0
12.9,0.0,59.2,7.0,0.395,0
14.0,0.0,72.6,7.0,0.234,0
14.0,0.0,72.6,7.0,0.234,0
14.0,0.0,72.6,7.0,0.2234,1
14.0,0.0,72.6,7.0,0.2234,1
13.7,0.0,38.1,7.0,0.6386,0
13.7,0.0,38.1,7.0,0.6386,0
13.5,0.0,72.6,7.0,0.234,0
14.0,0.0,72.6,7.0,0.234,0
14.0,0.0,72.6,7.0,0.234,0
15.0,0.0,99.0,7.0,0.0352,0
15.1,0.0,75.6,7.0,0.2809,1
14.0,0.0,72.6,7.0,0.2234,1
13.8,0.0,25.0,7.0,0.2636,0
12.2,0.0,29.2,9.0,0.6071,1
12.8,0.0,0.0,7.0,0.2636,0
14.6,0.0,46.1,7.0,0.4267,1
14.6,0.0,46.1,7.0,0.44,0
14.6,0.0,46.1,7.0,0.44,0
14.6,0.0,46.1,7.0,0.4267,1
14.6,0.0,46.1,7.0,0.4267,1
14.6,0.0,46.1,7.0,0.44,0
14.6,0.0,46.1,7.0,0.44,0
14.6,0.0,90.0,7.0,0.1628,0
14.6,0.0,90.0,7.0,0.1628,0
14.6,0.0,90.0,7.0,0.1628,0
14.6,0.0,90.0,7.0,0.1628,0
14.6,0.0,90.0,7.0,0.1628,0
14.6,0.0,90.0,7.0,0.1628,0
14.6,0.0,90.0,7.0,0.1628,0
13.9,0.0,61.7,7.0,0.0,0
13.9,0.0,61.7,7.0,0.0,0
13.9,0.0,61.7,7.0,0.0,0
12.7,0.0,61.7,7.0,0.0,0
12.7,0.0,61.7,7.0,0.0,0
12.7,0.0,61.7,7.0,0.0,0
12.7,0.0,61.7,7.0,0.0,0
13.9,0.0,61.7,7.0,0.0,0
13.3,0.0,57.1,7.0,0.2636,0
14.9,0.0,35.7,7.0,0.2636,0
14.6,1.0,35.7,7.0,0.2636,1
12.8,0.0,75.8,7.0,0.2622,0
12.8,0.0,75.8,7.0,0.2622,0
13.8,0.0,74.5,7.0,0.2222,0
13.6,0.0,56.2,7.0,0.2636,0
12.7,0.0,6.9,7.0,0.2636,0
12.7,0.0,6.9,7.0,0.2636,0
12.7,0.0,6.9,7.0,0.2636,0
14.0,0.0,57.1,7.0,0.2636,0
14.9,0.0,63.8,7.0,0.3869,0
14.9,0.0,63.8,7.0,0.3796,1
14.1,0.0,63.8,7.0,0.3869,0
14.9,0.0,63.8,7.0,0.3796,1
12.8,0.0,85.7,7.0,0.2636,0
12.8,0.0,85.7,7.0,0.2636,0
12.8,0.0,85.7,7.0,0.2636,0
12.4,0.0,85.7,7.0,0.2636,0
12.8,0.0,85.7,7.0,0.2636,0
12.8,0.0,85.7,7.0,0.2636,0
12.8,0.0,85.7,7.0,0.2636,0
12.8,0.0,85.7,7.0,0.2636,0
12.8,0.0,85.7,7.0,0.2636,0
12.8,0.0,85.7,7.0,0.2636,0
15.1,0.0,64.0,7.0,0.6371,1
15.1,0.0,64.0,7.0,0.6371,1
15.1,0.0,64.0,7.0,0.6452,0
15.1,0.0,64.0,7.0,0.6371,1
15.1,0.0,64.0,7.0,0.6371,1
15.1,0.0,64.0,7.0,0.6371,1
15.1,0.0,64.0,7.0,0.6371,1
15.1,0.0,64.0,7.0,0.6371,1
15.1,0.0,64.0,7.0,0.6371,1
15.1,0.0,64.0,7.0,0.6371,1
12.2,0.0,95.6,7.0,0.0455,0
12.2,0.0,95.6,7.0,0.0455,0
12.2,0.0,95.6,7.0,0.0455,0
12.2,0.0,95.6,7.0,0.0455,0
12.2,0.0,95.6,7.0,0.0455,0
15.1,0.0,93.0,7.0,0.0476,0
15.1,0.0,93.0,7.0,0.0476,0
15.1,0.0,93.0,7.0,0.0476,0
15.1,0.0,93.0,7.0,0.0476,0
15.1,0.0,93.0,7.0,0.0476,0
15.1,0.0,93.0,7.0,0.0476,0
15.1,0.0,93.0,7.0,0.0476,0
15.1,0.0,93.0,7.0,0.0476,0
15.1,0.0,93.0,7.0,0.0476,0
15.1,0.0,93.0,7.0,0.0476,0
15.1,0.0,93.0,7.0,0.0476,0
15.1,0.0,93.0,7.0,0.0476,0
15.1,0.0,93.0,7.0,0.0476,0
12.7,0.0,87.8,7.0,0.1644,0
12.2,0.0,95.6,7.0,0.0455,0
12.2,0.0,95.6,7.0,0.0455,0
12.2,0.0,95.6,7.0,0.0455,0
12.2,0.0,95.6,7.0,0.0455,0
12.2,0.0,95.6,7.0,0.0455,0
12.2,0.0,95.6,7.0,0.0455,0
12.2,0.0,95.6,7.0,0.0455,0
12.2,0.0,95.6,7.0,0.0455,0
12.2,0.0,95.6,7.0,0.0455,0
12.2,0.0,95.6,7.0,0.0455,0
12.2,0.0,95.6,7.0,0.0455,0
12.2,0.0,95.6,7.0,0.0455,0
12.2,0.0,95.6,7.0,0.0455,0
12.2,0.0,95.6,7.0,0.0455,0
12.2,0.0,95.6,7.0,0.0455,0
12.7,0.0,87.8,7.0,0.1644,0
14.3,0.0,55.9,7.0,0.4706,0
14.3,0.0,55.9,7.0,0.4652,1
14.3,0.0,55.9,7.0,0.4706,0
14.3,0.0,55.9,7.0,0.4706,0
14.3,0.0,55.9,7.0,0.4706,0
14.3,0.0,55.9,7.0,0.4706,0
14.3,0.0,55.9,7.0,0.4652,1
14.3,0.0,55.9,7.0,0.4706,0
14.3,0.0,55.9,7.0,0.4652,1
12.6,0.0,59.2,7.0,0.395,0
13.0,0.0,59.2,7.0,0.395,0
13.0,0.0,59.2,7.0,0.3866,1
13.0,0.0,59.2,7.0,0.3866,1
12.6,0.0,59.2,8.0,0.395,0
12.4,0.0,0.0,7.0,0.0,0
13.9,0.0,82.4,7.0,0.0778,0
12.9,0.0,82.4,7.0,0.0778,0
12.4,0.0,82.4,7.0,0.0778,0
14.3,0.0,82.4,7.0,0.0778,0
12.4,0.0,0.0,7.0,0.0,0
13.5,0.0,52.1,7.0,0.1702,0
14.0,0.0,52.1,7.0,0.1702,0
14.7,0.0,52.1,7.0,0.1702,0
12.4,0.0,0.0,7.0,0.0,0
13.1,0.0,72.6,7.0,0.234,0
12.4,0.0,0.0,7.0,0.0,0
12.4,0.0,0.0,7.0,0.0,0
13.5,0.0,57.9,7.0,0.4286,0
12.4,0.0,0.0,7.0,0.0,0
12.6,0.0,72.6,7.0,0.234,0
12.4,0.0,72.6,7.0,0.234,0
14.0,0.0,72.6,7.0,0.2234,1
14.0,0.0,72.6,7.0,0.234,0
14.4,0.0,75.8,7.0,0.6923,1
14.4,0.0,75.8,7.0,0.6923,1
14.4,0.0,75.8,7.0,0.6923,1
14.4,0.0,75.8,7.0,0.6923,1
14.4,0.0,75.8,7.0,0.6923,1
14.8,0.0,64.0,7.0,0.6371,1
14.8,0.0,64.0,7.0,0.6452,0
14.8,0.0,64.0,7.0,0.6371,1
14.8,0.0,64.0,7.0,0.6371,1
14.8,0.0,64.0,7.0,0.6371,1
14.8,0.0,64.0,7.0,0.6371,1
14.8,0.0,64.0,7.0,0.6371,1
14.8,0.0,64.0,7.0,0.6371,1
14.8,0.0,64.0,7.0,0.6371,1
14.8,0.0,64.0,7.0,0.6371,1
14.8,0.0,64.0,7.0,0.6371,1
14.8,0.0,64.0,7.0,0.6371,1
14.8,0.0,64.0,7.0,0.6371,1
14.8,0.0,64.0,7.0,0.6371,1
14.8,0.0,64.0,7.0,0.6371,1
13.1,0.0,0.0,7.0,0.1429,0
13.1,0.0,0.0,7.0,0.1429,0
13.1,0.0,0.0,7.0,0.1429,0
12.7,0.0,47.2,7.0,0.0909,0
14.5,0.0,80.6,7.0,0.0761,0
14.5,0.0,80.6,7.0,0.0761,0
14.5,0.0,80.6,7.0,0.0761,0
14.7,0.0,35.7,8.0,0.2636,0
14.5,0.0,80.6,7.0,0.0761,0
14.5,0.0,80.6,7.0,0.0761,0
14.5,0.0,80.6,7.0,0.0761,0
14.5,0.0,80.6,7.0,0.0761,0
14.5,0.0,80.6,7.0,0.0761,0
14.5,0.0,80.6,7.0,0.0761,0
14.5,0.0,80.6,7.0,0.0761,0
12.1,0.0,82.0,9.0,0.1705,0
13.3,0.0,46.2,7.0,0.2333,0
13.3,0.0,46.2,7.0,0.2222,1
12.6,0.0,46.2,7.0,0.2333,0
13.3,0.0,46.2,7.0,0.2222,1
12.8,0.0,56.5,7.0,0.8158,0
12.6,0.0,46.2,7.0,0.2222,1
14.2,0.0,84.2,7.0,0.2636,1
12.9,0.0,67.6,7.0,0.0556,0
13.5,0.0,67.6,7.0,0.0556,0
13.5,0.0,67.6,7.0,0.0556,0
13.5,0.0,67.6,7.0,0.0556,0
13.5,0.0,67.6,7.0,0.0556,0
13.5,0.0,67.6,7.0,0.0556,0
12.4,0.0,0.0,7.0,0.0,0
12.4,0.0,0.0,7.0,0.0,0
12.4,0.0,0.0,7.0,0.0,0
14.4,0.0,64.9,7.0,0.3333,0
12.4,0.0,0.0,7.0,0.0,0
12.4,0.0,0.0,7.0,0.0,0
12.4,0.0,0.0,7.0,0.0,0
12.4,0.0,0.0,7.0,0.0,0
13.3,0.0,0.0,7.0,0.2636,0
12.4,0.0,0.0,7.0,0.0,0
12.4,0.0,0.0,7.0,0.0,0
12.4,0.0,0.0,7.0,0.0,0
12.4,0.0,0.0,7.0,0.0,0
12.4,0.0,0.0,7.0,0.0,0
13.1,0.0,84.4,7.0,0.2,0
13.6,0.0,97.1,7.0,0.0606,1
13.6,0.0,97.1,7.0,0.0909,0
13.6,0.0,97.1,7.0,0.0606,1
13.1,0.0,84.4,7.0,0.2,0
14.4,0.0,64.9,7.0,0.3333,0
14.4,0.0,64.9,7.0,0.3333,0
14.4,0.0,64.9,7.0,0.3333,0
14.4,0.0,75.8,7.0,0.6923,1
14.4,0.0,75.8,7.0,0.6923,1
14.4,0.0,75.8,7.0,0.6923,1
14.4,0.0,75.8,7.0,0.6923,1
14.8,0.0,88.5,7.0,0.1158,0
14.8,0.0,88.5,7.0,0.1158,0
14.8,0.0,88.5,7.0,0.1158,0
14.8,0.0,88.5,7.0,0.1158,0
14.8,0.0,88.5,7.0,0.1158,0
14.8,0.0,88.5,7.0,0.1158,0
14.8,0.0,88.5,7.0,0.1158,0
14.8,0.0,88.5,7.0,0.1053,1
14.8,0.0,88.5,7.0,0.1158,0
14.8,0.0,88.5,7.0,0.1158,0
13.4,0.0,100.0,7.0,0.2636,0
13.4,0.0,100.0,7.0,0.2636,0
13.4,0.0,100.0,7.0,0.2636,0
12.6,0.0,0.0,7.0,0.1429,0
14.7,0.0,53.0,7.0,0.2105,0
14.7,0.0,53.0,7.0,0.203,1
14.7,0.0,53.0,7.0,0.2105,0
14.7,0.0,53.0,7.0,0.203,1
14.7,0.0,53.0,7.0,0.203,1
14.7,0.0,53.0,7.0,0.2105,0
14.7,0.0,53.0,7.0,0.2105,0
14.7,0.0,53.0,7.0,0.203,1
12.1,0.0,53.0,7.0,0.2105,0
14.7,0.0,53.0,7.0,0.2105,0
14.7,0.0,53.0,7.0,0.2105,0
14.4,0.0,65.3,7.0,0.3542,0
12.4,0.0,98.8,7.0,0.0,0
12.4,0.0,32.4,7.0,0.3832,0
13.9,0.0,13.7,7.0,0.1099,0
13.9,0.0,13.7,7.0,0.1099,0
14.0,0.0,13.7,7.0,0.1099,0
13.5,0.0,62.2,7.0,0.0309,0
13.5,0.0,62.2,7.0,0.0309,0
13.5,0.0,62.2,7.0,0.0309,0
13.5,0.0,62.2,7.0,0.0309,0
13.5,0.0,62.2,7.0,0.0309,0
13.5,0.0,62.2,7.0,0.0206,1
13.5,0.0,62.2,7.0,0.0309,0
13.5,0.0,62.2,7.0,0.0309,0
13.5,0.0,62.2,7.0,0.0309,0
13.5,0.0,62.2,7.0,0.0309,0
13.5,0.0,62.2,7.0,0.0309,0
13.5,0.0,62.2,7.0,0.0309,0
13.5,0.0,62.2,7.0,0.0309,0
13.5,0.0,62.2,7.0,0.0309,0
13.5,0.0,62.2,7.0,0.0309,0
13.5,0.0,62.2,7.0,0.0309,0
13.5,0.0,62.2,7.0,0.0309,0
13.5,0.0,62.2,7.0,0.0309,0
13.5,0.0,62.2,7.0,0.0309,0
13.5,0.0,62.2,7.0,0.0309,0
13.5,0.0,62.2,7.0,0.0309,0
13.5,0.0,62.2,7.0,0.0309,0
13.5,0.0,62.2,7.0,0.0309,0
13.5,0.0,62.2,7.0,0.0309,0
13.5,0.0,62.2,7.0,0.0309,0
13.5,0.0,62.2,7.0,0.0309,0
13.5,0.0,62.2,7.0,0.0309,0
13.5,0.0,62.2,7.0,0.0309,0
13.5,0.0,62.2,7.0,0.0309,0
13.5,0.0,62.2,7.0,0.0309,0
14.0,0.0,0.0,7.0,0.3404,0
12.6,0.0,75.0,7.0,0.2636,1
12.6,0.0,32.4,7.0,0.3832,0
12.1,0.0,75.0,7.0,0.2636,0
14.2,1.0,65.7,7.0,0.7647,0
14.2,1.0,65.7,7.0,0.7353,1
14.2,1.0,65.7,7.0,0.7353,1
12.7,0.0,0.0,7.0,0.6701,1
12.7,0.0,0.0,7.0,0.6701,1
12.7,0.0,0.0,7.0,0.6804,0
12.7,0.0,0.0,7.0,0.6701,1
12.7,0.0,0.0,7.0,0.6804,0
12.7,0.0,0.0,7.0,0.6701,1
14.2,0.0,65.7,7.0,0.7353,1
14.2,0.0,65.7,7.0,0.7353,1
12.7,0.0,0.0,7.0,0.6804,0
12.8,0.0,0.0,7.0,0.6701,1
12.7,0.0,0.0,7.0,0.6701,1
14.2,0.0,65.7,7.0,0.7353,1
14.2,0.0,65.7,7.0,0.7353,1
12.7,0.0,0.0,7.0,0.6701,1
12.7,0.0,0.0,7.0,0.6701,1
12.7,0.0,0.0,7.0,0.6804,0
12.7,0.0,0.0,7.0,0.6804,0
12.7,0.0,0.0,7.0,0.6804,0
12.7,0.0,0.0,7.0,0.6701,1
12.8,0.0,0.0,7.0,0.6804,0
12.7,0.0,0.0,7.0,0.6701,1
12.7,0.0,0.0,7.0,0.6701,1
12.7,0.0,0.0,7.0,0.6701,1
12.7,0.0,0.0,7.0,0.6804,0
12.7,0.0,0.0,7.0,0.6701,1
12.7,0.0,0.0,7.0,0.6804,0
12.7,0.0,0.0,7.0,0.6701,1
12.7,0.0,0.0,7.0,0.6701,1
12.4,0.0,0.0,7.0,0.0,0
12.4,0.0,0.0,7.0,0.0,0
12.4,0.0,0.0,7.0,0.0,0
12.4,0.0,0.0,7.0,0.0,0
12.4,0.0,0.0,7.0,0.0,0
12.4,0.0,0.0,7.0,0.0,0
12.4,0.0,0.0,7.0,0.0,0
12.4,0.0,0.0,7.0,0.0,0
12.4,0.0,0.0,7.0,0.0,0
12.4,0.0,0.0,7.0,0.0,0
12.4,0.0,0.0,7.0,0.0,0
12.4,0.0,0.0,7.0,0.0,0
12.4,0.0,0.0,7.0,0.0,0
14.4,0.0,41.6,7.0,0.3207,0
14.4,0.0,41.6,7.0,0.3207,0
14.4,0.0,41.6,7.0,0.3207,0
14.4,0.0,41.6,7.0,0.3152,1
14.4,0.0,41.6,7.0,0.3152,1
14.4,0.0,41.6,7.0,0.3152,1
14.4,0.0,41.6,7.0,0.3152,1
14.4,0.0,41.6,7.0,0.3152,1
14.4,0.0,41.6,7.0,0.3152,1
14.4,0.0,41.6,7.0,0.3207,0
14.4,0.0,41.6,7.0,0.3152,1
14.4,0.0,41.6,7.0,0.3207,0
14.4,0.0,41.6,7.0,0.3207,0
12.4,0.0,41.6,7.0,0.3207,0
14.4,0.0,41.6,7.0,0.3207,0
14.4,0.0,41.6,7.0,0.3207,0
14.4,0.0,41.6,7.0,0.3152,1
14.4,0.0,41.6,7.0,0.3207,0
14.4,0.0,41.6,7.0,0.3152,1
14.4,0.0,41.6,7.0,0.3152,1
14.4,0.0,41.6,7.0,0.3207,0
14.4,0.0,41.6,7.0,0.3207,0
12.4,0.0,41.6,7.0,0.3207,0
14.4,0.0,41.6,7.0,0.3207,0
14.4,0.0,41.6,7.0,0.3207,0
14.4,0.0,41.6,7.0,0.3207,0
14.4,0.0,41.6,7.0,0.3207,0
14.4,0.0,41.6,7.0,0.3207,0
14.4,0.0,41.6,7.0,0.3152,1
14.4,0.0,57.1,7.0,0.4407,0
13.1,0.0,96.7,7.0,0.1685,0
14.0,0.0,64.5,7.0,0.3913,0
14.4,0.0,57.1,7.0,0.4407,0
12.4,0.0,0.0,7.0,0.0,0
12.4,0.0,0.0,7.0,0.0,0
12.4,0.0,0.0,7.0,0.0,0
12.4,0.0,0.0,7.0,0.0,0
12.1,0.0,50.0,7.0,0.2636,0
12.3,0.0,28.6,7.0,0.2636,0
13.9,0.0,60.7,7.0,0.2922,1
12.9,0.0,88.8,7.0,0.2143,0
14.6,0.0,0.0,7.0,0.3191,1
14.5,0.0,47.1,7.0,0.2636,0
15.1,0.0,53.1,7.0,0.2581,0
14.0,0.0,83.3,7.0,0.1714,0
14.0,0.0,83.3,7.0,0.1714,0
14.0,0.0,83.3,7.0,0.1714,0
12.6,0.0,69.1,7.0,0.123,0
13.9,0.0,97.8,7.0,0.0227,0
12.3,0.0,83.3,7.0,0.2636,0
14.9,0.0,75.0,7.0,0.2558,0
14.9,0.0,95.0,7.0,0.1919,0
14.6,0.0,95.0,7.0,0.1919,0
14.9,0.0,95.0,7.0,0.1919,0
14.6,0.0,95.0,7.0,0.1818,1
12.4,0.0,0.0,7.0,0.0,0
12.4,0.0,0.0,7.0,0.0,0
12.4,0.0,0.0,7.0,0.0,0
12.4,0.0,0.0,7.0,0.0,0
12.4,0.0,0.0,7.0,0.0,0
12.4,0.0,0.0,7.0,0.0,0
12.4,0.0,0.0,7.0,0.0,0
12.4,0.0,0.0,7.0,0.0,0
12.4,0.0,0.0,7.0,0.0,0
12.5,0.0,67.6,7.0,0.0556,0
13.5,0.0,67.6,7.0,0.0556,0
13.5,0.0,67.6,7.0,0.0556,0
13.5,0.0,67.6,7.0,0.0556,0
14.4,0.0,78.2,7.0,0.4074,0
13.3,0.0,78.2,7.0,0.4074,0
14.5,1.0,100.0,7.0,0.2636,0
13.5,0.0,67.6,7.0,0.0556,0
13.5,0.0,67.6,7.0,0.0556,0
13.5,0.0,67.6,7.0,0.0556,0
12.9,0.0,67.6,7.0,0.0556,0
14.4,0.0,69.1,7.0,0.123,0
14.4,0.0,69.1,7.0,0.123,0
14.4,0.0,69.1,7.0,0.123,0
13.5,0.0,33.3,7.0,0.2636,1
13.5,0.0,33.3,7.0,0.2636,1
12.6,0.0,100.0,7.0,0.0,0
12.6,0.0,100.0,7.0,0.0,0
12.5,0.0,66.7,7.0,0.2636,0
12.8,0.0,75.8,7.0,0.2622,0
12.8,0.0,75.8,7.0,0.2622,0
13.5,0.0,74.5,7.0,0.2222,0
13.5,0.0,74.5,7.0,0.2222,0
13.3,0.0,0.0,7.0,0.3191,1
14.8,0.0,88.5,7.0,0.1158,0
14.8,0.0,88.5,7.0,0.1158,0
14.8,0.0,88.5,7.0,0.1158,0
14.8,0.0,88.5,7.0,0.1158,0
14.8,0.0,88.5,7.0,0.1158,0
14.8,0.0,88.5,7.0,0.1053,1
12.6,0.0,69.1,7.0,0.123,0
14.0,0.0,83.3,7.0,0.1714,0
14.0,0.0,83.3,7.0,0.1714,0
14.0,0.0,83.3,7.0,0.1714,0
14.0,0.0,83.3,7.0,0.1714,0
14.0,0.0,83.3,7.0,0.1714,0
14.0,0.0,83.3,7.0,0.1714,0
14.4,0.0,69.1,7.0,0.1148,1
14.0,0.0,83.3,7.0,0.1714,0
12.8,0.0,0.0,7.0,0.2636,0
14.4,0.0,69.1,7.0,0.123,0
13.2,0.0,0.0,7.0,0.2636,0
14.0,0.0,83.3,7.0,0.1714,0
12.5,0.0,0.0,7.0,0.2636,0
14.0,0.0,0.0,7.0,0.3404,0
14.0,0.0,83.3,7.0,0.1714,0
14.0,0.0,83.3,7.0,0.1714,0
14.4,0.0,69.1,7.0,0.1148,1
14.0,0.0,83.3,7.0,0.1714,0
14.0,0.0,83.3,7.0,0.1714,0
13.6,0.0,69.1,7.0,0.123,0
14.0,0.0,83.3,7.0,0.1714,0
14.0,0.0,83.3,7.0,0.1714,0
13.6,0.0,69.1,7.0,0.123,0
14.0,0.0,83.3,7.0,0.1714,0
13.0,0.0,95.0,7.0,0.2636,0
14.4,0.0,69.1,7.0,0.123,0
14.0,0.0,95.0,7.0,0.2636,0
14.0,0.0,95.0,7.0,0.2636,0
14.4,0.0,69.1,7.0,0.123,0
14.4,0.0,69.1,7.0,0.123,0
14.4,0.0,69.1,7.0,0.123,0
12.9,0.0,37.0,7.0,0.2636,1
12.9,0.0,37.0,7.0,0.2636,0
12.9,0.0,37.0,7.0,0.2636,0
14.7,0.0,69.1,7.0,0.123,0
14.7,0.0,69.1,7.0,0.123,0
14.7,0.0,80.9,7.0,0.1404,0
14.7,0.0,69.1,7.0,0.123,0
14.7,0.0,69.1,7.0,0.1148,1
14.7,0.0,69.1,7.0,0.123,0
14.4,0.0,69.1,7.0,0.123,0
14.4,0.0,69.1,7.0,0.123,0
14.7,0.0,69.1,7.0,0.123,0
14.4,0.0,69.1,7.0,0.1148,1
14.8,0.0,59.1,7.0,0.4186,0
14.8,0.0,59.1,7.0,0.4186,0
14.8,0.0,59.1,7.0,0.4186,0
13.9,1.0,64.7,7.0,0.2636,0
13.9,0.0,64.7,7.0,0.2636,0
13.9,0.0,64.7,7.0,0.2636,0
13.9,0.0,64.7,7.0,0.2636,0
13.9,0.0,64.7,7.0,0.2636,0
13.9,0.0,64.7,7.0,0.2636,0
13.9,0.0,64.7,7.0,0.2636,1
13.9,0.0,64.7,7.0,0.2636,1
13.9,0.0,64.7,7.0,0.2636,0
13.9,0.0,64.7,7.0,0.2636,1
13.9,0.0,64.7,7.0,0.2636,0
13.9,0.0,64.7,7.0,0.2636,1
13.9,0.0,64.7,7.0,0.2636,0
14.0,0.0,64.7,7.0,0.2636,0
14.0,0.0,64.7,7.0,0.2636,0
13.7,0.0,76.1,7.0,0.1778,0
12.4,0.0,0.0,7.0,0.0,0
12.4,0.0,0.0,7.0,0.0,0
12.4,0.0,0.0,7.0,0.0,0
12.4,0.0,0.0,7.0,0.0,0
13.0,0.0,72.0,7.0,0.2041,0
12.4,0.0,0.0,7.0,0.0,0
12.4,0.0,0.0,7.0,0.0,0
12.4,0.0,0.0,7.0,0.0,0
12.4,0.0,0.0,7.0,0.0,0
14.8,0.0,88.5,7.0,0.1053,1
12.7,0.0,75.8,7.0,0.6923,1
12.4,0.0,0.0,7.0,0.0,0
12.7,0.0,75.8,7.0,0.6923,1
12.7,0.0,75.8,7.0,0.6923,1
13.1,0.0,90.0,7.0,0.1628,0
13.1,0.0,90.0,7.0,0.155,1
12.4,0.0,0.0,7.0,0.0,0
12.7,0.0,75.8,7.0,0.6923,1
12.7,0.0,75.8,7.0,0.6923,1
12.7,0.0,75.8,7.0,0.6923,1
12.7,0.0,75.8,7.0,0.6923,1
13.0,1.0,78.7,7.0,0.1905,1
12.4,0.0,0.0,7.0,0.0,0
14.5,0.0,100.0,7.0,0.2636,0
13.2,0.0,60.0,7.0,0.2636,0
13.3,0.0,60.0,7.0,0.2636,0
13.3,0.0,60.0,7.0,0.2636,0
12.7,0.0,47.2,7.0,0.0909,0
14.0,0.0,10.5,7.0,0.2636,0
14.0,0.0,89.2,7.0,0.1094,0
14.9,0.0,53.0,7.0,0.2105,0
14.0,0.0,53.0,7.0,0.2105,0
14.0,0.0,53.0,7.0,0.2105,0
12.6,0.0,53.0,7.0,0.2105,0
14.4,0.0,69.1,7.0,0.123,0
14.4,0.0,69.1,7.0,0.123,0
14.1,0.0,69.1,7.0,0.123,0
14.1,0.0,69.1,7.0,0.123,0
14.1,0.0,69.1,7.0,0.1148,1
14.1,0.0,69.1,7.0,0.1148,1
14.1,0.0,69.1,7.0,0.123,0
12.4,0.0,0.0,7.0,0.0,0
12.4,0.0,0.0,7.0,0.0,0
14.1,0.0,69.1,7.0,0.123,0
14.4,0.0,69.1,7.0,0.1148,1
14.4,0.0,69.1,7.0,0.123,0
12.4,0.0,0.0,8.0,0.0,0
14.4,0.0,69.1,7.0,0.123,0
14.4,0.0,69.1,7.0,0.123,0
14.4,0.0,69.1,7.0,0.123,0
14.4,0.0,69.1,7.0,0.1148,1
14.4,0.0,69.1,7.0,0.123,0
14.8,0.0,72.0,7.0,0.2636,0
12.9,0.0,59.5,7.0,0.3902,0
12.4,0.0,87.8,7.0,0.1644,0
12.6,0.0,69.1,7.0,0.123,0
13.3,0.0,78.8,7.0,0.3125,0
13.2,0.0,90.8,7.0,0.1406,0
12.4,0.0,0.0,7.0,0.0,0
12.4,0.0,0.0,7.0,0.0,0
12.4,0.0,0.0,7.0,0.0,0
12.9,0.0,59.2,7.0,0.395,0
12.4,0.0,0.0,7.0,0.0,0
12.4,0.0,0.0,7.0,0.0,0
12.4,0.0,0.0,7.0,0.0,0
14.0,0.0,17.8,7.0,0.1818,1
12.4,0.0,0.0,7.0,0.0,0
14.0,0.0,17.8,7.0,0.1818,1
14.0,0.0,17.8,7.0,0.1818,1
14.0,0.0,17.8,7.0,0.1818,1
14.0,0.0,17.8,7.0,0.1818,1
14.0,0.0,17.8,7.0,0.1818,1
12.4,0.0,0.0,7.0,0.0,0
12.4,0.0,0.0,7.0,0.0,0
12.7,0.0,0.0,7.0,0.6701,1
12.7,0.0,0.0,7.0,0.6804,0
12.1,0.0,95.3,7.0,0.0,0
12.1,0.0,95.3,7.0,0.0,0
12.7,0.0,0.0,7.0,0.6701,1
12.7,0.0,0.0,7.0,0.6701,1
12.7,0.0,0.0,7.0,0.6804,0
12.7,0.0,0.0,7.0,0.6701,1
12.7,0.0,0.0,7.0,0.6804,0
12.7,0.0,0.0,7.0,0.6701,1
12.7,0.0,0.0,7.0,0.6804,0
12.7,0.0,0.0,7.0,0.6701,1
12.7,0.0,0.0,7.0,0.6701,1
12.7,0.0,0.0,7.0,0.6701,1
12.7,0.0,0.0,7.0,0.6701,1
12.6,0.0,0.0,7.0,0.6701,1
13.3,0.0,100.0,7.0,0.0,0
12.6,0.0,0.0,7.0,0.6701,1
13.3,0.0,100.0,7.0,0.0,0
12.6,0.0,0.0,7.0,0.6804,0
13.3,0.0,100.0,7.0,0.0,0
12.6,0.0,0.0,7.0,0.6804,0
13.3,0.0,100.0,7.0,0.0,0
12.6,0.0,0.0,7.0,0.6701,1
13.3,0.0,100.0,7.0,0.0,0
12.6,0.0,0.0,7.0,0.6701,1
13.3,0.0,100.0,7.0,0.0,0
12.6,0.0,0.0,7.0,0.6701,1
13.3,0.0,100.0,7.0,0.0,0
13.3,0.0,100.0,7.0,0.0,0
12.6,0.0,0.0,7.0,0.6701,1
12.6,0.0,0.0,7.0,0.6701,1
12.6,0.0,0.0,7.0,0.6804,0
12.4,0.0,92.1,7.0,0.2258,0
12.6,0.0,0.0,7.0,0.6701,1
13.0,0.0,78.7,7.0,0.1964,0
14.5,0.0,97.2,7.0,0.021,0
14.5,0.0,97.2,7.0,0.021,0
13.7,0.0,68.3,7.0,0.2,0
13.5,0.0,68.3,8.0,0.19,1
13.7,0.0,37.8,7.0,0.5085,0
13.7,0.0,37.8,7.0,0.5085,0
13.8,0.0,68.3,7.0,0.2,0
13.7,0.0,68.3,7.0,0.2,0
13.7,0.0,75.6,7.0,0.2921,0
14.2,0.0,75.6,7.0,0.2809,1
14.2,0.0,75.6,7.0,0.2809,1
14.2,0.0,75.6,7.0,0.2921,0
14.2,0.0,75.6,7.0,0.2921,0
14.2,0.0,75.6,7.0,0.2921,0
13.7,0.0,75.6,7.0,0.2921,0
14.2,0.0,75.6,7.0,0.2809,1
14.2,0.0,75.6,7.0,0.2809,1
13.7,0.0,75.6,7.0,0.2809,1
13.7,0.0,75.6,7.0,0.2809,1
13.7,0.0,75.6,7.0,0.2921,0
14.2,0.0,75.6,7.0,0.2921,0
13.7,0.0,75.6,7.0,0.2921,0
14.2,0.0,75.6,7.0,0.2921,0
14.2,0.0,75.6,7.0,0.2921,0
14.2,0.0,75.6,7.0,0.2921,0
14.2,0.0,75.6,7.0,0.2809,1
13.7,0.0,37.8,7.0,0.5085,0
13.9,0.0,37.8,7.0,0.5085,0
13.9,0.0,37.8,7.0,0.5085,0
13.9,0.0,37.8,7.0,0.5085,0
13.9,0.0,37.8,7.0,0.5085,0
13.9,0.0,37.8,7.0,0.5085,0
13.9,0.0,37.8,7.0,0.5,1
13.9,0.0,37.8,7.0,0.5,1
14.5,0.0,97.2,7.0,0.021,0
14.5,0.0,97.2,7.0,0.021,0
14.5,0.0,97.2,7.0,0.021,0
14.5,0.0,97.2,7.0,0.021,0
14.5,0.0,97.2,7.0,0.021,0
14.5,0.0,97.2,7.0,0.021,0
14.5,0.0,97.2,7.0,0.021,0
14.5,0.0,97.2,7.0,0.021,0
14.5,0.0,97.2,7.0,0.021,0
14.5,0.0,97.2,7.0,0.021,0
14.5,0.0,97.2,7.0,0.021,0
14.5,0.0,97.2,7.0,0.021,0
13.9,0.0,60.9,7.0,0.6471,1
12.8,0.0,60.9,7.0,0.6618,0
12.8,0.0,64.1,7.0,0.3492,0
12.8,0.0,64.1,7.0,0.3492,0
12.8,0.0,64.1,7.0,0.3333,1
12.8,0.0,64.1,7.0,0.3492,0
12.8,0.0,60.9,7.0,0.6618,0
12.8,0.0,64.1,7.0,0.3333,1
12.8,0.0,60.9,7.0,0.6471,1
13.7,0.0,29.2,7.0,0.6071,1
12.8,0.0,60.9,7.0,0.6618,0
12.4,0.0,0.0,7.0,0.0,0
12.4,0.0,0.0,7.0,0.0,0
12.4,0.0,0.0,7.0,0.0,0
12.4,0.0,0.0,7.0,0.0,0
12.4,0.0,0.0,7.0,0.0,0
12.4,0.0,0.0,7.0,0.0,0
14.4,0.0,69.1,7.0,0.123,0
12.4,0.0,0.0,7.0,0.0,0
14.4,0.0,69.1,7.0,0.123,0
14.7,0.0,91.4,7.0,0.3235,0
15.0,0.0,93.2,7.0,0.0855,0
13.6,0.0,29.2,7.0,0.6161,0
14.7,0.0,91.4,7.0,0.3235,0
14.7,0.0,91.4,7.0,0.3235,0
14.2,0.0,91.4,7.0,0.3235,0
14.2,0.0,91.4,7.0,0.3235,0
13.1,0.0,91.4,7.0,0.3235,0
14.6,0.0,0.0,7.0,0.3404,0
12.4,0.0,91.4,7.0,0.3235,0
14.7,0.0,91.4,7.0,0.3235,0
14.7,0.0,91.4,7.0,0.3235,0
14.2,0.0,91.4,7.0,0.3235,0
14.2,0.0,91.4,7.0,0.3235,0
14.5,0.0,97.2,7.0,0.021,0
14.5,0.0,97.2,7.0,0.021,0
14.5,0.0,97.2,7.0,0.021,0
14.5,0.0,97.2,7.0,0.021,0
14.5,0.0,97.2,7.0,0.021,0
14.5,0.0,97.2,7.0,0.021,0
12.4,0.0,0.0,7.0,0.0,0
12.4,0.0,0.0,7.0,0.0,0
12.4,0.0,0.0,7.0,0.0,0
14.8,0.0,95.2,7.0,0.0097,0
12.0,0.0,100.0,7.0,0.2636,0
14.1,0.0,39.7,7.0,0.2281,0
14.9,0.0,100.0,7.0,0.2636,0
14.9,0.0,100.0,7.0,0.2636,0
14.9,0.0,100.0,7.0,0.2636,0
12.8,0.0,56.5,7.0,0.807,1
14.8,0.0,88.5,7.0,0.1158,0
14.8,0.0,88.5,7.0,0.1158,0
14.8,0.0,88.5,7.0,0.1158,0
14.8,0.0,88.5,7.0,0.1158,0
14.8,0.0,88.5,7.0,0.1158,0
14.8,0.0,88.5,7.0,0.1158,0
14.8,0.0,88.5,7.0,0.1158,0
14.0,0.0,90.6,7.0,0.0296,0
14.0,0.0,90.6,7.0,0.0296,0
14.0,0.0,90.6,7.0,0.0296,0
14.0,0.0,90.6,7.0,0.0296,0
14.0,0.0,90.6,7.0,0.0296,0
14.0,0.0,90.6,7.0,0.0296,0
14.0,0.0,90.6,7.0,0.0296,0
14.0,0.0,90.6,7.0,0.0296,0
14.0,0.0,90.6,7.0,0.0296,0
13.4,0.0,89.2,7.0,0.1094,0
14.0,0.0,90.6,7.0,0.0296,0
14.0,0.0,90.6,7.0,0.0296,0
14.0,0.0,90.6,7.0,0.0296,0
14.0,0.0,90.6,7.0,0.0296,0
14.0,0.0,90.6,7.0,0.0296,0
14.0,0.0,90.6,7.0,0.0296,0
14.0,0.0,90.6,7.0,0.0296,0
13.4,0.0,89.2,7.0,0.1094,0
14.0,0.0,76.3,7.0,0.0,0
12.2,0.0,76.3,7.0,0.0,0
13.0,0.0,37.8,7.0,0.5085,0
13.9,0.0,37.8,7.0,0.5,1
13.9,0.0,37.8,7.0,0.5,1
13.9,0.0,37.8,7.0,0.5,1
13.9,0.0,37.8,7.0,0.5,1
13.9,0.0,37.8,7.0,0.5085,0
13.9,0.0,37.8,7.0,0.5085,0
13.9,0.0,37.8,7.0,0.5085,0
13.9,0.0,37.8,7.0,0.5085,0
13.9,0.0,37.8,7.0,0.5085,0
13.9,0.0,37.8,7.0,0.5085,0
13.9,0.0,37.8,7.0,0.5085,0
13.9,0.0,37.8,7.0,0.5085,0
13.6,0.0,37.8,7.0,0.5,1
13.7,0.0,37.8,7.0,0.5,1
13.7,0.0,37.8,7.0,0.5085,0
13.7,0.0,37.8,7.0,0.5085,0
13.7,0.0,37.8,7.0,0.5,1
13.1,0.0,37.8,7.0,0.5085,0
13.0,0.0,37.8,7.0,0.5,1
13.7,0.0,37.8,7.0,0.5,1
14.2,0.0,94.0,7.0,0.0,0
14.2,0.0,94.0,7.0,0.0,0
14.2,0.0,94.0,7.0,0.0,0
14.2,0.0,94.0,7.0,0.0,0
14.2,0.0,94.0,7.0,0.0,0
14.2,0.0,94.0,7.0,0.0,0
14.2,0.0,94.0,7.0,0.0,0
14.2,0.0,94.0,7.0,0.0,0
14.2,0.0,94.0,7.0,0.0,0
14.2,0.0,94.0,7.0,0.0,0
14.2,0.0,94.0,7.0,0.0,0
14.2,0.0,94.0,7.0,0.0,0
14.2,0.0,94.0,7.0,0.0,0
14.0,0.0,90.6,7.0,0.0296,0
14.0,0.0,90.6,7.0,0.0296,0
14.0,0.0,90.6,7.0,0.0296,0
13.9,2.0,88.8,7.0,0.8344,0
12.8,0.0,91.4,7.0,0.3235,0
13.7,0.0,78.7,7.0,0.1964,0
13.7,0.0,78.7,7.0,0.1905,1
13.7,0.0,78.7,7.0,0.1905,1
13.7,0.0,78.7,7.0,0.1905,1
13.7,0.0,78.7,7.0,0.1964,0
13.1,0.0,91.4,7.0,0.3235,0
12.9,0.0,78.7,7.0,0.1964,0
12.9,0.0,78.7,7.0,0.1964,0
12.9,0.0,78.7,7.0,0.1964,0
12.9,0.0,78.7,7.0,0.1964,0
12.9,0.0,78.7,7.0,0.1964,0
14.7,0.0,100.0,7.0,0.0797,0
14.7,0.0,100.0,7.0,0.0797,0
14.7,0.0,100.0,7.0,0.0797,0
14.7,0.0,100.0,7.0,0.0797,0
14.7,0.0,100.0,7.0,0.0797,0
14.7,0.0,100.0,7.0,0.0797,0
14.7,0.0,100.0,7.0,0.0797,0
14.7,0.0,100.0,7.0,0.0797,0
14.7,0.0,100.0,7.0,0.0797,0
14.7,0.0,100.0,7.0,0.0797,0
14.7,0.0,100.0,7.0,0.0797,0
14.2,0.0,91.4,7.0,0.3235,0
13.1,0.0,64.9,7.0,0.3333,0
13.1,0.0,64.9,7.0,0.3333,0
14.4,0.0,95.0,7.0,0.1818,1
12.9,0.0,95.0,7.0,0.1818,1
14.6,0.0,95.0,7.0,0.1919,0
14.6,0.0,95.0,7.0,0.1919,0
13.0,0.0,36.7,7.0,0.3729,0
13.0,0.0,36.7,7.0,0.3729,0
12.4,0.0,71.1,7.0,0.8409,1
12.4,0.0,71.1,7.0,0.8636,0
12.4,0.0,71.1,8.0,0.8409,1
12.1,0.0,100.0,7.0,0.2636,0
12.4,0.0,0.0,7.0,0.0,0
14.0,0.0,90.6,7.0,0.0296,0
14.0,0.0,90.6,7.0,0.0296,0
14.0,0.0,90.6,7.0,0.0296,0
14.0,0.0,90.6,7.0,0.0296,0
14.0,0.0,90.6,7.0,0.0296,0
14.0,0.0,90.6,7.0,0.0296,0
14.0,0.0,90.6,7.0,0.0296,0
14.0,0.0,90.6,7.0,0.0296,0
14.0,0.0,90.6,7.0,0.0296,0
14.0,0.0,90.6,7.0,0.0296,0
14.0,0.0,90.6,7.0,0.0296,0
14.0,0.0,90.6,7.0,0.0296,0
14.0,0.0,90.6,7.0,0.0296,0
14.0,0.0,90.6,7.0,0.0296,0
14.0,0.0,90.6,7.0,0.0296,0
14.0,0.0,90.6,7.0,0.0296,0
14.2,0.0,90.6,7.0,0.0296,0
14.2,0.0,90.6,7.0,0.0296,0
14.2,0.0,90.6,7.0,0.0296,0
14.2,0.0,90.6,7.0,0.0296,0
14.2,0.0,90.6,7.0,0.0296,0
14.2,0.0,90.6,7.0,0.0296,0
14.8,0.0,95.2,7.0,0.0097,0
14.2,0.0,94.0,7.0,0.0,0
14.2,0.0,94.0,7.0,0.0,0
14.2,0.0,94.0,7.0,0.0,0
14.2,0.0,94.0,7.0,0.0,0
14.2,0.0,94.0,7.0,0.0,0
14.2,0.0,94.0,7.0,0.0,0
14.2,0.0,94.0,7.0,0.0,0
14.2,0.0,94.0,7.0,0.0,0
14.2,0.0,94.0,7.0,0.0,0
14.2,0.0,94.0,7.0,0.0,0
14.2,0.0,94.0,7.0,0.0,0
14.2,0.0,94.0,7.0,0.0,0
14.2,0.0,94.0,7.0,0.0,0
14.2,0.0,94.0,7.0,0.0,0
14.2,0.0,94.0,7.0,0.0,0
14.2,0.0,94.0,7.0,0.0,0
14.2,0.0,94.0,7.0,0.0,0
14.2,0.0,94.0,7.0,0.0,0
14.2,0.0,94.0,7.0,0.0,0
14.2,0.0,94.0,7.0,0.0,0
14.2,0.0,94.0,7.0,0.0,0
14.2,0.0,94.0,7.0,0.0,0
14.2,0.0,94.0,7.0,0.0,0
14.2,0.0,94.0,7.0,0.0,0
14.2,0.0,94.0,7.0,0.0,0
14.2,0.0,94.0,7.0,0.0,0
14.0,0.0,100.0,7.0,0.0,0
14.0,0.0,100.0,7.0,0.0,0
14.0,0.0,100.0,7.0,0.0,0
14.0,0.0,100.0,7.0,0.0,0
14.0,0.0,100.0,7.0,0.0,0
14.0,0.0,100.0,7.0,0.0,0
14.0,0.0,100.0,7.0,0.0,0
14.0,0.0,100.0,7.0,0.0,0
14.2,0.0,94.0,7.0,0.0,0
14.0,0.0,100.0,7.0,0.0,0
14.0,0.0,100.0,7.0,0.0,0
14.7,0.0,95.2,7.0,0.0097,0
12.0,0.0,100.0,7.0,0.0,0
12.0,0.0,100.0,7.0,0.0,0
12.0,0.0,100.0,7.0,0.0,0
12.0,0.0,100.0,7.0,0.0,0
12.0,0.0,100.0,7.0,0.0,0
12.0,0.0,100.0,7.0,0.0,0
12.0,0.0,100.0,7.0,0.0,0
12.0,0.0,100.0,7.0,0.0,0
12.0,0.0,100.0,7.0,0.0,0
12.0,0.0,100.0,7.0,0.0,0
12.0,0.0,100.0,7.0,0.0,0
12.0,0.0,100.0,7.0,0.0,0
12.0,0.0,100.0,7.0,0.0,0
12.0,0.0,100.0,7.0,0.0,0
12.0,0.0,100.0,7.0,0.0,0
12.0,0.0,100.0,7.0,0.0,0
12.0,0.0,100.0,7.0,0.0,0
12.0,0.0,100.0,7.0,0.0,0
12.0,0.0,100.0,7.0,0.0,0
12.0,0.0,100.0,7.0,0.0,0
12.0,0.0,100.0,7.0,0.0,0
12.0,0.0,100.0,7.0,0.0,0
12.0,0.0,100.0,7.0,0.0,0
12.0,0.0,100.0,7.0,0.0,0
12.0,0.0,100.0,7.0,0.0,0
12.0,0.0,100.0,7.0,0.0,0
12.0,0.0,100.0,7.0,0.0,0
12.0,0.0,100.0,7.0,0.0,0
12.0,0.0,100.0,7.0,0.0,0
12.0,0.0,100.0,7.0,0.0,0
12.0,0.0,100.0,7.0,0.0,0
12.0,0.0,100.0,7.0,0.0,0
12.0,0.0,100.0,7.0,0.0,0
12.0,0.0,100.0,7.0,0.0,0
12.0,0.0,100.0,7.0,0.0,0
12.0,0.0,100.0,7.0,0.0,0
12.0,0.0,100.0,7.0,0.0,0
12.0,0.0,100.0,7.0,0.0,0
12.0,0.0,100.0,7.0,0.0,0
12.0,0.0,100.0,7.0,0.0,0
12.0,0.0,100.0,7.0,0.0,0
12.0,0.0,100.0,7.0,0.0,0
12.4,0.0,0.0,7.0,0.0,0
12.4,0.0,0.0,7.0,0.0,0
12.4,0.0,0.0,7.0,0.0,0
12.4,0.0,0.0,7.0,0.0,0
14.4,0.0,63.8,7.0,0.3869,0
13.9,0.0,78.8,7.0,0.3165,0
13.9,0.0,78.8,7.0,0.3165,0
14.4,0.0,78.8,7.0,0.3165,0
12.4,0.0,0.0,7.0,0.0,0
12.0,0.0,26.3,7.0,0.2973,0
12.8,0.0,39.4,7.0,0.2315,0
12.4,0.0,0.0,7.0,0.0,0
12.4,0.0,0.0,7.0,0.0,0
14.0,0.0,36.7,7.0,0.3729,0
14.0,0.0,36.7,7.0,0.3729,0
12.4,0.0,36.7,7.0,0.3729,0
12.4,0.0,36.7,7.0,0.3729,0
14.1,0.0,78.8,7.0,0.3165,0
14.0,0.0,90.8,7.0,0.125,1
14.0,0.0,90.8,7.0,0.1406,0
14.0,0.0,90.8,7.0,0.1406,0
12.8,0.0,46.7,7.0,0.4615,0
14.5,3.0,82.0,7.0,0.1705,0
14.0,0.0,90.8,7.0,0.1406,0
13.6,0.0,50.0,7.0,0.0286,0
12.8,3.0,46.7,7.0,0.4519,1
14.7,0.0,95.2,7.0,0.0097,0
12.1,0.0,75.8,7.0,0.2622,0
12.1,0.0,75.8,7.0,0.2622,0
13.8,0.0,46.7,7.0,0.4519,1
12.8,0.0,75.8,7.0,0.2622,0
12.8,0.0,75.8,7.0,0.2622,0
12.1,0.0,75.8,7.0,0.2561,1
13.4,0.0,90.9,8.0,0.2368,0
13.4,0.0,90.9,7.0,0.2237,1
12.3,0.0,75.8,7.0,0.2622,0
12.3,0.0,75.8,7.0,0.2561,1
12.3,0.0,75.8,7.0,0.2622,0
12.3,0.0,75.8,7.0,0.2622,0
12.3,0.0,75.8,7.0,0.2622,0
12.3,0.0,75.8,7.0,0.2622,0
12.3,0.0,75.8,7.0,0.2622,0
12.3,0.0,75.8,7.0,0.2622,0
12.3,0.0,75.8,7.0,0.2622,0
12.3,0.0,75.8,7.0,0.2622,0
12.3,0.0,75.8,7.0,0.2561,1
12.3,0.0,75.8,7.0,0.2622,0
12.3,0.0,75.8,7.0,0.2622,0
12.3,0.0,75.8,7.0,0.2622,0
12.3,0.0,75.8,7.0,0.2622,0
12.3,0.0,75.8,7.0,0.2622,0
12.3,0.0,75.8,7.0,0.2622,0
12.3,0.0,75.8,7.0,0.2622,0
12.3,0.0,75.8,7.0,0.2622,0
12.3,0.0,75.8,7.0,0.2561,1
12.3,0.0,75.8,7.0,0.2622,0
12.3,0.0,75.8,7.0,0.2622,0
12.2,0.0,89.1,7.0,0.2,0
14.4,0.0,64.9,7.0,0.3229,1
14.4,0.0,64.9,7.0,0.3229,1
12.4,0.0,0.0,7.0,0.0,0
12.4,0.0,0.0,7.0,0.0,0
12.4,0.0,0.0,7.0,0.0,0
12.1,0.0,90.6,7.0,0.0296,0
12.4,0.0,0.0,7.0,0.0,0
12.4,0.0,0.0,7.0,0.0,0
12.4,0.0,0.0,7.0,0.0,0
13.0,0.0,90.6,7.0,0.0296,0
13.9,0.0,92.1,7.0,0.2258,0
13.9,0.0,92.1,7.0,0.2258,0
13.9,0.0,92.1,7.0,0.2258,0
13.0,0.0,90.6,7.0,0.0296,0
13.0,0.0,90.6,7.0,0.0296,0
12.4,0.0,0.0,7.0,0.0,0
13.0,0.0,90.6,7.0,0.0296,0
12.4,0.0,0.0,7.0,0.0,0
12.4,0.0,0.0,7.0,0.0,0
12.4,0.0,0.0,7.0,0.0,0
14.2,0.0,90.6,7.0,0.0296,0
12.4,0.0,0.0,7.0,0.0,0
14.2,0.0,90.6,7.0,0.0296,0
14.2,0.0,90.6,7.0,0.0296,0
12.4,0.0,0.0,7.0,0.0,0
14.2,0.0,90.6,7.0,0.0296,0
14.2,0.0,90.6,7.0,0.0296,0
14.2,0.0,90.6,7.0,0.0296,0
13.7,0.0,91.3,7.0,0.2636,0
13.3,0.0,88.3,7.0,0.2235,0
13.3,0.0,88.3,7.0,0.2235,0
14.2,1.0,88.3,7.0,0.2235,0
14.2,1.0,88.3,7.0,0.2235,0
14.2,0.0,88.3,7.0,0.2176,1
12.3,0.0,88.3,7.0,0.2235,0
12.3,0.0,88.3,7.0,0.2176,1
14.0,0.0,90.8,7.0,0.1406,0
12.8,0.0,35.7,7.0,0.2636,0
13.0,0.0,14.3,7.0,0.2636,0
14.8,0.0,95.2,7.0,0.0097,0
13.0,0.0,14.3,7.0,0.2636,0
13.0,0.0,81.0,7.0,0.0843,0
13.7,0.0,93.2,7.0,0.0603,0
13.7,0.0,93.2,7.0,0.0603,0
12.7,0.0,96.9,7.0,0.0312,0
12.7,0.0,96.9,7.0,0.0312,0
13.2,0.0,39.4,7.0,0.2315,0
13.2,0.0,39.4,7.0,0.2222,1
12.3,0.0,42.5,7.0,0.1608,0
13.9,0.0,32.7,7.0,0.367,0
13.1,0.0,32.7,7.0,0.367,0
13.1,0.0,32.7,7.0,0.367,0
14.2,0.0,32.7,7.0,0.367,0
13.1,0.0,32.7,7.0,0.367,0
13.1,0.0,32.7,7.0,0.367,0
13.9,0.0,32.7,7.0,0.3578,1
13.1,0.0,32.7,7.0,0.3578,1
13.1,0.0,32.7,7.0,0.367,0
13.9,0.0,32.7,8.0,0.367,0
12.6,0.0,57.1,7.0,0.4407,0
13.1,0.0,32.7,7.0,0.367,0
14.2,0.0,32.7,7.0,0.367,0
13.9,0.0,32.7,7.0,0.3578,1
13.1,0.0,32.7,7.0,0.367,0
13.1,0.0,32.7,8.0,0.367,0
13.1,0.0,32.7,7.0,0.367,0
13.6,0.0,12.1,7.0,0.8438,1
13.1,0.0,0.0,7.0,0.2636,0
14.0,0.0,0.0,7.0,0.3404,0
12.2,0.0,0.0,7.0,0.2636,0
12.1,0.0,92.2,7.0,0.1951,0
12.4,0.0,92.2,7.0,0.1951,0
12.4,0.0,92.2,7.0,0.1951,0
12.4,0.0,92.2,7.0,0.1951,0
12.4,0.0,92.2,7.0,0.1951,0
12.4,0.0,92.2,7.0,0.1951,0
12.4,0.0,92.2,7.0,0.1951,0
12.4,0.0,92.2,7.0,0.1951,0
12.1,0.0,92.2,7.0,0.1951,0
12.4,0.0,92.2,7.0,0.1951,0
14.0,1.0,76.1,7.0,0.538,1
12.4,0.0,45.9,7.0,0.3,1
12.4,0.0,45.9,7.0,0.3,1
13.3,0.0,45.9,7.0,0.3,1
13.3,0.0,45.9,7.0,0.3167,0
13.3,0.0,45.9,7.0,0.3167,0
13.3,0.0,45.9,7.0,0.3167,0
13.3,0.0,45.9,7.0,0.3,1
13.5,0.0,95.2,7.0,0.2636,0
13.0,0.0,76.1,7.0,0.5443,0
13.5,0.0,95.2,7.0,0.2636,0
13.5,0.0,95.2,8.0,0.2636,0
12.8,0.0,56.5,7.0,0.8158,0
13.5,0.0,95.2,7.0,0.2636,0
14.2,0.0,88.8,7.0,0.8344,0
14.2,0.0,88.8,7.0,0.8344,0
13.3,0.0,45.9,7.0,0.3,1
13.3,0.0,45.9,7.0,0.3167,0
13.3,0.0,98.0,7.0,0.04,0
13.3,0.0,98.0,7.0,0.04,0
12.4,0.0,0.0,7.0,0.0,0
12.4,0.0,0.0,7.0,0.0,0
12.4,0.0,0.0,7.0,0.0,0
12.4,0.0,0.0,7.0,0.0,0
12.8,0.0,90.8,7.0,0.1406,0
13.3,0.0,57.1,7.0,0.2636,0
13.5,0.0,57.1,7.0,0.2636,0
13.5,0.0,57.1,7.0,0.2636,0
13.5,0.0,57.1,7.0,0.2636,0
13.5,0.0,57.1,7.0,0.2636,0
13.5,0.0,57.1,7.0,0.2636,0
13.1,0.0,65.3,7.0,0.3542,0
13.1,0.0,65.3,7.0,0.3542,0
13.1,0.0,65.3,7.0,0.3542,0
12.3,0.0,0.0,7.0,0.8514,0
12.7,0.0,47.2,7.0,0.0909,0
12.3,0.0,0.0,7.0,0.8514,0
13.1,0.0,84.0,7.0,0.2081,1
13.1,0.0,84.0,7.0,0.2148,0
13.1,0.0,84.0,7.0,0.2148,0
14.4,0.0,64.9,7.0,0.3333,0
13.9,0.0,13.7,7.0,0.1099,0
12.5,0.0,13.7,7.0,0.1099,0
13.9,0.0,13.7,7.0,0.1099,0
13.9,0.0,13.7,7.0,0.1099,0
14.0,0.0,13.7,7.0,0.1099,0
13.9,0.0,13.7,7.0,0.1099,0
13.9,0.0,13.7,7.0,0.1099,0
13.9,0.0,13.7,7.0,0.1044,1
14.0,0.0,13.7,7.0,0.1099,0
14.0,0.0,13.7,7.0,0.1099,0
13.9,0.0,13.7,7.0,0.1099,0
13.8,0.0,54.9,7.0,0.18,1
13.8,0.0,54.9,7.0,0.2,0
13.8,0.0,54.9,7.0,0.2,0
13.8,0.0,54.9,7.0,0.2,0
14.0,0.0,13.7,7.0,0.1099,0
14.7,0.0,87.8,8.0,0.0959,0
14.5,0.0,26.0,7.0,0.0909,0
14.5,0.0,26.0,7.0,0.0909,0
14.2,0.0,26.0,7.0,0.0909,0
13.5,0.0,87.8,8.0,0.0959,0
14.6,0.0,26.0,7.0,0.0909,0
13.5,0.0,87.8,8.0,0.0959,0
14.2,0.0,26.0,7.0,0.0909,0
14.4,0.0,13.7,7.0,0.1099,0
13.9,0.0,87.8,8.0,0.0959,0
13.9,0.0,87.8,7.0,0.0959,0
13.9,0.0,87.8,8.0,0.0959,0
13.5,0.0,87.8,8.0,0.0959,0
12.7,0.0,96.9,7.0,0.0312,0
12.7,0.0,96.9,7.0,0.0312,0
12.7,0.0,96.9,7.0,0.0312,0
12.7,0.0,96.9,7.0,0.0312,0
12.1,0.0,46.7,7.0,0.4519,1
12.7,0.0,96.9,7.0,0.0312,0
12.7,0.0,96.9,7.0,0.0312,0
12.7,0.0,96.9,7.0,0.0312,0
12.7,0.0,96.9,7.0,0.0312,0
13.5,0.0,87.8,8.0,0.0959,0
13.4,0.0,93.3,7.0,0.2636,0
14.9,0.0,90.6,7.0,0.0296,0
13.4,0.0,93.3,7.0,0.2636,0
12.2,0.0,90.6,7.0,0.0296,0
13.5,0.0,50.0,7.0,0.2113,0
14.0,0.0,90.6,7.0,0.0296,0
14.0,0.0,90.6,7.0,0.0296,0
13.5,0.0,93.3,7.0,0.2636,0
14.0,0.0,90.6,7.0,0.0296,0
14.0,0.0,90.6,7.0,0.0296,0
12.4,0.0,0.0,7.0,0.0,0
14.0,0.0,90.6,7.0,0.0296,0
12.4,0.0,0.0,7.0,0.0,0
14.0,0.0,90.6,7.0,0.0296,0
14.0,0.0,90.6,7.0,0.0296,0
13.9,0.0,100.0,7.0,0.0,0
14.0,0.0,90.6,7.0,0.0296,0
14.0,0.0,90.6,7.0,0.0296,0
12.4,0.0,0.0,7.0,0.0,0
14.0,0.0,90.6,7.0,0.0296,0
12.4,0.0,0.0,7.0,0.0,0
14.0,0.0,90.6,7.0,0.0296,0
14.0,0.0,90.6,7.0,0.0296,0
12.4,0.0,0.0,7.0,0.0,0
12.4,0.0,0.0,7.0,0.0,0
13.3,0.0,87.9,7.0,0.1713,0
12.3,0.0,100.0,7.0,0.2636,0
12.4,0.0,0.0,7.0,0.0,0
14.0,0.0,90.6,7.0,0.0296,0
12.4,0.0,0.0,7.0,0.0,0
12.4,0.0,0.0,7.0,0.0,0
12.4,0.0,0.0,7.0,0.0,0
14.0,0.0,90.6,7.0,0.0296,0
13.9,0.0,0.0,7.0,0.2636,0
14.7,0.0,53.0,7.0,0.2105,0
12.4,0.0,33.3,7.0,0.2636,0
14.7,0.0,53.0,7.0,0.2105,0
14.2,0.0,82.0,7.0,0.1448,0
13.3,0.0,49.3,7.0,0.1176,0
14.2,0.0,82.0,7.0,0.1448,0
14.2,0.0,82.0,7.0,0.1403,1
12.2,0.0,49.3,7.0,0.1176,0
13.3,0.0,49.3,7.0,0.1176,0
12.6,0.0,57.1,7.0,0.4322,1
12.0,0.0,49.3,7.0,0.1176,0
12.3,0.0,0.0,7.0,0.8514,0
14.5,0.0,49.3,7.0,0.1176,0
14.2,0.0,82.0,7.0,0.1448,0
13.8,0.0,49.3,7.0,0.1176,0
14.0,0.0,90.9,7.0,0.2636,0
12.6,0.0,57.1,7.0,0.4407,0
12.7,0.0,96.9,7.0,0.0312,0
12.7,0.0,96.9,7.0,0.0312,0
12.7,0.0,96.9,7.0,0.0312,0
12.7,0.0,96.9,7.0,0.0312,0
12.7,0.0,96.9,7.0,0.0208,1
12.7,0.0,96.9,7.0,0.0312,0
12.6,0.0,57.1,7.0,0.4407,0
12.7,0.0,96.9,7.0,0.0312,0
12.7,0.0,96.9,7.0,0.0312,0
12.6,0.0,57.1,7.0,0.4322,1
12.7,0.0,96.9,7.0,0.0312,0
12.7,0.0,96.9,7.0,0.0312,0
12.7,0.0,96.9,7.0,0.0312,0
12.7,0.0,96.9,7.0,0.0312,0
12.5,0.0,66.1,7.0,0.2318,0
12.7,0.0,96.9,7.0,0.0312,0
12.7,0.0,96.9,7.0,0.0312,0
12.5,0.0,66.1,7.0,0.2318,0
12.7,0.0,96.9,7.0,0.0312,0
12.7,0.0,96.9,7.0,0.0312,0
12.7,0.0,96.9,7.0,0.0312,0
12.4,0.0,66.1,7.0,0.2273,1
12.7,0.0,96.9,7.0,0.0208,1
12.1,0.0,66.1,7.0,0.2318,0
12.7,0.0,96.9,7.0,0.0312,0
12.8,0.0,66.1,7.0,0.2318,0
12.7,0.0,96.9,7.0,0.0312,0
13.6,0.0,66.1,7.0,0.2318,0
12.7,0.0,96.9,7.0,0.0312,0
13.0,0.0,66.1,7.0,0.2273,1
13.0,0.0,66.1,7.0,0.2318,0
12.7,0.0,96.9,7.0,0.0312,0
12.7,0.0,96.9,7.0,0.0312,0
12.7,0.0,96.9,7.0,0.0312,0
13.3,0.0,57.9,7.0,0.4286,0
12.7,0.0,96.9,7.0,0.0312,0
12.7,0.0,96.9,7.0,0.0312,0
13.0,0.0,66.1,7.0,0.2273,1
13.0,0.0,66.1,7.0,0.2318,0
12.7,0.0,96.9,7.0,0.0312,0
13.0,0.0,66.1,7.0,0.2318,0
12.7,0.0,96.9,7.0,0.0312,0
12.7,0.0,96.9,7.0,0.0312,0
13.0,0.0,66.1,7.0,0.2273,1
13.0,0.0,66.1,7.0,0.2318,0
12.4,0.0,87.9,7.0,0.1713,0
12.1,0.0,66.1,7.0,0.2318,0
12.1,0.0,66.1,7.0,0.2318,0
13.5,0.0,41.6,7.0,0.3207,0
13.5,0.0,41.6,7.0,0.3207,0
12.1,0.0,41.6,8.0,0.3152,1
12.1,0.0,41.6,8.0,0.3152,1
12.4,0.0,41.6,7.0,0.3207,0
13.6,0.0,66.1,7.0,0.2318,0
13.6,0.0,66.1,7.0,0.2318,0
13.6,0.0,66.1,7.0,0.2318,0
13.6,0.0,66.1,7.0,0.2273,1
13.6,0.0,66.1,7.0,0.2318,0
13.6,0.0,66.1,7.0,0.2318,0
13.6,0.0,66.1,7.0,0.2318,0
13.2,0.0,66.1,7.0,0.2273,1
13.6,0.0,66.1,7.0,0.2318,0
13.0,0.0,100.0,7.0,0.0,0
12.3,0.0,25.0,7.0,0.2636,1
13.4,0.0,93.3,7.0,0.2636,0
12.7,0.0,55.6,8.0,0.2636,0
13.4,0.0,93.3,7.0,0.2636,0
13.4,0.0,93.3,7.0,0.2636,0
14.5,0.0,62.7,7.0,0.3276,0
12.9,0.0,37.0,7.0,0.2636,1
12.1,0.0,66.1,7.0,0.2318,0
12.1,0.0,66.1,7.0,0.2318,0
12.1,0.0,66.1,7.0,0.2318,0
12.1,0.0,66.1,7.0,0.2273,1
12.6,0.0,69.1,7.0,0.123,0
12.1,0.0,66.1,7.0,0.2318,0
12.1,0.0,66.1,7.0,0.2318,0
13.9,0.0,66.1,7.0,0.2318,0
13.9,0.0,66.1,7.0,0.2318,0
13.9,0.0,66.1,7.0,0.2318,0
13.9,0.0,66.1,7.0,0.2318,0
13.9,0.0,66.1,7.0,0.2318,0
13.9,0.0,66.1,7.0,0.2318,0
13.0,0.0,70.4,7.0,0.2453,1
13.0,0.0,70.4,7.0,0.2453,1
13.0,0.0,70.4,7.0,0.2642,0
13.0,0.0,70.4,7.0,0.2642,0
13.0,0.0,70.4,7.0,0.2642,0
13.0,0.0,70.4,7.0,0.2642,0
13.0,0.0,70.4,7.0,0.2642,0
13.0,0.0,70.4,7.0,0.2642,0
13.0,0.0,70.4,7.0,0.2642,0
13.0,0.0,70.4,7.0,0.2642,0
13.0,0.0,70.4,7.0,0.2642,0
12.0,0.0,88.8,7.0,0.8344,0
13.3,0.0,50.0,7.0,0.0286,0
12.0,0.0,88.8,7.0,0.8344,0
12.0,0.0,88.8,7.0,0.8344,0
14.0,0.0,50.0,7.0,0.122,0
13.9,0.0,66.1,7.0,0.2318,0
12.5,0.0,66.1,7.0,0.2318,0
13.9,0.0,93.3,7.0,0.2636,0
13.9,0.0,93.3,7.0,0.2636,0
13.5,0.0,93.3,7.0,0.2636,0
12.9,0.0,93.3,7.0,0.2636,0
13.5,0.0,86.5,7.0,0.3333,0
13.9,0.0,99.0,7.0,0.3939,0
14.0,0.0,99.0,7.0,0.3838,1
14.0,0.0,99.0,7.0,0.3838,1
14.0,0.0,99.0,7.0,0.3838,1
14.4,0.0,99.0,7.0,0.0302,1
12.7,0.0,96.9,7.0,0.0312,0
14.1,0.0,66.1,7.0,0.2318,0
14.0,0.0,21.9,7.0,0.1824,0
14.0,0.0,21.9,7.0,0.1824,0
14.0,0.0,21.9,7.0,0.1824,0
14.0,0.0,21.9,7.0,0.1824,0
14.1,0.0,66.1,7.0,0.2318,0
14.1,0.0,66.1,7.0,0.2318,0
12.9,0.0,100.0,7.0,0.1,0
12.9,0.0,100.0,7.0,0.1,0
13.2,0.0,66.1,7.0,0.2318,0
12.9,0.0,100.0,7.0,0.1,0
12.6,0.0,40.9,7.0,0.3563,1
14.1,0.0,66.1,7.0,0.2318,0
13.9,0.0,66.1,7.0,0.2318,0
12.9,0.0,100.0,7.0,0.1,0
13.2,0.0,66.1,7.0,0.2318,0
12.9,0.0,100.0,7.0,0.1,0
12.9,0.0,100.0,7.0,0.1,0
12.9,0.0,100.0,7.0,0.1,0
14.1,0.0,66.1,7.0,0.2318,0
12.9,0.0,100.0,7.0,0.1,0
12.1,0.0,66.1,7.0,0.2318,0
13.5,0.0,78.6,7.0,0.2636,1
13.9,0.0,66.1,7.0,0.2318,0
12.9,0.0,100.0,7.0,0.1,0
12.8,0.0,0.0,7.0,0.2636,0
13.9,0.0,66.1,7.0,0.2318,0
12.7,0.0,66.1,7.0,0.2318,0
13.9,0.0,66.1,7.0,0.2318,0
13.9,0.0,66.1,7.0,0.2318,0
13.9,0.0,66.1,7.0,0.2318,0
13.9,0.0,66.1,7.0,0.2318,0
12.7,0.0,66.1,7.0,0.2318,0
12.4,0.0,100.0,7.0,0.2636,0
13.9,0.0,66.1,7.0,0.2318,0
12.7,0.0,66.1,7.0,0.2318,0
13.9,0.0,66.1,7.0,0.2318,0
12.4,0.0,100.0,7.0,0.2636,0
13.5,0.0,72.6,9.0,0.234,0
13.5,0.0,72.6,9.0,0.234,0
12.4,0.0,100.0,7.0,0.2636,0
12.7,0.0,66.1,7.0,0.2318,0
12.7,0.0,66.1,7.0,0.2318,0
13.5,0.0,72.6,9.0,0.2234,1
14.1,0.0,66.1,7.0,0.2318,0
14.0,0.0,72.6,9.0,0.234,0
13.6,0.0,66.1,7.0,0.2318,0
13.9,0.0,66.1,7.0,0.2318,0
12.5,0.0,64.4,7.0,0.3483,0
12.5,0.0,64.4,7.0,0.3483,0
12.5,0.0,64.4,7.0,0.3483,0
13.9,0.0,66.1,7.0,0.2318,0
13.6,0.0,66.1,7.0,0.2318,0
12.3,0.0,93.3,7.0,0.2636,0
13.6,0.0,66.1,7.0,0.2318,0
13.9,0.0,66.1,7.0,0.2318,0
12.4,0.0,100.0,7.0,0.2636,0
13.5,0.0,93.3,7.0,0.2636,0
12.4,0.0,66.1,7.0,0.2318,0
13.5,0.0,93.3,7.0,0.2636,0
13.2,0.0,93.3,7.0,0.2636,0
12.3,0.0,93.3,7.0,0.2636,0
12.7,0.0,66.1,7.0,0.2318,0
13.0,0.0,49.3,7.0,0.1176,0
13.2,0.0,66.1,7.0,0.2318,0
13.4,0.0,66.1,7.0,0.2318,0
13.8,0.0,68.3,7.0,0.19,1
13.8,0.0,68.3,7.0,0.19,1
13.8,0.0,68.3,7.0,0.2,0
13.8,0.0,68.3,7.0,0.2,0
13.5,0.0,68.3,7.0,0.2,0
13.8,0.0,68.3,7.0,0.2,0
13.8,0.0,68.3,7.0,0.2,0
13.8,0.0,68.3,7.0,0.2,0
13.8,0.0,68.3,7.0,0.19,1
13.8,0.0,68.3,7.0,0.2,0
12.9,0.0,93.3,7.0,0.2636,1
14.4,0.0,63.8,7.0,0.3869,0
14.4,0.0,63.8,7.0,0.3796,1
14.4,0.0,63.8,7.0,0.3796,1
14.4,0.0,63.8,7.0,0.3796,1
13.0,0.0,93.3,7.0,0.2636,0
14.8,0.0,62.7,7.0,0.3276,0
14.8,0.0,62.7,7.0,0.3276,0
14.2,0.0,62.7,7.0,0.3276,0
14.8,0.0,30.0,7.0,0.2636,0
14.8,0.0,30.0,7.0,0.2636,0
14.8,0.0,30.0,7.0,0.2636,0
14.8,0.0,30.0,7.0,0.2636,0
14.8,0.0,30.0,7.0,0.2636,0
14.8,0.0,30.0,7.0,0.2636,0
14.8,0.0,30.0,7.0,0.2636,0
12.8,0.0,20.9,7.0,0.7619,1
12.8,0.0,20.9,7.0,0.7857,0
12.6,0.0,40.9,7.0,0.3563,1
12.6,0.0,40.9,7.0,0.3563,1
12.6,0.0,40.9,7.0,0.3563,1
12.6,0.0,40.9,7.0,0.3563,1
12.6,0.0,40.9,7.0,0.3563,1
12.6,0.0,40.9,7.0,0.3563,1
12.6,0.0,40.9,7.0,0.3563,1
12.6,0.0,40.9,7.0,0.3563,1
12.6,0.0,40.9,7.0,0.3563,1
12.6,0.0,40.9,7.0,0.3563,1
12.6,0.0,40.9,7.0,0.3563,1
12.6,0.0,40.9,7.0,0.3563,1
12.6,0.0,40.9,7.0,0.3563,1
12.6,0.0,40.9,7.0,0.3563,1
12.6,0.0,40.9,7.0,0.3563,1
12.6,0.0,40.9,7.0,0.3563,1
12.6,0.0,40.9,7.0,0.3563,1
12.6,0.0,40.9,7.0,0.3563,1
12.6,0.0,40.9,7.0,0.3563,1
12.6,0.0,40.9,7.0,0.3563,1
14.3,0.0,30.0,7.0,0.2636,0
14.3,0.0,30.0,7.0,0.2636,1
14.3,0.0,30.0,7.0,0.2636,0
13.5,0.0,72.6,7.0,0.234,0
13.5,0.0,72.6,7.0,0.234,0
13.1,0.0,72.6,7.0,0.2234,1
12.4,0.0,72.6,9.0,0.234,0
13.4,0.0,70.2,7.0,0.2556,1
13.3,0.0,70.2,7.0,0.2556,1
12.6,0.0,40.9,7.0,0.3563,1
12.6,0.0,40.9,7.0,0.3563,1
12.6,0.0,40.9,7.0,0.3563,1
12.6,0.0,40.9,7.0,0.3563,1
13.7,0.0,96.5,7.0,0.0235,0
13.7,0.0,96.5,7.0,0.0235,0
13.7,0.0,96.5,7.0,0.0235,0
13.7,0.0,96.5,7.0,0.0235,0
13.7,0.0,96.5,7.0,0.0235,0
13.7,0.0,96.5,7.0,0.0235,0
13.7,0.0,96.5,7.0,0.0235,0
13.7,0.0,96.5,7.0,0.0235,0
13.7,0.0,96.5,7.0,0.0235,0
13.7,0.0,96.5,7.0,0.0235,0
13.7,0.0,96.5,7.0,0.0235,0
13.7,0.0,96.5,7.0,0.0235,0
13.7,0.0,96.5,7.0,0.0235,0
14.4,0.0,76.9,7.0,0.3271,0
12.8,0.0,39.4,7.0,0.2315,0
13.9,0.0,76.9,8.0,0.3271,0
14.7,0.0,95.2,7.0,0.0097,0
14.3,0.0,95.2,7.0,0.0097,0
14.3,0.0,95.2,7.0,0.0097,0
13.5,0.0,12.5,7.0,0.2636,0
14.0,0.0,12.5,7.0,0.2636,0
12.9,0.0,12.5,7.0,0.2636,0
14.1,1.0,69.2,7.0,0.4706,0
14.1,1.0,69.2,8.0,0.451,1
13.3,0.0,46.7,7.0,0.4615,0
13.7,0.0,90.9,7.0,0.2636,0
13.7,0.0,90.9,7.0,0.2636,0
12.6,0.0,90.9,7.0,0.2636,0
13.7,0.0,90.9,7.0,0.2636,0
13.7,0.0,90.9,7.0,0.2636,1
13.7,0.0,90.9,7.0,0.2636,0
13.7,0.0,90.9,7.0,0.2636,0
14.0,0.0,99.0,7.0,0.3939,0
14.6,0.0,54.9,7.0,0.2,0
12.1,0.0,50.0,7.0,0.2636,0
12.8,0.0,90.8,7.0,0.1406,0
12.8,0.0,90.8,7.0,0.1406,0
12.8,0.0,90.8,7.0,0.1406,0
12.8,0.0,90.8,7.0,0.1406,0
12.8,0.0,90.8,7.0,0.1406,0
14.3,0.0,95.0,7.0,0.1919,0
14.3,0.0,95.0,7.0,0.1919,0
13.7,0.0,95.0,7.0,0.1919,0
14.4,0.0,95.0,7.0,0.1818,1
12.9,0.0,95.0,7.0,0.1919,0
13.7,3.0,83.8,7.0,0.0058,0
13.5,0.0,63.0,7.0,0.1509,0
14.7,0.0,95.2,7.0,0.0097,0
14.8,0.0,95.2,7.0,0.0097,0
13.0,0.0,69.2,7.0,0.4706,0
13.4,0.0,69.2,7.0,0.4706,0
14.0,0.0,99.0,7.0,0.3939,0
14.0,0.0,99.0,7.0,0.3838,1
14.0,0.0,99.0,7.0,0.3939,0
14.0,0.0,99.0,7.0,0.3838,1
14.0,0.0,99.0,7.0,0.3939,0
14.0,0.0,99.0,7.0,0.3939,0
14.0,0.0,99.0,7.0,0.3939,0
14.0,0.0,99.0,7.0,0.3939,0
14.0,0.0,99.0,7.0,0.3939,0
14.0,0.0,99.0,7.0,0.3939,0
14.0,0.0,99.0,7.0,0.3939,0
14.0,0.0,99.0,7.0,0.3939,0
14.0,0.0,99.0,7.0,0.3939,0
14.0,0.0,99.0,7.0,0.3838,1
14.0,0.0,99.0,7.0,0.3838,1
14.0,0.0,99.0,7.0,0.3838,1
14.0,0.0,99.0,7.0,0.3939,0
14.0,0.0,99.0,7.0,0.3939,0
14.0,0.0,99.0,7.0,0.3838,1
14.0,0.0,99.0,7.0,0.3838,1
14.0,0.0,99.0,7.0,0.3838,1
14.0,0.0,99.0,7.0,0.3838,1
14.0,0.0,99.0,7.0,0.3838,1
14.0,0.0,99.0,7.0,0.3939,0
14.0,0.0,99.0,7.0,0.3939,0
14.0,0.0,99.0,7.0,0.3838,1
14.0,0.0,99.0,7.0,0.3939,0
14.0,0.0,99.0,7.0,0.3838,1
14.0,0.0,99.0,7.0,0.3939,0
13.9,0.0,99.0,7.0,0.3939,0
14.0,0.0,99.0,7.0,0.3939,0
14.0,0.0,99.0,7.0,0.3939,0
14.4,0.0,99.0,7.0,0.0352,0
14.4,0.0,99.0,7.0,0.0352,0
14.4,0.0,99.0,7.0,0.0352,0
14.4,0.0,99.0,7.0,0.0352,0
14.4,0.0,99.0,7.0,0.0352,0
14.4,0.0,99.0,7.0,0.0352,0
14.4,0.0,99.0,7.0,0.0352,0
14.4,0.0,99.0,7.0,0.0352,0
14.4,0.0,99.0,7.0,0.0352,0
14.4,0.0,99.0,7.0,0.0352,0
14.4,0.0,99.0,7.0,0.0352,0
14.4,0.0,99.0,7.0,0.0352,0
14.4,0.0,99.0,7.0,0.0352,0
14.4,0.0,99.0,7.0,0.0352,0
14.4,0.0,99.0,7.0,0.0352,0
14.4,0.0,99.0,7.0,0.0352,0
14.4,0.0,99.0,7.0,0.0352,0
14.4,0.0,99.0,7.0,0.0302,1
14.4,0.0,99.0,7.0,0.0352,0
14.4,0.0,99.0,7.0,0.0352,0
14.4,0.0,99.0,7.0,0.0352,0
14.4,0.0,99.0,7.0,0.0302,1
14.4,0.0,99.0,7.0,0.0352,0
14.4,0.0,99.0,7.0,0.0352,0
14.4,0.0,99.0,7.0,0.0352,0
14.4,0.0,99.0,7.0,0.0352,0
14.4,0.0,99.0,7.0,0.0352,0
14.4,0.0,99.0,7.0,0.0302,1
14.4,0.0,99.0,7.0,0.0352,0
14.4,0.0,99.0,7.0,0.0352,0
14.4,0.0,99.0,7.0,0.0352,0
14.4,0.0,99.0,7.0,0.0352,0
13.8,0.0,100.0,7.0,0.2636,0
14.0,0.0,96.3,7.0,0.0377,0
14.0,0.0,96.3,7.0,0.0377,0
14.0,0.0,96.3,7.0,0.0377,0
13.8,0.0,100.0,7.0,0.0797,0
13.8,0.0,100.0,7.0,0.0797,0
13.8,0.0,100.0,7.0,0.0797,0
13.8,0.0,100.0,7.0,0.0725,1
13.8,0.0,100.0,7.0,0.0725,1
13.8,0.0,100.0,7.0,0.0797,0
13.8,0.0,100.0,7.0,0.0797,0
13.8,0.0,100.0,7.0,0.0725,1
13.8,0.0,100.0,7.0,0.0797,0
13.8,0.0,100.0,7.0,0.0797,0
13.8,0.0,100.0,7.0,0.0797,0
13.8,0.0,100.0,7.0,0.0725,1
13.8,0.0,100.0,7.0,0.0797,0
13.8,0.0,100.0,7.0,0.0797,0
13.8,0.0,100.0,7.0,0.0725,1
13.8,0.0,100.0,7.0,0.0797,0
13.8,0.0,100.0,7.0,0.0797,0
13.8,0.0,100.0,7.0,0.0725,1
13.8,0.0,100.0,7.0,0.0725,1
13.8,0.0,100.0,7.0,0.0797,0
13.8,0.0,100.0,7.0,0.0797,0
13.8,0.0,100.0,7.0,0.0797,0
13.8,0.0,100.0,7.0,0.0797,0
13.8,0.0,100.0,7.0,0.0797,0
13.8,0.0,100.0,7.0,0.0797,0
13.8,0.0,100.0,7.0,0.0797,0
13.8,0.0,100.0,7.0,0.0797,0
13.8,0.0,100.0,7.0,0.0797,0
13.8,0.0,100.0,7.0,0.0797,0
13.8,0.0,100.0,7.0,0.0797,0
13.8,0.0,100.0,7.0,0.0797,0
13.8,0.0,100.0,7.0,0.0797,0
13.8,0.0,100.0,7.0,0.0797,0
13.8,0.0,100.0,7.0,0.0797,0
13.8,0.0,100.0,7.0,0.0797,0
13.8,0.0,100.0,7.0,0.0797,0
13.8,0.0,100.0,7.0,0.0797,0
13.0,0.0,72.0,7.0,0.1837,1
14.5,0.0,95.2,7.0,0.0097,0
13.0,0.0,68.4,7.0,0.2636,0
14.2,0.0,89.7,7.0,0.2636,0
14.2,0.0,89.7,7.0,0.2636,0
14.2,0.0,89.7,7.0,0.2636,0
12.5,0.0,68.6,7.0,0.1739,0
14.2,0.0,89.7,7.0,0.2636,0
12.5,0.0,68.6,7.0,0.1594,1
14.2,0.0,89.7,7.0,0.2636,0
14.2,0.0,89.7,7.0,0.2636,0
14.2,0.0,89.7,7.0,0.2636,0
14.2,0.0,89.7,7.0,0.2636,0
14.2,0.0,89.7,7.0,0.2636,0
14.2,0.0,89.7,7.0,0.2636,0
14.2,0.0,89.7,7.0,0.2636,0
14.2,0.0,89.7,7.0,0.2636,1
14.2,0.0,89.7,7.0,0.2636,1
13.3,0.0,78.8,7.0,0.2812,1
13.5,0.0,78.8,7.0,0.3125,0
14.2,0.0,89.7,7.0,0.2636,0
14.2,0.0,89.7,7.0,0.2636,0
14.2,0.0,89.7,7.0,0.2636,0
14.2,0.0,89.7,7.0,0.2636,0
14.2,0.0,89.7,7.0,0.2636,0
13.8,0.0,32.7,7.0,0.367,0
13.8,0.0,32.7,7.0,0.367,0
13.8,0.0,32.7,7.0,0.3578,1
13.8,0.0,32.7,7.0,0.367,0
12.2,0.0,32.7,7.0,0.367,0
12.2,0.0,32.7,7.0,0.367,0
12.2,0.0,32.7,7.0,0.3578,1
12.2,0.0,32.7,7.0,0.367,0
12.2,0.0,32.7,7.0,0.367,0
12.2,0.0,32.7,7.0,0.367,0
12.2,0.0,32.7,7.0,0.367,0
14.2,0.0,89.7,7.0,0.2636,0
14.2,0.0,89.7,7.0,0.2636,0
13.0,0.0,76.1,7.0,0.5443,0
12.6,0.0,4.8,7.0,0.2636,0
12.6,0.0,4.8,7.0,0.2636,0
13.7,0.0,100.0,7.0,0.2636,0
13.4,0.0,29.4,7.0,0.2636,0
14.5,0.0,29.4,7.0,0.2636,0
14.0,0.0,29.4,7.0,0.2636,0
12.6,0.0,32.7,7.0,0.367,0
12.6,0.0,32.7,7.0,0.367,0
12.6,0.0,32.7,7.0,0.367,0
12.6,0.0,32.7,7.0,0.367,0
12.6,0.0,32.7,7.0,0.367,0
12.6,0.0,32.7,7.0,0.367,0
12.6,0.0,32.7,7.0,0.367,0
12.6,0.0,32.7,7.0,0.367,0
12.6,0.0,32.7,7.0,0.3578,1
12.6,0.0,32.7,7.0,0.3578,1
12.6,0.0,32.7,7.0,0.367,0
12.6,0.0,32.7,7.0,0.367,0
12.6,0.0,32.7,7.0,0.3578,1
12.6,0.0,32.7,7.0,0.3578,1
12.6,0.0,32.7,7.0,0.3578,1
12.6,0.0,32.7,7.0,0.3578,1
13.4,0.0,95.2,7.0,0.0097,0
13.0,0.0,89.2,7.0,0.0978,0
14.4,0.0,95.2,7.0,0.0097,0
12.9,0.0,95.0,7.0,0.1919,0
12.9,0.0,95.0,7.0,0.1818,1
13.1,0.0,95.0,7.0,0.1818,1
13.8,0.0,95.0,7.0,0.1919,0
12.9,0.0,95.0,7.0,0.1919,0
14.3,0.0,95.0,7.0,0.1818,1
14.3,0.0,95.0,7.0,0.1919,0
14.3,0.0,95.0,7.0,0.1919,0
14.3,0.0,95.0,7.0,0.1919,0
14.3,0.0,95.0,7.0,0.1919,0
14.3,0.0,95.0,7.0,0.1919,0
14.3,0.0,95.0,7.0,0.1919,0
14.3,0.0,95.0,7.0,0.1919,0
14.3,0.0,95.0,7.0,0.1919,0
14.3,0.0,95.0,7.0,0.1919,0
12.9,0.0,95.0,7.0,0.1919,0
13.7,0.0,95.0,7.0,0.1919,0
12.9,0.0,95.0,7.0,0.1919,0
13.7,0.0,95.0,7.0,0.1919,0
14.3,0.0,95.0,7.0,0.1919,0
14.3,0.0,95.0,7.0,0.1919,0
14.3,0.0,95.0,7.0,0.1919,0
14.4,0.0,57.1,7.0,0.4407,0
14.4,0.0,57.1,7.0,0.4407,0
14.4,0.0,57.1,7.0,0.4407,0
13.1,0.0,55.9,7.0,0.4706,0
13.5,0.0,60.7,7.0,0.2922,1
13.5,0.0,60.7,7.0,0.2922,1
13.5,0.0,60.7,7.0,0.2922,1
12.3,0.0,60.7,7.0,0.2963,0
12.3,0.0,60.7,7.0,0.2963,0
13.5,0.0,87.8,7.0,0.0822,1
12.8,0.0,87.8,7.0,0.0959,0
12.9,0.0,59.2,7.0,0.395,0
13.5,0.0,87.8,7.0,0.0822,1
12.8,0.0,87.8,7.0,0.0959,0
13.5,0.0,87.8,7.0,0.0822,1
13.5,0.0,87.8,7.0,0.0959,0
13.3,0.0,87.8,7.0,0.0959,0
13.3,0.0,87.8,7.0,0.0959,0
13.3,0.0,87.8,7.0,0.0822,1
13.3,0.0,87.8,7.0,0.0959,0
13.3,0.0,87.8,7.0,0.0959,0
13.3,0.0,87.8,7.0,0.0959,0
13.3,0.0,87.8,7.0,0.0959,0
13.3,0.0,87.8,7.0,0.0959,0
13.3,0.0,87.8,7.0,0.0959,0
13.3,0.0,87.8,7.0,0.0959,0
12.4,0.0,66.7,7.0,0.2636,1
14.0,0.0,100.0,7.0,0.2636,0
12.4,0.0,39.4,7.0,0.2315,0
12.4,0.0,26.0,7.0,0.0909,0
12.6,0.0,26.0,7.0,0.0909,0
14.3,0.0,39.1,7.0,0.2209,1
14.0,0.0,39.1,7.0,0.2209,1
14.3,0.0,39.1,7.0,0.2326,0
14.3,0.0,39.1,7.0,0.2326,0
13.9,0.0,39.1,7.0,0.2326,0
13.9,0.0,39.1,7.0,0.2326,0
14.1,0.0,44.4,7.0,0.2636,1
12.7,0.0,75.8,7.0,0.7077,0
13.2,0.0,44.4,7.0,0.2636,1
14.0,0.0,36.7,7.0,0.3729,0
14.0,0.0,36.7,7.0,0.3729,0
14.0,0.0,36.7,7.0,0.3729,0
14.0,0.0,36.7,7.0,0.3559,1
14.0,0.0,36.7,8.0,0.3729,0
14.0,0.0,36.7,7.0,0.3559,1
14.0,0.0,36.7,7.0,0.3559,1
14.0,0.0,36.7,7.0,0.3559,1
14.0,0.0,36.7,7.0,0.3729,0
13.9,0.0,78.8,7.0,0.3165,0
13.9,0.0,78.8,7.0,0.3165,0
13.5,0.0,0.0,7.0,0.3191,1
12.8,0.0,39.1,7.0,0.2209,1
14.3,0.0,39.1,7.0,0.2326,0
12.8,0.0,39.1,7.0,0.2209,1
14.6,0.0,39.1,7.0,0.2326,0
12.4,0.0,40.0,7.0,0.0,0
12.4,0.0,40.0,7.0,0.0,0
12.4,0.0,40.0,7.0,0.0,0
12.4,0.0,40.0,7.0,0.0,0
12.4,0.0,40.0,7.0,0.0,0
12.2,0.0,47.2,7.0,0.0795,1
12.2,0.0,47.2,7.0,0.0909,0
12.5,0.0,0.0,7.0,0.2636,0
12.6,0.0,59.2,7.0,0.395,0
12.6,0.0,63.4,7.0,0.35,0
13.5,0.0,61.3,7.0,0.3919,0
13.5,0.0,61.3,7.0,0.3919,0
12.2,0.0,47.2,7.0,0.0909,0
13.5,0.0,12.5,7.0,0.2636,0
12.9,0.0,82.0,7.0,0.1705,0
12.2,0.0,66.7,7.0,0.2636,1
13.5,0.0,32.7,7.0,0.3578,1
13.5,0.0,32.7,7.0,0.3578,1
13.5,0.0,32.7,7.0,0.3578,1
14.6,0.0,84.9,7.0,0.0962,1
12.6,0.0,23.5,7.0,0.2636,0
12.2,0.0,29.4,7.0,0.2636,1
13.0,0.0,0.0,7.0,0.2636,0
13.0,0.0,0.0,7.0,0.2636,0
13.0,0.0,0.0,7.0,0.2636,0
13.0,0.0,0.0,7.0,0.2636,0
13.0,0.0,0.0,7.0,0.2636,0
13.0,0.0,0.0,7.0,0.2636,0
13.0,0.0,0.0,7.0,0.2636,0
13.0,0.0,0.0,7.0,0.2636,0
13.0,0.0,0.0,7.0,0.2636,0
12.1,0.0,29.4,7.0,0.2636,1
12.1,0.0,29.4,7.0,0.2636,0
12.7,0.0,47.2,7.0,0.0909,0
12.6,0.0,91.7,7.0,0.2636,0
12.6,0.0,91.7,7.0,0.2636,0
12.6,0.0,91.7,7.0,0.2636,0
12.6,0.0,91.7,7.0,0.2636,0
12.6,0.0,91.7,7.0,0.2636,0
12.6,0.0,91.7,7.0,0.2636,0
12.6,0.0,91.7,7.0,0.2636,0
12.6,0.0,91.7,7.0,0.2636,0
12.6,0.0,91.7,7.0,0.2636,0
14.0,0.0,64.5,7.0,0.3804,1
12.4,0.0,40.0,7.0,0.0,0
12.4,0.0,40.0,7.0,0.0,0
12.4,0.0,40.0,7.0,0.0,0
12.4,0.0,40.0,7.0,0.0,0
12.4,0.0,40.0,7.0,0.0,0
12.4,0.0,40.0,7.0,0.0,0
12.4,0.0,40.0,7.0,0.0,0
12.4,0.0,40.0,7.0,0.0,0
12.4,0.0,40.0,7.0,0.0,0
12.4,0.0,40.0,7.0,0.0,0
12.4,0.0,40.0,7.0,0.0,0
12.4,0.0,40.0,7.0,0.0,0
12.4,0.0,40.0,7.0,0.0,0
12.4,0.0,40.0,7.0,0.0,0
12.4,0.0,40.0,7.0,0.0,0
12.4,0.0,40.0,7.0,0.0,0
12.4,0.0,40.0,7.0,0.0,0
12.4,0.0,40.0,7.0,0.0,0
12.4,0.0,40.0,7.0,0.0,0
12.4,0.0,40.0,7.0,0.0,0
12.4,0.0,40.0,7.0,0.0,0
12.4,0.0,40.0,7.0,0.0,0
14.2,0.0,82.0,7.0,0.1448,0
14.2,0.0,82.0,7.0,0.1448,0
12.0,0.0,61.3,9.0,0.3919,0
12.4,0.0,46.2,7.0,0.2333,0
12.6,0.0,46.2,7.0,0.2333,0
12.6,0.0,46.2,7.0,0.2333,0
12.6,0.0,46.2,7.0,0.2333,0
12.6,0.0,46.2,7.0,0.2333,0
12.6,0.0,46.2,7.0,0.2333,0
12.3,0.0,57.1,7.0,0.2636,1
13.1,0.0,50.0,7.0,0.2113,0
13.4,0.0,29.4,7.0,0.2636,0
13.4,0.0,29.4,7.0,0.2636,0
14.0,0.0,35.0,7.0,0.5641,1
14.0,0.0,35.0,7.0,0.5897,0
14.0,0.0,35.0,7.0,0.5641,1
14.0,0.0,35.0,7.0,0.5897,0
14.0,0.0,35.0,7.0,0.5897,0
14.0,0.0,35.0,7.0,0.5641,1
14.0,0.0,35.0,7.0,0.5897,0
12.6,0.0,71.4,7.0,0.4182,0
12.7,0.0,61.7,7.0,0.0,0
12.7,0.0,61.7,7.0,0.0,0
12.7,0.0,61.7,7.0,0.0,0
12.7,0.0,61.7,7.0,0.0,0
12.7,0.0,61.7,7.0,0.0,0
12.7,0.0,61.7,7.0,0.0,0
12.7,0.0,61.7,7.0,0.0,0
12.7,0.0,61.7,7.0,0.0,0
12.7,0.0,61.7,7.0,0.0,0
12.7,0.0,61.7,7.0,0.0,0
12.7,0.0,61.7,7.0,0.0,0
12.7,0.0,61.7,7.0,0.0,0
12.7,0.0,61.7,7.0,0.0,0
14.2,0.0,89.7,7.0,0.2636,0
14.2,0.0,89.7,7.0,0.2636,0
13.5,0.0,8.3,7.0,0.2636,1
13.5,0.0,8.3,7.0,0.2636,0
13.5,0.0,8.3,7.0,0.2636,1
13.5,0.0,8.3,7.0,0.2636,0
14.5,0.0,8.3,7.0,0.2636,0
14.5,0.0,8.3,7.0,0.2636,0
14.5,0.0,8.3,7.0,0.2636,0
14.5,0.0,8.3,7.0,0.2636,1
13.3,0.0,64.5,7.0,0.3913,0
12.7,0.0,61.7,7.0,0.0,0
12.7,0.0,61.7,7.0,0.0,0
12.7,0.0,61.7,7.0,0.0,0
12.7,0.0,61.7,7.0,0.0,0
13.5,0.0,95.2,7.0,0.2636,0
13.5,0.0,95.2,7.0,0.2636,0
12.6,0.0,46.2,7.0,0.2333,0
12.6,0.0,46.2,7.0,0.2333,0
13.7,0.0,88.5,7.0,0.1158,0
14.0,0.0,60.7,7.0,0.2963,0
14.0,0.0,60.7,7.0,0.2963,0
12.6,0.0,46.2,7.0,0.2333,0
14.0,0.0,60.7,7.0,0.2963,0
12.6,0.0,46.2,7.0,0.2333,0
12.6,0.0,46.2,7.0,0.2333,0
12.6,0.0,46.2,7.0,0.2333,0
12.6,0.0,46.2,7.0,0.2333,0
13.0,0.0,86.2,7.0,0.3069,0
14.2,0.0,58.7,7.0,0.3707,1
12.6,0.0,70.4,7.0,0.2642,0
12.6,0.0,70.4,7.0,0.2642,0
14.3,0.0,78.7,7.0,0.1964,0
14.3,0.0,78.7,7.0,0.1964,0
14.3,0.0,78.7,7.0,0.1964,0
12.0,0.0,81.1,7.0,0.2149,0
12.0,0.0,81.1,7.0,0.2149,0
14.5,0.0,90.0,7.0,0.2636,0
14.5,0.0,90.0,7.0,0.2636,0
14.5,0.0,90.0,7.0,0.2636,0
14.5,0.0,90.0,7.0,0.2636,0
14.5,0.0,90.0,7.0,0.2636,0
14.5,0.0,90.0,7.0,0.2636,0
14.4,0.0,0.0,7.0,0.2636,0
12.2,0.0,81.1,7.0,0.2149,0
12.0,0.0,81.1,7.0,0.2149,0
13.4,0.0,65.7,7.0,0.7353,1
13.4,0.0,65.7,7.0,0.7353,1
13.4,0.0,65.7,7.0,0.7647,0
12.0,0.0,81.1,7.0,0.2149,0
12.6,0.0,40.9,7.0,0.3563,1
12.0,0.0,40.9,7.0,0.3678,0
12.0,0.0,40.9,7.0,0.3678,0
12.0,0.0,40.9,7.0,0.3678,0
12.0,0.0,40.9,7.0,0.3678,0
12.0,0.0,40.9,7.0,0.3678,0
12.0,0.0,40.9,7.0,0.3678,0
12.0,0.0,40.9,7.0,0.3678,0
12.0,0.0,40.9,7.0,0.3678,0
12.0,0.0,40.9,7.0,0.3678,0
12.0,0.0,40.9,7.0,0.3678,0
14.4,0.0,95.0,7.0,0.1818,1
13.8,0.0,95.0,7.0,0.1919,0
14.2,0.0,89.7,7.0,0.2636,0
14.2,0.0,89.7,7.0,0.2636,1
12.0,0.0,49.0,7.0,0.3289,0
13.5,0.0,33.3,7.0,0.2636,0
12.2,0.0,83.8,7.0,0.0058,0
12.2,0.0,83.8,7.0,0.0058,0
13.3,0.0,54.5,7.0,0.25,1
13.4,0.0,54.5,7.0,0.25,1
13.4,0.0,54.5,7.0,0.25,1
12.5,0.0,54.5,7.0,0.2812,0
13.4,0.0,54.5,7.0,0.2812,0
12.4,0.0,54.5,7.0,0.2812,0
12.7,0.0,61.7,7.0,0.0,0
12.7,0.0,61.7,7.0,0.0,0
12.7,0.0,61.7,7.0,0.0,0
12.7,0.0,61.7,7.0,0.0,0
12.6,0.0,94.0,9.0,0.1566,0
13.3,0.0,0.0,7.0,0.3191,1
13.3,0.0,0.0,7.0,0.3404,0
13.3,0.0,0.0,7.0,0.3404,0
12.1,0.0,94.0,7.0,0.1566,0
12.6,0.0,26.0,7.0,0.0909,0
13.4,0.0,54.5,7.0,0.2812,0
12.6,0.0,26.0,7.0,0.0909,0
12.6,0.0,46.2,7.0,0.2333,0
12.6,0.0,46.2,7.0,0.2333,0
12.6,0.0,46.2,7.0,0.2333,0
12.6,0.0,46.2,7.0,0.2222,1
13.7,0.0,35.7,7.0,0.2636,0
12.7,0.0,61.7,7.0,0.0,0
12.7,0.0,61.7,7.0,0.0,0
12.7,0.0,61.7,7.0,0.0,0
13.7,0.0,35.7,7.0,0.2636,0
12.6,0.0,88.5,7.0,0.1158,0
12.3,0.0,0.0,7.0,0.8514,0
12.3,0.0,0.0,7.0,0.8489,1
13.1,0.0,54.9,7.0,0.18,1
13.1,0.0,54.9,7.0,0.2,0
12.7,0.0,96.9,7.0,0.0312,0
12.7,0.0,96.9,7.0,0.0312,0
12.7,0.0,96.9,7.0,0.0312,0
12.7,0.0,96.9,7.0,0.0312,0
12.7,0.0,96.9,7.0,0.0312,0
12.7,0.0,96.9,7.0,0.0312,0
13.1,0.0,84.0,7.0,0.2148,0
12.6,0.0,59.2,7.0,0.395,0
12.5,0.0,96.2,7.0,0.013,0
12.5,0.0,96.2,7.0,0.013,0
14.0,0.0,96.3,7.0,0.0377,0
13.5,0.0,95.2,8.0,0.2636,0
13.5,0.0,95.2,7.0,0.2636,0
13.5,0.0,95.2,7.0,0.2636,0
12.8,0.0,35.7,7.0,0.2636,0
12.5,0.0,66.7,7.0,0.2636,0
13.0,0.0,70.4,7.0,0.2453,1
13.0,0.0,70.4,7.0,0.2453,1
13.5,0.0,43.8,7.0,0.4545,1
13.5,0.0,43.8,7.0,0.4545,1
12.7,0.0,43.8,7.0,0.4659,0
14.1,0.0,93.2,7.0,0.0855,0
12.4,1.0,82.0,7.0,0.1705,0
13.3,0.0,47.1,7.0,0.2636,0
12.2,0.0,9.1,7.0,0.1385,0
12.2,0.0,9.1,7.0,0.1385,0
12.2,0.0,9.1,7.0,0.1385,0
12.2,0.0,9.1,7.0,0.1385,0
12.2,0.0,9.1,7.0,0.1385,0
12.2,0.0,9.1,7.0,0.1385,0
12.2,0.0,9.1,7.0,0.1385,0
12.2,0.0,9.1,7.0,0.1385,0
12.2,0.0,9.1,7.0,0.1385,0
12.2,0.0,9.1,7.0,0.1385,0
12.2,0.0,9.1,7.0,0.1385,0
13.7,0.0,61.6,7.0,0.1122,0
12.2,0.0,9.1,7.0,0.1385,0
12.2,0.0,9.1,7.0,0.1385,0
12.2,0.0,9.1,7.0,0.1385,0
13.7,0.0,61.6,7.0,0.1122,0
12.2,0.0,9.1,7.0,0.1385,0
13.7,0.0,61.6,7.0,0.1122,0
12.2,0.0,9.1,7.0,0.1385,0
12.2,0.0,9.1,7.0,0.1385,0
13.6,0.0,50.0,7.0,0.3483,0
13.7,0.0,61.6,7.0,0.1122,0
13.6,0.0,50.0,7.0,0.3483,0
13.6,0.0,50.0,7.0,0.3483,0
13.6,0.0,50.0,7.0,0.3483,0
13.6,0.0,50.0,7.0,0.3483,0
13.6,0.0,50.0,7.0,0.3483,0
13.6,0.0,50.0,7.0,0.3483,0
13.6,0.0,50.0,7.0,0.3483,0
13.6,0.0,50.0,7.0,0.3483,0
13.6,0.0,50.0,7.0,0.3483,0
13.6,0.0,50.0,7.0,0.3483,0
12.2,0.0,9.1,7.0,0.1385,0
13.7,0.0,61.6,7.0,0.1122,0
12.0,0.0,61.6,7.0,0.1122,0
12.1,0.0,100.0,7.0,0.1,0
12.2,0.0,9.1,7.0,0.1385,0
12.2,0.0,9.1,7.0,0.1385,0
12.2,0.0,9.1,7.0,0.1385,0
12.2,0.0,9.1,7.0,0.1385,0
13.6,0.0,50.0,7.0,0.3483,0
13.6,0.0,50.0,7.0,0.3483,0
13.6,0.0,50.0,7.0,0.3483,0
13.6,0.0,50.0,7.0,0.3483,0
13.6,0.0,50.0,7.0,0.3483,0
13.6,0.0,50.0,7.0,0.3483,0
13.6,0.0,50.0,7.0,0.3483,0
12.2,0.0,9.1,7.0,0.1385,0
12.2,0.0,9.1,7.0,0.1385,0
12.2,0.0,9.1,7.0,0.1385,0
12.2,0.0,9.1,7.0,0.1385,0
12.2,0.0,9.1,7.0,0.1385,0
13.6,0.0,50.0,7.0,0.3483,0
13.6,0.0,50.0,7.0,0.3483,0
13.6,0.0,50.0,7.0,0.3483,0
13.6,0.0,50.0,7.0,0.3483,0
13.6,0.0,50.0,7.0,0.3483,0
12.2,0.0,9.1,7.0,0.1385,0
13.3,3.0,88.8,7.0,0.8344,0
12.2,0.0,9.1,7.0,0.1385,0
12.2,0.0,9.1,7.0,0.1385,0
12.2,0.0,9.1,7.0,0.1385,0
12.2,0.0,9.1,7.0,0.1385,0
12.2,0.0,9.1,7.0,0.1231,1
12.2,0.0,9.1,7.0,0.1385,0
12.2,0.0,9.1,7.0,0.1385,0
12.2,0.0,9.1,7.0,0.1385,0
12.2,0.0,9.1,7.0,0.1385,0
12.6,0.0,80.0,7.0,0.2636,0
12.4,0.0,14.3,7.0,0.1458,0
12.1,0.0,94.4,7.0,0.2636,0
12.8,0.0,91.4,7.0,0.3235,0
13.6,0.0,39.7,7.0,0.2281,0
12.1,0.0,94.4,7.0,0.2636,0
12.5,0.0,86.1,7.0,0.2,1
12.4,0.0,91.4,7.0,0.3235,0
12.1,0.0,94.4,7.0,0.2636,0
12.1,0.0,94.4,7.0,0.2636,0
12.7,0.0,63.4,7.0,0.325,1
13.5,0.0,39.7,7.0,0.2281,0
14.0,0.0,39.7,7.0,0.2281,0
14.0,0.0,39.7,7.0,0.2281,0
14.0,0.0,39.7,7.0,0.2105,1
14.0,0.0,39.7,7.0,0.2105,1
14.0,0.0,39.7,7.0,0.2281,0
13.6,0.0,39.7,7.0,0.2281,0
12.7,0.0,63.4,7.0,0.325,1
13.8,0.0,39.7,7.0,0.2281,0
13.6,0.0,39.7,7.0,0.2281,0
12.7,0.0,91.6,7.0,0.0588,0
12.7,0.0,91.6,7.0,0.0588,0
12.7,0.0,91.6,7.0,0.0588,0
12.7,0.0,91.6,7.0,0.0588,0
12.7,0.0,91.6,7.0,0.0588,0
12.7,0.0,91.6,7.0,0.0588,0
12.7,0.0,91.6,7.0,0.0588,0
12.7,0.0,91.6,7.0,0.0588,0
12.7,0.0,91.6,7.0,0.0588,0
12.7,0.0,91.6,7.0,0.0588,0
12.7,0.0,91.6,7.0,0.0588,0
12.7,0.0,91.6,7.0,0.0588,0
12.7,0.0,91.6,7.0,0.0588,0
12.7,0.0,91.6,7.0,0.0588,0
12.7,0.0,91.6,7.0,0.0588,0
12.7,0.0,91.6,7.0,0.0588,0
12.7,0.0,91.6,7.0,0.0588,0
12.7,0.0,91.6,7.0,0.0588,0
12.7,0.0,91.6,7.0,0.0588,0
12.7,0.0,91.6,7.0,0.0588,0
12.7,0.0,91.6,7.0,0.0588,0
12.1,0.0,94.4,7.0,0.2636,0
12.1,0.0,94.4,7.0,0.2636,0
13.4,0.0,91.3,7.0,0.2636,0
13.4,0.0,91.3,7.0,0.2636,0
12.2,0.0,9.1,7.0,0.1385,0
12.2,0.0,9.1,7.0,0.1385,0
12.2,0.0,9.1,7.0,0.1385,0
12.2,0.0,9.1,7.0,0.1385,0
12.2,0.0,9.1,7.0,0.1385,0
12.2,0.0,9.1,7.0,0.1385,0
12.2,0.0,9.1,7.0,0.1385,0
12.2,0.0,9.1,7.0,0.1385,0
12.2,0.0,9.1,7.0,0.1385,0
12.2,0.0,9.1,7.0,0.1385,0
12.2,0.0,9.1,7.0,0.1385,0
12.2,0.0,9.1,7.0,0.1385,0
12.2,0.0,9.1,7.0,0.1385,0
12.2,0.0,9.1,7.0,0.1385,0
12.2,0.0,9.1,7.0,0.1385,0
12.2,0.0,9.1,7.0,0.1385,0
12.3,0.0,41.9,7.0,0.1429,0
12.6,0.0,41.9,7.0,0.1429,0
12.5,0.0,41.9,7.0,0.1429,0
12.3,0.0,41.9,7.0,0.1429,0
12.6,0.0,41.9,7.0,0.1429,0
12.5,0.0,41.9,7.0,0.1429,0
12.3,0.0,41.9,7.0,0.1429,0
12.3,0.0,41.9,7.0,0.1429,0
12.3,0.0,41.9,7.0,0.1429,0
12.3,0.0,41.9,7.0,0.1429,0
12.3,0.0,41.9,7.0,0.1429,0
12.3,0.0,41.9,7.0,0.1429,0
13.4,0.0,41.9,7.0,0.1429,0
12.5,0.0,41.9,7.0,0.1429,0
12.6,0.0,100.0,7.0,0.2636,0
12.7,0.0,14.3,7.0,0.1458,0
12.5,0.0,14.3,7.0,0.1458,0
13.0,0.0,14.3,7.0,0.1458,0
12.7,0.0,14.3,7.0,0.1458,0
12.6,0.0,100.0,7.0,0.2636,0
13.3,0.0,14.3,7.0,0.1458,0
12.6,0.0,100.0,7.0,0.2636,0
12.6,0.0,100.0,7.0,0.2636,0
12.6,0.0,64.4,7.0,0.2727,0
12.5,0.0,100.0,7.0,0.2636,0
12.9,0.0,64.4,7.0,0.2727,0
12.5,0.0,100.0,7.0,0.2636,0
12.5,0.0,100.0,7.0,0.2636,0
12.6,0.0,81.1,7.0,0.2149,0
12.2,0.0,14.3,7.0,0.1458,0
13.3,0.0,14.3,7.0,0.1458,0
14.0,0.0,83.3,7.0,0.1714,0
14.0,0.0,83.3,7.0,0.1714,0
12.0,0.0,81.1,7.0,0.2149,0
14.0,0.0,83.3,7.0,0.1714,0
13.9,0.0,39.7,7.0,0.2105,1
12.7,0.0,91.6,7.0,0.0588,0
12.7,0.0,91.6,7.0,0.0588,0
12.7,0.0,91.6,7.0,0.0588,0
12.7,0.0,91.6,7.0,0.0588,0
12.7,0.0,91.6,7.0,0.0588,0
12.7,0.0,91.6,7.0,0.0588,0
12.7,0.0,91.6,7.0,0.0588,0
12.7,0.0,91.6,7.0,0.0588,0
12.7,0.0,91.6,7.0,0.0588,0
12.7,0.0,91.6,7.0,0.0588,0
12.7,0.0,91.6,7.0,0.0588,0
12.7,0.0,91.6,7.0,0.0588,0
12.7,0.0,91.6,7.0,0.0588,0
12.7,0.0,91.6,7.0,0.0588,0
12.7,0.0,91.6,7.0,0.0588,0
12.7,0.0,91.6,7.0,0.0588,0
12.7,0.0,91.6,7.0,0.0588,0
12.7,0.0,91.6,7.0,0.0588,0
12.7,0.0,91.6,7.0,0.0588,0
12.7,0.0,91.6,7.0,0.0588,0
12.7,0.0,91.6,7.0,0.0588,0
12.7,0.0,91.6,7.0,0.0588,0
12.7,0.0,91.6,7.0,0.0588,0
12.7,0.0,91.6,7.0,0.0588,0
12.7,0.0,91.6,7.0,0.0588,0
12.7,0.0,91.6,7.0,0.0588,0
12.7,0.0,91.6,7.0,0.0588,0
12.7,0.0,91.6,7.0,0.0588,0
12.7,0.0,91.6,7.0,0.0588,0
12.7,0.0,91.6,7.0,0.0588,0
12.7,0.0,91.6,7.0,0.0588,0
12.7,0.0,91.6,7.0,0.0588,0
12.7,0.0,91.6,7.0,0.0588,0
12.7,0.0,91.6,7.0,0.0588,0
13.0,0.0,80.8,7.0,0.1569,0
13.5,0.0,56.2,7.0,0.2636,1
13.3,0.0,56.2,7.0,0.2636,0
13.0,0.0,56.2,7.0,0.2636,1
12.5,0.0,83.3,7.0,0.1429,1
13.9,0.0,39.7,7.0,0.2281,0
13.2,0.0,66.1,7.0,0.2318,0
13.2,0.0,66.1,7.0,0.2318,0
13.2,0.0,66.1,7.0,0.2318,0
13.2,0.0,66.1,7.0,0.2318,0
13.2,0.0,66.1,7.0,0.2318,0
14.5,0.0,90.0,7.0,0.2636,0
14.5,0.0,90.0,7.0,0.2636,0
14.5,0.0,90.0,7.0,0.2636,0
13.2,0.0,66.1,7.0,0.2318,0
12.6,0.0,81.1,7.0,0.2149,0
13.5,0.0,80.8,7.0,0.1569,0
13.3,0.0,64.5,7.0,0.3913,0
13.3,0.0,64.5,7.0,0.3913,0
13.3,0.0,64.5,7.0,0.3913,0
12.6,0.0,81.1,7.0,0.2149,0
12.7,0.0,91.6,7.0,0.0588,0
12.7,0.0,91.6,7.0,0.0588,0
12.7,0.0,91.6,7.0,0.0588,0
12.7,0.0,91.6,7.0,0.0588,0
12.7,0.0,91.6,7.0,0.0588,0
12.7,0.0,91.6,7.0,0.0588,0
12.7,0.0,91.6,7.0,0.0588,0
12.7,0.0,91.6,7.0,0.0588,0
12.7,0.0,91.6,7.0,0.0588,0
12.7,0.0,91.6,7.0,0.0588,0
12.7,0.0,91.6,7.0,0.0588,0
12.7,0.0,91.6,7.0,0.0588,0
12.7,0.0,91.6,7.0,0.0588,0
12.7,0.0,91.6,7.0,0.0588,0
12.7,0.0,91.6,7.0,0.0588,0
12.7,0.0,91.6,7.0,0.0588,0
12.7,0.0,91.6,7.0,0.0588,0
12.7,0.0,91.6,7.0,0.0588,0
12.7,0.0,91.6,7.0,0.0588,0
12.7,0.0,91.6,7.0,0.0588,0
12.7,0.0,91.6,7.0,0.0588,0
12.7,0.0,91.6,7.0,0.0588,0
12.7,0.0,91.6,7.0,0.0588,0
12.7,0.0,91.6,7.0,0.0588,0
12.7,0.0,91.6,7.0,0.0588,0
12.7,0.0,91.6,7.0,0.0588,0
12.7,0.0,91.6,7.0,0.0588,0
12.7,0.0,91.6,7.0,0.0588,0
12.7,0.0,91.6,7.0,0.0588,0
12.7,0.0,91.6,7.0,0.0588,0
12.7,0.0,91.6,7.0,0.0588,0
12.7,0.0,91.6,7.0,0.0588,0
12.7,0.0,91.6,7.0,0.0588,0
12.7,0.0,91.6,7.0,0.0588,0
12.7,0.0,91.6,7.0,0.0588,0
12.7,0.0,91.6,7.0,0.0588,0
12.7,0.0,91.6,7.0,0.0588,0
12.7,0.0,91.6,7.0,0.0588,0
12.7,0.0,91.6,7.0,0.0588,0
12.7,0.0,91.6,7.0,0.0588,0
12.7,0.0,91.6,7.0,0.0588,0
12.7,0.0,91.6,7.0,0.0588,0
12.7,0.0,91.6,7.0,0.0588,0
12.7,0.0,91.6,7.0,0.0588,0
12.7,0.0,91.6,7.0,0.0588,0
12.7,0.0,91.6,7.0,0.0588,0
12.7,0.0,91.6,7.0,0.0588,0
13.2,0.0,66.1,7.0,0.2318,0
12.7,0.0,91.6,7.0,0.0588,0
12.7,0.0,91.6,7.0,0.0588,0
12.7,0.0,91.6,7.0,0.0588,0
12.7,0.0,91.6,7.0,0.0588,0
12.7,0.0,91.6,7.0,0.0588,0
12.7,0.0,91.6,7.0,0.0588,0
12.7,0.0,91.6,7.0,0.0588,0
12.7,0.0,91.6,7.0,0.0588,0
12.7,0.0,91.6,7.0,0.0588,0
12.7,0.0,91.6,7.0,0.0588,0
12.7,0.0,91.6,7.0,0.0588,0
12.7,0.0,91.6,7.0,0.0588,0
12.7,0.0,91.6,7.0,0.0588,0
12.7,0.0,91.6,7.0,0.0588,0
12.7,0.0,91.6,7.0,0.0588,0
12.7,0.0,91.6,7.0,0.0588,0
12.7,0.0,91.6,7.0,0.0588,0
12.7,0.0,91.6,7.0,0.0588,0
13.9,0.0,39.7,7.0,0.2281,0
13.9,0.0,39.7,7.0,0.2281,0
13.2,0.0,90.8,7.0,0.1406,0
13.5,0.0,90.8,7.0,0.1406,0
12.6,0.0,57.1,7.0,0.4407,0
14.1,0.0,82.0,7.0,0.1448,0
14.1,0.0,82.0,7.0,0.1448,0
14.1,0.0,82.0,7.0,0.1448,0
12.6,0.0,57.1,7.0,0.4407,0
12.6,0.0,57.1,7.0,0.4407,0
12.6,0.0,57.1,7.0,0.4407,0
12.6,0.0,57.1,7.0,0.4407,0
12.6,0.0,57.1,7.0,0.4322,1
12.6,0.0,57.1,7.0,0.4407,0
12.6,0.0,57.1,7.0,0.4407,0
12.6,0.0,57.1,7.0,0.4407,0
12.6,0.0,57.1,7.0,0.4407,0
12.6,0.0,57.1,7.0,0.4407,0
12.6,0.0,57.1,7.0,0.4407,0
12.6,0.0,57.1,7.0,0.4407,0
12.6,0.0,57.1,7.0,0.4407,0
12.7,0.0,57.1,7.0,0.4407,0
12.7,0.0,57.1,7.0,0.4322,1
12.7,0.0,57.1,7.0,0.4322,1
13.9,0.0,78.2,7.0,0.4074,0
12.7,0.0,61.7,7.0,0.0,0
12.7,0.0,57.1,7.0,0.4322,1
13.3,0.0,80.0,7.0,0.1351,0
13.3,0.0,80.0,7.0,0.1351,0
13.3,0.0,80.0,7.0,0.1216,1
13.9,0.0,76.9,7.0,0.3271,0
13.3,0.0,80.0,7.0,0.1351,0
13.3,0.0,80.0,7.0,0.1351,0
13.3,0.0,80.0,7.0,0.1351,0
13.3,0.0,80.0,7.0,0.1351,0
13.3,0.0,80.0,7.0,0.1351,0
14.2,0.0,89.7,7.0,0.2636,0
13.7,0.0,89.7,7.0,0.2636,0
14.2,0.0,89.7,7.0,0.2636,0
13.7,0.0,89.7,7.0,0.2636,0
13.3,0.0,0.0,7.0,0.3191,1
13.7,0.0,0.0,7.0,0.2636,0
13.7,0.0,0.0,7.0,0.2636,1
12.7,0.0,14.3,7.0,0.1458,0
13.5,0.0,82.0,7.0,0.1448,0
14.1,0.0,82.0,7.0,0.1448,0
12.9,0.0,13.7,7.0,0.1099,0
13.9,0.0,13.7,7.0,0.1099,0
13.9,0.0,13.7,7.0,0.1099,0
13.9,0.0,13.7,7.0,0.1099,0
13.9,0.0,13.7,7.0,0.1099,0
12.9,0.0,13.7,7.0,0.1099,0
13.9,0.0,13.7,7.0,0.1099,0
13.9,0.0,13.7,7.0,0.1099,0
12.9,0.0,13.7,7.0,0.1099,0
13.9,0.0,13.7,7.0,0.1099,0
13.9,0.0,13.7,7.0,0.1099,0
13.9,0.0,13.7,7.0,0.1099,0
13.9,0.0,13.7,7.0,0.1099,0
13.9,0.0,13.7,7.0,0.1099,0
13.9,0.0,13.7,7.0,0.1044,1
13.9,0.0,13.7,7.0,0.1099,0
12.9,0.0,13.7,7.0,0.1099,0
12.9,0.0,13.7,7.0,0.1099,0
12.9,0.0,13.7,7.0,0.1099,0
13.9,0.0,13.7,7.0,0.1099,0
13.9,0.0,13.7,7.0,0.1099,0
13.9,0.0,13.7,7.0,0.1099,0
13.9,0.0,13.7,7.0,0.1099,0
13.9,0.0,13.7,7.0,0.1099,0
13.9,0.0,13.7,7.0,0.1099,0
13.9,0.0,13.7,7.0,0.1099,0
12.9,0.0,13.7,7.0,0.1099,0
12.5,0.0,14.3,7.0,0.1458,0
13.0,0.0,69.1,7.0,0.123,0
14.1,2.0,29.2,7.0,0.6161,0
12.1,0.0,94.4,7.0,0.2636,0
13.9,0.0,69.2,7.0,0.451,1
13.9,0.0,69.2,7.0,0.451,1
12.9,0.0,53.1,7.0,0.2581,0
14.2,0.0,58.7,7.0,0.3707,1
14.2,0.0,58.7,7.0,0.3707,1
14.2,0.0,58.7,7.0,0.3756,0
13.3,0.0,80.0,7.0,0.2636,0
13.7,0.0,80.0,7.0,0.2636,0
13.1,0.0,14.3,7.0,0.1458,0
13.3,0.0,60.7,7.0,0.2963,0
13.3,0.0,60.7,7.0,0.2963,0
13.3,0.0,60.7,7.0,0.2963,0
13.3,0.0,60.7,7.0,0.2963,0
13.3,0.0,60.7,7.0,0.2963,0
13.3,0.0,60.7,7.0,0.2963,0
13.0,0.0,76.3,7.0,0.0,0
13.0,0.0,76.3,7.0,0.0,0
13.0,0.0,76.3,7.0,0.0,0
13.0,0.0,76.3,7.0,0.0,0
13.0,0.0,76.3,7.0,0.0,0
13.0,0.0,76.3,7.0,0.0,0
13.0,0.0,76.3,7.0,0.0,0
13.0,0.0,76.3,7.0,0.0,0
13.3,0.0,76.3,7.0,0.0,0
12.0,0.0,76.3,7.0,0.0,0
12.0,0.0,76.3,7.0,0.0,0
12.0,0.0,76.3,7.0,0.0,0
12.0,0.0,76.3,7.0,0.0,0
13.3,0.0,76.3,7.0,0.0,0
13.0,0.0,76.3,7.0,0.0,0
14.2,0.0,96.2,7.0,0.013,0
14.1,0.0,96.2,7.0,0.013,0
14.2,0.0,96.2,7.0,0.013,0
14.2,0.0,96.2,7.0,0.013,0
14.2,0.0,96.2,7.0,0.013,0
14.2,0.0,96.2,7.0,0.013,0
14.2,0.0,96.2,7.0,0.013,0
14.4,0.0,96.2,7.0,0.013,0
14.2,0.0,96.2,7.0,0.013,0
14.4,0.0,96.2,7.0,0.013,0
14.4,0.0,96.2,7.0,0.013,0
14.4,0.0,96.2,7.0,0.013,0
14.4,0.0,96.2,7.0,0.013,0
14.4,0.0,96.2,7.0,0.013,0
14.4,0.0,96.2,7.0,0.013,0
14.4,0.0,96.2,7.0,0.013,0
14.2,0.0,96.2,7.0,0.013,0
14.4,0.0,96.2,7.0,0.013,0
14.4,0.0,96.2,7.0,0.013,0
13.4,0.0,96.2,7.0,0.013,0
14.4,0.0,96.2,7.0,0.013,0
14.4,0.0,96.2,7.0,0.013,0
14.4,0.0,96.2,7.0,0.013,0
14.4,0.0,96.2,7.0,0.013,0
12.9,0.0,96.2,7.0,0.013,0
12.9,0.0,96.2,7.0,0.013,0
12.4,0.0,39.4,7.0,0.2315,0
12.4,0.0,39.4,7.0,0.2315,0
12.4,0.0,39.4,7.0,0.2315,0
13.6,0.0,0.0,7.0,0.2636,0
13.6,0.0,0.0,7.0,0.2636,0
12.5,0.0,74.5,7.0,0.2222,0
12.3,0.0,74.5,7.0,0.2153,1
13.5,0.0,74.5,7.0,0.2153,1
13.1,0.0,74.5,7.0,0.2222,0
13.1,0.0,74.5,7.0,0.2222,0
12.5,0.0,84.9,7.0,0.1154,0
12.5,0.0,84.9,7.0,0.1154,0
13.8,0.0,64.5,7.0,0.3913,0
12.4,0.0,78.8,7.0,0.3125,0
13.0,0.0,78.8,7.0,0.2812,1
13.3,0.0,69.1,7.0,0.1148,1
13.3,0.0,69.1,7.0,0.123,0
13.0,0.0,76.3,7.0,0.0,0
13.3,0.0,76.3,7.0,0.0,0
13.0,0.0,76.3,7.0,0.0,0
12.1,0.0,50.0,7.0,0.2636,0
12.2,0.0,76.3,7.0,0.0,0
12.1,0.0,50.0,7.0,0.2636,0
12.7,0.0,61.7,7.0,0.0,0
13.7,0.0,55.9,7.0,0.4706,0
13.7,0.0,55.9,7.0,0.4706,0
13.7,0.0,55.9,7.0,0.4706,0
13.7,0.0,55.9,7.0,0.4706,0
13.7,0.0,55.9,7.0,0.4706,0
13.7,0.0,55.9,7.0,0.4706,0
13.5,0.0,96.2,7.0,0.013,0
13.6,0.0,96.2,7.0,0.013,0
12.0,0.0,55.9,7.0,0.4706,0
12.0,0.0,55.9,7.0,0.4706,0
13.3,0.0,55.9,7.0,0.4706,0
13.3,0.0,55.9,7.0,0.4706,0
13.3,0.0,55.9,7.0,0.4706,0
13.3,0.0,14.3,7.0,0.125,1
12.0,0.0,14.3,7.0,0.1458,0
13.4,0.0,70.2,7.0,0.2556,1
12.6,0.0,40.9,7.0,0.3563,1
12.0,0.0,40.9,7.0,0.3678,0
12.0,0.0,40.9,7.0,0.3678,0
12.0,0.0,40.9,7.0,0.3678,0
12.0,0.0,40.9,7.0,0.3678,0
12.0,0.0,40.9,7.0,0.3678,0
12.0,0.0,40.9,7.0,0.3678,0
12.0,0.0,40.9,7.0,0.3678,0
12.0,0.0,40.9,7.0,0.3678,0
12.0,0.0,40.9,7.0,0.3678,0
12.6,0.0,40.9,7.0,0.3563,1
12.6,0.0,40.9,7.0,0.3563,1
12.6,0.0,40.9,7.0,0.3563,1
12.6,0.0,40.9,7.0,0.3563,1
12.6,0.0,40.9,7.0,0.3563,1
12.7,0.0,55.9,7.0,0.4706,0
12.7,0.0,55.9,7.0,0.4706,0
12.7,0.0,55.9,7.0,0.4706,0
12.7,0.0,55.9,7.0,0.4706,0
12.7,0.0,55.9,7.0,0.4652,1
12.7,0.0,55.9,7.0,0.4706,0
12.7,0.0,55.9,7.0,0.4706,0
12.0,0.0,74.5,7.0,0.2222,0
12.9,2.0,99.7,7.0,0.0094,0
12.4,0.0,39.4,7.0,0.2315,0
12.4,0.0,39.4,7.0,0.2315,0
12.4,0.0,39.4,7.0,0.2315,0
12.4,0.0,39.4,7.0,0.2315,0
13.9,0.0,97.0,7.0,0.1018,0
13.9,0.0,97.0,7.0,0.1018,0
13.9,0.0,97.0,7.0,0.1018,0
13.9,0.0,97.0,7.0,0.1018,0
13.5,0.0,97.0,7.0,0.1018,0
13.9,0.0,97.0,7.0,0.1018,0
13.9,0.0,97.0,7.0,0.1018,0
13.5,0.0,97.0,7.0,0.1018,0
13.5,0.0,97.0,7.0,0.0958,1
13.8,0.0,64.5,7.0,0.3913,0
14.2,0.0,64.7,7.0,0.3636,0
14.2,0.0,64.7,7.0,0.3333,1
14.2,0.0,64.7,7.0,0.3636,0
14.2,0.0,64.7,7.0,0.3636,0
14.2,0.0,64.7,7.0,0.3333,1
14.2,0.0,64.7,7.0,0.3636,0
14.2,0.0,64.7,7.0,0.3636,0
14.2,0.0,64.7,7.0,0.3636,0
14.2,0.0,64.7,7.0,0.3636,0
14.2,0.0,64.7,7.0,0.3636,0
14.2,0.0,64.7,7.0,0.3636,0
14.2,0.0,64.7,7.0,0.3636,0
14.2,0.0,64.7,7.0,0.3636,0
14.2,0.0,64.7,7.0,0.3636,0
12.5,0.0,71.2,7.0,0.2157,0
12.5,0.0,71.2,7.0,0.2157,0
12.5,0.0,71.2,7.0,0.2157,0
12.5,0.0,71.2,7.0,0.2157,0
12.7,0.0,71.2,8.0,0.2157,0
12.6,0.0,71.2,8.0,0.2157,0
12.6,0.0,71.2,7.0,0.2157,0
12.4,0.0,48.7,7.0,0.4248,0
12.6,0.0,48.7,7.0,0.4183,1
12.4,0.0,48.7,7.0,0.4183,1
12.6,0.0,48.7,7.0,0.4248,0
12.6,0.0,48.7,7.0,0.4183,1
12.6,0.0,48.7,7.0,0.4183,1
12.4,0.0,48.7,7.0,0.4248,0
12.4,0.0,48.7,7.0,0.4248,0
12.4,0.0,48.7,7.0,0.4248,0
12.4,0.0,48.7,7.0,0.4248,0
12.4,0.0,48.7,7.0,0.4248,0
12.4,0.0,48.7,7.0,0.4248,0
12.6,0.0,48.7,7.0,0.4183,1
14.2,0.0,70.6,8.0,0.2636,0
14.2,0.0,70.6,8.0,0.2636,1
12.6,0.0,48.7,7.0,0.4248,0
12.9,0.0,0.0,7.0,0.1698,0
12.9,0.0,0.0,7.0,0.1698,0
12.9,0.0,0.0,7.0,0.1698,0
12.4,0.0,39.4,7.0,0.2315,0
12.4,0.0,39.4,7.0,0.2315,0
12.4,0.0,39.4,7.0,0.2315,0
12.4,0.0,39.4,7.0,0.2315,0
12.4,0.0,39.4,7.0,0.2315,0
12.4,0.0,39.4,7.0,0.2315,0
12.6,0.0,39.4,7.0,0.2315,0
12.6,0.0,39.4,7.0,0.2315,0
13.1,0.0,49.0,7.0,0.3289,0
12.6,0.0,39.4,7.0,0.2315,0
12.6,0.0,39.4,7.0,0.2315,0
12.6,0.0,39.4,7.0,0.2315,0
12.1,0.0,14.3,7.0,0.439,0
12.6,0.0,39.4,7.0,0.2315,0
13.7,0.0,39.1,7.0,0.2326,0
13.7,0.0,39.1,7.0,0.2209,1
13.7,0.0,39.1,8.0,0.2209,1
12.6,0.0,39.1,7.0,0.2326,0
12.6,0.0,39.1,7.0,0.2209,1
13.9,0.0,39.1,7.0,0.2209,1
13.9,0.0,39.1,8.0,0.2326,0
13.9,0.0,39.1,7.0,0.2326,0
13.7,0.0,39.1,7.0,0.2326,0
13.7,0.0,39.1,7.0,0.2326,0
13.7,0.0,39.1,7.0,0.2326,0
13.7,0.0,39.1,7.0,0.2326,0
13.7,0.0,39.1,7.0,0.2326,0
12.6,0.0,48.7,7.0,0.4248,0
12.6,0.0,48.7,7.0,0.4248,0
12.6,0.0,48.7,7.0,0.4248,0
12.6,0.0,48.7,7.0,0.4248,0
12.6,0.0,48.7,7.0,0.4248,0
12.6,0.0,48.7,7.0,0.4183,1
12.4,0.0,48.7,7.0,0.4183,1
12.4,0.0,100.0,7.0,0.2636,0
13.1,0.0,25.0,7.0,0.2636,0
12.6,0.0,48.7,7.0,0.4183,1
12.6,0.0,48.7,7.0,0.4183,1
12.6,0.0,48.7,7.0,0.4248,0
13.6,0.0,46.7,7.0,0.4615,0
13.8,0.0,80.0,7.0,0.1351,0
13.8,0.0,80.0,7.0,0.1351,0
12.7,0.0,66.1,7.0,0.2318,0
12.2,0.0,39.1,7.0,0.2326,0
14.0,0.0,39.1,8.0,0.2326,0
13.5,0.0,39.1,7.0,0.2326,0
12.6,0.0,39.1,7.0,0.2326,0
14.0,0.0,39.1,7.0,0.2209,1
13.7,0.0,39.1,7.0,0.2326,0
13.9,0.0,39.1,7.0,0.2209,1
12.8,0.0,39.1,7.0,0.2326,0
14.0,0.0,39.1,8.0,0.2209,1
14.0,0.0,39.1,7.0,0.2326,0
12.6,0.0,39.1,7.0,0.2326,0
12.4,0.0,39.1,7.0,0.2209,1
12.2,0.0,39.1,7.0,0.2326,0
12.8,0.0,39.1,7.0,0.2326,0
13.9,0.0,39.1,7.0,0.2326,0
12.7,0.0,66.1,7.0,0.2318,0
12.1,0.0,66.1,7.0,0.2318,0
13.6,0.0,98.1,7.0,0.3452,0
13.6,0.0,98.1,7.0,0.3452,0
13.6,0.0,98.1,7.0,0.3452,0
13.6,0.0,98.1,7.0,0.3452,0
13.6,0.0,98.1,7.0,0.3452,0
13.6,0.0,98.1,7.0,0.3452,0
13.6,0.0,98.1,7.0,0.3452,0
13.6,0.0,98.1,7.0,0.3452,0
13.6,0.0,98.1,7.0,0.3452,0
13.6,0.0,98.1,7.0,0.3452,0
13.6,0.0,98.1,7.0,0.3452,0
13.6,0.0,98.1,7.0,0.3452,0
13.6,0.0,98.1,7.0,0.3452,0
13.6,0.0,98.1,7.0,0.3452,0
13.6,0.0,98.1,7.0,0.3452,0
13.6,0.0,98.1,7.0,0.3452,0
13.6,0.0,98.1,7.0,0.3419,1
13.6,0.0,98.1,7.0,0.3452,0
13.6,0.0,98.1,7.0,0.3452,0
13.6,0.0,98.1,7.0,0.3452,0
13.6,0.0,98.1,7.0,0.3452,0
13.6,0.0,98.1,7.0,0.3452,0
13.6,0.0,98.1,7.0,0.3452,0
13.6,0.0,98.1,7.0,0.3452,0
13.6,0.0,98.1,7.0,0.3452,0
13.6,0.0,98.1,7.0,0.3452,0
13.6,0.0,98.1,7.0,0.3452,0
13.6,0.0,98.1,7.0,0.3452,0
13.6,0.0,98.1,7.0,0.3452,0
13.6,0.0,98.1,7.0,0.3452,0
13.6,0.0,98.1,7.0,0.3452,0
13.6,0.0,98.1,7.0,0.3452,0
13.6,0.0,98.1,7.0,0.3452,0
13.6,0.0,98.1,7.0,0.3452,0
13.6,0.0,98.1,7.0,0.3452,0
13.6,0.0,98.1,7.0,0.3452,0
13.6,0.0,98.1,7.0,0.3452,0
13.6,0.0,98.1,7.0,0.3452,0
13.6,0.0,98.1,7.0,0.3452,0
13.6,0.0,98.1,7.0,0.3452,0
13.6,0.0,98.1,7.0,0.3452,0
13.6,0.0,98.1,7.0,0.3452,0
13.6,0.0,98.1,7.0,0.3452,0
13.6,0.0,98.1,7.0,0.3419,1
13.6,0.0,98.1,7.0,0.3419,1
13.6,0.0,98.1,7.0,0.3452,0
13.6,0.0,98.1,7.0,0.3452,0
13.6,0.0,98.1,7.0,0.3452,0
13.6,0.0,98.1,7.0,0.3452,0
13.6,0.0,98.1,7.0,0.3452,0
13.6,0.0,98.1,7.0,0.3452,0
13.6,0.0,98.1,7.0,0.3452,0
13.6,0.0,98.1,7.0,0.3452,0
13.6,0.0,98.1,7.0,0.3452,0
13.6,0.0,98.1,7.0,0.3452,0
12.7,0.0,86.5,7.0,0.3333,0
13.3,0.0,69.1,7.0,0.123,0
13.8,0.0,64.5,7.0,0.3913,0
13.8,0.0,64.5,7.0,0.3913,0
13.8,0.0,64.5,7.0,0.3913,0
13.8,0.0,64.5,7.0,0.3913,0
12.6,0.0,48.7,7.0,0.4248,0
13.8,0.0,64.5,7.0,0.3913,0
12.6,0.0,48.7,7.0,0.4183,1
13.8,0.0,64.5,7.0,0.3913,0
12.4,0.0,48.7,7.0,0.4248,0
12.6,0.0,48.7,7.0,0.4183,1
13.8,0.0,64.5,7.0,0.3913,0
12.6,0.0,48.7,7.0,0.4183,1
13.8,0.0,64.5,7.0,0.3913,0
12.6,0.0,48.7,7.0,0.4248,0
12.6,0.0,48.7,7.0,0.4248,0
12.6,0.0,48.7,7.0,0.4248,0
12.6,0.0,48.7,7.0,0.4248,0
12.0,0.0,72.2,7.0,0.2636,0
14.0,0.0,0.0,7.0,0.3404,0
12.8,0.0,0.0,7.0,0.2636,0
12.8,0.0,0.0,7.0,0.2636,0
14.3,0.0,99.0,7.0,0.0302,1
13.5,3.0,8.3,7.0,0.2636,0
12.6,0.0,78.8,8.0,0.3165,0
13.4,0.0,62.9,7.0,0.1698,0
12.6,0.0,48.7,7.0,0.4248,0
12.6,0.0,48.7,7.0,0.4248,0
12.4,0.0,48.7,7.0,0.4248,0
12.6,0.0,48.7,7.0,0.4248,0
12.6,0.0,48.7,7.0,0.4248,0
13.3,0.0,61.6,7.0,0.102,1
13.5,0.0,41.6,7.0,0.3207,0
13.7,0.0,61.6,7.0,0.1122,0
12.6,0.0,48.7,7.0,0.4183,1
12.6,0.0,48.7,7.0,0.4183,1
13.7,0.0,61.6,7.0,0.1122,0
13.7,0.0,61.6,7.0,0.1122,0
13.7,0.0,61.6,7.0,0.1122,0
13.7,0.0,61.6,7.0,0.1122,0
13.3,0.0,89.8,7.0,0.1181,0
13.3,0.0,89.8,7.0,0.1181,0
13.3,0.0,89.8,7.0,0.1181,0
13.3,0.0,89.8,7.0,0.1181,0
13.3,0.0,89.8,7.0,0.1181,0
13.3,0.0,89.8,7.0,0.1181,0
13.3,0.0,89.8,7.0,0.1181,0
13.3,0.0,89.8,7.0,0.1181,0
13.3,0.0,89.8,7.0,0.1181,0
13.3,0.0,89.8,7.0,0.1181,0
13.3,0.0,89.8,7.0,0.1102,1
13.3,0.0,89.8,7.0,0.1181,0
13.3,0.0,89.8,7.0,0.1181,0
13.7,0.0,61.6,7.0,0.1122,0
13.9,0.0,78.7,7.0,0.1964,0
13.9,0.0,78.7,7.0,0.1964,0
13.9,0.0,78.7,7.0,0.1964,0
13.9,0.0,78.7,7.0,0.1964,0
13.7,0.0,61.6,7.0,0.1122,0
13.7,0.0,61.6,7.0,0.1122,0
12.6,0.0,48.7,7.0,0.4183,1
13.0,0.0,66.1,7.0,0.2318,0
13.0,0.0,66.1,7.0,0.2318,0
12.6,0.0,48.7,7.0,0.4248,0
13.0,0.0,66.1,7.0,0.2318,0
12.6,0.0,48.7,7.0,0.4183,1
13.2,0.0,66.1,7.0,0.2318,0
12.6,0.0,48.7,7.0,0.4248,0
12.6,0.0,48.7,7.0,0.4248,0
13.6,0.0,66.1,7.0,0.2273,1
12.6,0.0,48.7,7.0,0.4248,0
12.1,0.0,66.1,7.0,0.2318,0
12.6,0.0,48.7,7.0,0.4248,0
12.4,0.0,66.1,7.0,0.2318,0
12.4,0.0,66.1,7.0,0.2318,0
12.1,0.0,66.1,7.0,0.2318,0
12.8,0.0,66.1,7.0,0.2318,0
12.4,0.0,48.7,7.0,0.4248,0
12.6,0.0,48.7,7.0,0.4183,1
13.1,0.0,96.5,7.0,0.0235,0
12.8,0.0,66.1,7.0,0.2318,0
12.4,0.0,48.7,7.0,0.4248,0
12.8,0.0,66.1,7.0,0.2318,0
12.1,0.0,66.1,7.0,0.2318,0
12.6,0.0,100.0,7.0,0.0,0
14.0,0.0,100.0,7.0,0.0,0
12.4,0.0,66.1,7.0,0.2273,1
13.0,0.0,66.1,7.0,0.2318,0
13.0,0.0,66.1,7.0,0.2318,0
13.0,0.0,66.1,7.0,0.2318,0
13.0,0.0,66.1,7.0,0.2318,0
13.0,0.0,66.1,7.0,0.2318,0
13.0,0.0,59.2,7.0,0.3866,1
13.0,0.0,59.2,7.0,0.395,0
12.6,0.0,59.2,7.0,0.395,0
12.5,0.0,59.7,7.0,0.4789,0
12.6,0.0,48.7,7.0,0.4183,1
12.6,0.0,48.7,7.0,0.4248,0
12.6,0.0,48.7,7.0,0.4183,1
12.6,0.0,48.7,7.0,0.4248,0
12.6,0.0,48.7,7.0,0.4183,1
13.9,0.0,76.9,7.0,0.3271,0
12.6,0.0,48.7,7.0,0.4183,1
12.6,0.0,48.7,7.0,0.4183,1
12.6,0.0,48.7,7.0,0.4183,1
13.2,0.0,0.0,7.0,0.2636,0
12.4,0.0,48.7,7.0,0.4248,0
12.6,0.0,48.7,7.0,0.4248,0
12.6,0.0,48.7,7.0,0.4248,0
12.4,0.0,48.7,7.0,0.4183,1
12.6,0.0,48.7,7.0,0.4248,0
12.6,0.0,48.7,7.0,0.4183,1
12.6,0.0,48.7,7.0,0.4248,0
12.4,0.0,48.7,7.0,0.4248,0
12.6,0.0,48.7,7.0,0.4248,0
12.9,0.0,0.0,7.0,0.1698,0
12.4,0.0,48.7,7.0,0.4248,0
12.9,0.0,0.0,7.0,0.1698,0
12.9,0.0,0.0,7.0,0.1698,0
12.9,0.0,0.0,7.0,0.1698,0
12.9,0.0,0.0,7.0,0.1698,0
12.6,0.0,48.7,7.0,0.4183,1
13.1,0.0,50.0,7.0,0.2113,0
13.1,0.0,50.0,7.0,0.2113,0
13.1,0.0,50.0,7.0,0.2113,0
12.9,0.0,0.0,7.0,0.1698,0
12.9,0.0,0.0,7.0,0.1698,0
12.9,0.0,0.0,7.0,0.1698,0
12.9,0.0,0.0,7.0,0.1698,0
12.6,0.0,48.7,7.0,0.4248,0
12.4,0.0,14.3,7.0,0.1458,0
13.5,0.0,50.0,7.0,0.2113,0
12.6,0.0,77.9,7.0,0.2239,0
12.6,0.0,77.9,7.0,0.2239,0
12.6,0.0,77.9,7.0,0.2239,0
12.6,0.0,48.7,7.0,0.4248,0
12.6,0.0,48.7,7.0,0.4248,0
12.6,0.0,77.9,7.0,0.2239,0
12.6,0.0,48.7,7.0,0.4183,1
12.6,0.0,48.7,7.0,0.4183,1
12.6,0.0,48.7,7.0,0.4248,0
12.6,0.0,48.7,7.0,0.4183,1
13.7,0.0,61.6,7.0,0.1122,0
13.7,0.0,61.6,7.0,0.102,1
13.1,0.0,84.0,7.0,0.2148,0
12.3,0.0,9.6,7.0,0.0972,0
12.3,0.0,9.6,7.0,0.0972,0
12.1,0.0,100.0,7.0,0.0,0
12.1,0.0,100.0,7.0,0.0,0
12.1,0.0,100.0,7.0,0.0,0
12.1,0.0,100.0,7.0,0.0,0
12.1,0.0,100.0,7.0,0.0,0
13.5,0.0,84.9,7.0,0.1481,0
12.4,0.0,97.1,7.0,0.3824,0
12.6,0.0,100.0,7.0,0.2636,0
12.6,0.0,100.0,7.0,0.2636,0
12.6,0.0,48.7,7.0,0.4248,0
12.6,0.0,48.7,7.0,0.4248,0
12.6,0.0,48.7,7.0,0.4248,0
12.6,0.0,48.7,7.0,0.4183,1
12.6,0.0,48.7,7.0,0.4183,1
12.6,0.0,48.7,7.0,0.4248,0
12.6,0.0,48.7,7.0,0.4248,0
13.9,0.0,13.7,7.0,0.1099,0
13.0,0.0,33.9,7.0,0.2982,0
12.6,0.0,48.7,7.0,0.4248,0
13.0,0.0,33.9,7.0,0.2982,0
12.6,0.0,48.7,7.0,0.4183,1
13.0,0.0,66.1,7.0,0.2318,0
12.6,0.0,48.7,7.0,0.4183,1
12.6,0.0,48.7,7.0,0.4248,0
12.8,0.0,66.1,7.0,0.2318,0
12.1,0.0,66.1,7.0,0.2318,0
13.6,0.0,97.0,7.0,0.1018,0
13.6,0.0,97.0,7.0,0.1018,0
13.6,0.0,97.0,7.0,0.1018,0
13.6,0.0,97.0,7.0,0.1018,0
13.6,0.0,97.0,7.0,0.1018,0
13.6,0.0,97.0,7.0,0.1018,0
13.6,0.0,97.0,7.0,0.1018,0
13.6,0.0,97.0,7.0,0.1018,0
13.6,0.0,97.0,7.0,0.1018,0
13.6,0.0,97.0,7.0,0.1018,0
13.6,0.0,97.0,7.0,0.1018,0
13.6,0.0,97.0,7.0,0.1018,0
13.6,0.0,97.0,7.0,0.1018,0
13.6,0.0,97.0,7.0,0.1018,0
13.6,0.0,97.0,7.0,0.1018,0
12.1,0.0,59.7,7.0,0.4789,0
12.4,0.0,59.7,7.0,0.4648,1
12.3,0.0,59.7,7.0,0.4648,1
12.4,0.0,59.7,7.0,0.4648,1
12.4,0.0,90.0,7.0,0.1628,0
12.4,0.0,90.0,7.0,0.1628,0
12.4,0.0,90.0,7.0,0.1628,0
12.4,0.0,90.0,7.0,0.1628,0
12.4,0.0,90.0,7.0,0.1628,0
14.0,0.0,39.1,7.0,0.2326,0
14.0,0.0,39.1,7.0,0.2326,0
13.9,0.0,39.1,7.0,0.2326,0
14.0,0.0,39.1,7.0,0.2209,1
14.0,0.0,39.1,7.0,0.2326,0
13.9,0.0,39.1,7.0,0.2326,0
13.9,0.0,39.1,7.0,0.2326,0
14.0,0.0,39.1,7.0,0.2326,0
14.0,0.0,39.1,7.0,0.2326,0
14.0,0.0,39.1,8.0,0.2326,0
14.0,0.0,39.1,7.0,0.2209,1
14.0,0.0,39.1,7.0,0.2326,0
13.9,0.0,39.1,8.0,0.2326,0
14.0,0.0,39.1,7.0,0.2326,0
14.0,0.0,39.1,8.0,0.2326,0
12.4,0.0,71.4,7.0,0.4182,0
12.6,0.0,100.0,7.0,0.2636,0
12.5,0.0,100.0,7.0,0.2636,0
12.5,0.0,100.0,7.0,0.2636,0
13.0,0.0,62.2,7.0,0.0309,0
13.6,0.0,63.8,7.0,0.3869,0
13.6,0.0,63.8,7.0,0.3869,0
13.6,0.0,63.8,7.0,0.3869,0
13.6,0.0,63.8,7.0,0.3869,0
13.4,0.0,63.8,7.0,0.3869,0
13.4,0.0,63.8,7.0,0.3869,0
13.4,0.0,63.8,7.0,0.3869,0
13.4,0.0,63.8,7.0,0.3869,0
13.4,0.0,63.8,7.0,0.3796,1
13.3,0.0,89.8,7.0,0.1181,0
13.3,0.0,89.8,7.0,0.1181,0
13.3,0.0,89.8,7.0,0.1181,0
13.3,0.0,89.8,7.0,0.1181,0
13.3,0.0,89.8,7.0,0.1181,0
13.3,0.0,89.8,7.0,0.1181,0
13.3,0.0,89.8,7.0,0.1181,0
13.3,0.0,89.8,7.0,0.1181,0
13.3,0.0,89.8,7.0,0.1181,0
13.3,0.0,89.8,7.0,0.1181,0
13.3,0.0,89.8,7.0,0.1181,0
13.3,0.0,89.8,7.0,0.1181,0
12.4,0.0,66.1,7.0,0.2318,0
13.4,0.0,54.5,7.0,0.2812,0
12.9,0.0,42.5,7.0,0.1608,0
12.0,0.0,76.3,7.0,0.0,0
12.1,0.0,50.0,7.0,0.2636,0
12.1,0.0,50.0,7.0,0.2636,0
13.0,0.0,76.3,7.0,0.0,0
12.4,0.0,73.5,7.0,0.0179,0
12.6,0.0,65.0,7.0,0.6263,0
12.4,0.0,93.0,7.0,0.0238,1
13.0,0.0,80.0,7.0,0.2636,1
13.6,0.0,58.7,7.0,0.3756,0
13.1,0.0,96.7,7.0,0.1685,0
13.1,0.0,96.7,7.0,0.1685,0
12.9,0.0,37.0,7.0,0.2636,1
12.6,0.0,93.3,7.0,0.2636,0
13.8,0.0,69.2,7.0,0.4706,0
13.1,0.0,76.9,7.0,0.3271,0
13.7,0.0,61.6,7.0,0.102,1
13.7,0.0,61.6,7.0,0.102,1
13.7,0.0,61.6,7.0,0.1122,0
13.7,0.0,61.6,7.0,0.1122,0
13.7,0.0,61.6,7.0,0.102,1
13.7,0.0,61.6,7.0,0.1122,0
12.9,2.0,88.8,7.0,0.8344,0
12.9,1.0,88.8,7.0,0.8344,0
12.9,0.0,88.8,7.0,0.8344,0
12.9,1.0,88.8,7.0,0.8344,0
12.4,0.0,72.6,7.0,0.234,0
12.4,0.0,72.6,7.0,0.2234,1
12.4,0.0,72.6,7.0,0.2234,1
12.4,0.0,72.6,7.0,0.234,0
13.5,0.0,72.6,7.0,0.2234,1
12.1,0.0,0.0,7.0,0.3191,1
12.2,0.0,0.0,7.0,0.3404,0
13.4,0.0,69.2,7.0,0.4706,0
14.0,0.0,0.0,7.0,0.3404,0
13.9,0.0,100.0,7.0,0.0,0
13.9,0.0,100.0,7.0,0.0,0
13.9,0.0,100.0,7.0,0.0,0
13.9,0.0,100.0,7.0,0.0,0
13.9,0.0,100.0,7.0,0.0,0
13.9,0.0,100.0,7.0,0.0,0
13.9,0.0,100.0,7.0,0.0,0
13.9,0.0,100.0,7.0,0.0,0
13.9,0.0,100.0,7.0,0.0,0
13.9,0.0,100.0,7.0,0.0,0
13.9,0.0,100.0,7.0,0.0,0
13.9,0.0,100.0,7.0,0.0,0
13.9,0.0,100.0,7.0,0.0,0
13.9,0.0,100.0,7.0,0.0,0
13.9,0.0,100.0,7.0,0.0,0
13.9,0.0,100.0,7.0,0.0,0
13.9,0.0,100.0,7.0,0.0,0
13.9,0.0,100.0,7.0,0.0,0
13.9,0.0,100.0,7.0,0.0,0
13.9,0.0,100.0,7.0,0.0,0
13.9,0.0,100.0,7.0,0.0,0
13.9,0.0,100.0,7.0,0.0,0
13.9,0.0,100.0,7.0,0.0,0
13.9,0.0,100.0,7.0,0.0,0
13.9,0.0,100.0,7.0,0.0,0
13.9,0.0,100.0,7.0,0.0,0
13.9,0.0,100.0,7.0,0.0,0
13.9,0.0,100.0,7.0,0.0,0
13.9,0.0,100.0,7.0,0.0,0
13.9,0.0,100.0,7.0,0.0,0
13.9,0.0,100.0,7.0,0.0,0
13.9,0.0,100.0,7.0,0.0,0
13.9,0.0,100.0,7.0,0.0,0
13.9,0.0,100.0,7.0,0.0,0
13.9,0.0,100.0,7.0,0.0,0
13.9,0.0,100.0,7.0,0.0,0
13.9,0.0,100.0,7.0,0.0,0
13.9,0.0,100.0,7.0,0.0,0
13.9,0.0,100.0,7.0,0.0,0
13.9,0.0,100.0,7.0,0.0,0
13.9,0.0,100.0,7.0,0.0,0
13.9,0.0,100.0,7.0,0.0,0
13.9,0.0,100.0,7.0,0.0,0
13.9,0.0,100.0,7.0,0.0,0
12.6,0.0,93.3,7.0,0.2636,1
12.6,0.0,94.0,7.0,0.1566,0
12.9,0.0,0.0,7.0,0.1698,0
12.9,0.0,0.0,7.0,0.1698,0
12.9,0.0,0.0,7.0,0.1698,0
12.9,0.0,0.0,7.0,0.1698,0
12.9,0.0,0.0,7.0,0.1698,0
12.9,0.0,0.0,7.0,0.1698,0
12.9,0.0,0.0,7.0,0.1698,0
12.9,0.0,0.0,7.0,0.1698,0
12.9,0.0,0.0,7.0,0.1698,0
12.2,0.0,27.1,7.0,0.7021,0
12.8,0.0,72.0,7.0,0.2636,0
12.8,0.0,72.0,7.0,0.2636,0
13.1,0.0,59.5,7.0,0.3659,1
12.9,0.0,59.5,7.0,0.3902,0
12.9,0.0,0.0,7.0,0.1698,0
12.9,0.0,0.0,7.0,0.1698,0
12.9,0.0,0.0,7.0,0.1698,0
12.0,0.0,76.3,7.0,0.0,0
12.1,0.0,50.0,7.0,0.2636,0
12.3,0.0,86.2,7.0,0.302,1
13.1,0.0,25.0,7.0,0.2636,1
13.8,0.0,70.4,7.0,0.2636,0
12.8,0.0,70.4,7.0,0.2636,0
12.3,0.0,86.2,7.0,0.3069,0
13.9,0.0,100.0,7.0,0.0,0
12.6,0.0,59.2,7.0,0.395,0
12.9,0.0,59.7,7.0,0.4789,0
12.1,0.0,59.7,7.0,0.4789,0
12.0,0.0,81.1,7.0,0.2149,0
12.6,0.0,77.9,7.0,0.209,1
14.0,0.0,84.4,7.0,0.1461,0
14.0,0.0,84.4,7.0,0.1461,0
14.0,0.0,84.4,7.0,0.1461,0
14.0,0.0,84.4,7.0,0.1461,0
14.0,0.0,84.4,7.0,0.1461,0
14.0,0.0,84.4,7.0,0.1461,0
14.0,0.0,84.4,7.0,0.1461,0
14.0,0.0,84.4,7.0,0.1461,0
14.0,0.0,84.4,7.0,0.1461,0
14.0,0.0,84.4,7.0,0.1461,0
14.0,0.0,84.4,7.0,0.1461,0
14.0,0.0,84.4,7.0,0.1461,0
14.0,0.0,84.4,7.0,0.1461,0
14.0,0.0,84.4,7.0,0.1461,0
14.0,0.0,84.4,7.0,0.1461,0
14.0,0.0,84.4,7.0,0.1461,0
14.0,0.0,84.4,7.0,0.1461,0
14.0,0.0,84.4,7.0,0.1461,0
14.0,0.0,84.4,7.0,0.1461,0
14.0,0.0,84.4,7.0,0.1461,0
14.0,0.0,84.4,7.0,0.1461,0
14.0,0.0,84.4,7.0,0.1461,0
14.0,0.0,84.4,7.0,0.1461,0
14.0,0.0,84.4,7.0,0.1461,0
12.0,0.0,40.9,8.0,0.3678,0
12.1,0.0,29.4,7.0,0.2636,1
12.1,0.0,68.6,7.0,0.1739,0
12.1,0.0,68.6,7.0,0.1739,0
12.0,0.0,90.8,7.0,0.1406,0
12.6,0.0,100.0,7.0,0.2636,0
13.7,1.0,95.2,7.0,0.0097,0
13.7,0.0,95.2,7.0,0.0097,0
13.7,1.0,95.2,7.0,0.0097,0
12.5,0.0,72.2,7.0,0.2286,0
13.5,0.0,43.8,8.0,0.4659,0
12.6,0.0,89.2,7.0,0.1094,0
13.2,0.0,68.4,7.0,0.2636,0
12.8,0.0,98.5,7.0,0.0294,1
13.3,0.0,98.5,7.0,0.0294,1
13.3,0.0,98.5,7.0,0.0368,0
12.8,0.0,98.5,7.0,0.0368,0
12.8,0.0,98.5,7.0,0.0368,0
12.5,0.0,98.5,7.0,0.0368,0
12.8,0.0,98.5,7.0,0.0294,1
12.5,0.0,98.5,7.0,0.0368,0
12.5,0.0,98.5,7.0,0.0368,0
12.8,0.0,98.5,7.0,0.0368,0
12.4,0.0,98.5,7.0,0.0368,0
12.8,0.0,98.5,7.0,0.0368,0
12.4,0.0,98.5,7.0,0.0368,0
12.5,0.0,98.5,7.0,0.0368,0
12.8,0.0,98.5,7.0,0.0368,0
12.5,0.0,98.5,7.0,0.0368,0
12.5,0.0,98.5,7.0,0.0368,0
12.5,0.0,98.5,7.0,0.0368,0
12.8,0.0,98.5,7.0,0.0368,0
12.4,0.0,98.5,7.0,0.0368,0
12.8,0.0,98.5,7.0,0.0368,0
12.5,0.0,98.5,7.0,0.0368,0
12.8,0.0,98.5,7.0,0.0368,0
12.4,0.0,98.5,7.0,0.0368,0
12.4,0.0,98.5,7.0,0.0294,1
12.8,0.0,98.5,7.0,0.0368,0
12.8,0.0,98.5,7.0,0.0368,0
12.8,0.0,98.5,7.0,0.0368,0
13.0,0.0,66.1,7.0,0.2318,0
13.0,0.0,66.1,7.0,0.2318,0
13.0,0.0,66.1,7.0,0.2318,0
13.8,0.0,49.3,7.0,0.1176,0
13.8,0.0,49.3,7.0,0.1176,0
12.5,0.0,74.5,7.0,0.2222,0
12.5,0.0,74.5,7.0,0.2222,0
13.7,0.0,68.4,7.0,0.2636,0
13.7,0.0,68.4,7.0,0.2636,0
14.2,0.0,73.7,7.0,0.2636,0
12.5,0.0,74.5,7.0,0.2222,0
12.5,0.0,74.5,7.0,0.2222,0
12.3,0.0,74.5,7.0,0.2222,0
12.8,0.0,66.1,7.0,0.2318,0
13.0,0.0,66.1,7.0,0.2318,0
12.5,0.0,74.5,7.0,0.2153,1
12.4,0.0,74.5,7.0,0.2222,0
12.6,0.0,84.0,7.0,0.2148,0
13.0,0.0,62.7,7.0,0.3276,0
13.0,0.0,62.7,7.0,0.3276,0
13.0,0.0,62.7,7.0,0.3276,0
13.0,0.0,62.7,7.0,0.3276,0
13.0,0.0,62.7,7.0,0.3276,0
12.4,0.0,72.2,7.0,0.2286,0
13.1,0.0,54.9,7.0,0.2,0
13.1,0.0,54.9,7.0,0.2,0
13.1,0.0,54.9,7.0,0.2,0
12.4,0.0,57.9,7.0,0.4286,0
13.0,0.0,70.5,7.0,0.2326,0
12.3,0.0,82.9,7.0,0.175,0
12.3,0.0,82.9,7.0,0.175,0
12.3,0.0,82.9,7.0,0.175,0
12.3,0.0,82.9,7.0,0.175,0
12.3,0.0,82.9,7.0,0.175,0
12.3,0.0,82.9,7.0,0.175,0
12.1,0.0,82.9,7.0,0.175,0
12.1,0.0,82.9,7.0,0.175,0
12.1,0.0,82.9,7.0,0.175,0
12.1,0.0,82.9,7.0,0.175,0
12.1,0.0,82.9,7.0,0.175,0
12.1,0.0,82.9,7.0,0.175,0
12.1,0.0,82.9,7.0,0.175,0
12.3,0.0,0.0,7.0,0.8489,1
12.3,0.0,0.0,7.0,0.8514,0
12.3,0.0,0.0,7.0,0.8514,0
12.3,0.0,0.0,7.0,0.8489,1
13.6,0.0,98.1,7.0,0.3452,0
13.0,0.0,66.1,7.0,0.2318,0
12.1,0.0,100.0,7.0,0.2636,0
12.6,0.0,46.2,7.0,0.2222,1
12.6,0.0,46.2,7.0,0.2333,0
12.7,0.0,100.0,7.0,0.2636,0
12.6,0.0,46.2,7.0,0.2333,0
12.6,0.0,46.2,7.0,0.2333,0
12.6,0.0,46.2,7.0,0.2333,0
12.6,0.0,46.2,7.0,0.2222,1
12.6,0.0,46.2,7.0,0.2222,1
13.3,0.0,46.2,7.0,0.2222,1
13.3,0.0,46.2,7.0,0.2222,1
12.6,0.0,46.2,7.0,0.2333,0
12.6,0.0,46.2,7.0,0.2333,0
12.6,0.0,46.2,7.0,0.2333,0
12.6,0.0,46.2,7.0,0.2333,0
12.6,0.0,46.2,7.0,0.2333,0
12.6,0.0,46.2,7.0,0.2333,0
12.6,0.0,46.2,7.0,0.2333,0
13.3,0.0,79.3,7.0,0.2636,0
13.3,0.0,79.3,7.0,0.2636,0
13.3,0.0,79.3,7.0,0.2636,0
13.3,0.0,79.3,7.0,0.2636,0
13.3,0.0,79.3,7.0,0.2636,0
12.1,0.0,58.7,7.0,0.3707,1
13.5,0.0,67.0,7.0,0.5,0
13.3,0.0,79.3,7.0,0.2636,0
13.3,0.0,79.3,7.0,0.2636,0
13.1,0.0,78.7,7.0,0.1964,0
13.1,0.0,78.7,7.0,0.1905,1
13.1,0.0,78.7,7.0,0.1964,0
13.1,0.0,78.7,7.0,0.1964,0
13.1,0.0,78.7,7.0,0.1964,0
13.1,0.0,78.7,7.0,0.1905,1
13.1,0.0,78.7,7.0,0.1964,0
13.1,0.0,78.7,7.0,0.1964,0
14.1,0.0,69.3,7.0,0.3882,0
13.9,0.0,69.3,7.0,0.3816,1
12.6,0.0,59.2,7.0,0.395,0
12.6,0.0,59.2,7.0,0.395,0
12.1,0.0,82.9,7.0,0.175,0
13.9,0.0,69.3,7.0,0.3816,1
13.9,0.0,69.3,7.0,0.3816,1
13.9,0.0,69.3,7.0,0.3816,1
13.9,0.0,69.3,7.0,0.3816,1
13.9,0.0,69.3,7.0,0.3882,0
13.9,0.0,69.3,7.0,0.3816,1
13.9,0.0,69.3,7.0,0.3882,0
12.6,0.0,56.7,7.0,0.322,0
12.5,0.0,74.5,7.0,0.2222,0
14.0,0.0,69.3,7.0,0.3882,0
12.6,0.0,56.7,7.0,0.322,0
12.4,0.0,74.5,7.0,0.2222,0
12.6,0.0,56.7,7.0,0.322,0
12.4,0.0,74.5,7.0,0.2222,0
12.6,0.0,56.7,7.0,0.322,0
12.6,0.0,56.7,7.0,0.322,0
12.6,0.0,56.7,7.0,0.322,0
13.2,0.0,61.9,7.0,0.3735,1
13.6,0.0,61.9,7.0,0.3855,0
12.8,0.0,61.9,7.0,0.3855,0
12.8,0.0,61.9,7.0,0.3855,0
13.2,0.0,61.9,7.0,0.3735,1
12.6,0.0,56.7,7.0,0.322,0
13.0,1.0,46.7,7.0,0.4519,1
12.6,0.0,56.7,7.0,0.322,0
13.3,0.0,50.0,7.0,0.2636,0
13.0,0.0,51.9,7.0,0.3774,0
13.2,0.0,89.5,7.0,0.0179,0
13.0,0.0,59.2,7.0,0.395,0
13.0,0.0,51.9,7.0,0.3774,0
13.0,0.0,59.2,7.0,0.3866,1
13.0,0.0,51.9,7.0,0.3774,0
13.0,0.0,59.2,7.0,0.3866,1
13.0,0.0,51.9,7.0,0.3774,0
13.0,0.0,59.2,7.0,0.3866,1
13.0,0.0,51.9,7.0,0.3774,0
13.0,0.0,51.9,7.0,0.3774,0
12.3,0.0,77.5,7.0,0.1795,0
12.1,0.0,77.5,7.0,0.1795,0
12.3,0.0,77.5,7.0,0.1795,0
12.3,0.0,77.5,7.0,0.1538,1
12.3,0.0,77.5,7.0,0.1795,0
12.8,0.0,77.5,7.0,0.1795,0
13.5,0.0,90.0,7.0,0.155,1
12.3,0.0,77.5,7.0,0.1795,0
13.0,0.0,59.2,8.0,0.395,0
12.3,0.0,77.5,7.0,0.1795,0
12.2,0.0,27.1,7.0,0.6809,1
12.3,0.0,77.5,7.0,0.1538,1
13.0,0.0,59.2,7.0,0.395,0
13.0,0.0,59.2,7.0,0.395,0
12.3,0.0,77.5,7.0,0.1795,0
12.6,0.0,59.2,7.0,0.395,0
12.6,0.0,46.2,7.0,0.2333,0
12.6,0.0,46.2,7.0,0.2333,0
12.6,0.0,46.2,7.0,0.2333,0
12.6,0.0,46.2,7.0,0.2333,0
12.6,0.0,46.2,7.0,0.2333,0
12.6,0.0,46.2,7.0,0.2333,0
12.6,0.0,46.2,7.0,0.2222,1
12.6,0.0,46.2,7.0,0.2333,0
12.6,0.0,46.2,7.0,0.2333,0
12.6,0.0,46.2,7.0,0.2333,0
12.6,0.0,46.2,7.0,0.2333,0
12.6,0.0,46.2,7.0,0.2333,0
12.6,0.0,46.2,7.0,0.2333,0
12.6,0.0,46.2,7.0,0.2333,0
12.6,0.0,46.2,7.0,0.2333,0
12.6,0.0,46.2,7.0,0.2333,0
12.6,0.0,46.2,7.0,0.2333,0
12.9,0.0,67.6,7.0,0.0556,0
12.6,0.0,46.2,7.0,0.2333,0
12.6,0.0,46.2,7.0,0.2333,0
12.6,0.0,46.2,7.0,0.2333,0
12.6,0.0,46.2,7.0,0.2333,0
12.9,0.0,78.2,7.0,0.4074,0
12.6,0.0,46.2,7.0,0.2333,0
13.3,0.0,46.2,7.0,0.2222,1
12.6,0.0,46.2,7.0,0.2333,0
12.9,0.0,46.2,7.0,0.2333,0
13.9,0.0,87.8,7.0,0.0959,0
12.4,0.0,39.4,7.0,0.2315,0
13.0,0.0,46.2,7.0,0.2333,0
13.9,0.0,95.2,7.0,0.0097,0
13.0,0.0,59.2,7.0,0.3866,1
12.9,0.0,59.2,8.0,0.3866,1
12.6,0.0,59.2,7.0,0.3866,1
12.6,0.0,59.2,7.0,0.3866,1
13.0,0.0,59.2,7.0,0.395,0
13.5,0.0,82.9,7.0,0.175,0
12.3,0.0,82.9,7.0,0.175,0
12.3,0.0,82.9,7.0,0.175,0
13.5,0.0,82.9,7.0,0.15,1
13.5,0.0,82.9,7.0,0.15,1
12.3,0.0,82.9,7.0,0.175,0
13.1,0.0,65.3,7.0,0.3542,0
13.7,0.0,53.0,7.0,0.2105,0
13.8,0.0,53.0,7.0,0.203,1
13.8,0.0,53.0,7.0,0.203,1
12.3,0.0,69.1,7.0,0.123,0
12.3,0.0,69.1,7.0,0.123,0
12.3,0.0,69.1,7.0,0.123,0
12.8,0.0,84.9,7.0,0.1154,0
12.6,0.0,59.2,7.0,0.395,0
12.6,0.0,59.2,7.0,0.395,0
12.1,0.0,82.9,7.0,0.175,0
12.1,0.0,82.9,7.0,0.175,0
12.6,0.0,59.2,7.0,0.395,0
12.8,0.0,78.6,7.0,0.2636,0
12.8,0.0,78.6,7.0,0.2636,0
12.8,0.0,78.6,7.0,0.2636,0
12.8,0.0,78.6,7.0,0.2636,0
12.8,0.0,78.6,7.0,0.2636,0
12.8,0.0,78.6,7.0,0.2636,0
12.8,0.0,78.6,7.0,0.2636,0
13.3,0.0,82.9,7.0,0.175,0
12.7,0.0,32.7,7.0,0.3578,1
12.7,0.0,32.7,7.0,0.3578,1
13.3,0.0,82.9,7.0,0.15,1
13.7,0.0,50.0,7.0,0.2636,0
13.3,0.0,82.9,7.0,0.175,0
13.3,0.0,82.9,7.0,0.175,0
12.1,0.0,89.2,7.0,0.1094,0
12.7,0.0,32.7,7.0,0.3578,1
13.3,0.0,82.9,7.0,0.175,0
13.3,0.0,82.9,7.0,0.175,0
12.7,0.0,32.7,7.0,0.3578,1
13.3,0.0,82.9,7.0,0.175,0
13.3,0.0,82.9,7.0,0.175,0
12.7,0.0,32.7,7.0,0.3578,1
13.4,0.0,82.9,7.0,0.15,1
13.4,0.0,82.9,7.0,0.175,0
13.7,0.0,50.0,7.0,0.2636,0
12.7,0.0,32.7,7.0,0.3578,1
12.7,0.0,32.7,7.0,0.3578,1
13.7,0.0,50.0,7.0,0.2636,1
13.7,0.0,50.0,7.0,0.2636,0
12.7,0.0,32.7,7.0,0.3578,1
12.7,0.0,32.7,7.0,0.3578,1
13.7,0.0,83.3,7.0,0.1714,0
13.7,0.0,83.3,7.0,0.1714,0
13.5,0.0,83.3,7.0,0.1714,0
13.7,0.0,83.3,7.0,0.1714,0
12.2,0.0,32.7,8.0,0.367,0
12.4,0.0,63.8,7.0,0.3796,1
12.7,0.0,32.7,7.0,0.3578,1
13.0,0.0,46.7,7.0,0.4615,0
12.4,0.0,26.0,7.0,0.0909,0
12.4,0.0,26.0,7.0,0.0909,0
13.0,0.0,46.7,7.0,0.4615,0
13.0,0.0,59.2,7.0,0.395,0
13.0,0.0,59.2,7.0,0.3866,1
13.4,0.0,46.7,7.0,0.4519,1
13.5,0.0,96.5,7.0,0.0235,0
13.0,0.0,59.2,7.0,0.395,0
13.5,0.0,96.5,7.0,0.0235,0
13.0,0.0,59.2,7.0,0.395,0
13.7,0.0,96.5,7.0,0.0235,0
13.5,0.0,96.5,7.0,0.0235,0
13.5,0.0,96.5,7.0,0.0235,0
12.2,0.0,32.7,8.0,0.367,0
12.9,0.0,32.7,7.0,0.3578,1
12.9,0.0,32.7,7.0,0.3578,1
12.9,0.0,32.7,7.0,0.3578,1
12.9,0.0,32.7,7.0,0.3578,1
12.9,0.0,32.7,7.0,0.367,0
12.9,0.0,32.7,7.0,0.367,0
12.9,0.0,32.7,7.0,0.367,0
12.9,0.0,32.7,7.0,0.367,0
12.9,0.0,32.7,7.0,0.367,0
12.9,0.0,32.7,7.0,0.367,0
12.9,0.0,32.7,7.0,0.367,0
13.1,0.0,32.7,7.0,0.367,0
12.7,0.0,32.7,7.0,0.367,0
12.7,0.0,32.7,7.0,0.367,0
12.7,0.0,32.7,7.0,0.367,0
12.7,0.0,32.7,7.0,0.367,0
12.7,0.0,32.7,7.0,0.367,0
12.7,0.0,32.7,7.0,0.367,0
12.7,0.0,32.7,7.0,0.367,0
12.7,0.0,32.7,7.0,0.367,0
12.7,0.0,32.7,7.0,0.367,0
12.7,0.0,32.7,7.0,0.367,0
12.0,0.0,81.1,7.0,0.2149,0
12.0,0.0,81.1,7.0,0.2149,0
12.0,0.0,81.1,7.0,0.2149,0
12.6,0.0,81.1,7.0,0.2149,0
12.2,0.0,81.1,7.0,0.2066,1
12.0,0.0,81.1,7.0,0.2149,0
12.0,0.0,81.1,7.0,0.2149,0
12.0,0.0,81.1,7.0,0.2149,0
12.2,0.0,81.1,7.0,0.2149,0
12.2,0.0,81.1,7.0,0.2149,0
12.2,0.0,81.1,7.0,0.2149,0
12.2,0.0,81.1,7.0,0.2149,0
13.1,0.0,80.8,7.0,0.1569,0
13.1,0.0,80.8,7.0,0.1569,0
13.1,0.0,80.8,7.0,0.1373,1
13.1,0.0,80.8,7.0,0.1373,1
13.1,0.0,80.8,7.0,0.1569,0
13.1,0.0,80.8,7.0,0.1569,0
12.8,0.0,49.1,7.0,0.3704,1
12.8,0.0,49.1,7.0,0.3889,0
12.8,0.0,49.1,7.0,0.3889,0
12.8,0.0,49.1,7.0,0.3889,0
12.8,0.0,49.1,7.0,0.3704,1
12.8,0.0,49.1,7.0,0.3889,0
12.8,0.0,49.1,7.0,0.3889,0
13.9,0.0,46.7,7.0,0.4615,0
12.7,0.0,97.5,7.0,0.0127,1
12.6,0.0,93.2,7.0,0.0517,1
13.7,0.0,95.2,7.0,0.0097,0
12.7,0.0,97.5,7.0,0.019,0
13.3,0.0,46.2,7.0,0.2222,1
12.5,0.0,92.2,7.0,0.0709,1
12.5,0.0,92.2,7.0,0.0787,0
12.1,0.0,92.2,7.0,0.0787,0
13.9,0.0,95.2,7.0,0.0097,0
12.9,0.0,78.7,7.0,0.1964,0
12.9,0.0,78.7,7.0,0.1964,0
12.4,0.0,40.9,7.0,0.3678,0
12.4,0.0,40.9,7.0,0.3678,0
12.4,0.0,40.9,7.0,0.3678,0
12.4,0.0,40.9,7.0,0.3678,0
12.4,0.0,40.9,7.0,0.3678,0
12.4,0.0,40.9,7.0,0.3678,0
12.4,0.0,40.9,7.0,0.3678,0
12.4,0.0,40.9,7.0,0.3678,0
13.5,0.0,60.7,7.0,0.2922,1
13.5,0.0,60.7,7.0,0.2922,1
13.3,0.0,60.7,7.0,0.2963,0
13.5,0.0,60.7,7.0,0.2922,1
13.5,0.0,60.7,7.0,0.2963,0
12.4,0.0,40.9,7.0,0.3678,0
12.4,0.0,40.9,7.0,0.3678,0
12.4,0.0,40.9,7.0,0.3678,0
12.4,0.0,40.9,7.0,0.3678,0
12.4,0.0,40.9,7.0,0.3678,0
13.2,0.0,78.8,7.0,0.3165,0
12.4,0.0,40.9,7.0,0.3678,0
12.4,0.0,40.9,7.0,0.3678,0
12.4,0.0,40.9,7.0,0.3678,0
12.4,0.0,40.9,7.0,0.3678,0
12.4,0.0,40.9,7.0,0.3678,0
12.4,0.0,40.9,7.0,0.3678,0
12.4,0.0,40.9,7.0,0.3678,0
12.4,0.0,40.9,7.0,0.3678,0
12.4,0.0,40.9,7.0,0.3678,0
12.4,0.0,40.9,7.0,0.3678,0
12.4,0.0,40.9,7.0,0.3678,0
12.4,0.0,40.9,7.0,0.3678,0
12.4,0.0,40.9,7.0,0.3678,0
12.4,0.0,40.9,7.0,0.3678,0
12.4,0.0,40.9,7.0,0.3678,0
12.4,0.0,40.9,7.0,0.3678,0
12.4,0.0,40.9,7.0,0.3678,0
12.4,0.0,40.9,7.0,0.3678,0
13.0,0.0,93.2,7.0,0.0517,1
13.3,0.0,64.7,7.0,0.3333,1
13.0,0.0,78.7,7.0,0.1964,0
13.0,0.0,78.7,7.0,0.1964,0
13.0,0.0,78.7,7.0,0.1964,0
13.0,0.0,78.7,7.0,0.1964,0
13.0,0.0,78.7,7.0,0.1964,0
13.0,0.0,78.7,7.0,0.1964,0
13.0,0.0,78.7,7.0,0.1964,0
13.0,0.0,78.7,7.0,0.1964,0
13.0,0.0,78.7,7.0,0.1964,0
13.0,0.0,78.7,7.0,0.1964,0
13.0,0.0,78.7,7.0,0.1964,0
13.0,0.0,78.7,7.0,0.1964,0
13.0,0.0,78.7,7.0,0.1964,0
13.0,0.0,78.7,7.0,0.1964,0
13.0,0.0,78.7,7.0,0.1964,0
13.0,0.0,78.7,7.0,0.1964,0
12.4,0.0,95.2,7.0,0.0097,0
13.0,0.0,95.2,7.0,0.0097,0
12.7,0.0,95.2,7.0,0.0097,0
13.6,0.0,95.2,7.0,0.0097,0
12.3,0.0,95.2,7.0,0.0097,0
13.0,0.0,64.0,7.0,0.6452,0
12.6,0.0,63.5,7.0,0.6667,0
12.4,0.0,26.0,7.0,0.0909,0
13.3,0.0,37.2,7.0,0.119,0
12.9,0.0,13.7,7.0,0.1099,0
13.0,0.0,78.7,7.0,0.1964,0
13.1,0.0,78.7,7.0,0.1964,0
13.1,0.0,78.7,7.0,0.1964,0
13.1,0.0,78.7,7.0,0.1964,0
12.9,0.0,13.7,7.0,0.1099,0
13.1,0.0,78.7,7.0,0.1964,0
13.1,0.0,78.7,7.0,0.1964,0
12.0,0.0,88.8,7.0,0.8344,0
12.4,0.0,64.0,7.0,0.6452,0
12.4,0.0,64.0,7.0,0.6452,0
12.4,0.0,72.4,7.0,0.1733,0
12.4,0.0,72.4,7.0,0.1733,0
12.4,0.0,72.4,7.0,0.1733,0
12.4,0.0,72.4,7.0,0.1733,0
12.3,0.0,72.4,7.0,0.1733,0
12.4,0.0,72.4,7.0,0.1733,0
12.4,0.0,72.4,7.0,0.1733,0
12.3,0.0,72.4,7.0,0.1733,0
12.4,0.0,72.4,7.0,0.1733,0
12.4,0.0,72.4,7.0,0.1733,0
13.5,0.0,100.0,7.0,0.0,0
13.5,0.0,100.0,7.0,0.0,0
13.5,0.0,100.0,7.0,0.0,0
13.5,0.0,100.0,7.0,0.0,0
13.5,0.0,100.0,7.0,0.0,0
13.5,0.0,100.0,7.0,0.0,0
13.5,0.0,100.0,7.0,0.0,0
13.5,0.0,100.0,7.0,0.0,0
13.5,0.0,100.0,7.0,0.0,0
12.3,0.0,28.4,7.0,0.6667,0
12.3,0.0,28.4,7.0,0.6667,0
12.3,0.0,28.4,7.0,0.6618,1
12.3,0.0,28.4,7.0,0.6667,0
12.1,0.0,26.0,7.0,0.6111,0
12.1,0.0,26.0,7.0,0.5972,1
12.1,0.0,26.0,7.0,0.6111,0
12.8,0.0,90.8,7.0,0.1406,0
12.8,0.0,90.8,7.0,0.1406,0
13.1,0.0,70.0,7.0,0.2636,0
13.0,0.0,89.2,7.0,0.0978,0
13.0,0.0,89.2,7.0,0.0978,0
13.0,0.0,89.2,7.0,0.087,1
13.0,0.0,89.2,7.0,0.0978,0
13.5,0.0,35.0,7.0,0.5897,0
13.6,0.0,61.9,7.0,0.3855,0
12.4,0.0,40.9,7.0,0.3678,0
12.2,0.0,76.9,7.0,0.3271,0
13.1,0.0,82.4,7.0,0.0778,0
12.4,0.0,82.4,7.0,0.0778,0
12.4,0.0,82.4,7.0,0.0778,0
13.9,1.0,50.0,7.0,0.2636,1
13.9,1.0,50.0,7.0,0.2636,1
13.9,0.0,50.0,7.0,0.2636,1
13.3,0.0,95.2,7.0,0.0097,0
12.6,0.0,81.1,7.0,0.2149,0
12.7,0.0,63.4,7.0,0.35,0
13.0,0.0,80.8,7.0,0.1569,0
12.7,0.0,63.4,7.0,0.35,0
12.7,0.0,63.4,7.0,0.35,0
12.7,0.0,63.4,7.0,0.35,0
12.7,0.0,63.4,7.0,0.35,0
12.7,0.0,63.4,7.0,0.35,0
12.7,0.0,63.4,7.0,0.35,0
13.1,0.0,49.0,7.0,0.3224,1
12.4,0.0,40.9,7.0,0.3678,0
12.6,0.0,81.8,7.0,0.2636,0
12.6,0.0,81.8,7.0,0.2636,0
13.1,0.0,49.0,7.0,0.3289,0
13.1,1.0,49.0,7.0,0.3289,0
13.1,0.0,49.0,7.0,0.3289,0
13.1,0.0,49.0,7.0,0.3289,0
13.1,0.0,49.0,7.0,0.3224,1
13.1,0.0,49.0,7.0,0.3224,1
13.1,0.0,49.0,7.0,0.3289,0
12.1,0.0,26.0,7.0,0.5972,1
12.1,0.0,26.0,7.0,0.6111,0
12.1,0.0,26.0,7.0,0.5972,1
12.1,0.0,26.0,7.0,0.6111,0
12.1,0.0,26.0,8.0,0.5972,1
13.0,0.0,61.6,7.0,0.102,1
13.0,0.0,61.6,7.0,0.1122,0
12.6,0.0,66.7,7.0,0.2636,0
12.2,0.0,80.8,7.0,0.2636,0
12.0,0.0,81.1,7.0,0.2149,0
12.1,0.0,68.6,7.0,0.1739,0
12.0,0.0,81.1,7.0,0.2149,0
12.2,0.0,60.0,7.0,0.2636,0
12.6,0.0,59.2,7.0,0.395,0
13.0,0.0,93.3,7.0,0.2636,0
13.7,0.0,56.0,7.0,0.2636,0
13.7,0.0,56.0,7.0,0.2636,0
12.9,0.0,82.4,7.0,0.0778,0
12.8,0.0,90.8,7.0,0.1406,0
12.7,0.0,93.3,7.0,0.2636,0
12.2,0.0,81.1,7.0,0.2149,0
12.6,0.0,81.1,7.0,0.2149,0
12.0,0.0,81.1,7.0,0.2149,0
12.5,0.0,93.3,7.0,0.2636,0
12.4,0.0,40.9,7.0,0.3678,0
13.7,0.0,97.2,7.0,0.021,0
13.7,1.0,82.0,7.0,0.1403,1
12.1,0.0,26.0,7.0,0.5972,1
12.1,0.0,26.0,7.0,0.6111,0
12.1,0.0,26.0,8.0,0.6111,0
12.1,0.0,26.0,8.0,0.6111,0
13.0,0.0,93.3,7.0,0.2636,0
12.7,0.0,93.3,7.0,0.2636,0
12.4,0.0,66.7,7.0,0.2636,0
12.8,0.0,66.7,7.0,0.2636,0
12.8,0.0,66.7,7.0,0.2636,0
13.3,0.0,64.7,7.0,0.3333,1
13.5,0.0,84.4,7.0,0.1348,1
13.5,0.0,84.4,7.0,0.1348,1
13.5,0.0,84.4,7.0,0.1348,1
12.1,0.0,84.4,7.0,0.1348,1
13.5,0.0,84.4,7.0,0.1348,1
13.5,0.0,84.4,7.0,0.1348,1
13.5,0.0,84.4,7.0,0.1348,1
13.5,0.0,84.4,7.0,0.1348,1
13.3,0.0,64.7,7.0,0.3636,0
13.3,0.0,64.7,7.0,0.3636,0
13.3,0.0,64.7,7.0,0.3636,0
13.5,0.0,84.4,7.0,0.1461,0
13.5,0.0,84.4,7.0,0.1461,0
13.5,0.0,84.4,7.0,0.1461,0
13.5,0.0,84.4,7.0,0.1461,0
13.5,0.0,84.4,7.0,0.1461,0
13.5,0.0,84.4,7.0,0.1461,0
12.9,0.0,42.5,7.0,0.578,0
12.9,0.0,42.5,7.0,0.578,0
12.9,0.0,42.5,7.0,0.578,0
12.9,0.0,42.5,7.0,0.578,0
12.9,0.0,42.5,7.0,0.578,0
12.9,0.0,42.5,7.0,0.578,0
12.9,0.0,42.5,7.0,0.578,0
12.9,0.0,42.5,7.0,0.578,0
12.9,0.0,42.5,7.0,0.578,0
12.9,0.0,42.5,7.0,0.578,0
12.9,0.0,42.5,7.0,0.578,0
12.9,0.0,42.5,7.0,0.578,0
12.9,0.0,42.5,7.0,0.578,0
12.2,0.0,78.2,7.0,0.4074,0
12.6,0.0,81.1,7.0,0.2149,0
12.5,0.0,68.4,7.0,0.2636,0
12.2,0.0,96.3,7.0,0.0283,1
12.2,0.0,96.3,7.0,0.0283,1
12.2,0.0,96.3,7.0,0.0283,1
12.2,0.0,96.3,7.0,0.0377,0
12.2,0.0,96.3,7.0,0.0377,0
12.2,0.0,96.3,7.0,0.0283,1
12.2,0.0,96.3,7.0,0.0377,0
13.0,0.0,100.0,7.0,0.2636,0
12.8,0.0,77.5,8.0,0.1795,0
12.3,0.0,94.0,7.0,0.0,0
12.3,0.0,94.0,7.0,0.0,0
13.3,0.0,94.0,7.0,0.0,0
13.3,0.0,94.0,7.0,0.0,0
13.3,0.0,94.0,7.0,0.0,0
12.0,0.0,100.0,7.0,0.0,0
12.3,0.0,86.1,7.0,0.2286,0
12.3,0.0,86.1,7.0,0.2286,0
12.4,0.0,74.5,7.0,0.2222,0
12.5,0.0,74.5,7.0,0.2153,1
12.4,0.0,74.5,7.0,0.2222,0
12.5,0.0,74.5,7.0,0.2222,0
12.5,0.0,74.5,7.0,0.2222,0
12.5,0.0,74.5,7.0,0.2222,0
12.4,0.0,74.5,7.0,0.2222,0
12.4,0.0,74.5,7.0,0.2222,0
12.3,0.0,65.0,7.0,0.6263,0
13.0,0.0,65.0,7.0,0.6162,1
13.3,0.0,89.8,7.0,0.1181,0
13.3,0.0,89.8,7.0,0.1181,0
13.3,0.0,89.8,7.0,0.1181,0
13.3,0.0,89.8,7.0,0.1181,0
13.3,0.0,89.8,7.0,0.1181,0
13.3,0.0,89.8,7.0,0.1181,0
13.3,0.0,89.8,7.0,0.1181,0
13.3,0.0,89.8,7.0,0.1181,0
13.3,0.0,89.8,7.0,0.1181,0
13.3,0.0,89.8,7.0,0.1181,0
13.2,0.0,93.3,7.0,0.2636,0
12.3,0.0,93.3,7.0,0.2636,0
12.9,0.0,71.4,7.0,0.4182,0
13.0,0.0,93.3,7.0,0.2636,0
13.5,0.0,72.3,7.0,0.4745,0
13.5,0.0,72.3,7.0,0.4745,0
13.4,0.0,72.3,7.0,0.4706,1
13.0,0.0,70.4,7.0,0.2636,0
13.3,0.0,100.0,7.0,0.2636,0
12.8,0.0,56.5,7.0,0.807,1
13.0,0.0,66.7,8.0,0.2636,0
12.4,0.0,87.9,7.0,0.1713,0
12.4,0.0,87.9,7.0,0.1713,0
12.4,0.0,87.9,7.0,0.1713,0
12.4,0.0,87.9,7.0,0.1713,0
12.4,0.0,87.9,7.0,0.1713,0
13.6,0.0,72.3,7.0,0.4706,1
13.8,0.0,7.7,7.0,0.2636,0
13.9,0.0,88.4,7.0,0.009,0
12.8,0.0,95.2,7.0,0.0097,0
12.5,0.0,93.3,7.0,0.2636,0
13.3,0.0,58.7,7.0,0.3756,0
13.3,0.0,58.7,7.0,0.3756,0
13.3,0.0,58.7,7.0,0.3756,0
12.4,0.0,95.2,7.0,0.0097,0
12.4,0.0,95.2,7.0,0.0097,0
12.4,0.0,40.9,7.0,0.3678,0
13.8,0.0,7.7,7.0,0.2636,0
12.5,2.0,33.3,7.0,0.2636,0
13.6,0.0,95.2,7.0,0.0097,0
12.8,0.0,66.7,7.0,0.2636,1
13.5,0.0,83.3,7.0,0.1714,0
13.7,0.0,95.2,7.0,0.0097,0
13.3,0.0,84.6,7.0,0.2285,1
12.5,0.0,93.3,7.0,0.2636,0
12.3,0.0,28.4,7.0,0.6667,0
12.3,0.0,28.4,7.0,0.6667,0
12.3,0.0,28.4,7.0,0.6667,0
12.3,0.0,28.4,7.0,0.6667,0
12.3,0.0,28.4,7.0,0.6618,1
12.3,0.0,65.0,7.0,0.6263,0
12.6,0.0,100.0,7.0,0.2636,0
12.6,0.0,100.0,7.0,0.2636,0
12.6,0.0,100.0,7.0,0.2636,0
12.5,0.0,100.0,7.0,0.2636,0
12.6,0.0,100.0,7.0,0.2636,0
13.0,0.0,66.7,7.0,0.2636,0
12.6,0.0,100.0,7.0,0.2636,0
12.6,0.0,100.0,7.0,0.2636,0
12.5,0.0,100.0,7.0,0.2636,0
12.5,0.0,100.0,7.0,0.2636,0
13.0,0.0,66.7,7.0,0.2636,1
12.0,0.0,80.0,7.0,0.1351,0
12.8,0.0,56.5,7.0,0.807,1
13.0,0.0,66.7,7.0,0.2636,1
12.6,0.0,59.5,7.0,0.3659,1
13.3,0.0,69.2,7.0,0.4706,0
12.6,0.0,38.2,7.0,0.1791,0
12.3,0.0,38.2,7.0,0.1791,0
13.3,0.0,95.8,7.0,0.2636,0
13.3,0.0,95.8,7.0,0.2636,0
12.9,0.0,42.5,7.0,0.578,0
12.9,0.0,42.5,7.0,0.578,0
12.9,0.0,42.5,7.0,0.578,0
13.3,0.0,95.8,7.0,0.2636,0
13.3,0.0,95.8,7.0,0.2636,0
13.3,0.0,95.8,7.0,0.2636,0
13.3,0.0,95.8,7.0,0.2636,0
13.3,0.0,95.8,7.0,0.2636,0
13.3,0.0,95.8,7.0,0.2636,0
13.3,0.0,95.8,7.0,0.2636,0
12.9,0.0,84.6,7.0,0.2299,0
12.9,0.0,84.6,7.0,0.2299,0
12.8,0.0,62.8,7.0,0.0,0
13.3,0.0,95.8,7.0,0.2636,0
13.3,0.0,95.8,7.0,0.2636,0
13.3,0.0,95.8,7.0,0.2636,0
13.3,0.0,95.8,7.0,0.2636,0
13.3,0.0,95.8,7.0,0.2636,0
13.3,0.0,95.8,7.0,0.2636,0
13.3,0.0,95.8,7.0,0.2636,0
13.3,0.0,95.8,7.0,0.2636,0
13.3,0.0,95.8,7.0,0.2636,0
13.3,0.0,95.8,7.0,0.2636,0
13.3,0.0,95.8,7.0,0.2636,0
13.3,0.0,95.8,7.0,0.2636,0
13.3,0.0,95.8,7.0,0.2636,0
12.3,0.0,65.0,7.0,0.6263,0
13.0,0.0,78.7,7.0,0.1905,1
13.1,0.0,78.7,7.0,0.1964,0
13.1,0.0,78.7,7.0,0.1964,0
13.1,0.0,78.7,7.0,0.1964,0
13.1,0.0,78.7,7.0,0.1964,0
13.1,0.0,78.7,7.0,0.1964,0
13.1,0.0,78.7,7.0,0.1964,0
13.1,0.0,78.7,7.0,0.1964,0
13.1,0.0,78.7,7.0,0.1964,0
12.6,0.0,78.7,7.0,0.1905,1
13.1,0.0,78.7,7.0,0.1964,0
13.1,0.0,78.7,7.0,0.1964,0
13.1,0.0,78.7,7.0,0.1964,0
13.1,0.0,78.7,7.0,0.1964,0
13.1,0.0,78.7,7.0,0.1964,0
13.1,0.0,78.7,7.0,0.1964,0
13.1,0.0,78.7,7.0,0.1964,0
13.1,0.0,78.7,7.0,0.1905,1
13.1,0.0,78.7,7.0,0.1905,1
13.1,0.0,78.7,7.0,0.1905,1
13.1,0.0,78.7,7.0,0.1905,1
13.7,0.0,72.3,7.0,0.4706,1
12.7,0.0,58.7,7.0,0.3756,0
12.7,0.0,58.7,7.0,0.3756,0
12.7,0.0,58.7,7.0,0.3707,1
12.7,0.0,58.7,7.0,0.3756,0
12.7,0.0,58.7,7.0,0.3756,0
12.7,0.0,58.7,7.0,0.3756,0
13.5,0.0,63.8,7.0,0.3869,0
13.5,0.0,63.8,7.0,0.3869,0
13.5,0.0,63.8,7.0,0.3869,0
12.6,0.0,63.8,7.0,0.3869,0
12.9,0.0,37.0,7.0,0.2636,1
13.1,0.0,65.0,7.0,0.6263,0
13.1,0.0,65.0,7.0,0.6263,0
13.1,0.0,65.0,7.0,0.6162,1
13.1,0.0,65.0,7.0,0.6263,0
13.1,0.0,65.0,7.0,0.6162,1
13.1,0.0,65.0,8.0,0.6162,1
13.1,0.0,65.0,8.0,0.6162,1
13.1,0.0,65.0,7.0,0.6263,0
12.7,0.0,91.6,7.0,0.0588,0
13.3,0.0,89.8,7.0,0.1181,0
13.3,0.0,89.8,7.0,0.1181,0
13.3,0.0,89.8,7.0,0.1181,0
13.3,0.0,89.8,7.0,0.1181,0
12.8,0.0,62.9,7.0,0.1698,0
13.3,0.0,89.8,7.0,0.1181,0
13.3,0.0,89.8,7.0,0.1181,0
13.3,0.0,89.8,7.0,0.1181,0
13.3,0.0,89.8,7.0,0.1181,0
13.6,0.0,86.0,7.0,0.2653,0
12.9,0.0,86.0,7.0,0.2653,0
12.9,0.0,86.0,7.0,0.2449,1
12.8,0.0,86.0,7.0,0.2653,0
12.5,0.0,40.0,7.0,0.2636,0
12.9,0.0,45.9,7.0,0.3167,0
12.5,0.0,40.0,7.0,0.2636,0
12.5,0.0,40.0,7.0,0.2636,0
12.5,0.0,40.0,7.0,0.2636,0
12.3,0.0,94.0,7.0,0.1566,0
12.8,0.0,61.9,7.0,0.3855,0
13.1,0.0,29.2,7.0,0.6161,0
13.1,1.0,29.2,7.0,0.6161,0
12.9,0.0,82.4,7.0,0.0778,0
12.9,0.0,82.4,7.0,0.0778,0
12.9,0.0,82.4,7.0,0.0778,0
12.9,0.0,84.4,7.0,0.1348,1
12.8,0.0,64.7,7.0,0.3333,1
12.8,0.0,64.7,7.0,0.3333,1
12.8,0.0,64.7,7.0,0.3333,1
12.8,0.0,64.7,7.0,0.3333,1
12.8,0.0,64.7,7.0,0.3333,1
13.1,0.0,78.7,7.0,0.1964,0
13.1,0.0,78.7,7.0,0.1964,0
13.1,0.0,78.7,7.0,0.1964,0
13.1,0.0,78.7,7.0,0.1964,0
13.3,0.0,89.8,7.0,0.1181,0
13.3,0.0,89.8,7.0,0.1181,0
13.3,0.0,89.8,7.0,0.1181,0
13.3,0.0,89.8,7.0,0.1181,0
13.3,0.0,89.8,7.0,0.1181,0
13.3,0.0,89.8,7.0,0.1181,0
13.3,0.0,89.8,7.0,0.1181,0
13.3,0.0,89.8,7.0,0.1181,0
12.2,0.0,76.9,7.0,0.3271,0
12.4,0.0,33.9,7.0,0.2982,0
13.7,0.0,100.0,7.0,0.2636,0
13.7,0.0,100.0,7.0,0.2636,0
12.2,0.0,81.1,7.0,0.2149,0
12.0,0.0,81.1,7.0,0.2149,0
12.4,0.0,93.0,7.0,0.0476,0
12.4,0.0,93.0,7.0,0.0476,0
12.4,0.0,40.9,7.0,0.3678,0
13.0,0.0,80.8,7.0,0.1569,0
13.0,0.0,80.8,7.0,0.1569,0
12.0,0.0,55.9,7.0,0.4706,0
12.0,0.0,55.9,7.0,0.4706,0
12.0,0.0,55.9,7.0,0.4706,0
12.7,0.0,93.2,7.0,0.0517,1
12.7,0.0,93.2,7.0,0.0517,1
12.8,0.0,66.7,8.0,0.2636,0
12.7,0.0,93.2,7.0,0.0517,1
12.7,0.0,93.2,7.0,0.0517,1
12.7,0.0,93.2,7.0,0.0603,0
12.0,0.0,80.9,7.0,0.1404,0
13.5,0.0,80.9,7.0,0.1404,0
12.3,0.0,74.5,7.0,0.2222,0
12.3,0.0,74.5,7.0,0.2222,0
12.3,0.0,74.5,7.0,0.2222,0
12.3,0.0,74.5,7.0,0.2222,0
12.3,0.0,74.5,7.0,0.2222,0
12.6,0.0,81.1,7.0,0.2149,0
12.3,0.0,0.0,7.0,0.8514,0
12.3,0.0,0.0,7.0,0.8514,0
12.3,0.0,0.0,7.0,0.8514,0
12.3,0.0,0.0,7.0,0.8514,0
12.3,0.0,0.0,7.0,0.8514,0
12.3,0.0,0.0,7.0,0.8514,0
12.6,0.0,4.8,7.0,0.2636,1
12.6,0.0,4.8,7.0,0.2636,1
12.6,0.0,4.8,7.0,0.2636,1
12.8,0.0,62.8,7.0,0.0,0
12.8,0.0,62.8,7.0,0.0,0
12.8,0.0,62.8,7.0,0.0,0
12.8,0.0,62.8,7.0,0.0,0
13.5,0.0,80.0,9.0,0.2636,1
13.0,0.0,66.7,7.0,0.2636,1
13.4,0.0,69.2,7.0,0.4706,0
12.8,0.0,66.7,7.0,0.2636,1
12.8,0.0,66.7,7.0,0.2636,1
13.0,0.0,72.3,7.0,0.4706,1
12.3,0.0,59.6,7.0,0.3043,1
12.3,0.0,59.6,7.0,0.3043,1
12.3,0.0,59.6,7.0,0.3261,0
12.3,0.0,59.6,7.0,0.3261,0
12.3,0.0,59.6,7.0,0.3261,0
12.8,0.0,90.0,7.0,0.1628,0
12.4,0.0,33.9,7.0,0.2982,0
12.4,0.0,33.9,7.0,0.2982,0
12.1,0.0,60.0,7.0,0.2636,1
12.2,0.0,60.0,7.0,0.2636,0
13.5,0.0,8.3,7.0,0.2636,0
13.5,0.0,8.3,7.0,0.2636,0
13.5,0.0,8.3,7.0,0.2636,0
12.1,0.0,98.2,7.0,0.0228,0
12.1,0.0,98.2,7.0,0.0228,0
12.1,0.0,98.2,7.0,0.0228,0
12.1,0.0,98.2,7.0,0.0228,0
12.1,0.0,98.2,7.0,0.0228,0
12.4,0.0,60.7,7.0,0.2963,0
12.1,0.0,60.7,9.0,0.2922,1
12.3,0.0,59.6,7.0,0.3261,0
12.3,0.0,59.6,7.0,0.3261,0
12.3,0.0,59.6,7.0,0.3043,1
12.3,0.0,59.6,7.0,0.3043,1
12.3,0.0,59.6,7.0,0.3043,1
12.3,0.0,59.6,7.0,0.3043,1
12.3,0.0,59.6,7.0,0.3043,1
12.3,0.0,59.6,7.0,0.3261,0
12.3,0.0,59.6,7.0,0.3043,1
12.3,0.0,59.6,7.0,0.3261,0
12.3,0.0,59.6,7.0,0.3261,0
12.3,0.0,59.6,7.0,0.3261,0
12.3,0.0,59.6,7.0,0.3261,0
12.3,0.0,59.6,7.0,0.3261,0
12.3,0.0,59.6,7.0,0.3261,0
12.3,0.0,59.6,7.0,0.3043,1
12.3,0.0,59.6,7.0,0.3043,1
12.3,0.0,59.6,7.0,0.3043,1
12.3,0.0,59.6,7.0,0.3043,1
12.3,0.0,59.6,7.0,0.3043,1
12.3,0.0,59.6,7.0,0.3261,0
12.3,0.0,59.6,7.0,0.3261,0
12.3,0.0,59.6,7.0,0.3261,0
12.3,0.0,59.6,7.0,0.3261,0
12.3,0.0,59.6,7.0,0.3261,0
12.3,0.0,59.6,7.0,0.3261,0
12.3,0.0,59.6,7.0,0.3261,0
12.3,0.0,59.6,7.0,0.3261,0
12.3,0.0,59.6,7.0,0.3261,0
12.3,0.0,59.6,7.0,0.3261,0
12.3,0.0,59.6,7.0,0.3261,0
12.3,0.0,59.6,7.0,0.3261,0
12.3,0.0,59.6,7.0,0.3261,0
12.3,0.0,59.6,7.0,0.3261,0
12.3,0.0,59.6,7.0,0.3261,0
12.3,0.0,59.6,7.0,0.3261,0
12.3,0.0,59.6,7.0,0.3043,1
12.3,0.0,59.6,7.0,0.3043,1
12.3,0.0,59.6,7.0,0.3261,0
12.3,0.0,59.6,7.0,0.3261,0
12.0,0.0,100.0,7.0,0.0,0
12.2,0.0,78.8,7.0,0.3165,0
12.2,0.0,78.8,7.0,0.3165,0
12.1,0.0,82.9,7.0,0.175,0
13.5,0.0,6.2,7.0,0.2636,0
12.5,0.0,64.9,7.0,0.3333,0
12.2,0.0,9.1,7.0,0.1385,0
12.2,0.0,9.1,7.0,0.1231,1
12.2,0.0,9.1,7.0,0.1385,0
12.2,0.0,9.1,7.0,0.1385,0
12.2,0.0,9.1,7.0,0.1385,0
12.2,0.0,89.2,7.0,0.0978,0
12.2,0.0,80.8,7.0,0.1569,0
12.2,0.0,80.8,7.0,0.1569,0
12.6,0.0,78.7,7.0,0.1905,1
12.0,0.0,64.9,7.0,0.3333,0
12.2,0.0,9.1,7.0,0.1385,0
12.6,0.0,100.0,7.0,0.2636,0
12.6,0.0,100.0,7.0,0.2636,0
12.5,0.0,100.0,7.0,0.2636,0
12.6,0.0,100.0,7.0,0.2636,0
12.8,0.0,61.4,7.0,0.0805,0
12.8,0.0,61.4,7.0,0.0805,0
12.8,0.0,61.4,7.0,0.0805,0
12.8,0.0,61.4,7.0,0.0805,0
12.4,0.0,91.4,7.0,0.3235,0
12.4,0.0,91.4,7.0,0.3235,0
12.8,0.0,61.4,7.0,0.0805,0
12.8,0.0,61.4,7.0,0.0805,0
12.8,0.0,61.4,7.0,0.0805,0
12.8,0.0,61.4,7.0,0.0805,0
12.8,0.0,61.4,7.0,0.0805,0
12.8,0.0,61.4,7.0,0.0805,0
12.8,0.0,61.4,7.0,0.0805,0
12.8,0.0,61.4,7.0,0.0805,0
12.8,0.0,61.4,7.0,0.0805,0
12.9,0.0,100.0,7.0,0.0286,0
12.9,0.0,100.0,7.0,0.0286,0
12.9,0.0,100.0,7.0,0.0286,0
12.6,0.0,89.2,7.0,0.0938,1
12.5,0.0,64.9,7.0,0.3333,0
12.8,0.0,97.0,7.0,0.1018,0
12.8,0.0,97.0,7.0,0.1018,0
12.8,0.0,97.0,7.0,0.0958,1
12.8,0.0,97.0,7.0,0.1018,0
12.4,0.0,70.2,7.0,0.2611,0
13.2,0.0,70.2,7.0,0.2611,0
13.2,0.0,70.2,7.0,0.2611,0
12.5,0.0,40.0,7.0,0.2636,1
12.5,0.0,40.0,7.0,0.2636,0
12.5,0.0,40.0,7.0,0.2636,0
13.2,0.0,70.2,7.0,0.2611,0
13.2,0.0,70.2,7.0,0.2611,0
13.2,0.0,70.2,7.0,0.2611,0
13.2,0.0,70.2,7.0,0.2611,0
13.2,0.0,70.2,7.0,0.2611,0
13.2,0.0,70.2,7.0,0.2611,0
13.2,0.0,70.2,7.0,0.2611,0
13.2,0.0,70.2,7.0,0.2611,0
13.2,0.0,70.2,7.0,0.2611,0
13.2,0.0,70.2,7.0,0.2611,0
13.2,0.0,70.2,7.0,0.2611,0
13.2,0.0,70.2,7.0,0.2611,0
13.2,0.0,70.2,7.0,0.2611,0
13.2,0.0,70.2,7.0,0.2611,0
13.2,0.0,70.2,7.0,0.2611,0
13.2,0.0,70.2,7.0,0.2611,0
13.2,0.0,70.2,7.0,0.2611,0
13.2,0.0,70.2,7.0,0.2611,0
13.2,0.0,70.2,7.0,0.2611,0
13.2,0.0,70.2,7.0,0.2611,0
12.6,0.0,100.0,7.0,0.2636,0
12.6,0.0,100.0,7.0,0.2636,0
12.6,0.0,100.0,7.0,0.2636,0
12.6,0.0,100.0,7.0,0.2636,0
12.8,0.0,39.4,7.0,0.2222,1
12.8,0.0,72.0,7.0,0.2636,0
12.8,0.0,72.0,7.0,0.2636,0
12.6,0.0,98.0,7.0,0.04,0
12.6,0.0,98.0,7.0,0.04,0
12.1,0.0,100.0,7.0,0.2636,0
12.3,0.0,28.4,7.0,0.6618,1
12.3,0.0,28.4,7.0,0.6618,1
12.3,0.0,28.4,7.0,0.6618,1
12.6,0.0,100.0,7.0,0.2636,0
12.3,0.0,88.3,7.0,0.2235,0
12.3,0.0,88.3,7.0,0.2235,0
12.9,0.0,92.2,7.0,0.1951,0
12.9,0.0,92.2,7.0,0.1951,0
12.2,0.0,100.0,7.0,0.2636,0
12.2,0.0,100.0,7.0,0.2636,0
12.3,0.0,86.7,7.0,0.2636,0
12.5,1.0,100.0,7.0,0.2636,0
12.4,0.0,41.6,7.0,0.3207,0
12.4,0.0,41.6,7.0,0.3207,0
12.4,0.0,41.6,7.0,0.3207,0
12.4,0.0,41.6,7.0,0.3152,1
13.0,0.0,41.6,7.0,0.3207,0
12.4,0.0,41.6,7.0,0.3152,1
12.4,0.0,41.6,7.0,0.3207,0
12.3,1.0,86.7,7.0,0.2636,0
12.8,0.0,85.7,7.0,0.2636,0
12.8,0.0,85.7,7.0,0.2636,0
12.9,0.0,82.4,7.0,0.0778,0
12.4,0.0,82.4,7.0,0.0778,0
12.6,0.0,82.4,7.0,0.0778,0
12.5,0.0,68.4,7.0,0.2636,0
12.0,0.0,76.3,7.0,0.0,0
12.3,0.0,76.3,7.0,0.0,0
12.3,0.0,76.3,7.0,0.0,0
12.3,0.0,76.3,7.0,0.0,0
12.6,0.0,73.7,7.0,0.2636,0
12.1,0.0,66.7,7.0,0.2636,0
12.4,0.0,82.0,7.0,0.1705,0
12.1,0.0,66.7,7.0,0.2636,0
12.1,0.0,66.7,7.0,0.2636,0
12.4,0.0,43.2,7.0,0.4444,1
12.2,0.0,100.0,7.0,0.2636,0
12.9,0.0,88.8,7.0,0.8344,0
12.4,0.0,63.4,7.0,0.35,0
12.2,0.0,80.9,7.0,0.1404,0
12.7,0.0,93.2,8.0,0.0769,1
12.7,0.0,93.2,8.0,0.0769,1
12.7,0.0,93.2,8.0,0.0769,1
12.7,0.0,93.2,8.0,0.0769,1
12.1,0.0,100.0,7.0,0.2636,0
12.1,0.0,100.0,7.0,0.2636,0
12.1,0.0,100.0,7.0,0.2636,0
12.0,0.0,100.0,7.0,0.2636,0
12.0,0.0,100.0,7.0,0.2636,0
12.0,0.0,100.0,7.0,0.2636,0
12.1,0.0,100.0,7.0,0.2636,0
12.0,0.0,100.0,7.0,0.2636,0
12.1,0.0,77.9,7.0,0.209,1
12.3,0.0,86.7,7.0,0.2636,0
12.2,0.0,100.0,7.0,0.2636,0
12.2,0.0,89.2,7.0,0.0978,0
12.2,0.0,89.2,7.0,0.0978,0
12.2,0.0,89.2,7.0,0.0978,0
12.2,0.0,89.2,7.0,0.0978,0
12.2,0.0,89.2,7.0,0.0978,0
12.1,0.0,89.2,7.0,0.0978,0
12.1,0.0,89.2,7.0,0.0978,0
12.1,0.0,89.2,7.0,0.0978,0
12.2,0.0,89.2,7.0,0.0978,0
12.2,0.0,89.2,7.0,0.0978,0
12.2,0.0,89.2,7.0,0.0978,0
12.4,0.0,33.9,7.0,0.2982,0
12.3,0.0,77.5,7.0,0.1795,0
12.6,0.0,49.0,7.0,0.3289,0
13.3,0.0,95.2,7.0,0.0097,0
12.1,0.0,92.1,7.0,0.2258,0
12.1,0.0,92.1,7.0,0.2258,0
12.0,0.0,38.1,7.0,0.6386,0
13.2,0.0,63.8,7.0,0.3796,1
12.3,0.0,42.5,7.0,0.1608,0
13.3,2.0,17.6,7.0,0.2636,0
12.7,0.0,97.5,7.0,0.0127,1
13.3,0.0,17.6,7.0,0.2636,0
13.3,1.0,17.6,7.0,0.2636,0
12.7,0.0,97.5,7.0,0.019,0
12.2,2.0,17.6,7.0,0.2636,0
13.0,0.0,17.6,7.0,0.2636,0
12.4,0.0,100.0,7.0,0.2636,0
12.4,0.0,100.0,7.0,0.2636,0
12.4,0.0,100.0,7.0,0.2636,0
12.2,0.0,0.0,7.0,0.2636,0
12.2,0.0,94.0,7.0,0.1566,0
12.1,0.0,94.0,7.0,0.1566,0
12.2,0.0,94.0,7.0,0.1566,0
12.6,0.0,0.0,7.0,0.3404,0
12.8,0.0,0.0,7.0,0.3404,0
12.1,0.0,86.2,7.0,0.3069,0
12.3,0.0,88.3,7.0,0.2235,0
12.3,0.0,88.3,7.0,0.2235,0
12.3,0.0,60.7,7.0,0.2963,0
12.3,0.0,69.1,7.0,0.123,0
12.4,1.0,84.4,7.0,0.1348,1
12.1,0.0,84.4,7.0,0.1461,0
12.4,0.0,84.4,7.0,0.1461,0
12.4,0.0,84.4,7.0,0.1461,0
12.6,0.0,13.7,7.0,0.1099,0
12.9,0.0,84.4,7.0,0.1461,0
12.9,0.0,84.4,7.0,0.1461,0
12.9,0.0,84.4,7.0,0.1461,0
12.9,0.0,84.4,7.0,0.1461,0
12.9,0.0,84.4,7.0,0.1348,1
12.9,0.0,84.4,7.0,0.1348,1
12.9,0.0,84.4,7.0,0.1461,0
12.9,0.0,84.4,7.0,0.1461,0
12.9,0.0,84.4,7.0,0.1461,0
12.9,0.0,84.4,7.0,0.1461,0
12.9,0.0,84.4,7.0,0.1461,0
12.9,0.0,84.4,7.0,0.1461,0
12.9,0.0,84.4,7.0,0.1461,0
12.9,0.0,84.4,7.0,0.1461,0
12.9,0.0,84.4,7.0,0.1461,0
12.9,0.0,84.4,7.0,0.1461,0
12.9,0.0,84.4,7.0,0.1461,0
12.9,0.0,84.4,7.0,0.1461,0
12.9,0.0,84.4,7.0,0.1461,0
12.9,0.0,84.4,7.0,0.1461,0
12.9,0.0,84.4,7.0,0.1461,0
12.9,0.0,84.4,7.0,0.1461,0
12.9,0.0,84.4,7.0,0.1461,0
12.6,0.0,84.4,7.0,0.1461,0
12.6,0.0,84.4,7.0,0.1461,0
12.6,0.0,84.4,7.0,0.1461,0
12.6,0.0,84.4,7.0,0.1461,0
12.6,0.0,84.4,7.0,0.1461,0
12.6,0.0,84.4,7.0,0.1461,0
12.6,0.0,84.4,7.0,0.1461,0
12.6,0.0,84.4,7.0,0.1461,0
12.2,0.0,66.7,7.0,0.2636,0
12.2,0.0,66.7,7.0,0.2636,0
12.2,0.0,66.7,7.0,0.2636,0
12.2,0.0,66.7,7.0,0.2636,0
12.2,0.0,66.7,7.0,0.2636,0
12.8,0.0,90.8,7.0,0.1406,0
12.4,0.0,80.0,7.0,0.2636,0
12.0,0.0,81.1,7.0,0.2149,0
12.0,0.0,81.1,7.0,0.2149,0
12.4,0.0,14.3,7.0,0.1458,0
12.6,0.0,100.0,7.0,0.0,0
12.4,0.0,85.7,7.0,0.1441,0
12.4,0.0,85.7,7.0,0.1441,0
12.4,0.0,85.7,7.0,0.1441,0
12.4,0.0,85.7,7.0,0.1441,0
12.4,0.0,85.7,7.0,0.1441,0
12.4,0.0,85.7,7.0,0.1441,0
12.4,0.0,85.7,7.0,0.1441,0
12.4,0.0,85.7,7.0,0.1441,0
12.4,0.0,85.7,7.0,0.1441,0
12.4,0.0,85.7,7.0,0.1441,0
12.4,0.0,85.7,7.0,0.1441,0
12.4,0.0,85.7,7.0,0.1441,0
12.4,0.0,85.7,7.0,0.1441,0
12.4,0.0,85.7,7.0,0.1441,0
12.4,0.0,85.7,7.0,0.1441,0
12.4,0.0,85.7,7.0,0.1441,0
12.4,0.0,85.7,7.0,0.1441,0
12.4,0.0,85.7,7.0,0.1441,0
12.4,0.0,85.7,7.0,0.1441,0
12.4,0.0,85.7,7.0,0.1441,0
12.4,0.0,85.7,7.0,0.1441,0
12.4,0.0,85.7,7.0,0.1441,0
12.4,0.0,85.7,7.0,0.1441,0
12.4,0.0,85.7,7.0,0.1441,0
12.4,0.0,85.7,7.0,0.1441,0
12.4,0.0,85.7,7.0,0.1441,0
12.4,0.0,85.7,7.0,0.1441,0
12.4,0.0,85.7,7.0,0.1441,0
12.4,0.0,85.7,7.0,0.1441,0
12.4,0.0,85.7,7.0,0.1441,0
12.4,0.0,55.9,7.0,0.4706,0
12.4,0.0,55.9,7.0,0.4706,0
12.4,0.0,55.9,7.0,0.4706,0
12.4,0.0,55.9,7.0,0.4706,0
12.4,0.0,55.9,7.0,0.4706,0
12.4,0.0,55.9,7.0,0.4652,1
12.4,0.0,55.9,7.0,0.4706,0
12.1,0.0,61.4,7.0,0.0805,0
12.1,0.0,61.4,7.0,0.0805,0
12.1,0.0,61.4,7.0,0.0805,0
12.4,0.0,63.4,7.0,0.35,0
12.9,0.0,100.0,7.0,0.0286,0
12.2,0.0,27.1,7.0,0.6809,1
12.2,0.0,27.1,7.0,0.6809,1
12.2,0.0,27.1,7.0,0.6809,1
12.2,0.0,27.1,7.0,0.7021,0
12.2,0.0,27.1,7.0,0.6809,1
12.2,0.0,27.1,7.0,0.6809,1
12.0,0.0,91.8,7.0,0.0417,0
12.0,0.0,91.8,7.0,0.0417,0
12.0,0.0,91.8,7.0,0.0417,0
12.0,0.0,91.8,7.0,0.0417,0
12.0,0.0,91.8,7.0,0.0417,0
12.0,0.0,91.8,7.0,0.0417,0
12.0,0.0,91.8,7.0,0.0417,0
12.1,0.0,68.3,7.0,0.2,0
12.1,0.0,68.3,7.0,0.2,0
12.1,0.0,68.3,7.0,0.2,0
12.1,0.0,68.3,7.0,0.2,0
12.1,0.0,68.3,7.0,0.2,0
12.1,0.0,68.3,7.0,0.2,0
12.1,0.0,68.3,7.0,0.2,0
12.1,0.0,68.3,7.0,0.2,0
12.1,0.0,68.3,7.0,0.2,0
12.0,0.0,61.6,7.0,0.1122,0
12.0,0.0,61.6,7.0,0.1122,0
12.0,0.0,61.6,7.0,0.1122,0
12.0,0.0,61.6,7.0,0.1122,0
12.0,0.0,61.6,7.0,0.1122,0
12.0,0.0,61.6,7.0,0.1122,0
12.0,0.0,61.6,7.0,0.1122,0
12.2,0.0,37.8,7.0,0.5,1
12.2,0.0,37.8,7.0,0.5,1
12.0,0.0,61.6,7.0,0.1122,0
13.0,0.0,94.2,7.0,0.0,0
13.0,0.0,94.2,7.0,0.0,0
13.0,0.0,94.2,7.0,0.0,0
13.0,0.0,94.2,7.0,0.0,0
13.0,0.0,94.2,7.0,0.0,0
13.0,0.0,94.2,7.0,0.0,0
13.0,0.0,94.2,7.0,0.0,0
13.0,0.0,94.2,7.0,0.0,0
13.0,0.0,94.2,7.0,0.0,0
13.0,0.0,94.2,7.0,0.0,0
13.0,0.0,94.2,7.0,0.0,0
12.0,0.0,61.6,7.0,0.1122,0
12.0,0.0,61.6,7.0,0.1122,0
12.0,0.0,61.6,7.0,0.1122,0
12.0,0.0,61.6,7.0,0.1122,0
12.0,0.0,61.6,7.0,0.1122,0
12.2,0.0,29.2,7.0,0.6071,1
12.4,0.0,33.9,7.0,0.2982,0
12.6,0.0,64.4,7.0,0.3483,0
12.0,0.0,61.6,7.0,0.1122,0
12.0,0.0,61.6,7.0,0.1122,0
12.0,0.0,61.6,7.0,0.1122,0
12.0,0.0,61.6,7.0,0.1122,0
12.0,0.0,61.6,7.0,0.1122,0
12.0,0.0,61.6,7.0,0.1122,0
12.4,0.0,70.2,7.0,0.2611,0
12.0,0.0,61.6,7.0,0.1122,0
12.0,0.0,61.6,7.0,0.1122,0
12.0,0.0,61.6,7.0,0.1122,0
12.4,0.0,70.2,7.0,0.2611,0
12.4,0.0,70.2,7.0,0.2611,0
12.4,0.0,70.2,7.0,0.2611,0
12.4,0.0,70.2,7.0,0.2611,0
12.4,0.0,70.2,7.0,0.2611,0
12.4,0.0,70.2,7.0,0.2611,0
12.4,0.0,70.2,7.0,0.2611,0
12.4,0.0,70.2,7.0,0.2611,0
12.4,0.0,70.2,7.0,0.2611,0
12.1,0.0,96.2,7.0,0.013,0
12.1,0.0,96.2,7.0,0.013,0
12.4,0.0,70.2,7.0,0.2611,0
12.4,0.0,70.2,7.0,0.2611,0
12.4,0.0,70.2,7.0,0.2611,0
12.5,0.0,84.9,7.0,0.1154,0
12.5,0.0,72.2,7.0,0.2286,0
12.4,0.0,72.2,7.0,0.2286,0
12.3,0.0,69.1,7.0,0.123,0
12.3,0.0,69.1,7.0,0.123,0
13.0,0.0,73.5,7.0,0.3267,0
13.0,0.0,73.5,7.0,0.3267,0
12.1,0.0,82.9,7.0,0.175,0
12.5,0.0,72.2,7.0,0.2286,0
12.3,0.0,69.1,7.0,0.123,0
12.3,0.0,69.1,7.0,0.123,0
12.4,0.0,71.4,7.0,0.4182,0
12.9,0.0,100.0,7.0,0.0286,0
12.9,0.0,100.0,7.0,0.0286,0
12.9,0.0,100.0,7.0,0.0286,0
12.9,0.0,100.0,7.0,0.0286,0
12.9,0.0,100.0,7.0,0.0286,0
12.2,0.0,76.9,7.0,0.3271,0
12.9,0.0,100.0,7.0,0.0286,0
12.9,0.0,100.0,7.0,0.0286,0
12.9,0.0,100.0,7.0,0.0286,0
12.9,0.0,100.0,7.0,0.0286,0
12.9,0.0,100.0,7.0,0.0286,0
12.5,0.0,13.7,7.0,0.1099,0
12.1,0.0,61.4,7.0,0.0805,0
12.9,0.0,100.0,7.0,0.0286,0
12.6,0.0,4.8,7.0,0.2636,1
12.6,0.0,4.8,7.0,0.2636,1
12.6,0.0,4.8,7.0,0.2636,0
12.1,0.0,71.4,7.0,0.4,1
12.1,1.0,71.4,7.0,0.4182,0
12.1,0.0,40.0,7.0,0.2636,0
12.4,0.0,100.0,7.0,0.0,0
12.4,0.0,100.0,7.0,0.0,0
12.4,0.0,100.0,7.0,0.0,0
12.4,0.0,100.0,7.0,0.0,0
12.4,0.0,100.0,7.0,0.0,0
12.2,0.0,96.3,7.0,0.0377,0
12.2,0.0,96.3,7.0,0.0377,0
12.5,0.0,61.4,7.0,0.0805,0
12.5,0.0,61.4,7.0,0.0805,0
12.5,0.0,61.4,7.0,0.0805,0
12.5,0.0,61.4,7.0,0.0805,0
12.5,0.0,61.4,7.0,0.0805,0
12.5,0.0,61.4,7.0,0.0805,0
12.5,0.0,61.4,7.0,0.0805,0
12.5,0.0,61.4,7.0,0.0805,0
12.5,0.0,61.4,7.0,0.0805,0
12.5,0.0,61.4,7.0,0.069,1
12.4,0.0,91.7,7.0,0.2636,0
12.4,0.0,91.7,7.0,0.2636,0
13.0,0.0,91.7,7.0,0.2636,0
13.0,0.0,91.7,7.0,0.2636,0
12.4,0.0,69.2,7.0,0.4706,0
12.4,0.0,69.2,7.0,0.451,1
12.2,0.0,82.7,7.0,0.1992,0
12.3,0.0,88.3,7.0,0.2235,0
12.4,0.0,72.2,7.0,0.2,1
12.5,0.0,84.0,7.0,0.2148,0
12.5,0.0,84.0,7.0,0.2081,1
12.5,0.0,61.4,7.0,0.0805,0
12.5,0.0,61.4,7.0,0.0805,0
12.5,0.0,61.4,7.0,0.0805,0
12.5,0.0,61.4,7.0,0.0805,0
12.5,0.0,61.4,7.0,0.0805,0
12.5,0.0,61.4,7.0,0.0805,0
12.5,0.0,61.4,7.0,0.0805,0
12.5,0.0,61.4,7.0,0.0805,0
12.5,0.0,61.4,7.0,0.0805,0
12.5,0.0,61.4,7.0,0.0805,0
12.5,0.0,61.4,7.0,0.0805,0
12.5,0.0,61.4,7.0,0.0805,0
12.5,0.0,61.4,7.0,0.0805,0
12.5,0.0,61.4,7.0,0.0805,0
12.5,0.0,61.4,7.0,0.0805,0
12.5,0.0,61.4,7.0,0.0805,0
12.1,0.0,75.0,7.0,0.2636,0
12.1,0.0,75.0,7.0,0.2636,0
12.1,0.0,63.8,7.0,0.3869,0
12.1,0.0,63.8,7.0,0.3869,0
12.1,0.0,63.8,7.0,0.3869,0
12.1,0.0,63.8,7.0,0.3869,0
12.2,0.0,91.2,7.0,0.0606,0
12.2,0.0,91.2,7.0,0.0606,0
12.2,0.0,91.2,7.0,0.0606,0
12.2,0.0,91.2,7.0,0.0606,0
12.2,0.0,91.2,7.0,0.0606,0
12.2,0.0,91.2,7.0,0.0606,0
12.2,0.0,91.2,7.0,0.0606,0
12.2,0.0,91.2,7.0,0.0606,0
12.2,0.0,91.2,7.0,0.0606,0
12.2,0.0,91.2,7.0,0.0606,0
12.2,0.0,91.2,7.0,0.0606,0
12.2,0.0,91.2,7.0,0.0606,0
12.2,0.0,91.2,7.0,0.0606,0
12.2,0.0,91.2,7.0,0.0606,0
12.2,0.0,91.2,7.0,0.0606,0
12.2,0.0,91.2,7.0,0.0606,0
12.2,0.0,90.8,7.0,0.125,1
12.2,0.0,90.8,7.0,0.1406,0
12.2,0.0,90.8,7.0,0.1406,0
13.0,0.0,62.7,7.0,0.3276,0
12.0,0.0,61.6,7.0,0.1122,0
12.0,0.0,61.6,7.0,0.1122,0
12.0,0.0,61.6,7.0,0.1122,0
12.0,0.0,61.6,7.0,0.1122,0
12.0,0.0,61.6,7.0,0.1122,0
12.0,0.0,61.6,7.0,0.1122,0
12.0,0.0,61.6,7.0,0.1122,0
12.0,0.0,61.6,7.0,0.1122,0
12.3,0.0,0.0,7.0,0.2636,0
12.0,0.0,61.6,7.0,0.1122,0
12.0,0.0,61.6,7.0,0.1122,0
12.0,0.0,61.6,7.0,0.1122,0
12.0,0.0,61.6,7.0,0.1122,0
12.0,0.0,61.6,7.0,0.1122,0
12.0,0.0,61.6,7.0,0.1122,0
12.0,0.0,61.6,7.0,0.1122,0
12.0,0.0,61.6,7.0,0.1122,0
12.0,0.0,61.6,7.0,0.1122,0
12.0,0.0,61.6,7.0,0.1122,0
12.0,0.0,61.6,7.0,0.1122,0
12.0,0.0,61.6,7.0,0.1122,0
12.0,0.0,61.6,7.0,0.1122,0
12.1,0.0,78.8,8.0,0.3165,0
12.2,0.0,78.8,7.0,0.3165,0
12.2,0.0,78.8,7.0,0.3165,0
12.2,0.0,78.8,7.0,0.3165,0
12.4,0.0,14.3,7.0,0.1458,0
12.0,0.0,61.6,7.0,0.1122,0
12.0,0.0,61.6,7.0,0.1122,0
12.0,0.0,61.6,7.0,0.1122,0
12.0,0.0,46.7,7.0,0.4615,0
12.0,0.0,61.6,7.0,0.1122,0
12.0,0.0,61.6,7.0,0.1122,0
12.0,0.0,61.6,7.0,0.1122,0
12.0,0.0,61.6,7.0,0.1122,0
12.0,0.0,61.6,7.0,0.1122,0
12.7,0.0,93.2,7.0,0.0855,0
12.7,0.0,93.2,8.0,0.0855,0
12.7,0.0,93.2,8.0,0.0855,0
12.3,0.0,59.6,8.0,0.3261,0
12.3,0.0,59.6,7.0,0.3261,0
12.1,0.0,92.1,7.0,0.2258,0
12.1,0.0,92.1,7.0,0.2258,0
12.1,0.0,92.1,7.0,0.2258,0
12.1,0.0,92.1,7.0,0.2258,0
12.1,0.0,92.1,7.0,0.2258,0
12.1,0.0,92.1,7.0,0.2258,0
12.3,0.0,60.7,7.0,0.2963,0
12.3,0.0,60.7,7.0,0.2963,0
12.3,0.0,60.7,7.0,0.2963,0
12.3,0.0,60.7,7.0,0.2963,0
12.1,0.0,78.8,7.0,0.3165,0
12.7,0.0,66.1,7.0,0.2318,0
12.8,1.0,76.5,7.0,0.2636,0
12.8,1.0,76.5,7.0,0.2636,0
12.0,0.0,100.0,7.0,0.2636,0
12.0,0.0,100.0,7.0,0.2636,0
12.8,0.0,99.7,7.0,0.0094,0
12.4,0.0,69.2,7.0,0.451,1
12.4,0.0,7.7,7.0,0.2636,0
12.4,0.0,69.2,7.0,0.4706,0
12.0,0.0,81.1,7.0,0.2149,0
12.4,0.0,69.2,7.0,0.4706,0
12.4,0.0,69.2,7.0,0.4706,0
12.2,0.0,100.0,7.0,0.0286,0
12.1,0.0,69.1,7.0,0.123,0
12.2,0.0,87.8,7.0,0.1644,0
12.3,1.0,0.0,7.0,0.2636,0
12.8,0.0,100.0,7.0,0.2636,0
12.2,0.0,88.3,7.0,0.2235,0
12.0,0.0,78.2,7.0,0.4074,0
12.1,0.0,61.4,7.0,0.0805,0
12.1,0.0,61.4,7.0,0.0805,0
12.2,0.0,100.0,7.0,0.0286,0
12.1,0.0,84.6,7.0,0.2285,1
12.1,0.0,58.7,7.0,0.3707,1
12.1,0.0,58.7,7.0,0.3707,1
12.1,0.0,58.7,7.0,0.3707,1
12.1,0.0,58.7,7.0,0.3707,1
12.1,0.0,58.7,7.0,0.3707,1
12.1,0.0,58.7,7.0,0.3707,1
12.1,0.0,58.7,7.0,0.3707,1
12.1,0.0,58.7,7.0,0.3707,1
12.1,0.0,58.7,7.0,0.3707,1
12.1,0.0,58.7,7.0,0.3707,1
12.1,2.0,0.0,7.0,0.2636,0
12.3,3.0,0.0,7.0,0.2636,0
12.3,3.0,0.0,7.0,0.2636,0
12.3,0.0,0.0,7.0,0.2636,0
12.3,1.0,0.0,7.0,0.2636,0
12.1,0.0,0.0,7.0,0.3404,0
12.8,0.0,100.0,7.0,0.1,0
12.1,0.0,0.0,7.0,0.3404,0
12.5,0.0,13.7,8.0,0.1099,0
12.2,0.0,39.1,8.0,0.2326,0
12.2,0.0,39.1,7.0,0.2326,0
12.2,0.0,100.0,7.0,0.0286,0
12.2,0.0,64.5,8.0,0.3913,0
12.4,0.0,87.8,7.0,0.1507,1
12.4,0.0,82.4,7.0,0.0778,0
12.1,0.0,100.0,7.0,0.1,0
12.5,0.0,96.2,7.0,0.013,0
12.1,0.0,100.0,7.0,0.2636,0
12.1,0.0,100.0,7.0,0.2636,0
12.1,0.0,0.0,7.0,0.3404,0
12.6,0.0,80.9,7.0,0.1404,0
12.4,0.0,100.0,7.0,0.2636,0
12.1,0.0,92.1,7.0,0.2258,0
12.1,0.0,92.1,7.0,0.2258,0
12.1,0.0,92.1,7.0,0.2258,0
12.1,0.0,92.1,7.0,0.2258,0
12.1,0.0,92.1,7.0,0.2258,0
12.1,0.0,92.1,7.0,0.2258,0
12.1,0.0,92.1,7.0,0.2258,0
12.1,0.0,92.1,7.0,0.2258,0
12.1,0.0,92.1,7.0,0.2258,0
12.1,0.0,92.1,7.0,0.2258,0
12.1,0.0,92.1,7.0,0.2258,0
12.1,0.0,92.1,7.0,0.2258,0
12.1,0.0,92.1,7.0,0.2258,0
12.3,0.0,0.0,7.0,0.2636,0
12.3,0.0,0.0,7.0,0.2636,0
12.3,0.0,0.0,7.0,0.2636,0
12.3,0.0,0.0,7.0,0.2636,0
12.3,0.0,78.2,7.0,0.4074,0
12.1,0.0,80.6,7.0,0.0761,0
12.1,0.0,80.6,7.0,0.0761,0
12.1,0.0,80.6,7.0,0.0761,0
12.1,0.0,80.6,7.0,0.0761,0
12.1,0.0,80.6,7.0,0.0761,0
12.1,0.0,80.6,7.0,0.0761,0
12.1,0.0,80.6,7.0,0.0761,0
12.1,0.0,80.6,7.0,0.0761,0
12.1,0.0,80.6,7.0,0.0761,0
12.1,0.0,80.6,7.0,0.0761,0
12.0,0.0,64.9,7.0,0.3333,0
12.2,0.0,69.2,8.0,0.4706,0
12.2,0.0,69.2,8.0,0.4706,0
12.1,0.0,97.0,7.0,0.0958,1
12.1,0.0,97.0,7.0,0.0958,1
12.1,0.0,97.0,7.0,0.1018,0
12.1,0.0,97.0,7.0,0.1018,0
12.1,0.0,69.2,7.0,0.4706,0
12.1,0.0,69.2,7.0,0.4706,0
12.1,0.0,69.2,7.0,0.4706,0
12.1,0.0,69.2,7.0,0.4706,0
12.0,0.0,81.1,7.0,0.2149,0
12.0,0.0,81.1,7.0,0.2149,0
12.2,0.0,72.3,7.0,0.4706,1
12.2,0.0,72.3,7.0,0.4745,0
12.2,0.0,72.3,7.0,0.4745,0
12.2,0.0,72.3,7.0,0.4745,0
12.2,0.0,72.3,7.0,0.4745,0
12.2,0.0,72.3,7.0,0.4745,0
12.2,0.0,72.3,7.0,0.4745,0
12.2,0.0,72.3,7.0,0.4745,0
12.2,0.0,72.3,7.0,0.4745,0
12.2,0.0,72.3,7.0,0.4745,0
12.4,0.0,33.3,7.0,0.2636,0
12.0,0.0,81.1,7.0,0.2149,0
12.0,0.0,64.9,7.0,0.3333,0
12.0,0.0,64.9,7.0,0.3333,0
12.2,0.0,53.8,7.0,0.2636,0
12.1,0.0,78.7,7.0,0.1964,0
12.1,0.0,78.7,7.0,0.1964,0
12.1,0.0,78.7,7.0,0.1964,0
12.1,0.0,78.7,7.0,0.1964,0
12.1,0.0,78.7,7.0,0.1964,0
12.1,0.0,78.7,7.0,0.1964,0
12.1,0.0,78.7,7.0,0.1964,0
12.0,0.0,64.9,7.0,0.3333,0
12.1,0.0,39.1,7.0,0.2326,0
12.1,0.0,96.2,7.0,0.013,0
12.1,0.0,96.2,7.0,0.013,0
12.1,0.0,96.2,7.0,0.013,0
12.0,0.0,96.2,7.0,0.013,0
12.4,0.0,96.2,7.0,0.013,0
12.0,0.0,39.1,7.0,0.2326,0
12.0,0.0,0.0,7.0,0.2636,0
12.0,0.0,0.0,7.0,0.2636,0
12.0,0.0,62.7,7.0,0.3276,0
12.0,0.0,62.7,7.0,0.3276,0
12.0,0.0,62.7,7.0,0.3276,0
12.0,0.0,62.7,7.0,0.3276,0
12.0,0.0,62.7,7.0,0.3276,0
12.0,0.0,62.7,7.0,0.3276,0
12.0,0.0,62.7,7.0,0.3276,0
12.0,0.0,62.7,7.0,0.3276,0
12.2,0.0,72.3,7.0,0.4745,0
12.2,0.0,72.3,7.0,0.4745,0
12.0,0.0,84.4,7.0,0.1461,0
12.0,0.0,84.4,7.0,0.1461,0
12.0,0.0,84.4,7.0,0.1461,0
12.2,0.0,72.3,7.0,0.4745,0
12.2,0.0,72.3,7.0,0.4745,0
12.2,0.0,72.3,7.0,0.4745,0
12.2,0.0,72.3,7.0,0.4745,0
12.2,0.0,72.3,7.0,0.4745,0
12.0,0.0,72.2,7.0,0.2636,0
12.0,0.0,41.3,7.0,0.3778,0
12.0,0.0,41.3,7.0,0.3778,0
12.1,0.0,61.3,7.0,0.3333,0
12.1,0.0,61.3,7.0,0.3333,0
12.1,0.0,61.3,7.0,0.3333,0
12.0,0.0,90.0,7.0,0.2636,0
12.0,0.0,91.3,7.0,0.2636,0
